{
  "paragraph": [
    {
      "paragraph_txt": "소중함이란 가치를 따질 수 없을 만큼 매우 귀중한 것을 말합니다.#@문장구분# 저에게도 이러한 가치를 따질 수 없을 만큼 소중한 것이 있었습니다.#@문장구분# 바로 소중한 저의 중학교 친구인데요.#@문장구분# 물론 가족이 1순위로 소중한 존재이지만 이 친구는 가족 다음으로 소중하다고 생각했었습니다.#@문장구분# 제가 중학교 1학년 때 이 친구와 같은 반이 되어 친해지게 되었습니다.#@문장구분# 친해지고 나니 저랑 성격이 너무 비슷해서 다른 친구들보다 더 빨리 친해질 수 있었습니다.#@문장구분# 이 친구도 친화력이 좋고 저도 좋아서 저랑 친한 친구와 제 친구가 친한 친구와 어울려서 같이 다니게 되었습니다.#@문장구분# 저와 중학교 1학년을 함께 보냈던 친구들은 8명이었는데 그중에서 이 친구와 학교에서 말고 따로 주말마다 놀면서 더 친해지게 되었습니다.#@문장구분# 서로 사소한 고민이든 조금 무거운 고민이든 털어놓을 수 있을 정도로 많이 가까워졌는데 둘만 만나는 시간이 많아지고 그만큼 말도 많이 나누다 보니 각자 어떤 사람이고 무엇을 좋아하고 무엇을 싫어하는지 금방 파악할 수 있었습니다.#@문장구분# 그렇게 약 2년 동안 같이 다니다가 중학교 2학년 때 서로 성격이 조금 변하면서 안 맞는 부분도 생겼고 자주 싸우면서 사이가 멀어지기 시작했습니다.#@문장구분# 어느 날 크게 한번 싸우고 나서 오랫동안 말을 안하다가 결국 중학교 3학년 때 거의 모르는 사람처럼 지내게 되었습니다.#@문장구분# 2년동안은 나랑 성격이 잘 맞고 이렇게 빨리 친해진 사람이 없어서 조금 특별한 친구라고 생각했었는데 한순간에 남이 되어 정말 속상하고 힘들었습니다.#@문장구분# 이 서먹한 관계를 회복하기 위해 대화도 많이 나누어 보았지만 결국 예전처럼 돌아갈 수 없었습니다.#@문장구분# 그래도 졸업은 서로 축하해주면서 중학교 생활을 잘 마무리 할 수 있었고 지금은 다른 학교지만 제 중학교 시절에 소중했던 친구라고 생각합니다.#@문장구분#",
      "paragraph_len": 1149,
      "paragraph_id": "001"
    }
  ],
  "score": {
    "paragraph_score": [
      {
        "paragraph_scoreT": [
          2.8333333,
          2,
          2.5
        ],
        "paragraph_scoreT_detail": {
          "paragraph_scoreT_exp": [
            [
              3,
              3,
              2
            ],
            [
              2,
              2,
              2
            ],
            [
              2,
              3,
              2
            ]
          ]
        },
        "paragraph_scoreT_avg": 2.4444444,
        "paragraph_id": "001"
      }
    ],
    "essay_scoreT": [
      26.944445,
      26,
      26.666666
    ],
    "essay_scoreT_avg": 26.537035,
    "essay_scoreT_detail": {
      "essay_scoreT_org": [
        [
          2,
          3,
          3,
          3
        ],
        [
          3,
          3,
          3,
          3
        ],
        [
          2,
          2,
          3,
          3
        ]
      ],
      "essay_scoreT_cont": [
        [
          3,
          2,
          0,
          3
        ],
        [
          3,
          3,
          0,
          3
        ],
        [
          3,
          3,
          0,
          3
        ]
      ],
      "essay_scoreT_exp": [
        [
          3,
          3,
          2
        ],
        [
          2,
          2,
          2
        ],
        [
          2,
          3,
          2
        ]
      ]
    }
  },
  "student": {
    "date": "2021.09.13",
    "student_educated": true,
    "student_grade": "고등_1학년",
    "location": "051",
    "student_grade_group": "고등",
    "student_reading": 2
  },
  "rubric": {
    "essay_grade": "고등_1학년",
    "organization_weight": {
      "org_paragraph": 2,
      "org": 2,
      "org_essay": 4,
      "org_coherence": 2,
      "org_quantity": 1
    },
    "essay_type": "글짓기",
    "content_weight": {
      "con_clearance": 4,
      "con_novelty": 3,
      "con": 4,
      "con_prompt": 0,
      "con_description": 1
    },
    "essay_main_subject": "소중함을 잃었던 경험",
    "expression_weight": {
      "exp_style": 1,
      "exp_grammar": 2,
      "exp_vocab": 3,
      "exp": 4
    }
  },
  "correction": [],
  "info": {
    "essay_id": "ESSAY_33985",
    "essay_prompt": " 익숙함에 속아 소중함을 잊지 말자는 명언 (Do not get fooled by something familiar and forget what is priceless.)이 있습니다.\n\n 부모님께서 매일 해주시는 아침밥이나, 너무 친해서 매일 맛있는 간식을 사주는 친구 등 처음에는 매우 감사했지만 반복되는 호의에 우리는 소중함을 잊어가기도 합니다.\n\n 작은 소중함일지라도 그 소중함을 잃게 되면 호의를 베푸는 사람 입장에서는 매우 당황스럽고 기분이 나쁠 수 있어요.\n\n 여러분은 익숙함에 속아 소중함을 잊었던 사례와 그로 인해 상대방의 기분을 나쁘게 했던 경험이 있나요? 만약 있다면 관계를 회복하기 위해 어떤 노력을 하셨나요? 본인의 경험을 작성해주세요.\n\n 만약 그런 적이 없다면 주변의 이야기나 본인에게 소중함을 주는 사람들에 관해 설명해주세요.",
    "essay_type": "글짓기",
    "essay_level": "2",
    "essay_len": 869,
    "essay_main_subject": "소중함을 잃었던 경험"
  }
}