{
  "paragraph": [
    {
      "paragraph_txt": "먼저 익숙한 것이라면 나를 지금 숨 쉬게 해주는 공기, 그리고 내 몸의 3분의2 이상을 채워주며 살게 해주는 물, 그리고 늘 나와 같이 곁에서 생활하고 나를 돌봐주고 잘 되길 바라는 가족이 떠올랐습니다.#@문장구분# 고등학생이 되니 가족과 함께 여행을 가고 맛있는 걸 먹고 무슨 운명 공동체처럼 함께 해야 된다는 것에 시들해졌고, 반복해서 내게 강요 아닌 강요를 하시는 부모님과의 관계가 멀어지고 가족행사는 시시하고 재미없는 일이 되었습니다.#@문장구분# 그저 핸드폰과 친구가 최애가 되었습니다.#@문장구분# 한번은 완강히 거부하는 나를 두고 부모님과 동생은 1박 2일 캠핑을 가신 적이 있었습니다.#@문장구분# 기회는 이때다 하고 친구를 집으로 부르고 엄마가 사다놓은 갈비탕 대신 매운 떡볶이를 시켜먹고 편의점 음식들로 배를 채우고 영화 감상을 하고 자유로운 영혼이 되어 집을 순식간에 돼지우리로 만들어버렸습니다.#@문장구분# 부모님이 오시면 보나마나 잔소리를 늘어놓으실 것이 뻔했지만 내일 일은 내일 생각하기로 했습니다.#@문장구분# 밤늦게까지 티브이를 보다 커튼으로 온 집안을 컴컴하게 해놓은 채 씻지도 않고 잠들었습니다.#@문장구분# 머리가 너무 아파서 아침에 눈을 떠보니 집은 암흑이었고 속이 이상했습니다.#@문장구분# 체한 거 같아 매실을 먹으려고 했는데 도대체 어디에 있는지도 못 찾겠고 하늘이 빙글빙글 돌았습니다.#@문장구분# 엄마한테 전화하고 싶었지만 기운도 없고 밥 안 먹고 밀가루 음식만 먹었다고 혼날까봐 선뜻 내키지가 않았습니다. #@문장구분#그 순간 낯선 아저씨까지 초인종을 누르고 겁이 나서 걸쇠를 걸었습니다.#@문장구분# 시간이 너무너무 더디게 갔습니다. #@문장구분#체했을 때 엄마가 해주신 것처럼 손 따는 도구로 손도 따 보았는데 너무 깊이 찔렀는지 아프기만 했고 피를 보니 서러워져서 엉엉 아이처럼 울어버렸습니다.#@문장구분# 한가득 가지고 집에 오신 부모님은 내 하얗게 질린 내 모습을 보고 따뜻한 물을 끓여 먹이고 몸 이곳저곳을 주물러 주셨습니다.#@문장구분# 엄마의 손길 닿자 거짓말처럼 몸이 따뜻해지면서 허기가 몰려왔습니다.#@문장구분# 이제 제법 살만해지니 그동안 학업이며 사춘기 핑계로 부모님께 까칠하게 굴었던 내 자신이 부끄러워졌고 참았던 눈물이 나도 모르게 나와 급하게 이불을 뒤집어썼습니다.#@문장구분# 컴컴한 이불속에서 얼마나 갈지는 모르겠지만 앞으론 나를 바르게 살게 해주시는 '공기보다 소중한 부모님'께 이유 없이 화를 내고 싶을 때 마다 지금 이 순간을 떠올리며 조금만 반항하기로 마음먹었습니다.#@문장구분#",
      "paragraph_len": 1488,
      "paragraph_id": "001"
    }
  ],
  "score": {
    "paragraph_score": [
      {
        "paragraph_scoreT": [
          2.6666667,
          2.1666667,
          2.1666667
        ],
        "paragraph_scoreT_detail": {
          "paragraph_scoreT_exp": [
            [
              2,
              3,
              3
            ],
            [
              2,
              2,
              3
            ],
            [
              2,
              2,
              3
            ]
          ]
        },
        "paragraph_scoreT_avg": 2.3333333,
        "paragraph_id": "001"
      }
    ],
    "essay_scoreT": [
      28.666668,
      24.666668,
      23.777779
    ],
    "essay_scoreT_avg": 25.703705,
    "essay_scoreT_detail": {
      "essay_scoreT_org": [
        [
          3,
          3,
          3,
          3
        ],
        [
          3,
          3,
          3,
          3
        ],
        [
          2,
          3,
          3,
          3
        ]
      ],
      "essay_scoreT_cont": [
        [
          3,
          3,
          0,
          3
        ],
        [
          2,
          3,
          0,
          3
        ],
        [
          2,
          3,
          0,
          3
        ]
      ],
      "essay_scoreT_exp": [
        [
          2,
          3,
          3
        ],
        [
          2,
          2,
          3
        ],
        [
          2,
          2,
          3
        ]
      ]
    }
  },
  "student": {
    "date": "2021.12.16",
    "student_educated": true,
    "student_grade": "고등_1학년",
    "location": "063",
    "student_grade_group": "고등",
    "student_reading": 3
  },
  "rubric": {
    "essay_grade": "고등_1학년",
    "organization_weight": {
      "org_paragraph": 2,
      "org": 2,
      "org_essay": 4,
      "org_coherence": 2,
      "org_quantity": 1
    },
    "essay_type": "글짓기",
    "content_weight": {
      "con_clearance": 4,
      "con_novelty": 3,
      "con": 4,
      "con_prompt": 0,
      "con_description": 1
    },
    "essay_main_subject": "소중함을 잃었던 경험",
    "expression_weight": {
      "exp_style": 1,
      "exp_grammar": 2,
      "exp_vocab": 3,
      "exp": 4
    }
  },
  "correction": [],
  "info": {
    "essay_id": "ESSAY_66015",
    "essay_prompt": " 익숙함에 속아 소중함을 잊지 말자는 명언 (Do not get fooled by something familiar and forget what is priceless.)이 있습니다.\n\n 부모님께서 매일 해주시는 아침밥이나, 너무 친해서 매일 맛있는 간식을 사주는 친구 등 처음에는 매우 감사했지만 반복되는 호의에 우리는 소중함을 잊어가기도 합니다.\n\n 작은 소중함일지라도 그 소중함을 잃게 되면 호의를 베푸는 사람 입장에서는 매우 당황스럽고 기분이 나쁠 수 있어요.\n\n 여러분은 익숙함에 속아 소중함을 잊었던 사례와 그로 인해 상대방의 기분을 나쁘게 했던 경험이 있나요? 만약 있다면 관계를 회복하기 위해 어떤 노력을 하셨나요? 본인의 경험을 작성해주세요.\n\n 만약 그런 적이 없다면 주변의 이야기나 본인에게 소중함을 주는 사람들에 관해 설명해주세요.",
    "essay_type": "글짓기",
    "essay_level": "2",
    "essay_len": 1149,
    "essay_main_subject": "소중함을 잃었던 경험"
  }
}