{
  "paragraph": [
    {
      "paragraph_txt": "저는 소중함을 잃어버린 경험은 아직 없습니다.#@문장구분#근데 저에게 소중한 것은 가족이라고 생각합니다. #@문장구분#가족만큼이나 소중한 것은 없다고 생각합니다.#@문장구분# 이를 지키기 위해 저는 가족들과 시간을 많이 보내려고 합니다. #@문장구분#지나간 시간은 다시는 돌아오지 않는다고 생각하여 지금의 시간에 충실히 하려고 노력하는 편입니다.#@문장구분# 지금의 시간에 충실히 노력하여 가족들과 많은 추억을 남기며 소중한 시간을 보내고 싶습니다.#@문장구분# 그러기 위해서는 가족들이 모두 건강해야 한다고 생각합니다.#@문장구분# 건강을 챙기면서 많은 추억을 만들고 싶습니다.#@문장구분# 소중함이란 가치를 따질 수 없을 만큼인 것 같습니다.#@문장구분# 저는 시간이 갈수록 가족들이 무엇보다 소중한 존재라고 생각합니다.#@문장구분# 가족은 언제나 내 편이고 따뜻한 말 한마디로 위로를 해주면 나의 성장을 도와주는 성장을 도와주고 응원을 해주는 사람이기에 소중하다고 생각합니다.#@문장구분# 이 소중함을 영원히 지킬 수 없다는 걸 알고 있습니다. #@문장구분#그치만 소중함을 지킬 수 있을 때라도 지켜야한다고 생각합니다.#@문장구분# 대가를 요구하는 조건적인 관게는 구성원들에게 수많은 두려움과 의존성을 키우며 진실한 자아를 숨기게끔 만듭니다.#@문장구분# 그런데 가족은 조건 없이 사랑하는 집에서 자란 아이는 어떤 상황이 닥쳐도 안정을 잃지 않고 언제든지 실수를 해도 꾸짖거나 질책하지 않고 자신의 편이 되어준다는 믿음이 있기에 실수나 실패를 해도 더 높은 지혜를 배울 수 있는 기회를 줍니다.#@문장구분# 이런 기회를 만들어 주고 사회 생활에 한 발짝 다가갈 수 있게 해주기에 가족은 소중합니다.#@문장구분#",
      "paragraph_len": 1056,
      "paragraph_id": "001"
    }
  ],
  "score": {
    "paragraph_score": [
      {
        "paragraph_scoreT": [
          2.8333333,
          2.6666667,
          2.3333333
        ],
        "paragraph_scoreT_detail": {
          "paragraph_scoreT_exp": [
            [
              3,
              3,
              2
            ],
            [
              2,
              3,
              3
            ],
            [
              3,
              2,
              2
            ]
          ]
        },
        "paragraph_scoreT_avg": 2.611111,
        "paragraph_id": "001"
      }
    ],
    "essay_scoreT": [
      29.333332,
      28.666668,
      26.88889
    ],
    "essay_scoreT_avg": 28.296295,
    "essay_scoreT_detail": {
      "essay_scoreT_org": [
        [
          3,
          3,
          3,
          3
        ],
        [
          3,
          3,
          3,
          3
        ],
        [
          3,
          3,
          2,
          3
        ]
      ],
      "essay_scoreT_cont": [
        [
          3,
          3,
          0,
          3
        ],
        [
          3,
          3,
          0,
          3
        ],
        [
          3,
          3,
          0,
          3
        ]
      ],
      "essay_scoreT_exp": [
        [
          3,
          3,
          2
        ],
        [
          2,
          3,
          3
        ],
        [
          3,
          2,
          2
        ]
      ]
    }
  },
  "student": {
    "date": "2021.12.08",
    "student_educated": true,
    "student_grade": "고등_1학년",
    "location": "063",
    "student_grade_group": "고등",
    "student_reading": 2
  },
  "rubric": {
    "essay_grade": "고등_1학년",
    "organization_weight": {
      "org_paragraph": 2,
      "org": 2,
      "org_essay": 4,
      "org_coherence": 2,
      "org_quantity": 1
    },
    "essay_type": "글짓기",
    "content_weight": {
      "con_clearance": 4,
      "con_novelty": 3,
      "con": 4,
      "con_prompt": 0,
      "con_description": 1
    },
    "essay_main_subject": "소중함을 잃었던 경험",
    "expression_weight": {
      "exp_style": 1,
      "exp_grammar": 2,
      "exp_vocab": 3,
      "exp": 4
    }
  },
  "correction": [],
  "info": {
    "essay_id": "ESSAY_57011",
    "essay_prompt": " 익숙함에 속아 소중함을 잊지 말자는 명언 (Do not get fooled by something familiar and forget what is priceless.)이 있습니다.\n\n 부모님께서 매일 해주시는 아침밥이나, 너무 친해서 매일 맛있는 간식을 사주는 친구 등 처음에는 매우 감사했지만 반복되는 호의에 우리는 소중함을 잊어가기도 합니다.\n\n 작은 소중함일지라도 그 소중함을 잃게 되면 호의를 베푸는 사람 입장에서는 매우 당황스럽고 기분이 나쁠 수 있어요.\n\n 여러분은 익숙함에 속아 소중함을 잊었던 사례와 그로 인해 상대방의 기분을 나쁘게 했던 경험이 있나요? 만약 있다면 관계를 회복하기 위해 어떤 노력을 하셨나요? 본인의 경험을 작성해주세요.\n\n 만약 그런 적이 없다면 주변의 이야기나 본인에게 소중함을 주는 사람들에 관해 설명해주세요.",
    "essay_type": "글짓기",
    "essay_level": "2",
    "essay_len": 737,
    "essay_main_subject": "소중함을 잃었던 경험"
  }
}