{
  "paragraph": [
    {
      "paragraph_txt": "여러분들은 '익숙함에 속아 소중함을 잊지 말자' 라는 명언을 알고 계신가요?#@문장구분# 부모님께서 매일 해주시는 아침밥이나, 너무 친해서 매일 맛있는 간식을 사주는 친구 등 처음에는 매우 감사했지만 반복되는 호의에 우리는 소중함을 잊어가기도 합니다.#@문장구분# 크거나 작거나 같은 소중함일지라도 그 소중함을 잃게 되면 호의를 베푸는 사람 입장에서는 매우 당황스럽고 기분이 나쁠 수가 있습니다.#@문장구분# 계속 소중함을 모르고 부탁을 하면 상대방은 지치고 힘들고 당사자와의 연을 끊고 싶다는 마음도 생길 수가 있습니다.#@문장구분# 호의를 베풀어 받았으면 그 받은 걸 또 다른 사람에게 베풀어 보답을 하면 서로 소중함을 잃지 않고 더욱 더 성장하는 사람이 될 꺼 같고 그래야 사회가 더 행복하게 다같이 재밌게 잘 지낼 수 있을꺼 같고 행복한 사회는 우리가 만들어 나가야 하기 때문에 잘 지키고 배려하며 상대방을 존중하면서 지내면 좋겠다.#@문장구분# 모두 주변 사람들을 챙기면서 잊지 맙시다.#@문장구분# 이 사람들 덕분에 내가 행복하다는 것을....#@문장구분# 하지만 살다보면 이런 소중한 것들에 익숙해져서 잠시 소중함을 잊을 때가 있습니다.#@문장구분# 그런 것을 방지하기 위해서 지갑속에는 소중한 사람의 사진을 넣고 다닌다거나 핸드폰 케이스에 사진을 넣고 다니면서 무의식중에 한 번씩 보면서 소중한 것들에 대해 상기해보는 방법도 좋을 것 같다고 생각합니다.#@문장구분# 앞으로 제가 먼저 이 방법을 실천해 소중한 사람들을 절대 잊지 않도록 하겠습니다.#@문장구분#",
      "paragraph_len": 899,
      "paragraph_id": "001"
    }
  ],
  "score": {
    "paragraph_score": [
      {
        "paragraph_scoreT": [
          2.8333333,
          2.8333333,
          1.1666666
        ],
        "paragraph_scoreT_detail": {
          "paragraph_scoreT_exp": [
            [
              3,
              3,
              2
            ],
            [
              3,
              3,
              2
            ],
            [
              1,
              1,
              2
            ]
          ]
        },
        "paragraph_scoreT_avg": 2.2777777,
        "paragraph_id": "001"
      }
    ],
    "essay_scoreT": [
      27.833332,
      27.833332,
      18.666666
    ],
    "essay_scoreT_avg": 24.777777,
    "essay_scoreT_detail": {
      "essay_scoreT_org": [
        [
          3,
          3,
          3,
          3
        ],
        [
          3,
          3,
          3,
          3
        ],
        [
          3,
          3,
          3,
          3
        ]
      ],
      "essay_scoreT_cont": [
        [
          3,
          2,
          0,
          3
        ],
        [
          3,
          2,
          0,
          3
        ],
        [
          2,
          2,
          0,
          2
        ]
      ],
      "essay_scoreT_exp": [
        [
          3,
          3,
          2
        ],
        [
          3,
          3,
          2
        ],
        [
          1,
          1,
          2
        ]
      ]
    }
  },
  "student": {
    "date": "2021.11.01",
    "student_educated": true,
    "student_grade": "고등_1학년",
    "location": "054",
    "student_grade_group": "고등",
    "student_reading": 1
  },
  "rubric": {
    "essay_grade": "고등_1학년",
    "organization_weight": {
      "org_paragraph": 2,
      "org": 2,
      "org_essay": 4,
      "org_coherence": 2,
      "org_quantity": 1
    },
    "essay_type": "글짓기",
    "content_weight": {
      "con_clearance": 4,
      "con_novelty": 3,
      "con": 4,
      "con_prompt": 0,
      "con_description": 1
    },
    "essay_main_subject": "소중함을 잃었던 경험",
    "expression_weight": {
      "exp_style": 1,
      "exp_grammar": 2,
      "exp_vocab": 3,
      "exp": 4
    }
  },
  "correction": [],
  "info": {
    "essay_id": "ESSAY_47413",
    "essay_prompt": " 익숙함에 속아 소중함을 잊지 말자는 명언 (Do not get fooled by something familiar and forget what is priceless.)이 있습니다.\n\n 부모님께서 매일 해주시는 아침밥이나, 너무 친해서 매일 맛있는 간식을 사주는 친구 등 처음에는 매우 감사했지만 반복되는 호의에 우리는 소중함을 잊어가기도 합니다.\n\n 작은 소중함일지라도 그 소중함을 잃게 되면 호의를 베푸는 사람 입장에서는 매우 당황스럽고 기분이 나쁠 수 있어요.\n\n 여러분은 익숙함에 속아 소중함을 잊었던 사례와 그로 인해 상대방의 기분을 나쁘게 했던 경험이 있나요? 만약 있다면 관계를 회복하기 위해 어떤 노력을 하셨나요? 본인의 경험을 작성해주세요.\n\n 만약 그런 적이 없다면 주변의 이야기나 본인에게 소중함을 주는 사람들에 관해 설명해주세요.",
    "essay_type": "글짓기",
    "essay_level": "2",
    "essay_len": 699,
    "essay_main_subject": "소중함을 잃었던 경험"
  }
}