{
  "paragraph": [
    {
      "paragraph_txt": "나는 익숙함에 속아 소중함을 잃었던 한 소년의 이야기를 소개 하려한다.#@문장구분# 책에 제목은 생각이 나질 않지만 내용은 이렇다.#@문장구분# 그 소년은 평소와 같이 친구들과 놀고있었다.#@문장구분# 그 소년은 비행청소년이다.#@문장구분# 소년의 어머니는 가족과 함께 밥을 먹자며 문자를 보냈는데 그 소년은 친구들과 먹겠다며돈이나 보내궈라며 용돈을 요구했다.#@문장구분# 그래서 어머니는 어쩔수 없이 잘놀다오라며 아들에게 말했다.#@문장구분# 하지만 그 소년은 친구들과 논다고 답장도 하지 않은채 용돈을 펑펑쓰며 놀았다.#@문장구분# 다음날 그 소년의 어머니는 아들에게 마지막 문자를 보냈다.#@문장구분# \"아들~ 엄마가 사실은 몇 달전에 시한부 판정을 받았어 아들보다 먼저가서 많이 미안하네. 엄마가 많이 못챙겨줘서 미안하고 사랑해 아들~\" 이라는 문자를 보고 그 소년은 친구들과 놀던 것을 멈추고 당장 집으로 달려갔다.#@문장구분# 하지만 어머니께서는 이미 숨을 거둔 상태였다. #@문장구분#그 소년은 절망했다. #@문장구분#그리고 깨달았다. #@문장구분#부모님이 주시는 용돈, 사랑, 밥을 너무 당연하게 생각했다.#@문장구분# 이 소년은 용돈을 안주면 사고나 치고 다니며 어머니를 경찰서에 오게했다. #@문장구분#그 소년은 그 행동을 너무 한심하고 어머니께 너무 미안할 따름이었다. #@문장구분#그 소년은 어머니 장례식에서 울음을 멈추지 못했다.#@문장구분#왜나하면 어머니께 못되게 굴었던 것이 너무 미안하기 때문이다.#@문장구분# 항상 그 자리에계실것 만 같았던 어머니 인데... 이러한 상황이 익숙함에 속아 소중함을 잃지말자는 상황인거같다.#@문장구분# 이래서 부모님이 있을 때 잘해야한다.#@문장구분# 부모님이 주시는 용돈이나 밥은 항상 감사하게 생각하며 먹고 아껴서야 한다.#@문장구분# 이 소년은 하늘에 계신 어머니께 매일 꼬박꼬박 문자를 보냈다.#@문장구분#",
      "paragraph_len": 1211,
      "paragraph_id": "001"
    }
  ],
  "score": {
    "paragraph_score": [
      {
        "paragraph_scoreT": [
          3,
          2.6666667,
          2.6666667
        ],
        "paragraph_scoreT_detail": {
          "paragraph_scoreT_exp": [
            [
              3,
              3,
              3
            ],
            [
              2,
              3,
              3
            ],
            [
              2,
              3,
              3
            ]
          ]
        },
        "paragraph_scoreT_avg": 2.777778,
        "paragraph_id": "001"
      }
    ],
    "essay_scoreT": [
      26,
      24.666668,
      24.666668
    ],
    "essay_scoreT_avg": 25.111113,
    "essay_scoreT_detail": {
      "essay_scoreT_org": [
        [
          3,
          3,
          3,
          3
        ],
        [
          3,
          3,
          3,
          3
        ],
        [
          3,
          3,
          3,
          3
        ]
      ],
      "essay_scoreT_cont": [
        [
          2,
          2,
          0,
          2
        ],
        [
          2,
          2,
          0,
          2
        ],
        [
          2,
          2,
          0,
          2
        ]
      ],
      "essay_scoreT_exp": [
        [
          3,
          3,
          3
        ],
        [
          2,
          3,
          3
        ],
        [
          2,
          3,
          3
        ]
      ]
    }
  },
  "student": {
    "date": "2021.12.18",
    "student_educated": true,
    "student_grade": "고등_1학년",
    "location": "063",
    "student_grade_group": "고등",
    "student_reading": 2
  },
  "rubric": {
    "essay_grade": "고등_1학년",
    "organization_weight": {
      "org_paragraph": 2,
      "org": 2,
      "org_essay": 4,
      "org_coherence": 2,
      "org_quantity": 1
    },
    "essay_type": "글짓기",
    "content_weight": {
      "con_clearance": 4,
      "con_novelty": 3,
      "con": 4,
      "con_prompt": 0,
      "con_description": 1
    },
    "essay_main_subject": "소중함을 잃었던 경험",
    "expression_weight": {
      "exp_style": 1,
      "exp_grammar": 2,
      "exp_vocab": 3,
      "exp": 4
    }
  },
  "correction": [],
  "info": {
    "essay_id": "ESSAY_73396",
    "essay_prompt": " 익숙함에 속아 소중함을 잊지 말자는 명언 (Do not get fooled by something familiar and forget what is priceless.)이 있습니다.\n\n 부모님께서 매일 해주시는 아침밥이나, 너무 친해서 매일 맛있는 간식을 사주는 친구 등 처음에는 매우 감사했지만 반복되는 호의에 우리는 소중함을 잊어가기도 합니다.\n\n 작은 소중함일지라도 그 소중함을 잃게 되면 호의를 베푸는 사람 입장에서는 매우 당황스럽고 기분이 나쁠 수 있어요.\n\n 여러분은 익숙함에 속아 소중함을 잊었던 사례와 그로 인해 상대방의 기분을 나쁘게 했던 경험이 있나요? 만약 있다면 관계를 회복하기 위해 어떤 노력을 하셨나요? 본인의 경험을 작성해주세요.\n\n 만약 그런 적이 없다면 주변의 이야기나 본인에게 소중함을 주는 사람들에 관해 설명해주세요.",
    "essay_type": "글짓기",
    "essay_level": "2",
    "essay_len": 792,
    "essay_main_subject": "소중함을 잃었던 경험"
  }
}