{
  "paragraph": [
    {
      "paragraph_txt": "내가 소중함을 잃었던 경험은 제가 중학교 시절에는 학교 갈 때 부모님이 깨워주시고 항상 밥도 차려주시고 학교 갈 때 잘 가라는 말도 해준다.#@문장구분# 그런데 나는 항상 늦게 일어나고 학교 가기 싫다고 하고 그러고 밥도 잘 안 먹고 잘 가라는? 말마저 그냥? 흘리듯 간 거 같다.#@문장구분# 지금 생각하면 많이 죄송한 거 같다.#@문장구분# 그런데도 부모님은 항상 해주신거 같다.#@문장구분# 중학교 1학년 때부터 중학교 3학년 때까지 나는 제대로 한 적이 없는 거 같아 한 번도 죄송한 거 같다.#@문장구분# 나의 이런 행동 때문에 소중함을 잃었던 거 같다고 생각한다.#@문장구분# 하지만 저는 그걸 고등학교 가서야 깨달았습니다.#@문장구분# 부모님이 해주신 것들이 정말 소중하다는 걸요.#@문장구분# 고등학교 올라가서 기숙사 생활하게 됐습니다.#@문장구분# 근데 아침에 깨워주는 사람도 없고 잘 가라고 한마디 해주는 사람도 없었습니다.#@문장구분# 저는 거기서 많이 깨달았던 거 같습니다.#@문장구분# 만약 제가 이 소중함을 빨리 알았더라면 중학교 시절로 다시 돌아가고 싶습니다.#@문장구분# 부모님이 깨워주시면 빨리 일어나고 맛있는 밥도 먹고 잘 가라는 그 말에 대답도 해줄 거 같습니다.#@문장구분# 이 글쓰기 경진대회 하면서 그런 소중함도 알게 됐습니다.#@문장구분# 그래서 이 글을 쓰기 대회에 잘 참가 한 거 같고 내가 몰랐거나 흔한 일이라고 생각하면 흘려보냈던 소중함도 있을 거 같다.#@문장구분# 그런 소중함도 잊어버렸다고 생각하니 그 소중함을 줬던 친구나 부모님 등등 많은 소중함을 줬을 텐데 그걸 잊어버렸거나 무시했던 거 같습니다.#@문장구분# 다시 한번 이 글을 쓰기 대회를 하면서 여러모로 깨닫거나 후회 하게 되고 반성하게 되는 거 같습니다.#@문장구분#",
      "paragraph_len": 1441,
      "paragraph_id": "001"
    }
  ],
  "score": {
    "paragraph_score": [
      {
        "paragraph_scoreT": [
          2.5,
          2.5,
          3
        ],
        "paragraph_scoreT_detail": {
          "paragraph_scoreT_exp": [
            [
              3,
              2,
              3
            ],
            [
              3,
              2,
              3
            ],
            [
              3,
              3,
              3
            ]
          ]
        },
        "paragraph_scoreT_avg": 2.6666667,
        "paragraph_id": "001"
      }
    ],
    "essay_scoreT": [
      26.5,
      26.5,
      30
    ],
    "essay_scoreT_avg": 27.666666,
    "essay_scoreT_detail": {
      "essay_scoreT_org": [
        [
          3,
          3,
          3,
          3
        ],
        [
          3,
          3,
          3,
          3
        ],
        [
          3,
          3,
          3,
          3
        ]
      ],
      "essay_scoreT_cont": [
        [
          3,
          2,
          0,
          3
        ],
        [
          3,
          2,
          0,
          3
        ],
        [
          3,
          3,
          0,
          3
        ]
      ],
      "essay_scoreT_exp": [
        [
          3,
          2,
          3
        ],
        [
          3,
          2,
          3
        ],
        [
          3,
          3,
          3
        ]
      ]
    }
  },
  "student": {
    "date": "2021.11.20",
    "student_educated": true,
    "student_grade": "고등_1학년",
    "location": "054",
    "student_grade_group": "고등",
    "student_reading": 2
  },
  "rubric": {
    "essay_grade": "고등_1학년",
    "organization_weight": {
      "org_paragraph": 2,
      "org": 2,
      "org_essay": 4,
      "org_coherence": 2,
      "org_quantity": 1
    },
    "essay_type": "글짓기",
    "content_weight": {
      "con_clearance": 4,
      "con_novelty": 3,
      "con": 4,
      "con_prompt": 0,
      "con_description": 1
    },
    "essay_main_subject": "소중함을 잃었던 경험",
    "expression_weight": {
      "exp_style": 1,
      "exp_grammar": 2,
      "exp_vocab": 3,
      "exp": 4
    }
  },
  "correction": [],
  "info": {
    "essay_id": "ESSAY_47420",
    "essay_prompt": " 익숙함에 속아 소중함을 잊지 말자는 명언 (Do not get fooled by something familiar and forget what is priceless.)이 있습니다.\n\n 부모님께서 매일 해주시는 아침밥이나, 너무 친해서 매일 맛있는 간식을 사주는 친구 등 처음에는 매우 감사했지만 반복되는 호의에 우리는 소중함을 잊어가기도 합니다.\n\n 작은 소중함일지라도 그 소중함을 잃게 되면 호의를 베푸는 사람 입장에서는 매우 당황스럽고 기분이 나쁠 수 있어요.\n\n 여러분은 익숙함에 속아 소중함을 잊었던 사례와 그로 인해 상대방의 기분을 나쁘게 했던 경험이 있나요? 만약 있다면 관계를 회복하기 위해 어떤 노력을 하셨나요? 본인의 경험을 작성해주세요.\n\n 만약 그런 적이 없다면 주변의 이야기나 본인에게 소중함을 주는 사람들에 관해 설명해주세요.",
    "essay_type": "글짓기",
    "essay_level": "2",
    "essay_len": 766,
    "essay_main_subject": "소중함을 잃었던 경험"
  }
}