{
  "paragraph": [
    {
      "paragraph_txt": "소중한 것을 잃은 기억이 있습니다.#@문장구분# 한참 주식이 유행인 적이 있었습니다.#@문장구분# 저는 그동안 용돈을 모아놓은 통장으로 주식 투자를 한번 해보고 싶어서 어머니께 부탁을 드렸습니다.#@문장구분# \"엄마. 유투브에서 봤는데 어떤 애들은 주식으로 용돈을 몫돈으로 만들었대요. 저도 한번 해보고 싶어요. 계좌하나 만들어 주세요.\"#@문장구분# 어머니께서는 애들은 그런거 하면 않된다고 하셨지만 제 간곡한 부탁에 딱 백만원만 해보라며 계좌를 만들어 주셨습니다.#@문장구분# 저는 그동안 주식동영상을 계속봤었기도 하고 주식관련 책도 봤기 때문에 큰 기대는 가지지 않았지만 주식고수들이 하는 방법을 그대로 따라하기만 하면 십분의 일이라도 이익을 보지 않겠어 라며 큰 욕심없이 주식을 시작하였습니다.#@문장구분# 그런데 사는 것 마다 크게 이익이 나며 백만원에 시작한 주식의 자본금이 금새 500만원으로 올랐습니다.#@문장구분# 어머니는 너참 대단하다 하시면서 원금 백만원 빼고 나머지 금액들 가지고 다시 해 보라고 하셨고 저는 온 신경이 다 주식에 빠져서 하루를 보냈습니다.#@문장구분# 그런데 그땐 아무나 다 주식을 사도 잘 되는 시기였던 가 봅니다.#@문장구분# 차츰 돈이 빠지기 시작하며 손실을 보더니 남아있던 백만원도 홀랑 다 손해를 봐서 날려버리게되었습니다.#@문장구분# 저는 억울하기도 하고 이게 진짜 현실인가 싶기도 하며 게임같다라는 생각까지 하게 되었습니다.#@문장구분# 엄마는 좋은 경험했다며 잘했다고 하셨고 저는 소중한 용돈 100만원을 잃어서 울상이 되었습니다.#@문장구분# 그리고 이제 주식따위는 쳐다도 보지 않을 것이라고 생각하였습니다.#@문장구분#",
      "paragraph_len": 995,
      "paragraph_id": "001"
    }
  ],
  "score": {
    "paragraph_score": [
      {
        "paragraph_scoreT": [
          3,
          3,
          3
        ],
        "paragraph_scoreT_detail": {
          "paragraph_scoreT_exp": [
            [
              3,
              3,
              3
            ],
            [
              3,
              3,
              3
            ],
            [
              3,
              3,
              3
            ]
          ]
        },
        "paragraph_scoreT_avg": 3,
        "paragraph_id": "001"
      }
    ],
    "essay_scoreT": [
      25.11111,
      28,
      26
    ],
    "essay_scoreT_avg": 26.37037,
    "essay_scoreT_detail": {
      "essay_scoreT_org": [
        [
          2,
          3,
          3,
          3
        ],
        [
          3,
          3,
          3,
          3
        ],
        [
          3,
          3,
          3,
          3
        ]
      ],
      "essay_scoreT_cont": [
        [
          2,
          2,
          0,
          2
        ],
        [
          3,
          2,
          0,
          2
        ],
        [
          2,
          2,
          0,
          2
        ]
      ],
      "essay_scoreT_exp": [
        [
          3,
          3,
          3
        ],
        [
          3,
          3,
          3
        ],
        [
          3,
          3,
          3
        ]
      ]
    }
  },
  "student": {
    "date": "2021.12.18",
    "student_educated": true,
    "student_grade": "고등_1학년",
    "location": "063",
    "student_grade_group": "고등",
    "student_reading": 2
  },
  "rubric": {
    "essay_grade": "고등_1학년",
    "organization_weight": {
      "org_paragraph": 2,
      "org": 2,
      "org_essay": 4,
      "org_coherence": 2,
      "org_quantity": 1
    },
    "essay_type": "글짓기",
    "content_weight": {
      "con_clearance": 4,
      "con_novelty": 3,
      "con": 4,
      "con_prompt": 0,
      "con_description": 1
    },
    "essay_main_subject": "소중함을 잃었던 경험",
    "expression_weight": {
      "exp_style": 1,
      "exp_grammar": 2,
      "exp_vocab": 3,
      "exp": 4
    }
  },
  "correction": [],
  "info": {
    "essay_id": "ESSAY_73743",
    "essay_prompt": " 익숙함에 속아 소중함을 잊지 말자는 명언 (Do not get fooled by something familiar and forget what is priceless.)이 있습니다.\n\n 부모님께서 매일 해주시는 아침밥이나, 너무 친해서 매일 맛있는 간식을 사주는 친구 등 처음에는 매우 감사했지만 반복되는 호의에 우리는 소중함을 잊어가기도 합니다.\n\n 작은 소중함일지라도 그 소중함을 잃게 되면 호의를 베푸는 사람 입장에서는 매우 당황스럽고 기분이 나쁠 수 있어요.\n\n 여러분은 익숙함에 속아 소중함을 잊었던 사례와 그로 인해 상대방의 기분을 나쁘게 했던 경험이 있나요? 만약 있다면 관계를 회복하기 위해 어떤 노력을 하셨나요? 본인의 경험을 작성해주세요.\n\n 만약 그런 적이 없다면 주변의 이야기나 본인에게 소중함을 주는 사람들에 관해 설명해주세요.",
    "essay_type": "글짓기",
    "essay_level": "2",
    "essay_len": 735,
    "essay_main_subject": "소중함을 잃었던 경험"
  }
}