{
  "paragraph": [
    {
      "paragraph_txt": "어렸을 때부터 나는 어머니의 신뢰와 사랑을 주고받으며 자라왔다. #@문장구분#그렇게 평탄한 길을 걷고 누구나가 생각하는 전형적인 착한 아이가 어른이 되고 있을 무렵, 나는 거대한 폭풍을 맞았다.#@문장구분# 중학교 3학년 여름이었다.#@문장구분# 그 짧은 기간동안 쌓여왔던 신뢰와 사랑은 모두 무너졌다.#@문장구분# 나의 비행이 시작되었는데 그 시기동안 나는 사실을 숨기고 겉으로만 공부하는 척을 하기 위해 거짓말 등 온갖 나쁜 행위를 다 했다. #@문장구분#죄책감이란 것을 몰랐고 어머니의 신뢰와 사랑은 나에게 익숙함으로 자리잡았다. #@문장구분#그 동안 어머니의 눈에서 피눈물이 흐르는 것을 어렴풋이 알고 있었음에도 난 멈추지 않았다. #@문장구분#내 스스로 폭풍이 지나갔다고 느낄 때쯤 어머니와 나의 사이의 신뢰정도는 바닥이 나 있었고 눈물은 마른 상태였다. #@문장구분#구차한 변명이나 약삭빠른 말로 상태를 회복하긴 어려웠고, 난 항상 대화를 피하고 도망치려고 했다.#@문장구분# 그렇게 시간이 지나면서 상처엔 딱지가 생겨 굳어버렸고 빈틈 따윈 없었다.#@문장구분# 그때 누군가가 다른 이에게 줄 수 있는 신뢰의 정도에는 한계가 있고 그것은 어머니라고 해도 예외가 아니란 것과 결코 시간이 모든 것을 해결해주지 않는 다는 것도 깨달았다. #@문장구분#그렇게 어머니를 도와 심부름, 설거지, 빨래 등 집안일을 열심히 한 결과 지금은 이렇게 한편의 추억으로 자리 잡아 이야기할 수 있지만 신뢰가 사라진 상대방과의 생활은 믿을 수 없을 정도로 힘들다는 것을 말해주고 싶다.#@문장구분# 익숙함을 챙기는 것은 당장에 당신을 편하게 만들 수 있다. #@문장구분#하지만 결국 그 안의 소중함을 발견하지 못한다면 소중함은 물론 익숙함 마저 잃을 수 있다는 점을 알았으면 좋겠다.#@문장구분# 만약 내가 그때의 나에게로 돌아갈 수 있다면 눈 앞에 있는 익숙함, 그것이 곧 소중함이라는 말을 꼭 전해주고 싶다.#@문장구분#",
      "paragraph_len": 1154,
      "paragraph_id": "001"
    }
  ],
  "score": {
    "paragraph_score": [
      {
        "paragraph_scoreT": [
          3,
          3,
          2
        ],
        "paragraph_scoreT_detail": {
          "paragraph_scoreT_exp": [
            [
              3,
              3,
              3
            ],
            [
              3,
              3,
              3
            ],
            [
              2,
              2,
              2
            ]
          ]
        },
        "paragraph_scoreT_avg": 2.6666667,
        "paragraph_id": "001"
      }
    ],
    "essay_scoreT": [
      30,
      29.777779,
      23.166666
    ],
    "essay_scoreT_avg": 27.648148,
    "essay_scoreT_detail": {
      "essay_scoreT_org": [
        [
          3,
          3,
          3,
          3
        ],
        [
          3,
          3,
          3,
          2
        ],
        [
          2,
          2,
          3,
          3
        ]
      ],
      "essay_scoreT_cont": [
        [
          3,
          3,
          0,
          3
        ],
        [
          3,
          3,
          0,
          3
        ],
        [
          3,
          2,
          0,
          3
        ]
      ],
      "essay_scoreT_exp": [
        [
          3,
          3,
          3
        ],
        [
          3,
          3,
          3
        ],
        [
          2,
          2,
          2
        ]
      ]
    }
  },
  "student": {
    "date": "2021.09.02",
    "student_educated": true,
    "student_grade": "고등_1학년",
    "location": "051",
    "student_grade_group": "고등",
    "student_reading": 1
  },
  "rubric": {
    "essay_grade": "고등_1학년",
    "organization_weight": {
      "org_paragraph": 2,
      "org": 2,
      "org_essay": 4,
      "org_coherence": 2,
      "org_quantity": 1
    },
    "essay_type": "글짓기",
    "content_weight": {
      "con_clearance": 4,
      "con_novelty": 3,
      "con": 4,
      "con_prompt": 0,
      "con_description": 1
    },
    "essay_main_subject": "소중함을 잃었던 경험",
    "expression_weight": {
      "exp_style": 1,
      "exp_grammar": 2,
      "exp_vocab": 3,
      "exp": 4
    }
  },
  "correction": [],
  "info": {
    "essay_id": "ESSAY_34275",
    "essay_prompt": " 익숙함에 속아 소중함을 잊지 말자는 명언 (Do not get fooled by something familiar and forget what is priceless.)이 있습니다.\n\n 부모님께서 매일 해주시는 아침밥이나, 너무 친해서 매일 맛있는 간식을 사주는 친구 등 처음에는 매우 감사했지만 반복되는 호의에 우리는 소중함을 잊어가기도 합니다.\n\n 작은 소중함일지라도 그 소중함을 잃게 되면 호의를 베푸는 사람 입장에서는 매우 당황스럽고 기분이 나쁠 수 있어요.\n\n 여러분은 익숙함에 속아 소중함을 잊었던 사례와 그로 인해 상대방의 기분을 나쁘게 했던 경험이 있나요? 만약 있다면 관계를 회복하기 위해 어떤 노력을 하셨나요? 본인의 경험을 작성해주세요.\n\n 만약 그런 적이 없다면 주변의 이야기나 본인에게 소중함을 주는 사람들에 관해 설명해주세요.",
    "essay_type": "글짓기",
    "essay_level": "2",
    "essay_len": 854,
    "essay_main_subject": "소중함을 잃었던 경험"
  }
}