{
  "paragraph": [
    {
      "paragraph_txt": "나는 옛날에는 친구를 사귀기 어려워하던 성격이었다. #@문장구분#그러다 중1 중학교에서 어떤 친구를 만나 나의 이 소심한 성격을 고칠 수 있기 된다.#@문장구분# 그 아이는 누가 봐도 밝은 표정과 우렁찬 목소리 자신감 있는 몸짓을 가지고 있었고 나는 그저 그 아이가 부러웠다.#@문장구분# 대화 없이 지내던 우리의 사이가 친구로 발전하게 된 계기는 내가 우연히 반에서 보던 책이 그 아이의 인생 책이었다는 것에서부터 시작이다.#@문장구분# 우리는 그 책에 대해 많이 이야기하고 또 다른 관심사는 무엇이 있는지 등을 대화를 통해 나누며 점점 깊은 사이로 발전하였다. #@문장구분#그리고 결정적으로 그 아이가 부모님과 싸워서 우리 집에서 하루 잘 때 정말 급속도로 친해진 것 같다.#@문장구분# 나는 묵묵히 그 아이의 말에 귀 기울이고 구체적인 해결방안을 제시해줌으로써 그 아이의 신뢰를 쌓았고 우리는 둘도 없는 친구가 되었다.#@문장구분# 그러던 어느 날 내가 일방적으로 그 아이의 말을 오해하여 싸우는 일이 발생하였다.#@문장구분# 내가 그 아이 입장이어도 매우 어이없는 상황이었다.#@문장구분# 평소에 친했던 우리 둘이 크게 싸워서 학교에는 이미 소문이 다 났고, 나와 친구는 그저 오해가 깊어만 가던 상황이었다.#@문장구분# 나는 뒤늦게 사실을 알고 그 아이에게 사과하고 싶었지만 전에 성격으로 돌아온 소심한 나는 어떻게 해야 할지도 모르겠고 전학가고 싶다는 생각도 하였다.#@문장구분# 하지만 나에 대해 잘 아는 내 친구는 먼저 나에게 말을 걸어 대화를 요청하고 우리는 대화로써 우리의 오해를 풀고 나는 그 아이에게 사과하였다.#@문장구분# 다시금 나에게 소중한 사람이 누구인지 깨닫고 더욱더 그 아이를 신뢰하고 믿을 수 있는 계기가 된 사건이다.#@문장구분# 지금의 우리는 둘도 없는 친구이다.#@문장구분#",
      "paragraph_len": 1085,
      "paragraph_id": "001"
    }
  ],
  "score": {
    "paragraph_score": [
      {
        "paragraph_scoreT": [
          3,
          3,
          3
        ],
        "paragraph_scoreT_detail": {
          "paragraph_scoreT_exp": [
            [
              3,
              3,
              3
            ],
            [
              3,
              3,
              3
            ],
            [
              3,
              3,
              3
            ]
          ]
        },
        "paragraph_scoreT_avg": 3,
        "paragraph_id": "001"
      }
    ],
    "essay_scoreT": [
      25.38889,
      28.5,
      26.5
    ],
    "essay_scoreT_avg": 26.796295,
    "essay_scoreT_detail": {
      "essay_scoreT_org": [
        [
          2,
          3,
          3,
          2
        ],
        [
          3,
          3,
          3,
          3
        ],
        [
          3,
          3,
          3,
          3
        ]
      ],
      "essay_scoreT_cont": [
        [
          2,
          2,
          0,
          3
        ],
        [
          3,
          2,
          0,
          3
        ],
        [
          2,
          2,
          0,
          3
        ]
      ],
      "essay_scoreT_exp": [
        [
          3,
          3,
          3
        ],
        [
          3,
          3,
          3
        ],
        [
          3,
          3,
          3
        ]
      ]
    }
  },
  "student": {
    "date": "2021.12.21",
    "student_educated": true,
    "student_grade": "고등_1학년",
    "location": "063",
    "student_grade_group": "고등",
    "student_reading": 2
  },
  "rubric": {
    "essay_grade": "고등_1학년",
    "organization_weight": {
      "org_paragraph": 2,
      "org": 2,
      "org_essay": 4,
      "org_coherence": 2,
      "org_quantity": 1
    },
    "essay_type": "글짓기",
    "content_weight": {
      "con_clearance": 4,
      "con_novelty": 3,
      "con": 4,
      "con_prompt": 0,
      "con_description": 1
    },
    "essay_main_subject": "소중함을 잃었던 경험",
    "expression_weight": {
      "exp_style": 1,
      "exp_grammar": 2,
      "exp_vocab": 3,
      "exp": 4
    }
  },
  "correction": [],
  "info": {
    "essay_id": "ESSAY_75464",
    "essay_prompt": " 익숙함에 속아 소중함을 잊지 말자는 명언 (Do not get fooled by something familiar and forget what is priceless.)이 있습니다.\n\n 부모님께서 매일 해주시는 아침밥이나, 너무 친해서 매일 맛있는 간식을 사주는 친구 등 처음에는 매우 감사했지만 반복되는 호의에 우리는 소중함을 잊어가기도 합니다.\n\n 작은 소중함일지라도 그 소중함을 잃게 되면 호의를 베푸는 사람 입장에서는 매우 당황스럽고 기분이 나쁠 수 있어요.\n\n 여러분은 익숙함에 속아 소중함을 잊었던 사례와 그로 인해 상대방의 기분을 나쁘게 했던 경험이 있나요? 만약 있다면 관계를 회복하기 위해 어떤 노력을 하셨나요? 본인의 경험을 작성해주세요.\n\n 만약 그런 적이 없다면 주변의 이야기나 본인에게 소중함을 주는 사람들에 관해 설명해주세요.",
    "essay_type": "글짓기",
    "essay_level": "2",
    "essay_len": 805,
    "essay_main_subject": "소중함을 잃었던 경험"
  }
}