{
  "paragraph": [
    {
      "paragraph_txt": "우리는 늘 익숙함에 속아 소중함을 잊고 살아가고 있다.#@문장구분# 언제나 항상 곁에 있기에 소중함을 당연함으로 느끼며 살아가고 있다.#@문장구분# 필요하면 언제든지 금방 찾을 수 있기에 그것이 얼마나 중요한것인지도 잊어버리곤 한다.#@문장구분# 소중하다고 생각하지만 언제나 필요할 때면 무조건 나의 편이 되어주기에 가끔은 힘들고 지치고 투정을 부려도 모든것을 받아주기에 우리는 항상 멀어지고 난 후에야 알게 된다.#@문장구분#\n친구의 소중함은 혼자 있을 때, 연인의 소중함은 헤어졌을 때, 부모의 소중함은 돌아가셨을 때 느낀다.#@문장구분#\n가장 소중하고 나에게 필요한 존재는 왜 가장 극단적인 상황이와야 그 소중함을 느끼는가?#@문장구분# 나도 이런 극단적인 상황에 닥친 적이 있다.#@문장구분# 초등학교 때부터 정말 친하게 지내온 절친이 있는데 그친구와는 같은 중학교 고등학교 까지 진학하게 되면서 쌍둥이처럼 붙어다니게 되었다.#@문장구분# 다른 친구들조차도 그 친구를 보면 나의 부재를 물어보고 나를 보면 그친구의 부재를 물을 정도로 우리는 같이 붙어 다녔다.#@문장구분# 등교, 하교까지 항상 옆에서 나의 이야기를 들어주는 조용한 내친구는 여름에 미국으로 유학을 갔다.#@문장구분# 매일 매일 같이 지내온 친구가 떠나서 2학기에 혼자 학교에 등교할 때 왜이리 쑥스럽고 친구들끼리 팔짱을 끼고 다니는 친구들만 봐도 왜이리 눈물이 나는지..#@문장구분# 친구가 유학 간다고 했을 때만 해도 잘 다녀오라고 씩씩하게 대답했지만 이렇게 그 친구의 빈자리가 클줄을 몰랐다.#@문장구분# 이제 학교가는 것도 재미가 없고 학교 생활에서도 그 친구의 빈자리가 너무 크게 다가 온다.#@문장구분# 있을 때 잘해 줄걸 이라고 후회를 해도 이미 친구는 떠났고 지금 이 시간에 내옆에 존재 하지 않는다.#@문장구분# 나는 친구에게 화상통화를 했다.#@문장구분# 친구 또한 내가 너무 보고 싶고 바뀐 환경속에서 기대도 있지만 적응하기 힘들다고 했다.#@문장구분# 우리는 다음의 만남을 기약하며 통화를 끝냈다.#@문장구분# 항상 곁에서 나를 응원해 주고 지지해주는 사람이라고 해서 소중함을 느끼지 못한다면 그 사람을 잃고 후회하지 말고 감사하게 생각하라고 말해주고 싶다.#@문장구분#",
      "paragraph_len": 1334,
      "paragraph_id": "001"
    }
  ],
  "score": {
    "paragraph_score": [
      {
        "paragraph_scoreT": [
          2.6666667,
          2.6666667,
          3
        ],
        "paragraph_scoreT_detail": {
          "paragraph_scoreT_exp": [
            [
              2,
              3,
              3
            ],
            [
              2,
              3,
              3
            ],
            [
              3,
              3,
              3
            ]
          ]
        },
        "paragraph_scoreT_avg": 2.777778,
        "paragraph_id": "001"
      }
    ],
    "essay_scoreT": [
      27.166668,
      27.166668,
      30
    ],
    "essay_scoreT_avg": 28.111113,
    "essay_scoreT_detail": {
      "essay_scoreT_org": [
        [
          3,
          3,
          3,
          3
        ],
        [
          3,
          3,
          3,
          3
        ],
        [
          3,
          3,
          3,
          3
        ]
      ],
      "essay_scoreT_cont": [
        [
          3,
          2,
          0,
          3
        ],
        [
          3,
          2,
          0,
          3
        ],
        [
          3,
          3,
          0,
          3
        ]
      ],
      "essay_scoreT_exp": [
        [
          2,
          3,
          3
        ],
        [
          2,
          3,
          3
        ],
        [
          3,
          3,
          3
        ]
      ]
    }
  },
  "student": {
    "date": "2021.11.16",
    "student_educated": true,
    "student_grade": "고등_1학년",
    "location": "063",
    "student_grade_group": "고등",
    "student_reading": 1
  },
  "rubric": {
    "essay_grade": "고등_1학년",
    "organization_weight": {
      "org_paragraph": 2,
      "org": 2,
      "org_essay": 4,
      "org_coherence": 2,
      "org_quantity": 1
    },
    "essay_type": "글짓기",
    "content_weight": {
      "con_clearance": 4,
      "con_novelty": 3,
      "con": 4,
      "con_prompt": 0,
      "con_description": 1
    },
    "essay_main_subject": "소중함을 잃었던 경험",
    "expression_weight": {
      "exp_style": 1,
      "exp_grammar": 2,
      "exp_vocab": 3,
      "exp": 4
    }
  },
  "correction": [],
  "info": {
    "essay_id": "ESSAY_47433",
    "essay_prompt": " 익숙함에 속아 소중함을 잊지 말자는 명언 (Do not get fooled by something familiar and forget what is priceless.)이 있습니다.\n\n 부모님께서 매일 해주시는 아침밥이나, 너무 친해서 매일 맛있는 간식을 사주는 친구 등 처음에는 매우 감사했지만 반복되는 호의에 우리는 소중함을 잊어가기도 합니다.\n\n 작은 소중함일지라도 그 소중함을 잃게 되면 호의를 베푸는 사람 입장에서는 매우 당황스럽고 기분이 나쁠 수 있어요.\n\n 여러분은 익숙함에 속아 소중함을 잊었던 사례와 그로 인해 상대방의 기분을 나쁘게 했던 경험이 있나요? 만약 있다면 관계를 회복하기 위해 어떤 노력을 하셨나요? 본인의 경험을 작성해주세요.\n\n 만약 그런 적이 없다면 주변의 이야기나 본인에게 소중함을 주는 사람들에 관해 설명해주세요.",
    "essay_type": "글짓기",
    "essay_level": "2",
    "essay_len": 974,
    "essay_main_subject": "소중함을 잃었던 경험"
  }
}