{
  "paragraph": [
    {
      "paragraph_txt": "전기의 소중함을 알아야 합니다. #@문장구분#전기가 없다면 우리 인간들의 세계는 어떻게 될까요?#@문장구분# 정말 상상하기도 싫은 세계가 될것입니다.#@문장구분# 영화 클로버필드 였던 것 같은데 영화에서 괴물이 나타나는데 괴물의 형상은 보이지 않고 온 도시가 정전이 되어 깜깜한 암흑으로 변하면서 영화가 시작됩니다.#@문장구분# 어둠은 앞이 보이지 않게 해서 우리의 공포를 더 극대화 시키는 요소가 된 거라고 생각합니다.#@문장구분# 만약 현실에서도 전기가 없어지게 된다면 우리는 암흑의 시대로 돌아가야 합니다.#@문장구분# 촛불이나. 횃불로 밤을 밝혀야 되고 전기가 없기 때문에 컴퓨터, 스마트 기기등 지금 사용하는 모든 첨단 기기들은 무용지물이 될것이고 각종 가전 제품들도 사용하지 못하게 될것입니다.#@문장구분# 그러고 보니 전기가 사용하지 않는 생활용품이 없는 것 같습니다.#@문장구분# 전기밥솥, 인덕션, 냉장고, 전자렌지, 에어후라이어기, 전기포트 등 이 있는데 만약 전기가 없다면 밥도 못해먹고 물도 못끓여 먹게 생겼습니다.#@문장구분# 나무를 주워다가 불을 붙여서 사용을 한다거나 옛날처럼 연탄이나 석유화로를 사용해야 될텐데 엄청 불편하였다고 엄마가 말씀하셨습니다.#@문장구분# 전기는 우리 생활에 편리성을 제공하는 중요한 요소입니다.#@문장구분# 이런 전기는 태양광이나 수력, 풍역 발전소에서 생산해 오기도 하고 원자력발전소에서 생산해 내기도 합니다.#@문장구분# 이런 것들은 자연과 환경에 영향을 끼치는 나쁜 요소 입니다.#@문장구분# 더이상 발전소가 생겨서는 않될것입니다.#@문장구분# 우리는 이런 소중한 전기를 아껴서 사용하여 자연이 더 이상 망가지지 않도록 노력해야 됩니다.#@문장구분# 전기를 아껴쓰고 소중히 여기면 자연이 보호가 되고 자연이 보호되면 우리가 사는 세상이 좋아집니다.#@문장구분# 세상은 우리가 후대에 물려주는 것이 아니라 빌려쓰고 있는 것입니다.#@문장구분# 잘쓰고 원래대로 돌려주는 것이 도리라고 생각합니다.#@문장구분#",
      "paragraph_len": 1222,
      "paragraph_id": "001"
    }
  ],
  "score": {
    "paragraph_score": [
      {
        "paragraph_scoreT": [
          3,
          3,
          3
        ],
        "paragraph_scoreT_detail": {
          "paragraph_scoreT_exp": [
            [
              3,
              3,
              3
            ],
            [
              3,
              3,
              3
            ],
            [
              3,
              3,
              3
            ]
          ]
        },
        "paragraph_scoreT_avg": 3,
        "paragraph_id": "001"
      }
    ],
    "essay_scoreT": [
      28.5,
      28.5,
      30
    ],
    "essay_scoreT_avg": 29,
    "essay_scoreT_detail": {
      "essay_scoreT_org": [
        [
          3,
          3,
          3,
          3
        ],
        [
          3,
          3,
          3,
          3
        ],
        [
          3,
          3,
          3,
          3
        ]
      ],
      "essay_scoreT_cont": [
        [
          3,
          2,
          0,
          3
        ],
        [
          3,
          2,
          0,
          3
        ],
        [
          3,
          3,
          0,
          3
        ]
      ],
      "essay_scoreT_exp": [
        [
          3,
          3,
          3
        ],
        [
          3,
          3,
          3
        ],
        [
          3,
          3,
          3
        ]
      ]
    }
  },
  "student": {
    "date": "2021.12.15",
    "student_educated": true,
    "student_grade": "고등_1학년",
    "location": "063",
    "student_grade_group": "고등",
    "student_reading": 1
  },
  "rubric": {
    "essay_grade": "고등_1학년",
    "organization_weight": {
      "org_paragraph": 2,
      "org": 2,
      "org_essay": 4,
      "org_coherence": 2,
      "org_quantity": 1
    },
    "essay_type": "글짓기",
    "content_weight": {
      "con_clearance": 4,
      "con_novelty": 3,
      "con": 4,
      "con_prompt": 0,
      "con_description": 1
    },
    "essay_main_subject": "소중함을 잃었던 경험",
    "expression_weight": {
      "exp_style": 1,
      "exp_grammar": 2,
      "exp_vocab": 3,
      "exp": 4
    }
  },
  "correction": [],
  "info": {
    "essay_id": "ESSAY_62969",
    "essay_prompt": " 익숙함에 속아 소중함을 잊지 말자는 명언 (Do not get fooled by something familiar and forget what is priceless.)이 있습니다.\n\n 부모님께서 매일 해주시는 아침밥이나, 너무 친해서 매일 맛있는 간식을 사주는 친구 등 처음에는 매우 감사했지만 반복되는 호의에 우리는 소중함을 잊어가기도 합니다.\n\n 작은 소중함일지라도 그 소중함을 잃게 되면 호의를 베푸는 사람 입장에서는 매우 당황스럽고 기분이 나쁠 수 있어요.\n\n 여러분은 익숙함에 속아 소중함을 잊었던 사례와 그로 인해 상대방의 기분을 나쁘게 했던 경험이 있나요? 만약 있다면 관계를 회복하기 위해 어떤 노력을 하셨나요? 본인의 경험을 작성해주세요.\n\n 만약 그런 적이 없다면 주변의 이야기나 본인에게 소중함을 주는 사람들에 관해 설명해주세요.",
    "essay_type": "글짓기",
    "essay_level": "2",
    "essay_len": 862,
    "essay_main_subject": "소중함을 잃었던 경험"
  }
}