{
  "paragraph": [
    {
      "paragraph_txt": "여러분은 소중함을 잃어본 경험이 있으신가요?#@문장구분# 네, 저는 있습니다.#@문장구분# 그건 바로 저의 절친 #@이름#입니다.#@문장구분# #@이름#는 어렸을적부터 저희 앞집에 살았습니다.#@문장구분# #@이름#의 엄마와 저희 엄마는 동네에 소문난 절친이었습니다.#@문장구분# 그래서 #@이름#와 저도 동네에 두 번째로 소문난 절친이 되었습니다.#@문장구분# 부모님께서도 항상 사이좋게 지내셨기 때문에 서로간의 왕래도 많았고 저희는 닮은 곳도 많아 쌍둥이 아니냐는 소리도 많이 들을 정도 였습니다.#@문장구분# 초등학교 고학년까지 그렇게 매일 붙어다니며 단짝친구로 지내던 어느날 청천벽력같은 소식을 듣게 되었습니다.#@문장구분# 그것은 바로 #@이름#가 다른 동네로 이사를 간다고 하는 것입니다.#@문장구분# 너무 속상하고 가장 친한 친구를 잃는 것 같은 생각이 들었습니다.#@문장구분# 하지만 어쩔 수 없이 이사를 가야하는 것인데 제가 가지 말라고 조를수도 없는 노릇이었습니다.#@문장구분# 헤어져야 하는 마음이 이루 말할 수 없이 슬펐지만 그렇게 아쉬운 작별을 했고 서로 다른 학교에서 초등학교를 졸업했고 중학교 이후로도 고등학교도 각각 다른 학교에 다니고 있습니다.#@문장구분# 그토록 친했던 우리였지만 만나는 횟수가 점점 줄어들고 각자 다른 친구와 사귀게 되고 해야할 공부의 양이 많아지다 보니 지금의 우리의 우정은 예전과 같지는 않습니다.#@문장구분# 가끔은 어색할 때도 있을 정도입니다.#@문장구분# 만약 우리가 예전 그대로 앞집에서 매일매일 볼 수 있는 친구사이로 남았더라면 지금도 매우 친한 절친 사이가 되어있을텐데 저는 너무 아쉽습니다.#@문장구분#",
      "paragraph_len": 1082,
      "paragraph_id": "001"
    }
  ],
  "score": {
    "paragraph_score": [
      {
        "paragraph_scoreT": [
          3,
          2.6666667,
          2.1666667
        ],
        "paragraph_scoreT_detail": {
          "paragraph_scoreT_exp": [
            [
              3,
              3,
              3
            ],
            [
              2,
              3,
              3
            ],
            [
              2,
              2,
              3
            ]
          ]
        },
        "paragraph_scoreT_avg": 2.6111114,
        "paragraph_id": "001"
      }
    ],
    "essay_scoreT": [
      26,
      27.333334,
      23.777779
    ],
    "essay_scoreT_avg": 25.703705,
    "essay_scoreT_detail": {
      "essay_scoreT_org": [
        [
          3,
          3,
          3,
          3
        ],
        [
          2,
          2,
          3,
          3
        ],
        [
          2,
          3,
          3,
          3
        ]
      ],
      "essay_scoreT_cont": [
        [
          2,
          2,
          0,
          2
        ],
        [
          3,
          3,
          0,
          3
        ],
        [
          2,
          3,
          0,
          3
        ]
      ],
      "essay_scoreT_exp": [
        [
          3,
          3,
          3
        ],
        [
          2,
          3,
          3
        ],
        [
          2,
          2,
          3
        ]
      ]
    }
  },
  "student": {
    "date": "2021.12.17",
    "student_educated": true,
    "student_grade": "고등_1학년",
    "location": "063",
    "student_grade_group": "고등",
    "student_reading": 3
  },
  "rubric": {
    "essay_grade": "고등_1학년",
    "organization_weight": {
      "org_paragraph": 2,
      "org": 2,
      "org_essay": 4,
      "org_coherence": 2,
      "org_quantity": 1
    },
    "essay_type": "글짓기",
    "content_weight": {
      "con_clearance": 4,
      "con_novelty": 3,
      "con": 4,
      "con_prompt": 0,
      "con_description": 1
    },
    "essay_main_subject": "소중함을 잃었던 경험",
    "expression_weight": {
      "exp_style": 1,
      "exp_grammar": 2,
      "exp_vocab": 3,
      "exp": 4
    }
  },
  "correction": [],
  "info": {
    "essay_id": "ESSAY_71996",
    "essay_prompt": " 익숙함에 속아 소중함을 잊지 말자는 명언 (Do not get fooled by something familiar and forget what is priceless.)이 있습니다.\n\n 부모님께서 매일 해주시는 아침밥이나, 너무 친해서 매일 맛있는 간식을 사주는 친구 등 처음에는 매우 감사했지만 반복되는 호의에 우리는 소중함을 잊어가기도 합니다.\n\n 작은 소중함일지라도 그 소중함을 잃게 되면 호의를 베푸는 사람 입장에서는 매우 당황스럽고 기분이 나쁠 수 있어요.\n\n 여러분은 익숙함에 속아 소중함을 잊었던 사례와 그로 인해 상대방의 기분을 나쁘게 했던 경험이 있나요? 만약 있다면 관계를 회복하기 위해 어떤 노력을 하셨나요? 본인의 경험을 작성해주세요.\n\n 만약 그런 적이 없다면 주변의 이야기나 본인에게 소중함을 주는 사람들에 관해 설명해주세요.",
    "essay_type": "글짓기",
    "essay_level": "2",
    "essay_len": 703,
    "essay_main_subject": "소중함을 잃었던 경험"
  }
}