{
  "paragraph": [
    {
      "paragraph_txt": "몇 년전에 있었던일이다.#@문장구분# 익숙함에 엄마의빈자가 그렇게 큰줄몰랐던 시절이다.#@문장구분# 나는 잠을 잘 수 없을 정도로 이빨이 아파서 치과에 갔었다.#@문장구분# 이빨이 많이썩어서 임플란트를 해야 한다고 한다.#@문장구분# 의사선생님이 엄마에게 아이 이빨관리를 어떻게 해줬길래 벌써임플란트를 하냐고 핀잔을 줬다.#@문장구분# 엄마는 얼굴이 빨게져서 그냥 웃기만 했다.#@문장구분# 집에 돌아와서도 엄마는 치과에 대한 이야기는 한마디고 안했다.#@문장구분# 나는 치료 받는동안 너무 아파 엄마에게 짜증을냈다.#@문장구분# 이빨이 아파서 잘 씹도 못할 정도였었는데 엄마는 아무말 없이 죽이며 부드러운 음식으로 가져다 줬다.#@문장구분# 그때도 내몸이 아파 엄마에게 짜증만 부렸지 엄마를 살피지 않았다.#@문장구분#그런데 그날 저녁 엄마는 응급실에 실려가셨다.#@문장구분# 엄마가 없는이틀동안 먹지도못하고 엄청 불편했다.#@문장구분# 나는 엄마에게 전화를 걸어 짜증을 냈다.#@문장구분# 엄마는왜 하필 지금 병원에 갔냐고 이빨아파서 죽겠는데 언제오냐고 그러고있는데 옆에있던 아빠가 전화를 뺏더니 이놈의 가스나 엄마한테 무슨말버릇이냐며 엄마가 어릴적부터 양치하라고 하루종일 쫓아다니며 이야기를했고만 듣도 않고 니맘대로하고 다녀놓고 이제와서 엄마한테 막말을하냐고 막 혼을 내시는거였다.#@문장구분# 나는 조금 당황했었다.#@문장구분# 알고봤더니 얼마전부터 엄마는 하열을 하고 계셨다고 한다.#@문장구분# 자궁암이시란다.#@문장구분# 다행히 초기라 지금은 많이 좋아지셨지만 그말을 듣고 난 이빨아픈것도 잊고 겁이나기시작해 막울었다.#@문장구분# 한달가까이 엄마없는 빈자리가 너무 불편하고 힘들었지만 치과치료도 혼자 잘다니고 부끄럽지만 난 하루에 자기전 한번밖에 하지 않았던 양치도 하루에 4번한다.#@문장구분# 그리고 엄마가 돌아왔을적에 혼자서 치료도 다끝내고 열심히 엄마 빨리오게 해달라고 기도했던 적이 있다.#@문장구분#",
      "paragraph_len": 1225,
      "paragraph_id": "001"
    }
  ],
  "score": {
    "paragraph_score": [
      {
        "paragraph_scoreT": [
          2.8333333,
          3,
          2.6666667
        ],
        "paragraph_scoreT_detail": {
          "paragraph_scoreT_exp": [
            [
              3,
              3,
              2
            ],
            [
              3,
              3,
              3
            ],
            [
              2,
              3,
              3
            ]
          ]
        },
        "paragraph_scoreT_avg": 2.8333333,
        "paragraph_id": "001"
      }
    ],
    "essay_scoreT": [
      26.944445,
      27.11111,
      24.666668
    ],
    "essay_scoreT_avg": 26.240744,
    "essay_scoreT_detail": {
      "essay_scoreT_org": [
        [
          2,
          3,
          3,
          3
        ],
        [
          2,
          3,
          3,
          3
        ],
        [
          3,
          3,
          3,
          3
        ]
      ],
      "essay_scoreT_cont": [
        [
          3,
          2,
          0,
          3
        ],
        [
          3,
          2,
          0,
          2
        ],
        [
          2,
          2,
          0,
          2
        ]
      ],
      "essay_scoreT_exp": [
        [
          3,
          3,
          2
        ],
        [
          3,
          3,
          3
        ],
        [
          2,
          3,
          3
        ]
      ]
    }
  },
  "student": {
    "date": "2021.12.18",
    "student_educated": true,
    "student_grade": "고등_1학년",
    "location": "063",
    "student_grade_group": "고등",
    "student_reading": 2
  },
  "rubric": {
    "essay_grade": "고등_1학년",
    "organization_weight": {
      "org_paragraph": 2,
      "org": 2,
      "org_essay": 4,
      "org_coherence": 2,
      "org_quantity": 1
    },
    "essay_type": "글짓기",
    "content_weight": {
      "con_clearance": 4,
      "con_novelty": 3,
      "con": 4,
      "con_prompt": 0,
      "con_description": 1
    },
    "essay_main_subject": "소중함을 잃었던 경험",
    "expression_weight": {
      "exp_style": 1,
      "exp_grammar": 2,
      "exp_vocab": 3,
      "exp": 4
    }
  },
  "correction": [],
  "info": {
    "essay_id": "ESSAY_73757",
    "essay_prompt": " 익숙함에 속아 소중함을 잊지 말자는 명언 (Do not get fooled by something familiar and forget what is priceless.)이 있습니다.\n\n 부모님께서 매일 해주시는 아침밥이나, 너무 친해서 매일 맛있는 간식을 사주는 친구 등 처음에는 매우 감사했지만 반복되는 호의에 우리는 소중함을 잊어가기도 합니다.\n\n 작은 소중함일지라도 그 소중함을 잃게 되면 호의를 베푸는 사람 입장에서는 매우 당황스럽고 기분이 나쁠 수 있어요.\n\n 여러분은 익숙함에 속아 소중함을 잊었던 사례와 그로 인해 상대방의 기분을 나쁘게 했던 경험이 있나요? 만약 있다면 관계를 회복하기 위해 어떤 노력을 하셨나요? 본인의 경험을 작성해주세요.\n\n 만약 그런 적이 없다면 주변의 이야기나 본인에게 소중함을 주는 사람들에 관해 설명해주세요.",
    "essay_type": "글짓기",
    "essay_level": "2",
    "essay_len": 826,
    "essay_main_subject": "소중함을 잃었던 경험"
  }
}