{
  "paragraph": [
    {
      "paragraph_txt": "아마, 초등학교 6학년까지였을 것이다.#@문장구분# 내가 길가에 무작정 쓰레기를 버렸던 시절은.#@문장구분#\n난 그때까지만해도 자기 생각만 할 줄 아는 놈이였으리라.#@문장구분# 나는 길을 거닐며, 쓰레기를 들고 있는 불편함만 생각하여 주위 사람들의 눈치를 보고 아무도 모르게 쓰레기를 내동댕이 치며 아무 일도 없다는 듯이 행동을 했었다.#@문장구분# 이렇듯, 나는 옛날에만 해도 자신만을 생각하며 행동을 해왔던 것이다.#@문장구분# 자신의 편안함을 위해서 길가에게 상처를 주었고, 자원봉사단분들께 수고를 더 주었던 거였다.#@문장구분# 지금 생각하면 어처구니없을 정도가 아니라, 절대 하면 안될 짓을 하고 있었던 거다.#@문장구분# 이런 몹쓸 짓을 계속하고 있던 찰나였다.#@문장구분# 한 살 때부터 알고 지내고 있는 친구가 아무 데나 쓰레기 버리는 짓을 제지를 했다.#@문장구분# 그때부터였다.#@문장구분# 내가 길에게 상처를 주는 행위와 봉사단분들에게 수고를 끼치는 일은 그때부터 그만두게 되었으리라.#@문장구분# 옛날에 내가 너무나도 한심스러울 따름이다.#@문장구분# 물론, 그가 아니었어도 지금쯤 쓰레기를 버리고 있지는 않았을 것이다.#@문장구분#  그와 많이 다니다 보니까, 다른 친구가 쓰레기 버리는 것을 보면 다시 주워라고 말하기도 해서 그 영향으로 쓰레기를 버리는 짓 따윈 안 하게 됐을 게 뻔하다.#@문장구분# 그저 조금 더 빨리 이런 짓을 안 하게 된 것이라 생각한다.#@문장구분# \n나는 한심한 과거의 죄를 지워버릴 순 없지만 깨끗이 씻기 위해서 그와 같이 친구가 쓰레기를 아무 곳에 버리면 다시 주워라고 언성 높여 말한다.#@문장구분# 또 한 번은 자발적으로 길에 뒹굴고 있는 쓰레기를 치운 적이 있다.#@문장구분# 이것이 지금 내가 할 수 있는 유일하게 죗값을 치르는 방법이기 때문이다.#@문장구분#",
      "paragraph_len": 1143,
      "paragraph_id": "001"
    },
    {
      "paragraph_txt": "\n나는 말하고 싶다.#@문장구분# 그저 아무 생각 없이 우리는 길 위에서 걷고 있지만, 잘 생각해 보면 길이란 게 없었으면 우린 편하게 걷지 못했고, 땅이란 게 없었으면 걸을 수조차 없다.#@문장구분#  우린 그런 땅에게 감사해야 하며 무엇이 됐든 결코 상처를 주어선 안 된다.#@문장구분# 조금은 자신 말고 시각을 바꾸어 자연을 생각해 보자.#@문장구분# \n 우리는 너무 편안함만 추구해온 걸지도 모르겠다.#@문장구분#",
      "paragraph_len": 300,
      "paragraph_id": "002"
    }
  ],
  "score": {
    "paragraph_score": [
      {
        "paragraph_scoreT": [
          2,
          2.5,
          2.8333333
        ],
        "paragraph_scoreT_detail": {
          "paragraph_scoreT_exp": [
            [
              2,
              2,
              2
            ],
            [
              3,
              2,
              3
            ],
            [
              3,
              3,
              2
            ]
          ]
        },
        "paragraph_scoreT_avg": 2.4444444,
        "paragraph_id": "001"
      },
      {
        "paragraph_scoreT": [
          2,
          2.5,
          2.8333333
        ],
        "paragraph_scoreT_detail": {
          "paragraph_scoreT_exp": [
            [
              2,
              2,
              2
            ],
            [
              3,
              2,
              3
            ],
            [
              3,
              3,
              2
            ]
          ]
        },
        "paragraph_scoreT_avg": 2.4444444,
        "paragraph_id": "002"
      }
    ],
    "essay_scoreT": [
      20.722221,
      26.61111,
      30
    ],
    "essay_scoreT_avg": 25.777777,
    "essay_scoreT_detail": {
      "essay_scoreT_org": [
        [
          2,
          2,
          2,
          3
        ],
        [
          2,
          3,
          3,
          3
        ],
        [
          3,
          3,
          3,
          3
        ]
      ],
      "essay_scoreT_cont": [
        [
          2,
          2,
          0,
          3
        ],
        [
          3,
          3,
          0,
          2
        ],
        [
          3,
          3,
          0,
          3
        ]
      ],
      "essay_scoreT_exp": [
        [
          2,
          2,
          2
        ],
        [
          3,
          2,
          3
        ],
        [
          3,
          3,
          3
        ]
      ]
    }
  },
  "student": {
    "date": "2021.09.29",
    "student_educated": true,
    "student_grade": "고등_1학년",
    "location": "051",
    "student_grade_group": "고등",
    "student_reading": 1
  },
  "rubric": {
    "essay_grade": "고등_1학년",
    "organization_weight": {
      "org_paragraph": 2,
      "org": 2,
      "org_essay": 4,
      "org_coherence": 2,
      "org_quantity": 1
    },
    "essay_type": "글짓기",
    "content_weight": {
      "con_clearance": 4,
      "con_novelty": 3,
      "con": 4,
      "con_prompt": 0,
      "con_description": 1
    },
    "essay_main_subject": "소중함을 잃었던 경험",
    "expression_weight": {
      "exp_style": 1,
      "exp_grammar": 2,
      "exp_vocab": 3,
      "exp": 4
    }
  },
  "correction": [],
  "info": {
    "essay_id": "ESSAY_35772",
    "essay_prompt": " 익숙함에 속아 소중함을 잊지 말자는 명언 (Do not get fooled by something familiar and forget what is priceless.)이 있습니다.\n\n 부모님께서 매일 해주시는 아침밥이나, 너무 친해서 매일 맛있는 간식을 사주는 친구 등 처음에는 매우 감사했지만 반복되는 호의에 우리는 소중함을 잊어가기도 합니다.\n\n 작은 소중함일지라도 그 소중함을 잃게 되면 호의를 베푸는 사람 입장에서는 매우 당황스럽고 기분이 나쁠 수 있어요.\n\n 여러분은 익숙함에 속아 소중함을 잊었던 사례와 그로 인해 상대방의 기분을 나쁘게 했던 경험이 있나요? 만약 있다면 관계를 회복하기 위해 어떤 노력을 하셨나요? 본인의 경험을 작성해주세요.\n\n 만약 그런 적이 없다면 주변의 이야기나 본인에게 소중함을 주는 사람들에 관해 설명해주세요.",
    "essay_type": "글짓기",
    "essay_level": "2",
    "essay_len": 985,
    "essay_main_subject": "소중함을 잃었던 경험"
  }
}