{
  "paragraph": [
    {
      "paragraph_txt": "익숙함에 속아 소중함을 잊지말자.#@문장구분# 이 말을 우리는 살면서 한번쯤은 아니 많이 들어봤을 것이다.#@문장구분# 이 뜻은 말 그대로 계속되는 익숙한것을 그것이 소중한지 모르고 잊어버린다는 것이다.#@문장구분# 우리는 이러한 문구와 같은 상황을 매일 겪을 수 있다.#@문장구분# 바로 부모님에게서 말이다.#@문장구분# 매일 밥을 차려주시거나 아침에 깨워주시고, 매일마다 우리를 챙겨주시는 분이 바로 부모님이다.#@문장구분# 이러한 친절 혹은 배려에 익숙해져 당연하다고 생각되는 사람들이 굉장히 많을것이다.#@문장구분# 다르게 생각을 해보자.#@문장구분# 우리가 부모님이 됐을때 자식들을 그렇게 챙기는것이 쉽겠는가?#@문장구분# 당연히 힘들것이다.#@문장구분# 낳아주시고 키워주시는 부모님의 행동들에 당연시 여기는것은 후회 할 행동이다.#@문장구분# 세상에 가족말고 더 소중한것이 있겠는가.#@문장구분# 서로 의지하고 협력하며 살아가는것이 가족일지언정 그러한 소중함을 항상 챙겨주는 익숙함에 속아 잃지 말길 바란다.#@문장구분# \n ",
      "paragraph_len": 693,
      "paragraph_id": "001"
    },
    {
      "paragraph_txt": "잠시 내 이야기를 해보자면, 나는 약 500일간 사귄 여자친구가 있었다.#@문장구분# 나보다 한살 더 많았는데 우리는 남 부러울것 없는 그런 한 쌍의 연인이었다.#@문장구분# 내가 이 이야기를 시작하려는 이유는 그 누나는 약간 공부가 아닌 다른길을 선택하여 기술같은 것을 배우는 분이었고 나는 공부를 해야되는 사람이었다.#@문장구분# 그래서 시험기간이거나 공부를 해야할 때 연락이 안 될 수 있는 상황이 빈번히 발생하였다.#@문장구분# 매일 나를 4시간이며 5시간이며 학원을 마칠때까지 기다려주던 누나의 친절함과 배려를 나는 여자친구라는 틀에 갇혀 당연시 생각했었다.#@문장구분# 하지만 지금 생각해보면 그것은 누군가에게 매우 어려울 수 있는 일이며 더 나아가보면 여자친구라는 틀에 갇혀 기다려줘야 한다는 생각은 매우 어리석고 여자친구이기에 연락을 더 해줘야 한다는 것을 느꼈다.#@문장구분# 다시 내 이야기로 돌아가 우리는 초반기에 풋풋하고 서로를 매우 사랑하는 연인이었다.#@문장구분# 하지만 나의 학원 그리고 시험등과 그 누나의 해야할 것이 잘 맞지 않아 우리는 가면 갈수록 서로의 애정이 조금씩 사그라들고 있었다.#@문장구분# 어느날은 그 누나가 날 항상 기다려주는것은 자신도 조금 서운하고 조금 짜증이 난다고 나에게 말하였다.#@문장구분# 나는 그때당시 왜 그런지 몰랐고 서로 그냥 맞춰가야한다는 생각밖에 없었다.#@문장구분# 우리는 결국 서로의 길을 생각하며 헤어졌고 나는 한동한 많은 후회를 했었다.#@문장구분# 내가 이 이야기를 한 이유는 그 누나의 항상 기다려주는것 즉 배려를 항상 당연시 생각해 익숙하게 여겨져 그때당시 내가 엄청 소중하게 생각했던 누나를 잃어버렸다는 것을 말하고 싶었기 때문이다.#@문장구분# ",
      "paragraph_len": 1012,
      "paragraph_id": "002"
    },
    {
      "paragraph_txt": "\n당신은 혹시 익숙함에 속아 소중함을 잊어본적이 있는가?#@문장구분# 우리 주위에는 당연한것은 아니지만 우리가 당연하다고 생각되는것이 매우 많다.#@문장구분# 그런것을 '익숙함' 혹은 '당연한 것' 이라는 말도 안 되는 틀에 갇혀 살지않고 항상 감사한 마음과 소중하게 여겨 나중에 사라지고 후회할 짓을 만들지 않았으면 좋겠다.#@문장구분#",
      "paragraph_len": 228,
      "paragraph_id": "003"
    }
  ],
  "score": {
    "paragraph_score": [
      {
        "paragraph_scoreT": [
          2.3333333,
          2.8333333,
          2
        ],
        "paragraph_scoreT_detail": {
          "paragraph_scoreT_exp": [
            [
              3,
              2,
              2
            ],
            [
              3,
              3,
              2
            ],
            [
              2,
              2,
              2
            ]
          ]
        },
        "paragraph_scoreT_avg": 2.3888888,
        "paragraph_id": "001"
      },
      {
        "paragraph_scoreT": [
          2.3333333,
          2.8333333,
          2
        ],
        "paragraph_scoreT_detail": {
          "paragraph_scoreT_exp": [
            [
              3,
              2,
              2
            ],
            [
              3,
              3,
              2
            ],
            [
              2,
              2,
              2
            ]
          ]
        },
        "paragraph_scoreT_avg": 2.3888888,
        "paragraph_id": "002"
      },
      {
        "paragraph_scoreT": [
          2.3333333,
          2.8333333,
          2
        ],
        "paragraph_scoreT_detail": {
          "paragraph_scoreT_exp": [
            [
              3,
              2,
              2
            ],
            [
              3,
              3,
              2
            ],
            [
              2,
              2,
              2
            ]
          ]
        },
        "paragraph_scoreT_avg": 2.3888888,
        "paragraph_id": "003"
      }
    ],
    "essay_scoreT": [
      25.38889,
      24,
      20.222221
    ],
    "essay_scoreT_avg": 23.203705,
    "essay_scoreT_detail": {
      "essay_scoreT_org": [
        [
          3,
          3,
          2,
          3
        ],
        [
          2,
          2,
          3,
          3
        ],
        [
          2,
          2,
          2,
          3
        ]
      ],
      "essay_scoreT_cont": [
        [
          3,
          2,
          0,
          3
        ],
        [
          2,
          2,
          0,
          2
        ],
        [
          2,
          2,
          0,
          2
        ]
      ],
      "essay_scoreT_exp": [
        [
          3,
          2,
          2
        ],
        [
          3,
          3,
          2
        ],
        [
          2,
          2,
          2
        ]
      ]
    }
  },
  "student": {
    "date": "2021.09.29",
    "student_educated": true,
    "student_grade": "고등_1학년",
    "location": "051",
    "student_grade_group": "고등",
    "student_reading": 2
  },
  "rubric": {
    "essay_grade": "고등_1학년",
    "organization_weight": {
      "org_paragraph": 2,
      "org": 2,
      "org_essay": 4,
      "org_coherence": 2,
      "org_quantity": 1
    },
    "essay_type": "글짓기",
    "content_weight": {
      "con_clearance": 4,
      "con_novelty": 3,
      "con": 4,
      "con_prompt": 0,
      "con_description": 1
    },
    "essay_main_subject": "소중함을 잃었던 경험",
    "expression_weight": {
      "exp_style": 1,
      "exp_grammar": 2,
      "exp_vocab": 3,
      "exp": 4
    }
  },
  "correction": [],
  "info": {
    "essay_id": "ESSAY_35769",
    "essay_prompt": " 익숙함에 속아 소중함을 잊지 말자는 명언 (Do not get fooled by something familiar and forget what is priceless.)이 있습니다.\n\n 부모님께서 매일 해주시는 아침밥이나, 너무 친해서 매일 맛있는 간식을 사주는 친구 등 처음에는 매우 감사했지만 반복되는 호의에 우리는 소중함을 잊어가기도 합니다.\n\n 작은 소중함일지라도 그 소중함을 잃게 되면 호의를 베푸는 사람 입장에서는 매우 당황스럽고 기분이 나쁠 수 있어요.\n\n 여러분은 익숙함에 속아 소중함을 잊었던 사례와 그로 인해 상대방의 기분을 나쁘게 했던 경험이 있나요? 만약 있다면 관계를 회복하기 위해 어떤 노력을 하셨나요? 본인의 경험을 작성해주세요.\n\n 만약 그런 적이 없다면 주변의 이야기나 본인에게 소중함을 주는 사람들에 관해 설명해주세요.",
    "essay_type": "글짓기",
    "essay_level": "2",
    "essay_len": 1377,
    "essay_main_subject": "소중함을 잃었던 경험"
  }
}