{
  "paragraph": [
    {
      "paragraph_txt": "나에게는 배우 사촌누나가 있다.#@문장구분# 최근에는 매우 유명한 드라마에서 꽤 비중있는 역할을 맡아서 열연했던 누나인데, 이번 추석때 촬영 일정때문에 할머니댁에 못 내려온다고 전했었다.#@문장구분# 누나는 항상 나에게 먹을 것도 해주고, 모르는 것도 알려줘서 친누나만큼이나 좋아하는 누나인데 올해 초에는 나의 입시 특강 수업때문에 만나지 못했고, 이번 추석은 누나의 촬영 일정때문에 만나지 못해서 벌써 만나지 못한지 1여년이 다 되어간다.#@문장구분#\n 나에게 누나는 굉장히 소중한 존재인데 그 중 가장 큰 이유는 유년시절에 할머니댁 근처에서 길을 잃어가지고 집에 못 들어가고 있던 나를 찾으러 와준 장본인인게 첫번째 이유이다.#@문장구분# 그당시 할머니댁은 골목이 굉장히 많은 곳 사이쯤에 있어서 길을 잃기 시작하면 지리적으로 멀리 동 떨어져 있는 곳까지 갈 정도로 길이 복잡한 곳이었다.#@문장구분# 엄마랑 같이 손 잡고 마트에 갔다가 혼자 강아지를 보고 좋아서 좇아가다 보니 엄마를 잃었다는 것을 깨닫고 어린 마음에 호기롭게 집에 찾아가야겠다! 했었는데, 부모님이랑 할머니, 외가댁 사람들이 내가 없어진 것에 난리가 났고 길이 어렵고 복잡하여 같이 움직였다가 더 큰 사고가 날까봐 부모님은 경찰서에 신고를 하고 설명을 하고 있었다고 한다.#@문장구분# 그런게 누나는 어린 시절부터 할머니 손에 길러져서 동네 지리를 잘 알아 어른들이 찾는 것보다 자신이 찾는게 빠르다면서 나를 찾아와줬다.#@문장구분# 물론 누나와 나는 멋대로 행동했다고 추후에 굉장히 욕을 많이 먹었지만 이것은 누나와 나의 소중한 추억으로 자리매김해있다.#@문장구분# 이렇게 소중한 우리 누나 얼굴을 1여년이나 못 보고 지내니 벌써 그립다.#@문장구분#\n 누나가 나 주겠다고 연예인 사인도 받아놨다는데 빨리 만나고 싶고 그렇다.#@문장구분#",
      "paragraph_len": 1033,
      "paragraph_id": "001"
    }
  ],
  "score": {
    "paragraph_score": [
      {
        "paragraph_scoreT": [
          1.6666666,
          2,
          2
        ],
        "paragraph_scoreT_detail": {
          "paragraph_scoreT_exp": [
            [
              2,
              1,
              3
            ],
            [
              2,
              2,
              2
            ],
            [
              2,
              2,
              2
            ]
          ]
        },
        "paragraph_scoreT_avg": 1.8888888,
        "paragraph_id": "001"
      }
    ],
    "essay_scoreT": [
      19.833332,
      20,
      16
    ],
    "essay_scoreT_avg": 18.61111,
    "essay_scoreT_detail": {
      "essay_scoreT_org": [
        [
          2,
          3,
          2,
          3
        ],
        [
          2,
          2,
          2,
          2
        ],
        [
          2,
          2,
          2,
          2
        ]
      ],
      "essay_scoreT_cont": [
        [
          2,
          2,
          0,
          3
        ],
        [
          2,
          2,
          0,
          2
        ],
        [
          1,
          1,
          0,
          1
        ]
      ],
      "essay_scoreT_exp": [
        [
          2,
          1,
          3
        ],
        [
          2,
          2,
          2
        ],
        [
          2,
          2,
          2
        ]
      ]
    }
  },
  "student": {
    "date": "2021.10.16",
    "student_educated": true,
    "student_grade": "고등_1학년",
    "location": "02",
    "student_grade_group": "고등",
    "student_reading": 1
  },
  "rubric": {
    "essay_grade": "고등_1학년",
    "organization_weight": {
      "org_paragraph": 2,
      "org": 2,
      "org_essay": 4,
      "org_coherence": 2,
      "org_quantity": 1
    },
    "essay_type": "글짓기",
    "content_weight": {
      "con_clearance": 4,
      "con_novelty": 3,
      "con": 4,
      "con_prompt": 0,
      "con_description": 1
    },
    "essay_main_subject": "소중함을 잃었던 경험",
    "expression_weight": {
      "exp_style": 1,
      "exp_grammar": 2,
      "exp_vocab": 3,
      "exp": 4
    }
  },
  "correction": [],
  "info": {
    "essay_id": "ESSAY_37023",
    "essay_prompt": " 익숙함에 속아 소중함을 잊지 말자는 명언 (Do not get fooled by something familiar and forget what is priceless.)이 있습니다.\n\n 부모님께서 매일 해주시는 아침밥이나, 너무 친해서 매일 맛있는 간식을 사주는 친구 등 처음에는 매우 감사했지만 반복되는 호의에 우리는 소중함을 잊어가기도 합니다.\n\n 작은 소중함일지라도 그 소중함을 잃게 되면 호의를 베푸는 사람 입장에서는 매우 당황스럽고 기분이 나쁠 수 있어요.\n\n 여러분은 익숙함에 속아 소중함을 잊었던 사례와 그로 인해 상대방의 기분을 나쁘게 했던 경험이 있나요? 만약 있다면 관계를 회복하기 위해 어떤 노력을 하셨나요? 본인의 경험을 작성해주세요.\n\n 만약 그런 적이 없다면 주변의 이야기나 본인에게 소중함을 주는 사람들에 관해 설명해주세요.",
    "essay_type": "글짓기",
    "essay_level": "2",
    "essay_len": 833,
    "essay_main_subject": "소중함을 잃었던 경험"
  }
}