{
  "paragraph": [
    {
      "paragraph_txt": "작년 여름 집중호우로 인해 우리동네에 단전 단수가 된적이 있습니다. #@문장구분#정말 지금생각해보면 현재 내가 누리고 있는 이 전기가 수돗물이 얼마나 고맙고 소중한존재인지 다시한번 고마움을 느낍니다.#@문장구분# 물이 없어 마음애로 씻거나 화장실을 가지 못해 불현함이 이만저만이 아니었습니다.#@문장구분# 무료한시간 핸드폰이라도 하려보니 전기가 끊겨 와이파이 공유가 안되니 할 수 있는 것이 아무것도 없었습니다.#@문장구분# 무료하고 무덥고 그시간을 보낼수있는거 책을 보는거 밖에 없었습니다. #@문장구분#습관적으로 핸드폰 SNS를 들어갔다 나왔다를 반복하고. 물도 전기도 없어서 식사는 근처 식당가서 사와서 먹어야 했고 정말 처참했습니다.#@문장구분# 공기, 물, 그리고전기. 평소엔 당연한것으로만 여겼던 것들이 얼마나 소중한 것들이 였는 다시한번 생각하게 되었습니다.#@문장구분# 이것들을 마치 공기와 같이 의식하지 않고 사용하는 지라 없어지니 더 절실하게 느껴졌던거 같습니다. #@문장구분#하루종일 컴퓨터와 폰을 붙잡고 살기에 매일 단 몇시간이라도 폰없이 지내봐야지 하다가도 금방 실패하고 했는데 반강제로 아날로그 생활을 하게되었습니다.#@문장구분#다른 것들에 방해없이 책밖에는 볼게 없었던 그시간이 마음 한편 편안해지고 힐링 이라는 말이 생각 날정도로 평화로웠던 기억도있습니다.#@문장구분#물과 전기의 소중함을 새삼 깨닳았지만 온전한 나만의 시간을 갖는것의 행복함도 느낄수있어서 색다른 경험이였던거 같습니다.#@문장구분# 나와 항상 함께하고 내옆에 있어서 소중함을 모르고 지냈던 것들에 대한 감사함또한 느낄수있었던 거 같습니다.#@문장구분# 또 이소중한 것이 절약하지 않아 우리 옆에서 사라지면 어찌될까 생각도 해보았습니다.#@문장구분# 끔찍합니다.#@문장구분#",
      "paragraph_len": 1060,
      "paragraph_id": "001"
    }
  ],
  "score": {
    "paragraph_score": [
      {
        "paragraph_scoreT": [
          2.6666667,
          3,
          2.6666667
        ],
        "paragraph_scoreT_detail": {
          "paragraph_scoreT_exp": [
            [
              2,
              3,
              3
            ],
            [
              3,
              3,
              3
            ],
            [
              2,
              3,
              3
            ]
          ]
        },
        "paragraph_scoreT_avg": 2.777778,
        "paragraph_id": "001"
      }
    ],
    "essay_scoreT": [
      28.666668,
      25.61111,
      28.666668
    ],
    "essay_scoreT_avg": 27.648148,
    "essay_scoreT_detail": {
      "essay_scoreT_org": [
        [
          3,
          3,
          3,
          3
        ],
        [
          2,
          3,
          3,
          3
        ],
        [
          3,
          3,
          3,
          3
        ]
      ],
      "essay_scoreT_cont": [
        [
          3,
          3,
          0,
          3
        ],
        [
          2,
          2,
          0,
          3
        ],
        [
          3,
          3,
          0,
          3
        ]
      ],
      "essay_scoreT_exp": [
        [
          2,
          3,
          3
        ],
        [
          3,
          3,
          3
        ],
        [
          2,
          3,
          3
        ]
      ]
    }
  },
  "student": {
    "date": "2021.12.20",
    "student_educated": true,
    "student_grade": "고등_1학년",
    "location": "044",
    "student_grade_group": "고등",
    "student_reading": 2
  },
  "rubric": {
    "essay_grade": "고등_1학년",
    "organization_weight": {
      "org_paragraph": 2,
      "org": 2,
      "org_essay": 4,
      "org_coherence": 2,
      "org_quantity": 1
    },
    "essay_type": "글짓기",
    "content_weight": {
      "con_clearance": 4,
      "con_novelty": 3,
      "con": 4,
      "con_prompt": 0,
      "con_description": 1
    },
    "essay_main_subject": "소중함을 잃었던 경험",
    "expression_weight": {
      "exp_style": 1,
      "exp_grammar": 2,
      "exp_vocab": 3,
      "exp": 4
    }
  },
  "correction": [],
  "info": {
    "essay_id": "ESSAY_73564",
    "essay_prompt": " 익숙함에 속아 소중함을 잊지 말자는 명언 (Do not get fooled by something familiar and forget what is priceless.)이 있습니다.\n\n 부모님께서 매일 해주시는 아침밥이나, 너무 친해서 매일 맛있는 간식을 사주는 친구 등 처음에는 매우 감사했지만 반복되는 호의에 우리는 소중함을 잊어가기도 합니다.\n\n 작은 소중함일지라도 그 소중함을 잃게 되면 호의를 베푸는 사람 입장에서는 매우 당황스럽고 기분이 나쁠 수 있어요.\n\n 여러분은 익숙함에 속아 소중함을 잊었던 사례와 그로 인해 상대방의 기분을 나쁘게 했던 경험이 있나요? 만약 있다면 관계를 회복하기 위해 어떤 노력을 하셨나요? 본인의 경험을 작성해주세요.\n\n 만약 그런 적이 없다면 주변의 이야기나 본인에게 소중함을 주는 사람들에 관해 설명해주세요.",
    "essay_type": "글짓기",
    "essay_level": "2",
    "essay_len": 782,
    "essay_main_subject": "소중함을 잃었던 경험"
  }
}