{
  "paragraph": [
    {
      "paragraph_txt": "먼저 이 주제를 받았을때, 익숙함에 속아 소중함을 잊었던 적을 생각 해보았다.#@문장구분# 나의 인간관계, 나에게 주어진 환경등을 생각하다보니 생각보다 내가 소중함을 알지 못했던 것들이 많다.#@문장구분# 지금의 인간관계는 나와 부모님,친구 이 둘이 가장 큰 비중을 차지하는 것 같다.#@문장구분# 부모님과의 관계에서 부모님과 대화하는 중에 귀찮다 라고 느끼는 것, 부모님에게 진심을 표현한 적을 생각해보니 기억에서 찾을 수 없다는 점 등, 매일 보니까 오히려 소홀해 지는 부모님과의 관계에서 내가 놓치고 있는 소중함은 많은 것 같다.#@문장구분# 부모님과 시간을 내서 나의 진심을 말하는 것이 필요 할 것 같다.#@문장구분# \n 친구에게는 너무 편한 나머지 나의 감정을 지나치게 나타 냈을 때가 있다.#@문장구분# 친구관계 에서도 적당한 긴장감을 유지 하는것이 좋을 것 같다.#@문장구분# \n 요즘 가장 심각하게 느끼는것은 나에게 주어진 환경에 대한 것이다.#@문장구분# 나에게 너무 편한 환경이 주어져 있다 보니 내가 너무 나태해 지는 것을 느낀다.#@문장구분# 내가 할 일을 내일로 미루고 오늘은 마냥 놀며 보내다 침대에 누워서 '아 이건 아니다 내일부터 열심히 해야지'  하면서도 다음날에도 '내일이 있으니까' 하며 같은  행동을 반복하는 나의 모습을 봤다. #@문장구분#지금이 가장 중요한 때인것을 알면서도 행동으로 옮기지 못하고 있는상황에서 이글을 쓰게 되면서 나의 행동의 동기가 될수 있기를 바란다.#@문장구분#",
      "paragraph_len": 884,
      "paragraph_id": "001"
    }
  ],
  "score": {
    "paragraph_score": [
      {
        "paragraph_scoreT": [
          3,
          2.8333333,
          2.6666667
        ],
        "paragraph_scoreT_detail": {
          "paragraph_scoreT_exp": [
            [
              3,
              3,
              3
            ],
            [
              3,
              3,
              2
            ],
            [
              2,
              3,
              3
            ]
          ]
        },
        "paragraph_scoreT_avg": 2.8333333,
        "paragraph_id": "001"
      }
    ],
    "essay_scoreT": [
      29.777779,
      25.333332,
      24.222221
    ],
    "essay_scoreT_avg": 26.444443,
    "essay_scoreT_detail": {
      "essay_scoreT_org": [
        [
          3,
          3,
          3,
          2
        ],
        [
          2,
          2,
          2,
          2
        ],
        [
          3,
          3,
          2,
          3
        ]
      ],
      "essay_scoreT_cont": [
        [
          3,
          3,
          0,
          3
        ],
        [
          3,
          2,
          0,
          2
        ],
        [
          2,
          2,
          0,
          2
        ]
      ],
      "essay_scoreT_exp": [
        [
          3,
          3,
          3
        ],
        [
          3,
          3,
          2
        ],
        [
          2,
          3,
          3
        ]
      ]
    }
  },
  "student": {
    "date": "2021.09.29",
    "student_educated": true,
    "student_grade": "고등_1학년",
    "location": "051",
    "student_grade_group": "고등",
    "student_reading": 1
  },
  "rubric": {
    "essay_grade": "고등_1학년",
    "organization_weight": {
      "org_paragraph": 2,
      "org": 2,
      "org_essay": 4,
      "org_coherence": 2,
      "org_quantity": 1
    },
    "essay_type": "글짓기",
    "content_weight": {
      "con_clearance": 4,
      "con_novelty": 3,
      "con": 4,
      "con_prompt": 0,
      "con_description": 1
    },
    "essay_main_subject": "소중함을 잃었던 경험",
    "expression_weight": {
      "exp_style": 1,
      "exp_grammar": 2,
      "exp_vocab": 3,
      "exp": 4
    }
  },
  "correction": [],
  "info": {
    "essay_id": "ESSAY_35789",
    "essay_prompt": " 익숙함에 속아 소중함을 잊지 말자는 명언 (Do not get fooled by something familiar and forget what is priceless.)이 있습니다.\n\n 부모님께서 매일 해주시는 아침밥이나, 너무 친해서 매일 맛있는 간식을 사주는 친구 등 처음에는 매우 감사했지만 반복되는 호의에 우리는 소중함을 잊어가기도 합니다.\n\n 작은 소중함일지라도 그 소중함을 잃게 되면 호의를 베푸는 사람 입장에서는 매우 당황스럽고 기분이 나쁠 수 있어요.\n\n 여러분은 익숙함에 속아 소중함을 잊었던 사례와 그로 인해 상대방의 기분을 나쁘게 했던 경험이 있나요? 만약 있다면 관계를 회복하기 위해 어떤 노력을 하셨나요? 본인의 경험을 작성해주세요.\n\n 만약 그런 적이 없다면 주변의 이야기나 본인에게 소중함을 주는 사람들에 관해 설명해주세요.",
    "essay_type": "글짓기",
    "essay_level": "2",
    "essay_len": 665,
    "essay_main_subject": "소중함을 잃었던 경험"
  }
}