{
  "paragraph": [
    {
      "paragraph_txt": "성공의 의미는 무엇인가.#@문장구분# 돈이 인생에서 중요하고 학벌도 다 중요하게 여겨진다.#@문장구분# 이런 것들이 소중한 것이다.#@문장구분# 그런데 이것이 정말 소중한 것인가.#@문장구분# 내가 보기에 한국에서의 성공이란 우수한 학업성적, 명문대 진학, 대기업 입사, 특정 지역 아파트 거주, 결혼, 자녀 출산과 같은 아주 옹색한 표준을 따르게 되어 있다.#@문장구분# 수많은 사람에게 이런 것들이 필수로 제시되지만 우리 자신이 아닌 사회의 요구라는 점에서 슬프게도 진정성이 결여돼 있으며 모두가 이걸 다 성취하기란 산술적으로 불가능하다.#@문장구분# 스카이(SKY) 대학 입학 정원, 대기업 채용 인원은 한정돼 있고 아파트 가격과 자녀 양육비는 어마어마하다.#@문장구분# 그래서 이 극한경쟁에 뛰어든 대부분의 사람들에게 불행한 결과는 필연적이다.#@문장구분# 수석 바이올린 주자건 백만장자건 무엇인가가 '반드시 되어야 한다'고 스스로에게 말하는 순간, 자진해서 자신을 궁지에 몰아넣는 셈이다.#@문장구분# 상황을, 그리고 자기 자신을 있는 그대로 받아들이기란 무척 어렵다.#@문장구분# 하지만 건강한 정신을 지키고 싶다면 그래야 한다. 현재를 '반드시'보다 중시해야 한다#@문장구분#. 그렇다고 자신감을 버려야 한다거나 노력하지 말아야 한다는 말은 아니다.#@문장구분# 수동적이어서도 안 된다.#@문장구분# 삶에 만족하려면 온 마음과 열정을 바칠 만한 것들을 찾아 전력을 기울여야 한다.#@문장구분# 다만 \"결과는 내가 통제할 수 있는 게 아니야. 그냥 최선을 다하고 좋은 결과가 있길 바랄 뿐이지\"라고 말할 수 있어야 한다.#@문장구분# 그런것들을 이루지 못하면 나는 소중함을 잃어버리는 것인가.#@문장구분# 성공을 못하면 소중함을 얻지 못하는 것인가.#@문장구분# 우리나라에서는 소중함의 정의가 편파적이고 이런 것을 잃는것데 대한 평가도 자유롭지 못하다.#@문장구분#",
      "paragraph_len": 1172,
      "paragraph_id": "001"
    }
  ],
  "score": {
    "paragraph_score": [
      {
        "paragraph_scoreT": [
          3,
          2.5,
          3
        ],
        "paragraph_scoreT_detail": {
          "paragraph_scoreT_exp": [
            [
              3,
              3,
              3
            ],
            [
              2,
              3,
              2
            ],
            [
              3,
              3,
              3
            ]
          ]
        },
        "paragraph_scoreT_avg": 2.8333333,
        "paragraph_id": "001"
      }
    ],
    "essay_scoreT": [
      30,
      22.222221,
      22
    ],
    "essay_scoreT_avg": 24.74074,
    "essay_scoreT_detail": {
      "essay_scoreT_org": [
        [
          3,
          3,
          3,
          3
        ],
        [
          2,
          2,
          2,
          3
        ],
        [
          3,
          3,
          3,
          3
        ]
      ],
      "essay_scoreT_cont": [
        [
          3,
          3,
          0,
          3
        ],
        [
          2,
          2,
          0,
          2
        ],
        [
          1,
          1,
          0,
          1
        ]
      ],
      "essay_scoreT_exp": [
        [
          3,
          3,
          3
        ],
        [
          2,
          3,
          2
        ],
        [
          3,
          3,
          3
        ]
      ]
    }
  },
  "student": {
    "date": "2021.12.16",
    "student_educated": true,
    "student_grade": "고등_1학년",
    "location": "063",
    "student_grade_group": "고등",
    "student_reading": 2
  },
  "rubric": {
    "essay_grade": "고등_1학년",
    "organization_weight": {
      "org_paragraph": 2,
      "org": 2,
      "org_essay": 4,
      "org_coherence": 2,
      "org_quantity": 1
    },
    "essay_type": "글짓기",
    "content_weight": {
      "con_clearance": 4,
      "con_novelty": 3,
      "con": 4,
      "con_prompt": 0,
      "con_description": 1
    },
    "essay_main_subject": "소중함을 잃었던 경험",
    "expression_weight": {
      "exp_style": 1,
      "exp_grammar": 2,
      "exp_vocab": 3,
      "exp": 4
    }
  },
  "correction": [],
  "info": {
    "essay_id": "ESSAY_65824",
    "essay_prompt": " 익숙함에 속아 소중함을 잊지 말자는 명언 (Do not get fooled by something familiar and forget what is priceless.)이 있습니다.\n\n 부모님께서 매일 해주시는 아침밥이나, 너무 친해서 매일 맛있는 간식을 사주는 친구 등 처음에는 매우 감사했지만 반복되는 호의에 우리는 소중함을 잊어가기도 합니다.\n\n 작은 소중함일지라도 그 소중함을 잃게 되면 호의를 베푸는 사람 입장에서는 매우 당황스럽고 기분이 나쁠 수 있어요.\n\n 여러분은 익숙함에 속아 소중함을 잊었던 사례와 그로 인해 상대방의 기분을 나쁘게 했던 경험이 있나요? 만약 있다면 관계를 회복하기 위해 어떤 노력을 하셨나요? 본인의 경험을 작성해주세요.\n\n 만약 그런 적이 없다면 주변의 이야기나 본인에게 소중함을 주는 사람들에 관해 설명해주세요.",
    "essay_type": "글짓기",
    "essay_level": "2",
    "essay_len": 815,
    "essay_main_subject": "소중함을 잃었던 경험"
  }
}