{
  "paragraph": [
    {
      "paragraph_txt": "소중한 친구가 있었는데 최근에 이사를 오면서 멀어졌다. #@문장구분#그친구는 정말 아낌없이 주는 친구였다.#@문장구분# 좋은게 생기거나 보거나 알게되면 항상 나와 공유하려고 했다.#@문장구분# 맛있는건 가져와서 먹어보라고 하고 재미있는건 카톡으로 보내주거나 소개 해주고 좋은 책을 읽으면 내게 읽어보라며 줄거리를 이야기해주곤 했다.#@문장구분# 이친구는 내 생일이 되면 항상 이벤트를 준비해서 축하를 해줬다. #@문장구분#그런데 친구의 잘해주는것에 나는 그리 고마워하지 않았던거 같다.#@문장구분# 나는 처음엔 이친구가 그렇게 좋진 않았다.#@문장구분# 내게 유독 잘해주는것도 본인이 좋아서지 나와 잘통해서가 아니라고 생각했다.#@문장구분# 이친구는 내게 삐지지도 않고 늘 내게 긍적적인 대답만을 해주던 친구였다.#@문장구분# 그러다 이사를 오면서 내가 친구를 잘 못챙긴것같다.#@문장구분# 새로운 환경에 적응을 해야했고 내가 너무 바쁘다는 핑계로 친구와 연락을 귀찮아했다.#@문장구분#그런데 이 친구의 소중함을 알게되는 순간이 있었다.#@문장구분# 내가 한 대회에 나가게 됐는데 좋은 성적을 거두지 못하고 순위밖의 성적으로 돌아온 날이였다.#@문장구분# 나는 그친구에게 전화하고 싶었다.#@문장구분# 왜냐면 내게 이런순간이 있을때마다 항상 나를 칭찬하고 위로하고 다시 힘을 얻을수있게 응원해줬던 친구였기 때문이다.#@문장구분# 새삼 이 친구가 내옆에서 많은 힘이 되어주고 있었구나 하는 생각이 들자 고맙기도 하고 그만큼 내가 알아주지도 못하고 챙겨주지 못해서 미안했다.#@문장구분#",
      "paragraph_len": 982,
      "paragraph_id": "001"
    }
  ],
  "score": {
    "paragraph_score": [
      {
        "paragraph_scoreT": [
          3,
          3,
          2.8333333
        ],
        "paragraph_scoreT_detail": {
          "paragraph_scoreT_exp": [
            [
              3,
              3,
              3
            ],
            [
              3,
              3,
              3
            ],
            [
              3,
              3,
              2
            ]
          ]
        },
        "paragraph_scoreT_avg": 2.9444444,
        "paragraph_id": "001"
      }
    ],
    "essay_scoreT": [
      30,
      28.88889,
      24.944445
    ],
    "essay_scoreT_avg": 27.944445,
    "essay_scoreT_detail": {
      "essay_scoreT_org": [
        [
          3,
          3,
          3,
          3
        ],
        [
          2,
          3,
          3,
          2
        ],
        [
          2,
          3,
          3,
          3
        ]
      ],
      "essay_scoreT_cont": [
        [
          3,
          3,
          0,
          3
        ],
        [
          3,
          3,
          0,
          3
        ],
        [
          2,
          2,
          0,
          3
        ]
      ],
      "essay_scoreT_exp": [
        [
          3,
          3,
          3
        ],
        [
          3,
          3,
          3
        ],
        [
          3,
          3,
          2
        ]
      ]
    }
  },
  "student": {
    "date": "2021.12.16",
    "student_educated": true,
    "student_grade": "고등_1학년",
    "location": "053",
    "student_grade_group": "고등",
    "student_reading": 2
  },
  "rubric": {
    "essay_grade": "고등_1학년",
    "organization_weight": {
      "org_paragraph": 2,
      "org": 2,
      "org_essay": 4,
      "org_coherence": 2,
      "org_quantity": 1
    },
    "essay_type": "글짓기",
    "content_weight": {
      "con_clearance": 4,
      "con_novelty": 3,
      "con": 4,
      "con_prompt": 0,
      "con_description": 1
    },
    "essay_main_subject": "소중함을 잃었던 경험",
    "expression_weight": {
      "exp_style": 1,
      "exp_grammar": 2,
      "exp_vocab": 3,
      "exp": 4
    }
  },
  "correction": [],
  "info": {
    "essay_id": "ESSAY_65669",
    "essay_prompt": " 익숙함에 속아 소중함을 잊지 말자는 명언 (Do not get fooled by something familiar and forget what is priceless.)이 있습니다.\n\n 부모님께서 매일 해주시는 아침밥이나, 너무 친해서 매일 맛있는 간식을 사주는 친구 등 처음에는 매우 감사했지만 반복되는 호의에 우리는 소중함을 잊어가기도 합니다.\n\n 작은 소중함일지라도 그 소중함을 잃게 되면 호의를 베푸는 사람 입장에서는 매우 당황스럽고 기분이 나쁠 수 있어요.\n\n 여러분은 익숙함에 속아 소중함을 잊었던 사례와 그로 인해 상대방의 기분을 나쁘게 했던 경험이 있나요? 만약 있다면 관계를 회복하기 위해 어떤 노력을 하셨나요? 본인의 경험을 작성해주세요.\n\n 만약 그런 적이 없다면 주변의 이야기나 본인에게 소중함을 주는 사람들에 관해 설명해주세요.",
    "essay_type": "글짓기",
    "essay_level": "2",
    "essay_len": 664,
    "essay_main_subject": "소중함을 잃었던 경험"
  }
}