{
  "paragraph": [
    {
      "paragraph_txt": "부모님께서 나에게 해주는 일들을 당연하게 여기고 사소한 일에 짜증을 내서 부모님과 관계가 틀어질 뻔 했다.#@문장구분# 또, 친구와의 관계에서 친구가 항상 내 곁에 있었기에 그 친구가 내 곁에 있는게 익숙해져서 친구에게 함부로 대하다가 그 친구의 기분을 상하게 하였고, 그로 인해 사이가 안좋아질뻔 했다.#@문장구분# 다른 사람과의 인간관계에서 그 사람과 함께 있는 것이 익숙해지면서 나의 행동이나 그 사람을 대하는 태도가 변할때마다 인간관계에 위기가 오게 되었다.#@문장구분# 이런 일 때문에 관계가 안좋아지면 나는 그 사람과 얘기를 나누며 나의 어떤 행동이 잘못되었는지 성찰하고 스스로 반성하며 나의 말과 행동을 더 조심하고 사과하면서 관계를 회복하려 노력했고, 다행히 부모님과 친구들이 받아줘서 관계를 회복할 수 있었다.#@문장구분#\n익숙함에 속아 소중함을 잃는다는 것은 정말 무서운 것 같다. #@문장구분#그 사람이 나에게 익숙해졌다는 것은 나에게 있어서 정말 소중하고 편한 사람이 되었다는 것인데 이런 감정 때문에 나에게 소중한 사람을 함부로 대하면서 관계가 틀어질 수도 있기 때문이다.#@문장구분# 그렇기에 우리는 '익숙함'이란 감정에 속아 우리에게 정말 소중한 사람을 잃지 않으려 노력해야 하고, 그런 위기에 처했다면 하루빨리 자신의 행동을 돌아보고 반성하면서 그 일을 바로잡고 문제점을 고칠 수 있도록 노력해야 한다.#@문장구분# 앞으로 이 계기를 통해 나에게 소중한 사람들에게 소중함을 받기만 하는 사람이 아닌 내가 받은 소중함을 남들에게 나눌줄 아는 사람이 되도록 노력하겠다.#@문장구분#",
      "paragraph_len": 891,
      "paragraph_id": "001"
    }
  ],
  "score": {
    "paragraph_score": [
      {
        "paragraph_scoreT": [
          3,
          3,
          3
        ],
        "paragraph_scoreT_detail": {
          "paragraph_scoreT_exp": [
            [
              3,
              3,
              3
            ],
            [
              3,
              3,
              3
            ],
            [
              3,
              3,
              3
            ]
          ]
        },
        "paragraph_scoreT_avg": 3,
        "paragraph_id": "001"
      }
    ],
    "essay_scoreT": [
      30,
      28.277779,
      27.61111
    ],
    "essay_scoreT_avg": 28.62963,
    "essay_scoreT_detail": {
      "essay_scoreT_org": [
        [
          3,
          3,
          3,
          3
        ],
        [
          3,
          3,
          3,
          2
        ],
        [
          2,
          3,
          3,
          3
        ]
      ],
      "essay_scoreT_cont": [
        [
          3,
          3,
          0,
          3
        ],
        [
          3,
          2,
          0,
          3
        ],
        [
          3,
          2,
          0,
          3
        ]
      ],
      "essay_scoreT_exp": [
        [
          3,
          3,
          3
        ],
        [
          3,
          3,
          3
        ],
        [
          3,
          3,
          3
        ]
      ]
    }
  },
  "student": {
    "date": "2021.11.30",
    "student_educated": true,
    "student_grade": "고등_1학년",
    "location": "041",
    "student_grade_group": "고등",
    "student_reading": 2
  },
  "rubric": {
    "essay_grade": "고등_1학년",
    "organization_weight": {
      "org_paragraph": 2,
      "org": 2,
      "org_essay": 4,
      "org_coherence": 2,
      "org_quantity": 1
    },
    "essay_type": "글짓기",
    "content_weight": {
      "con_clearance": 4,
      "con_novelty": 3,
      "con": 4,
      "con_prompt": 0,
      "con_description": 1
    },
    "essay_main_subject": "소중함을 잃었던 경험",
    "expression_weight": {
      "exp_style": 1,
      "exp_grammar": 2,
      "exp_vocab": 3,
      "exp": 4
    }
  },
  "correction": [],
  "info": {
    "essay_id": "ESSAY_66804",
    "essay_prompt": " 익숙함에 속아 소중함을 잊지 말자는 명언 (Do not get fooled by something familiar and forget what is priceless.)이 있습니다.\n\n 부모님께서 매일 해주시는 아침밥이나, 너무 친해서 매일 맛있는 간식을 사주는 친구 등 처음에는 매우 감사했지만 반복되는 호의에 우리는 소중함을 잊어가기도 합니다.\n\n 작은 소중함일지라도 그 소중함을 잃게 되면 호의를 베푸는 사람 입장에서는 매우 당황스럽고 기분이 나쁠 수 있어요.\n\n 여러분은 익숙함에 속아 소중함을 잊었던 사례와 그로 인해 상대방의 기분을 나쁘게 했던 경험이 있나요? 만약 있다면 관계를 회복하기 위해 어떤 노력을 하셨나요? 본인의 경험을 작성해주세요.\n\n 만약 그런 적이 없다면 주변의 이야기나 본인에게 소중함을 주는 사람들에 관해 설명해주세요.",
    "essay_type": "글짓기",
    "essay_level": "2",
    "essay_len": 732,
    "essay_main_subject": "소중함을 잃었던 경험"
  }
}