{
  "paragraph": [
    {
      "paragraph_txt": "소중한 것이 있으면 소중한 것을 먼저하라고 조언한다.#@문장구분# 그런데 사람들은 자신에게 정말 소중한 것들이 무엇이 있으며 그러한 것들의 우선순위를 정하지 못한다.#@문장구분# 왜냐하면 소중한 것들이 무엇인지를 평소에 잘 생각하지 않기 때문이다.#@문장구분# 소중한 것을 먼저하라의 정의는 무엇인가.#@문장구분# 그것은 바로 개인적으로 중요하고 가치있는 것을 먼저 하는 것을 먼저 하라는 이야기이다.#@문장구분# 지금이 나의이야기는 삶의 무게 중심에 대한 이야기이다.#@문장구분# 주도적 인간이 되어 사명을 발견해 내어 나갈 때 한 쪽으로 치우쳐 궤도를 이탈하지 않을 수 있는 비법이 여기 있다.#@문장구분#  그 비법이란 소중한 것, 즉 \"개인적으로 중요하고 가치 있는 것\"을 먼저하는 것이다.#@문장구분# 사명을 발견해 내는 것이 여정에 필요한 준비물을 준비 하는 것이라면, 이번 파트의 내용은 사명이라는 나침반을 가지고 실제로 발을 내딛어 길을 떠나는 것과 같다.#@문장구분# 다시 말하면, 발견해 낸 사명(가치)을 가지고 실제 삶에서 일의 우선순위를 정하는 것이다.#@문장구분# 즉 종교적으로 \"너희는 먼저 그의 나라와 그의 의를 구하라 그리하면 이 모든 것을 너희에게 더하시리라\"라는 예수님의 말씀에 부합된다.#@문장구분# 오래전 이와 관련된 퍼포먼스를 본 적이 있다.#@문장구분# 설교를 하던 설교자가 준비된 통에 부피가 작은 것들을 먼저 넣은 후 부피가 큰 것을 넣으려 하였다.#@문장구분# 생각보다 적은 양 밖에 넣을 수 없었다.#@문장구분# 그러나 그 반대로 하자 부피가 작은 것들이 부피가 큰 것들 사이사이의 공간을 메우면서 이전 보다 더 많은 양을 넣을 수 있었다.#@문장구분# 우선순위를 정해놓으면 우리는 보다 많은 것들을 감당할 수 있다.#@문장구분# 그리고 그 우선순위를 정하는 기준은 '가치'가 되어야 한다.#@문장구분#",
      "paragraph_len": 1144,
      "paragraph_id": "001"
    }
  ],
  "score": {
    "paragraph_score": [
      {
        "paragraph_scoreT": [
          3,
          2.5,
          2.6666667
        ],
        "paragraph_scoreT_detail": {
          "paragraph_scoreT_exp": [
            [
              3,
              3,
              3
            ],
            [
              2,
              3,
              2
            ],
            [
              2,
              3,
              3
            ]
          ]
        },
        "paragraph_scoreT_avg": 2.7222223,
        "paragraph_id": "001"
      }
    ],
    "essay_scoreT": [
      30,
      26.5,
      26.666668
    ],
    "essay_scoreT_avg": 27.722223,
    "essay_scoreT_detail": {
      "essay_scoreT_org": [
        [
          3,
          3,
          3,
          3
        ],
        [
          3,
          3,
          3,
          3
        ],
        [
          3,
          3,
          3,
          3
        ]
      ],
      "essay_scoreT_cont": [
        [
          3,
          3,
          0,
          3
        ],
        [
          3,
          2,
          0,
          3
        ],
        [
          2,
          3,
          0,
          3
        ]
      ],
      "essay_scoreT_exp": [
        [
          3,
          3,
          3
        ],
        [
          2,
          3,
          2
        ],
        [
          2,
          3,
          3
        ]
      ]
    }
  },
  "student": {
    "date": "2021.12.17",
    "student_educated": true,
    "student_grade": "고등_1학년",
    "location": "041",
    "student_grade_group": "고등",
    "student_reading": 1
  },
  "rubric": {
    "essay_grade": "고등_1학년",
    "organization_weight": {
      "org_paragraph": 2,
      "org": 2,
      "org_essay": 4,
      "org_coherence": 2,
      "org_quantity": 1
    },
    "essay_type": "글짓기",
    "content_weight": {
      "con_clearance": 4,
      "con_novelty": 3,
      "con": 4,
      "con_prompt": 0,
      "con_description": 1
    },
    "essay_main_subject": "소중함을 잃었던 경험",
    "expression_weight": {
      "exp_style": 1,
      "exp_grammar": 2,
      "exp_vocab": 3,
      "exp": 4
    }
  },
  "correction": [],
  "info": {
    "essay_id": "ESSAY_71969",
    "essay_prompt": " 익숙함에 속아 소중함을 잊지 말자는 명언 (Do not get fooled by something familiar and forget what is priceless.)이 있습니다.\n\n 부모님께서 매일 해주시는 아침밥이나, 너무 친해서 매일 맛있는 간식을 사주는 친구 등 처음에는 매우 감사했지만 반복되는 호의에 우리는 소중함을 잊어가기도 합니다.\n\n 작은 소중함일지라도 그 소중함을 잃게 되면 호의를 베푸는 사람 입장에서는 매우 당황스럽고 기분이 나쁠 수 있어요.\n\n 여러분은 익숙함에 속아 소중함을 잊었던 사례와 그로 인해 상대방의 기분을 나쁘게 했던 경험이 있나요? 만약 있다면 관계를 회복하기 위해 어떤 노력을 하셨나요? 본인의 경험을 작성해주세요.\n\n 만약 그런 적이 없다면 주변의 이야기나 본인에게 소중함을 주는 사람들에 관해 설명해주세요.",
    "essay_type": "글짓기",
    "essay_level": "2",
    "essay_len": 805,
    "essay_main_subject": "소중함을 잃었던 경험"
  }
}