{
  "paragraph": [
    {
      "paragraph_txt": "인생에서 가장 소중한 것을 잃는 경험보다 더 슬픈 것은 없다.#@문장구분# 미국의 심장부를 강타한 9.11 사건의 피해자들이 마지막 순간에 남긴 메시지는 사업이나 회사의 프로젝트 이야기가 아니었다.#@문장구분# 그런말은 한마디도 없었다. 인생의 마지막 순간에 그들이 남긴 메시지는 하나같이 가족에게 남긴 사랑의 고백이었다.#@문장구분# \"여보, 난 당신을 사랑했어.#@문장구분# 당신을 다시 봤으면 좋겠어 부디 애들하고 행복하게 살아.\"#@문장구분# 많은 사람들이 일에 치여 가족도 잊은 듯 바쁘게 살아가지만, 목숨이 1분도 채 남아 있지 않았을 때는 결국 가족을 찾는다는 것이다.#@문장구분# 어머니, 아버지, 여보, 애들아, 그렇다, 인생의 가장 본질적인 보람은 일이나 성공이 아니라 가족이다.#@문장구분# 우리가 하는 일들이 아무리 소중하고 가치가 있어도 가족보다 더 중요한 것은 없다.#@문장구분# 사람은 부족하기 마련이고, 부족한 면이 쉬이 발견되기 일쑤지만, 부부는 그것을 원망하거나 트집을 잡는 것이 아니라 그 부족함이 있기에 오늘 내가 그 사람 옆에 있는 것이다.#@문장구분# 그것이 바로 내가 그 사람 곁에 존재하는 이유이다.#@문장구분# 그러므로 부부는 상대의 가슴에서 그 무엇을 캐내는 광산이 아니라 오히려 상대의 가슴에 내 사랑을 저축하고, 행복을 저축하는 사랑은행 이어야 한다.#@문장구분# 소설가 신달자씨가 어느 라디오대담에서 이런 말을 했다.#@문장구분# 9년간의 시부모 병수발과 24년 남편 병수발을 했고 끝내 남편은 그렇게 죽었다.#@문장구분# 일생 도움이 되지 않는 남편인 줄로만 알았다는 것이다.#@문장구분# 그제야 남편의 존재가 자기에게 무엇을 해 주어서가 아니라 그냥 존재함으로 고마운 대상이라는 것이다.#@문장구분# 가족보다 중요한 것은 없는 것 같다.#@문장구분#",
      "paragraph_len": 1106,
      "paragraph_id": "001"
    }
  ],
  "score": {
    "paragraph_score": [
      {
        "paragraph_scoreT": [
          3,
          3,
          2.5
        ],
        "paragraph_scoreT_detail": {
          "paragraph_scoreT_exp": [
            [
              3,
              3,
              3
            ],
            [
              3,
              3,
              3
            ],
            [
              2,
              3,
              2
            ]
          ]
        },
        "paragraph_scoreT_avg": 2.8333333,
        "paragraph_id": "001"
      }
    ],
    "essay_scoreT": [
      30,
      27.38889,
      23.166666
    ],
    "essay_scoreT_avg": 26.851852,
    "essay_scoreT_detail": {
      "essay_scoreT_org": [
        [
          3,
          3,
          3,
          3
        ],
        [
          2,
          3,
          3,
          2
        ],
        [
          2,
          3,
          2,
          3
        ]
      ],
      "essay_scoreT_cont": [
        [
          3,
          3,
          0,
          3
        ],
        [
          3,
          2,
          0,
          3
        ],
        [
          2,
          2,
          0,
          3
        ]
      ],
      "essay_scoreT_exp": [
        [
          3,
          3,
          3
        ],
        [
          3,
          3,
          3
        ],
        [
          2,
          3,
          2
        ]
      ]
    }
  },
  "student": {
    "date": "2021.12.13",
    "student_educated": true,
    "student_grade": "고등_1학년",
    "location": "063",
    "student_grade_group": "고등",
    "student_reading": 1
  },
  "rubric": {
    "essay_grade": "고등_1학년",
    "organization_weight": {
      "org_paragraph": 2,
      "org": 2,
      "org_essay": 4,
      "org_coherence": 2,
      "org_quantity": 1
    },
    "essay_type": "글짓기",
    "content_weight": {
      "con_clearance": 4,
      "con_novelty": 3,
      "con": 4,
      "con_prompt": 0,
      "con_description": 1
    },
    "essay_main_subject": "소중함을 잃었던 경험",
    "expression_weight": {
      "exp_style": 1,
      "exp_grammar": 2,
      "exp_vocab": 3,
      "exp": 4
    }
  },
  "correction": [],
  "info": {
    "essay_id": "ESSAY_65856",
    "essay_prompt": " 익숙함에 속아 소중함을 잊지 말자는 명언 (Do not get fooled by something familiar and forget what is priceless.)이 있습니다.\n\n 부모님께서 매일 해주시는 아침밥이나, 너무 친해서 매일 맛있는 간식을 사주는 친구 등 처음에는 매우 감사했지만 반복되는 호의에 우리는 소중함을 잊어가기도 합니다.\n\n 작은 소중함일지라도 그 소중함을 잃게 되면 호의를 베푸는 사람 입장에서는 매우 당황스럽고 기분이 나쁠 수 있어요.\n\n 여러분은 익숙함에 속아 소중함을 잊었던 사례와 그로 인해 상대방의 기분을 나쁘게 했던 경험이 있나요? 만약 있다면 관계를 회복하기 위해 어떤 노력을 하셨나요? 본인의 경험을 작성해주세요.\n\n 만약 그런 적이 없다면 주변의 이야기나 본인에게 소중함을 주는 사람들에 관해 설명해주세요.",
    "essay_type": "글짓기",
    "essay_level": "2",
    "essay_len": 786,
    "essay_main_subject": "소중함을 잃었던 경험"
  }
}