{
  "paragraph": [
    {
      "paragraph_txt": "초등학교때 친한 친구가 있었다.#@문장구분# 엄마도 걔네 엄마와 친하게 지내셨다.#@문장구분# 걔네 집에서 커피도 마시고 놀러도 가시고 힘들었던일 취미생활,즐거웠던일을 얘기하며 가깝게 지내셨다.#@문장구분# 내가 그친구를 좋아했기 때문에 우리는 가족끼리 한강으로 놀러도 자주 갔다.#@문장구분# 축구도하고 배드민턴도 했다.#@문장구분# 그렇게 또 시간이 지나고 엄마와 친구엄마는 나와 친구보다 더 가까워지셨다.#@문장구분# 그런데 우리가 이사오고 만남이 뜸해졌고 전화통화만 가끔씩하셨다.#@문장구분# 그래도 가깝게 지냈던 사람으로 소중한 인연이라고 생각했다고 한다.#@문장구분# 그렇게 시간이 한참 지났는데 어느날 갑자기 전화해서 엄마보고 우리동네 롯데마트에서 알바하고 싶으니 가서 알아보라고 했다한다.#@문장구분# 그것도 본인은 다른아줌마들 만나고 있는중에 전화해서 엄마를 심부름꾼으로 생각하는 기분이 들어서 기분이 상했다고 했다.#@문장구분# 몇일 곰곰히 생각하다가 너무 기분이 나빠 엄마가 그친구엄마에게 전화해서 직접알아보라고 바쁘다고 했다한다.#@문장구분# 그아줌마도 기분이 나빴을것같다.#@문장구분# 그런데 처음에 알아봐달라고 부탁을해야지 알아보라고 명령한 그아줌마가 나쁜거 같다.#@문장구분# 너무 친해서 예절도 지키지 않았던걸까?#@문장구분# 이렇게 서로 오해가 생기면서 멀어졌다고 한다.#@문장구분# 소중한 사람끼리는 항상 오해가 생기지 않도록 많은 대화를 해야한다.#@문장구분# 그아줌마가 명령했더라도 그게 기분나빴었다고 엄마도 대화로 풀었으면 오해가 생기지는 않았을 것이다.#@문장구분# 소중한 인연을 만드는데도 많은 노력이 필요한거 같다.#@문장구분#",
      "paragraph_len": 1057,
      "paragraph_id": "001"
    }
  ],
  "score": {
    "paragraph_score": [
      {
        "paragraph_scoreT": [
          3,
          2.8333333,
          2.5
        ],
        "paragraph_scoreT_detail": {
          "paragraph_scoreT_exp": [
            [
              3,
              3,
              3
            ],
            [
              3,
              3,
              2
            ],
            [
              2,
              3,
              2
            ]
          ]
        },
        "paragraph_scoreT_avg": 2.7777777,
        "paragraph_id": "001"
      }
    ],
    "essay_scoreT": [
      30,
      26.722221,
      23.166666
    ],
    "essay_scoreT_avg": 26.62963,
    "essay_scoreT_detail": {
      "essay_scoreT_org": [
        [
          3,
          3,
          3,
          3
        ],
        [
          2,
          3,
          3,
          2
        ],
        [
          2,
          3,
          2,
          3
        ]
      ],
      "essay_scoreT_cont": [
        [
          3,
          3,
          0,
          3
        ],
        [
          3,
          2,
          0,
          3
        ],
        [
          2,
          2,
          0,
          3
        ]
      ],
      "essay_scoreT_exp": [
        [
          3,
          3,
          3
        ],
        [
          3,
          3,
          2
        ],
        [
          2,
          3,
          2
        ]
      ]
    }
  },
  "student": {
    "date": "2021.12.15",
    "student_educated": true,
    "student_grade": "고등_1학년",
    "location": "063",
    "student_grade_group": "고등",
    "student_reading": 1
  },
  "rubric": {
    "essay_grade": "고등_1학년",
    "organization_weight": {
      "org_paragraph": 2,
      "org": 2,
      "org_essay": 4,
      "org_coherence": 2,
      "org_quantity": 1
    },
    "essay_type": "글짓기",
    "content_weight": {
      "con_clearance": 4,
      "con_novelty": 3,
      "con": 4,
      "con_prompt": 0,
      "con_description": 1
    },
    "essay_main_subject": "소중함을 잃었던 경험",
    "expression_weight": {
      "exp_style": 1,
      "exp_grammar": 2,
      "exp_vocab": 3,
      "exp": 4
    }
  },
  "correction": [],
  "info": {
    "essay_id": "ESSAY_65851",
    "essay_prompt": " 익숙함에 속아 소중함을 잊지 말자는 명언 (Do not get fooled by something familiar and forget what is priceless.)이 있습니다.\n\n 부모님께서 매일 해주시는 아침밥이나, 너무 친해서 매일 맛있는 간식을 사주는 친구 등 처음에는 매우 감사했지만 반복되는 호의에 우리는 소중함을 잊어가기도 합니다.\n\n 작은 소중함일지라도 그 소중함을 잃게 되면 호의를 베푸는 사람 입장에서는 매우 당황스럽고 기분이 나쁠 수 있어요.\n\n 여러분은 익숙함에 속아 소중함을 잊었던 사례와 그로 인해 상대방의 기분을 나쁘게 했던 경험이 있나요? 만약 있다면 관계를 회복하기 위해 어떤 노력을 하셨나요? 본인의 경험을 작성해주세요.\n\n 만약 그런 적이 없다면 주변의 이야기나 본인에게 소중함을 주는 사람들에 관해 설명해주세요.",
    "essay_type": "글짓기",
    "essay_level": "2",
    "essay_len": 698,
    "essay_main_subject": "소중함을 잃었던 경험"
  }
}