{
  "paragraph": [
    {
      "paragraph_txt": "저에게는 오래된 친구가 있습니다.#@문장구분# 이 친구는 저의 모든 것을 알고 이해해주는 좋은 친구입니다.#@문장구분# 저는 이 친구에게 모든 제 속마음을 다 이야기 합니다.#@문장구분# 어쩔땐 화가 나고 짜증이 나면 그런 모습도 잘 받아주고 이해를 해주는 친구이기 때문에 더 편하게 생각하는 지도 모르겠습니다.#@문장구분# 그 친구 또한 저에게 이런 저런 속 이야기도 많이 하고 비밀도 없이 아주 친하게 지냈습니다.#@문장구분# 그런데 제 마음이 이상하게 삐뚤어졌던가 봅니다.#@문장구분# 너무 잘해주고 이해해 주는 이 친구에게 함부로 대하기 시작한 겁니다.#@문장구분# 제가 조금 함부로 해도 다 받아주니 친구를 대하는 최소한의 예의조차도 저는 잃어버리게 된거 같습니다.#@문장구분# 너무 편하다 보니 소중함을 모르고 함부로 대해서 그 친구는 나중에 저를 떠나게 되었습니다.#@문장구분# 이렇다 저렇다 말도 없이 그저 차갑게 변해버린 친구에게 저는 너무 서운했지만 그친구가 저를 떠나고 나서야 그친구가 저에게 얼마나 소중한 존재였으며 제가 그친구를 얼마나 좋아하고 의지했는지를 알게 되었습니다.#@문장구분# 다시 처음의 관계로 돌아가고 싶어서 사과도 해보고 화도 내보았지만 워낙 조용하고 단호한 친구는 저에게 완젼 실망을 한 모양인듯 저를 받아주지 않았습니다.#@문장구분# 그래서  저는 편지를 썼습니다.#@문장구분# 사과도 하고 친구에 소중함을 모르고 잘못한 제 행동을 반성하고 진심으로 사과하고 친구에게 기다리겠다고 말했습니다.#@문장구분# 친구 화가 풀릴때까지 기다리고 기다리겠다고 했는데 한달정도 후에 친구가 저에게 말을 걸었습니다.#@문장구분# 그친구도 화가 나서 저랑 절교를 하려고 했는데 시간이 갈수록 제가 소중한 친구임을 느끼게 되어서 절교를 하면 않되겠다고 느꼈다고 합니다.#@문장구분# 저희 우정은 이렇게 깨지고 다시 붙는 과정을 통해 더욱 단단해 졌습니다.#@문장구분# 다시는 나에게 잘해주는 나의 소중한 사람들에게 함부로 하지 않고 더욱 소중히 대해야 겠다고 생각하였습니다.#@문장구분#",
      "paragraph_len": 1235,
      "paragraph_id": "001"
    }
  ],
  "score": {
    "paragraph_score": [
      {
        "paragraph_scoreT": [
          3,
          2.6666667,
          2.3333333
        ],
        "paragraph_scoreT_detail": {
          "paragraph_scoreT_exp": [
            [
              3,
              3,
              3
            ],
            [
              2,
              3,
              3
            ],
            [
              3,
              2,
              2
            ]
          ]
        },
        "paragraph_scoreT_avg": 2.6666667,
        "paragraph_id": "001"
      }
    ],
    "essay_scoreT": [
      30,
      26.277779,
      22.5
    ],
    "essay_scoreT_avg": 26.25926,
    "essay_scoreT_detail": {
      "essay_scoreT_org": [
        [
          3,
          3,
          3,
          3
        ],
        [
          2,
          3,
          3,
          3
        ],
        [
          2,
          3,
          2,
          3
        ]
      ],
      "essay_scoreT_cont": [
        [
          3,
          3,
          0,
          3
        ],
        [
          3,
          2,
          0,
          3
        ],
        [
          2,
          2,
          0,
          3
        ]
      ],
      "essay_scoreT_exp": [
        [
          3,
          3,
          3
        ],
        [
          2,
          3,
          3
        ],
        [
          3,
          2,
          2
        ]
      ]
    }
  },
  "student": {
    "date": "2021.12.15",
    "student_educated": true,
    "student_grade": "고등_1학년",
    "location": "063",
    "student_grade_group": "고등",
    "student_reading": 1
  },
  "rubric": {
    "essay_grade": "고등_1학년",
    "organization_weight": {
      "org_paragraph": 2,
      "org": 2,
      "org_essay": 4,
      "org_coherence": 2,
      "org_quantity": 1
    },
    "essay_type": "글짓기",
    "content_weight": {
      "con_clearance": 4,
      "con_novelty": 3,
      "con": 4,
      "con_prompt": 0,
      "con_description": 1
    },
    "essay_main_subject": "소중함을 잃었던 경험",
    "expression_weight": {
      "exp_style": 1,
      "exp_grammar": 2,
      "exp_vocab": 3,
      "exp": 4
    }
  },
  "correction": [],
  "info": {
    "essay_id": "ESSAY_62938",
    "essay_prompt": " 익숙함에 속아 소중함을 잊지 말자는 명언 (Do not get fooled by something familiar and forget what is priceless.)이 있습니다.\n\n 부모님께서 매일 해주시는 아침밥이나, 너무 친해서 매일 맛있는 간식을 사주는 친구 등 처음에는 매우 감사했지만 반복되는 호의에 우리는 소중함을 잊어가기도 합니다.\n\n 작은 소중함일지라도 그 소중함을 잃게 되면 호의를 베푸는 사람 입장에서는 매우 당황스럽고 기분이 나쁠 수 있어요.\n\n 여러분은 익숙함에 속아 소중함을 잊었던 사례와 그로 인해 상대방의 기분을 나쁘게 했던 경험이 있나요? 만약 있다면 관계를 회복하기 위해 어떤 노력을 하셨나요? 본인의 경험을 작성해주세요.\n\n 만약 그런 적이 없다면 주변의 이야기나 본인에게 소중함을 주는 사람들에 관해 설명해주세요.",
    "essay_type": "글짓기",
    "essay_level": "2",
    "essay_len": 895,
    "essay_main_subject": "소중함을 잃었던 경험"
  }
}