{
  "paragraph": [
    {
      "paragraph_txt": "내게 소중함을 잃은 경험은 바로 아버지가 돌아가신 일이다.#@문장구분#  무뚝뚝하신 부모님 밑에서 자랐기 때문에 부모님이 계시지 않고도 혼자 잘살수있다고 생각했다.#@문장구분# 그런데 작년에 아버지가 암으로 돌아가셨다.#@문장구분# 처음에는 실감이 나지 않았고 아버지가 살아계실때처럼 똑같은 일상을 살아가고 있었다.#@문장구분# 그런데 몇 개월후부터 아버지의 부재가 생활속에서 느껴지기 시작했다.#@문장구분# 집에가는길에 붕어빵을 파는 가게앞에서 이전같으면 아버지 드린다고 샀을 붕어빵을 지금은 사도 드실 아버지가 없다는 생각에 슬픈생각이 들었다.#@문장구분# 그리고 예전엔 몰랐는데 아버지랑 비슷한 사람이 티비에 나오면 채널을 돌리지 못하고 계속 보게된다.#@문장구분# 아버지가 그리운가 보다.#@문장구분# 그리고 아버지라는 울타리 만으로도 나는 마음이 든든했었던거 같다.#@문장구분#  아버지가 없다는 사실은 정신적으로 내가 더 어른이 되어야 할 것 같은 뭔가 책임감이 생겼다.#@문장구분# 엄마가 더 신경이 쓰이고 안쓰러운 생각이 들었다.#@문장구분# 괜히 엄마 눈치를 보게된다.#@문장구분# 그리고 엄마가 외로워하지 않게 하기위해 더 살갑해 하려고 노력한다.#@문장구분# 이게 나도 엄마도 어색하긴 한것같다. #@문장구분#하지만 내가 좀 더 노력해야한다고 생각한다.#@문장구분# 무뚝뚝하셔서 그냥 전봇대처럼 옆에 계시는분 같았는데 아버지의 부재는 내게 정신적으로 많은 변화를 가져왔다.#@문장구분# 가끔 아버지 생각에 눈물이 나기도 한다.#@문장구분# 나는 그리 아버지를 좋아한다고 생각하지도 않았는데 말이다.#@문장구분# 계실때는 알지 못했던 소중함을 내가 느끼고 있는 것 같다.#@문장구분# 아쉬운 것들이 있다.#@문장구분# 내가 돈을 많이 벌어서 해외여행 시켜드리고 싶었는데 일찍 돌아가셔서 자식으로써 해드린게 없이 우리 공부만 시키시고 고생만 하시다 돌아가신 것 같아 죄송하다.#@문장구분# 그리고 감사하다 나의 소중한 아버지셨다.#@문장구분#",
      "paragraph_len": 1270,
      "paragraph_id": "001"
    }
  ],
  "score": {
    "paragraph_score": [
      {
        "paragraph_scoreT": [
          3,
          3,
          2.8333333
        ],
        "paragraph_scoreT_detail": {
          "paragraph_scoreT_exp": [
            [
              3,
              3,
              3
            ],
            [
              3,
              3,
              3
            ],
            [
              3,
              3,
              2
            ]
          ]
        },
        "paragraph_scoreT_avg": 2.9444444,
        "paragraph_id": "001"
      }
    ],
    "essay_scoreT": [
      30,
      29.11111,
      27.38889
    ],
    "essay_scoreT_avg": 28.833334,
    "essay_scoreT_detail": {
      "essay_scoreT_org": [
        [
          3,
          3,
          3,
          3
        ],
        [
          2,
          3,
          3,
          3
        ],
        [
          3,
          3,
          2,
          3
        ]
      ],
      "essay_scoreT_cont": [
        [
          3,
          3,
          0,
          3
        ],
        [
          3,
          3,
          0,
          3
        ],
        [
          3,
          2,
          0,
          3
        ]
      ],
      "essay_scoreT_exp": [
        [
          3,
          3,
          3
        ],
        [
          3,
          3,
          3
        ],
        [
          3,
          3,
          2
        ]
      ]
    }
  },
  "student": {
    "date": "2021.12.16",
    "student_educated": true,
    "student_grade": "고등_1학년",
    "location": "053",
    "student_grade_group": "고등",
    "student_reading": 2
  },
  "rubric": {
    "essay_grade": "고등_1학년",
    "organization_weight": {
      "org_paragraph": 2,
      "org": 2,
      "org_essay": 4,
      "org_coherence": 2,
      "org_quantity": 1
    },
    "essay_type": "글짓기",
    "content_weight": {
      "con_clearance": 4,
      "con_novelty": 3,
      "con": 4,
      "con_prompt": 0,
      "con_description": 1
    },
    "essay_main_subject": "소중함을 잃었던 경험",
    "expression_weight": {
      "exp_style": 1,
      "exp_grammar": 2,
      "exp_vocab": 3,
      "exp": 4
    }
  },
  "correction": [],
  "info": {
    "essay_id": "ESSAY_65667",
    "essay_prompt": " 익숙함에 속아 소중함을 잊지 말자는 명언 (Do not get fooled by something familiar and forget what is priceless.)이 있습니다.\n\n 부모님께서 매일 해주시는 아침밥이나, 너무 친해서 매일 맛있는 간식을 사주는 친구 등 처음에는 매우 감사했지만 반복되는 호의에 우리는 소중함을 잊어가기도 합니다.\n\n 작은 소중함일지라도 그 소중함을 잃게 되면 호의를 베푸는 사람 입장에서는 매우 당황스럽고 기분이 나쁠 수 있어요.\n\n 여러분은 익숙함에 속아 소중함을 잊었던 사례와 그로 인해 상대방의 기분을 나쁘게 했던 경험이 있나요? 만약 있다면 관계를 회복하기 위해 어떤 노력을 하셨나요? 본인의 경험을 작성해주세요.\n\n 만약 그런 적이 없다면 주변의 이야기나 본인에게 소중함을 주는 사람들에 관해 설명해주세요.",
    "essay_type": "글짓기",
    "essay_level": "2",
    "essay_len": 831,
    "essay_main_subject": "소중함을 잃었던 경험"
  }
}