{
  "paragraph": [
    {
      "paragraph_txt": "생택쥐페리의 어린 왕자 책의 한 구절인 익숙함에 속아 소중함을 잊지말자 이구절은 연인 혹은 부모자식의 관계에서 당연하게 여겨지는 관계가 끊어졌을때 뒤 늦은 후회를 하지 말라는 의미로 알려져 있다.#@문장구분#내게 제일 기억에 남는 소중함을 잃었던 기억은 아버지의 빈자리 아닐까 생각한다.#@문장구분#우리 아버지는 타지에서 일을하시기 때문에 우리는 현재 같이 살고 있지는 않다.#@문장구분# 그래서 아버지는 전화를 자주 하시는데 나는 가끔 아버지를 귀찮게 여기고, 내기분에 따라 전화를 받았던거 같다.#@문장구분# 너무 전화를 자주 하시니 더 그랬던거 같다.#@문장구분# 매일은 아니였지만 자주 봐왔던 아버지이기에 그렇게 소중함을 느끼고 있지는 않았던거 같다.#@문장구분#  그런데 이번에 좀 멀리 일하러 가시면서 아버지의 빈자리를 많이 느꼈던거 같다.#@문장구분# 일이 많이 바쁘셔서 전화도 많이 못하시고 코로나라는 특수한 상황도 있었기 때문에 한달에 한번 우리를 만나러 오셨다.#@문장구분# 그래서 자주 보던 아버지를 못보니 빈자리가 더 심하게 느껴지는 반면 툴툴거리기도 했다.#@문장구분# 그리고 막상 헤어지고 나면 좀 더 상냥하게 말할껄 하는 후회가 밀려오기도 하고 전화 왔을때 이쁘게 말할걸 하는 후회도 남았다.#@문장구분#  그런 지난 시간들을 매우 반성하는 지금이 되는 것 같다.#@문장구분# 나에게 항상 긍정적인 말로 나를 어루만져주셨던 아버지께서 계시던 자리에 남아있는건 그리움뿐이니 매주 봐왔던 아버지의 빈 자리가 새삼 느껴지는 요즘이다.#@문장구분#  그래서 요즘은 이쁘게 말하고 밝은 모습을 더 보여드리려고 노력중이다.#@문장구분# 부모님이 우리 곁에 있는건 당연한게 아니다.#@문장구분# 그러니 더 소중히 여기고 관계를 이끌어 나가야 한다.#@문장구분#",
      "paragraph_len": 1076,
      "paragraph_id": "001"
    }
  ],
  "score": {
    "paragraph_score": [
      {
        "paragraph_scoreT": [
          3,
          2.1666667,
          3
        ],
        "paragraph_scoreT_detail": {
          "paragraph_scoreT_exp": [
            [
              3,
              3,
              3
            ],
            [
              2,
              2,
              3
            ],
            [
              3,
              3,
              3
            ]
          ]
        },
        "paragraph_scoreT_avg": 2.7222223,
        "paragraph_id": "001"
      }
    ],
    "essay_scoreT": [
      26,
      26.666668,
      28.666666
    ],
    "essay_scoreT_avg": 27.111113,
    "essay_scoreT_detail": {
      "essay_scoreT_org": [
        [
          3,
          3,
          3,
          3
        ],
        [
          3,
          3,
          3,
          3
        ],
        [
          2,
          2,
          3,
          3
        ]
      ],
      "essay_scoreT_cont": [
        [
          2,
          2,
          0,
          2
        ],
        [
          3,
          3,
          0,
          3
        ],
        [
          3,
          3,
          0,
          3
        ]
      ],
      "essay_scoreT_exp": [
        [
          3,
          3,
          3
        ],
        [
          2,
          2,
          3
        ],
        [
          3,
          3,
          3
        ]
      ]
    }
  },
  "student": {
    "date": "2021.12.15",
    "student_educated": true,
    "student_grade": "고등_1학년",
    "location": "063",
    "student_grade_group": "고등",
    "student_reading": 2
  },
  "rubric": {
    "essay_grade": "고등_1학년",
    "organization_weight": {
      "org_paragraph": 2,
      "org": 2,
      "org_essay": 4,
      "org_coherence": 2,
      "org_quantity": 1
    },
    "essay_type": "글짓기",
    "content_weight": {
      "con_clearance": 4,
      "con_novelty": 3,
      "con": 4,
      "con_prompt": 0,
      "con_description": 1
    },
    "essay_main_subject": "소중함을 잃었던 경험",
    "expression_weight": {
      "exp_style": 1,
      "exp_grammar": 2,
      "exp_vocab": 3,
      "exp": 4
    }
  },
  "correction": [],
  "info": {
    "essay_id": "ESSAY_71992",
    "essay_prompt": " 익숙함에 속아 소중함을 잊지 말자는 명언 (Do not get fooled by something familiar and forget what is priceless.)이 있습니다.\n\n 부모님께서 매일 해주시는 아침밥이나, 너무 친해서 매일 맛있는 간식을 사주는 친구 등 처음에는 매우 감사했지만 반복되는 호의에 우리는 소중함을 잊어가기도 합니다.\n\n 작은 소중함일지라도 그 소중함을 잃게 되면 호의를 베푸는 사람 입장에서는 매우 당황스럽고 기분이 나쁠 수 있어요.\n\n 여러분은 익숙함에 속아 소중함을 잊었던 사례와 그로 인해 상대방의 기분을 나쁘게 했던 경험이 있나요? 만약 있다면 관계를 회복하기 위해 어떤 노력을 하셨나요? 본인의 경험을 작성해주세요.\n\n 만약 그런 적이 없다면 주변의 이야기나 본인에게 소중함을 주는 사람들에 관해 설명해주세요.",
    "essay_type": "글짓기",
    "essay_level": "2",
    "essay_len": 777,
    "essay_main_subject": "소중함을 잃었던 경험"
  }
}