{
  "paragraph": [
    {
      "paragraph_txt": "저는 익숙하고 편한 감정에 속아 소중함을 잊었던 사례에 관해서 설명해보겠습니다.#@문장구분# 우리 가족 구성원은 아빠, 엄마, 저, 남동생 이렇게 4명의 구성원으로 이루어져 있습니다.#@문장구분# 저는 첫째이고 막내 남동생이 있는 셈이죠.#@문장구분# 모든 가족이 거의 그렇듯 첫째들은 첫째라서 책임감도 있고 먼저 경험하는 사람이라 부모님께서 다 해주시려고 하지만 부모님께서도 처음이라 당황하시고 힘들어하는 경우가 매우 많습니다.#@문장구분# 하지만 막내는 부모님도 경험이 생기고, 막내다 보니 잘 챙겨주고 아끼고 귀여워 보이는 게 있습니다.#@문장구분# 그렇다 보니 저도 어린 나이에 동생에게 질투했던 거 같습니다.#@문장구분# 괜히 동생이 알려달라는 건 알려주기 싫었고, 동생이 별것도 아닌 부탁을 하면 거절하기 바빴습니다.#@문장구분# 항상 그러다 보니 동생과의 대화도 사라지고 같은 집에 살지만 서로의 안부도 잘 모르는 사이가 돼버렸습니다.#@문장구분# 그러다 동생이 중요한 부탁을 했는데 저는 평소에도 별것도 아닌 거라는 익숙함과 편함에 속아 부탁조차도 듣지 않았고 연락을 안 받았습니다. #@문장구분#그 부탁은 동생이 학교에서 다쳤는데 엄마 아빠가 연락받지 않아 보호자인 저한테 연락이 온 거였습니다.#@문장구분# 저는 그때 알았습니다.#@문장구분# 제가 계속 이렇게 행동했다간 저의 소중한 동생을 잃을 수도 있겠다고 다시는 소중한 동생한테 더 잘하고 챙겨야겠다 생각이 들었습니다.#@문장구분# 저에겐 동생은 하나뿐이고 유일한 가족이기 때문입니다.#@문장구분#",
      "paragraph_len": 936,
      "paragraph_id": "001"
    }
  ],
  "score": {
    "paragraph_score": [
      {
        "paragraph_scoreT": [
          3,
          2.1666667,
          2.6666667
        ],
        "paragraph_scoreT_detail": {
          "paragraph_scoreT_exp": [
            [
              3,
              3,
              3
            ],
            [
              2,
              2,
              3
            ],
            [
              2,
              3,
              3
            ]
          ]
        },
        "paragraph_scoreT_avg": 2.6111114,
        "paragraph_id": "001"
      }
    ],
    "essay_scoreT": [
      30,
      24.666668,
      27.777779
    ],
    "essay_scoreT_avg": 27.481482,
    "essay_scoreT_detail": {
      "essay_scoreT_org": [
        [
          3,
          3,
          3,
          3
        ],
        [
          3,
          3,
          3,
          3
        ],
        [
          2,
          3,
          3,
          3
        ]
      ],
      "essay_scoreT_cont": [
        [
          3,
          3,
          0,
          3
        ],
        [
          2,
          3,
          0,
          3
        ],
        [
          3,
          3,
          0,
          3
        ]
      ],
      "essay_scoreT_exp": [
        [
          3,
          3,
          3
        ],
        [
          2,
          2,
          3
        ],
        [
          2,
          3,
          3
        ]
      ]
    }
  },
  "student": {
    "date": "2021.12.17",
    "student_educated": true,
    "student_grade": "고등_1학년",
    "location": "044",
    "student_grade_group": "고등",
    "student_reading": 1
  },
  "rubric": {
    "essay_grade": "고등_1학년",
    "organization_weight": {
      "org_paragraph": 2,
      "org": 2,
      "org_essay": 4,
      "org_coherence": 2,
      "org_quantity": 1
    },
    "essay_type": "글짓기",
    "content_weight": {
      "con_clearance": 4,
      "con_novelty": 3,
      "con": 4,
      "con_prompt": 0,
      "con_description": 1
    },
    "essay_main_subject": "소중함을 잃었던 경험",
    "expression_weight": {
      "exp_style": 1,
      "exp_grammar": 2,
      "exp_vocab": 3,
      "exp": 4
    }
  },
  "correction": [],
  "info": {
    "essay_id": "ESSAY_66033",
    "essay_prompt": " 익숙함에 속아 소중함을 잊지 말자는 명언 (Do not get fooled by something familiar and forget what is priceless.)이 있습니다.\n\n 부모님께서 매일 해주시는 아침밥이나, 너무 친해서 매일 맛있는 간식을 사주는 친구 등 처음에는 매우 감사했지만 반복되는 호의에 우리는 소중함을 잊어가기도 합니다.\n\n 작은 소중함일지라도 그 소중함을 잃게 되면 호의를 베푸는 사람 입장에서는 매우 당황스럽고 기분이 나쁠 수 있어요.\n\n 여러분은 익숙함에 속아 소중함을 잊었던 사례와 그로 인해 상대방의 기분을 나쁘게 했던 경험이 있나요? 만약 있다면 관계를 회복하기 위해 어떤 노력을 하셨나요? 본인의 경험을 작성해주세요.\n\n 만약 그런 적이 없다면 주변의 이야기나 본인에게 소중함을 주는 사람들에 관해 설명해주세요.",
    "essay_type": "글짓기",
    "essay_level": "2",
    "essay_len": 677,
    "essay_main_subject": "소중함을 잃었던 경험"
  }
}