{
  "paragraph": [
    {
      "paragraph_txt": "제가 익숙해서 소중함을 잊었던 사례는 없어서 못 쓰지만 제가 익숙함에 소중함을 잊혔던 사람으로서 느껴졌던 감정과 마음에 대해서 한번 써보겠습니다.#@문장구분# 저는 성격상 사람들의 부탁을 거절을 잘못하고, 거절을 무조건 해야 하는 부탁도 거절할 줄 모르는 성격입니다.#@문장구분# 그러다 보니 초등학교 때부터 친구였던 정말 오래된 친구가 한 명 있었습니다.#@문장구분# 원래 그 친구가 부탁을 자주 하는 타입이지만 서로 매우 친하다 보니 아무렇지 않게 부탁을 들어줬는데 시간이 가면 갈수록 들어주긴 힘든 부탁도 하기 시작해서 들어주는 처지에서 점점 짜증이 나면서 서운한 감정도 들고, 이 친구는 내가 부탁만 들어주는 사람인가 이런 생각이 들었습니다.#@문장구분# 그래서 저도 참지 못하고 친구에게 화를 냈습니다.#@문장구분# 내가 너 부탁 들어주는 사람이냐고 이럴 거면 친구 하지 말자고 말했죠.#@문장구분# 그렇게 시간이 지나고 친구가 연락도 오고 집도 찾아오고 진심으로 사과하고 싶다고 진심으로 친한 친구를 잃기 싫다고 자신이 너무 친하고 익숙해서 너무 편하게 생각했던 거 같다면서 매우 미안하다고 다시 예전처럼 친한 친구처럼 지내자고 말을 하는데 저도 이 친구가 너무 소중하고 좋아서 사과를 받아주고 지금까지 친하게 지내고 있습니다.#@문장구분# 저도 이런 사례처럼 친구에게 익숙하고 더 친할수록 더 열심히 소중히 대해줘야 하고 사소한 것들도 챙겨줘야 할 거 같습니다.#@문장구분# 앞으로 더 노력해야 한다고 생각이 들었습니다.#@문장구분#",
      "paragraph_len": 870,
      "paragraph_id": "001"
    }
  ],
  "score": {
    "paragraph_score": [
      {
        "paragraph_scoreT": [
          3,
          3,
          2.8333333
        ],
        "paragraph_scoreT_detail": {
          "paragraph_scoreT_exp": [
            [
              3,
              3,
              3
            ],
            [
              3,
              3,
              3
            ],
            [
              3,
              3,
              2
            ]
          ]
        },
        "paragraph_scoreT_avg": 2.9444444,
        "paragraph_id": "001"
      }
    ],
    "essay_scoreT": [
      30,
      28.88889,
      28.61111
    ],
    "essay_scoreT_avg": 29.166666,
    "essay_scoreT_detail": {
      "essay_scoreT_org": [
        [
          3,
          3,
          3,
          3
        ],
        [
          2,
          3,
          3,
          2
        ],
        [
          3,
          3,
          3,
          2
        ]
      ],
      "essay_scoreT_cont": [
        [
          3,
          3,
          0,
          3
        ],
        [
          3,
          3,
          0,
          3
        ],
        [
          3,
          3,
          0,
          2
        ]
      ],
      "essay_scoreT_exp": [
        [
          3,
          3,
          3
        ],
        [
          3,
          3,
          3
        ],
        [
          3,
          3,
          2
        ]
      ]
    }
  },
  "student": {
    "date": "2021.12.16",
    "student_educated": true,
    "student_grade": "고등_1학년",
    "location": "053",
    "student_grade_group": "고등",
    "student_reading": 2
  },
  "rubric": {
    "essay_grade": "고등_1학년",
    "organization_weight": {
      "org_paragraph": 2,
      "org": 2,
      "org_essay": 4,
      "org_coherence": 2,
      "org_quantity": 1
    },
    "essay_type": "글짓기",
    "content_weight": {
      "con_clearance": 4,
      "con_novelty": 3,
      "con": 4,
      "con_prompt": 0,
      "con_description": 1
    },
    "essay_main_subject": "소중함을 잃었던 경험",
    "expression_weight": {
      "exp_style": 1,
      "exp_grammar": 2,
      "exp_vocab": 3,
      "exp": 4
    }
  },
  "correction": [],
  "info": {
    "essay_id": "ESSAY_65666",
    "essay_prompt": " 익숙함에 속아 소중함을 잊지 말자는 명언 (Do not get fooled by something familiar and forget what is priceless.)이 있습니다.\n\n 부모님께서 매일 해주시는 아침밥이나, 너무 친해서 매일 맛있는 간식을 사주는 친구 등 처음에는 매우 감사했지만 반복되는 호의에 우리는 소중함을 잊어가기도 합니다.\n\n 작은 소중함일지라도 그 소중함을 잃게 되면 호의를 베푸는 사람 입장에서는 매우 당황스럽고 기분이 나쁠 수 있어요.\n\n 여러분은 익숙함에 속아 소중함을 잊었던 사례와 그로 인해 상대방의 기분을 나쁘게 했던 경험이 있나요? 만약 있다면 관계를 회복하기 위해 어떤 노력을 하셨나요? 본인의 경험을 작성해주세요.\n\n 만약 그런 적이 없다면 주변의 이야기나 본인에게 소중함을 주는 사람들에 관해 설명해주세요.",
    "essay_type": "글짓기",
    "essay_level": "2",
    "essay_len": 691,
    "essay_main_subject": "소중함을 잃었던 경험"
  }
}