{
  "paragraph": [
    {
      "paragraph_txt": "익숙함에 속아 소중함을 잃지 말라는 명언은 주로 연인 관계에서 많이 봐왔다.#@문장구분# 연인이였는데 헤어졌다는 글이나 연애의 참견같은 프로그램에서 거의 대부분의 상황에서 관통하는 주제는 익숙함에 속아 소중함을 잃지 말자였다.#@문장구분# 대부분이 교제한지 오래되고 사랑이 식고 하다보니 연인에게 소홀해지고 점점 변하는 연인의 모습에서 실망하는 구조이다.#@문장구분# 나도 익숙함에 속아서 소중함을 잃었던 적이 있었다.#@문장구분# 지금까지도 함께 사귀는 여자친구는 현재 3년째 사귀는 중인데 고등학교 들어오면서 소홀하게 대했던 적이 있었다.#@문장구분# 고등학교 들어와서 내신관리 한다 적응한다 바쁘단 핑계로 잘 만나주지도 않고 연락도 잘 안했던 적이 있다.#@문장구분#\n하지만 그건 핑계였을 뿐이다 언제나 생각해보면 잠깐 짬을 내서 10분 정도라도 얼굴은 볼수도 있고 연락 하는 그 30초가 과연 없었을까?#@문장구분# 하지만 이미 지난일이였다.#@문장구분# 여자친구는 마음이 많이 상했고 헤어질 위기 까지 갔다 나는 엄청 후회하면서 소중함을 회복하고자 내 초심을 생각했다 처음 사귈 때 간이고 쓸개고 다 준다는 마인드 그 생각 하나만으로 다시 잘해주었다.#@문장구분# 물론 이미 상한 마음을 다 완전히 치유해줄순 없지만 바쁠 때 시간내서 얼굴이라도 본다던지 연락을 잘 해준다던지 혹은 바쁘더라도 바쁠거같으니 연락이 뜸할거같다고 미안하다고 미리 말한다던지 이런노력들로 지금은 잘 만나고 있다.#@문장구분# 사람은 소중한 것들을 놓치지 말고 변하지않는 소나무같은 마음으로 대해야 한다.#@문장구분# 그것이 사람이든 물건이든.#@문장구분# 그러지 않으면 소중한 것을 놓치고 말아버린다. #@문장구분#지금은 나도 변하지 말아야지 라고 생각하지만 내가 나중에 다시 취직을하거나 수능을 볼때쯤되면 우선순위가 바뀔 수 있겠지만 다시 원래대로 돌아오는게 중요하다고 생각한다.#@문장구분#",
      "paragraph_len": 1121,
      "paragraph_id": "001"
    }
  ],
  "score": {
    "paragraph_score": [
      {
        "paragraph_scoreT": [
          3,
          2.8333333,
          2
        ],
        "paragraph_scoreT_detail": {
          "paragraph_scoreT_exp": [
            [
              3,
              3,
              3
            ],
            [
              3,
              3,
              2
            ],
            [
              2,
              2,
              2
            ]
          ]
        },
        "paragraph_scoreT_avg": 2.611111,
        "paragraph_id": "001"
      }
    ],
    "essay_scoreT": [
      30,
      26.222221,
      23.166666
    ],
    "essay_scoreT_avg": 26.462961,
    "essay_scoreT_detail": {
      "essay_scoreT_org": [
        [
          3,
          3,
          3,
          3
        ],
        [
          2,
          3,
          3,
          2
        ],
        [
          2,
          2,
          3,
          3
        ]
      ],
      "essay_scoreT_cont": [
        [
          3,
          3,
          0,
          3
        ],
        [
          3,
          2,
          0,
          2
        ],
        [
          3,
          2,
          0,
          3
        ]
      ],
      "essay_scoreT_exp": [
        [
          3,
          3,
          3
        ],
        [
          3,
          3,
          2
        ],
        [
          2,
          2,
          2
        ]
      ]
    }
  },
  "student": {
    "date": "2021.09.02",
    "student_educated": true,
    "student_grade": "고등_1학년",
    "location": "063",
    "student_grade_group": "고등",
    "student_reading": 1
  },
  "rubric": {
    "essay_grade": "고등_1학년",
    "organization_weight": {
      "org_paragraph": 2,
      "org": 2,
      "org_essay": 4,
      "org_coherence": 2,
      "org_quantity": 1
    },
    "essay_type": "글짓기",
    "content_weight": {
      "con_clearance": 4,
      "con_novelty": 3,
      "con": 4,
      "con_prompt": 0,
      "con_description": 1
    },
    "essay_main_subject": "소중함을 잃었던 경험",
    "expression_weight": {
      "exp_style": 1,
      "exp_grammar": 2,
      "exp_vocab": 3,
      "exp": 4
    }
  },
  "correction": [],
  "info": {
    "essay_id": "ESSAY_34279",
    "essay_prompt": " 익숙함에 속아 소중함을 잊지 말자는 명언 (Do not get fooled by something familiar and forget what is priceless.)이 있습니다.\n\n 부모님께서 매일 해주시는 아침밥이나, 너무 친해서 매일 맛있는 간식을 사주는 친구 등 처음에는 매우 감사했지만 반복되는 호의에 우리는 소중함을 잊어가기도 합니다.\n\n 작은 소중함일지라도 그 소중함을 잃게 되면 호의를 베푸는 사람 입장에서는 매우 당황스럽고 기분이 나쁠 수 있어요.\n\n 여러분은 익숙함에 속아 소중함을 잊었던 사례와 그로 인해 상대방의 기분을 나쁘게 했던 경험이 있나요? 만약 있다면 관계를 회복하기 위해 어떤 노력을 하셨나요? 본인의 경험을 작성해주세요.\n\n 만약 그런 적이 없다면 주변의 이야기나 본인에게 소중함을 주는 사람들에 관해 설명해주세요.",
    "essay_type": "글짓기",
    "essay_level": "2",
    "essay_len": 841,
    "essay_main_subject": "소중함을 잃었던 경험"
  }
}