{
  "paragraph": [
    {
      "paragraph_txt": "익숙함에 속아 소중함을 잊지 말자는 명언을 정말 많이 듣습니다.#@문장구분# 하지만 저는 익숙함에 속아 누군가를 잃어가는 게 너무나도 싫은 사람 중의 하나였고 소중한 사람은 소중할수록 더욱더 신경 쓰고 챙기자는 마음을 가지고 살아서 익숙함에 속아 소중함을 잊었던 사례는 없어서 제가 가장 아끼고 소중한 우리 누나에 대해서 얘기해보겠습니다.#@문장구분# 저희 누나는 저보다 3살이 많습니다. #@문장구분#3살이면 나이 차이가 크게 나는 것도 아니고 적게 나는 것도 아닌 평균적으로 나는 거 같은 나이 차이입니다. #@문장구분#근데 항상 누나가 초등학생이면 저는 유치원생 누나가 중학생이면 초등학생 누나가 고등학생이면 저는 중학생이었습니다.#@문장구분# 그래서 항상 누나가 먼저 학교를 경험해서 저한테 필요한 물건이나, 필요한 학습자료, 학교생활에 필요한 정보들은 다 누나가 알려주었죠. #@문장구분#제가 유치원생 때는 저희 부모님께서는 항상 맞벌이하시기 때문에 혼자서 유치원에 가야 하는데 못 가서 항상 누나가 데려다주고 데려오고 거의 1년을 그렇게 해줬습니다.#@문장구분# 그리고 중학교 때 고등학교 결정해야 하는데 도움받을 사람이 누나밖에 없어서 누나에게 많은 도움을 받고 누나가 졸업한 학교로 진학했습니다.#@문장구분# 저한테 동생이라고 이렇게 많이 챙겨준 친누나에게 너무나 소중하고 감사합니다.#@문장구분# 저도, 이 받은 소중함을 누나에게 똑같이 느끼게 해주고 싶고 잘해주고 싶습니다.#@문장구분#",
      "paragraph_len": 860,
      "paragraph_id": "001"
    }
  ],
  "score": {
    "paragraph_score": [
      {
        "paragraph_scoreT": [
          3,
          2.8333333,
          3
        ],
        "paragraph_scoreT_detail": {
          "paragraph_scoreT_exp": [
            [
              3,
              3,
              3
            ],
            [
              3,
              3,
              2
            ],
            [
              3,
              3,
              3
            ]
          ]
        },
        "paragraph_scoreT_avg": 2.9444444,
        "paragraph_id": "001"
      }
    ],
    "essay_scoreT": [
      30,
      26.722221,
      27.055555
    ],
    "essay_scoreT_avg": 27.925926,
    "essay_scoreT_detail": {
      "essay_scoreT_org": [
        [
          3,
          3,
          3,
          3
        ],
        [
          2,
          3,
          3,
          2
        ],
        [
          3,
          2,
          3,
          3
        ]
      ],
      "essay_scoreT_cont": [
        [
          3,
          3,
          0,
          3
        ],
        [
          3,
          2,
          0,
          3
        ],
        [
          2,
          3,
          0,
          2
        ]
      ],
      "essay_scoreT_exp": [
        [
          3,
          3,
          3
        ],
        [
          3,
          3,
          2
        ],
        [
          3,
          3,
          3
        ]
      ]
    }
  },
  "student": {
    "date": "2021.12.16",
    "student_educated": true,
    "student_grade": "고등_1학년",
    "location": "031",
    "student_grade_group": "고등",
    "student_reading": 3
  },
  "rubric": {
    "essay_grade": "고등_1학년",
    "organization_weight": {
      "org_paragraph": 2,
      "org": 2,
      "org_essay": 4,
      "org_coherence": 2,
      "org_quantity": 1
    },
    "essay_type": "글짓기",
    "content_weight": {
      "con_clearance": 4,
      "con_novelty": 3,
      "con": 4,
      "con_prompt": 0,
      "con_description": 1
    },
    "essay_main_subject": "소중함을 잃었던 경험",
    "expression_weight": {
      "exp_style": 1,
      "exp_grammar": 2,
      "exp_vocab": 3,
      "exp": 4
    }
  },
  "correction": [],
  "info": {
    "essay_id": "ESSAY_65659",
    "essay_prompt": " 익숙함에 속아 소중함을 잊지 말자는 명언 (Do not get fooled by something familiar and forget what is priceless.)이 있습니다.\n\n 부모님께서 매일 해주시는 아침밥이나, 너무 친해서 매일 맛있는 간식을 사주는 친구 등 처음에는 매우 감사했지만 반복되는 호의에 우리는 소중함을 잊어가기도 합니다.\n\n 작은 소중함일지라도 그 소중함을 잃게 되면 호의를 베푸는 사람 입장에서는 매우 당황스럽고 기분이 나쁠 수 있어요.\n\n 여러분은 익숙함에 속아 소중함을 잊었던 사례와 그로 인해 상대방의 기분을 나쁘게 했던 경험이 있나요? 만약 있다면 관계를 회복하기 위해 어떤 노력을 하셨나요? 본인의 경험을 작성해주세요.\n\n 만약 그런 적이 없다면 주변의 이야기나 본인에게 소중함을 주는 사람들에 관해 설명해주세요.",
    "essay_type": "글짓기",
    "essay_level": "2",
    "essay_len": 661,
    "essay_main_subject": "소중함을 잃었던 경험"
  }
}