{
  "paragraph": [
    {
      "paragraph_txt": "익숙함에 속아 소중한것을 잃지 말자는 명언이 있다.#@문장구분# 하지만 난 이 명언을 무시하고 소중한것을 잃었던 경험이 있다.#@문장구분# 이제부터 이 경험에 대해 얘기해보려한다.#@문장구분#",
      "paragraph_len": 146,
      "paragraph_id": "001"
    },
    {
      "paragraph_txt": "\n나는 중학교 1학년 끝날 때쯤에 친구와 싸웠던 기억이 있다.#@문장구분# 그 친구는 너무 나와 잘 맞는 친구였고 너무 좋은 친구였다.#@문장구분# 하필 내가 철이 없던 중2 근처의 시기에 그 친구를 잃어버린것이다.#@문장구분# 내가 그 친구를 잃은 계기는 지금이나 예전이나 아무리 생각해봐도 너무 창피하다.#@문장구분# 정말 말하기 창피하지만 그 친구가 했던 다른 친구의 뒷담을 내가 그 친구에게 전달한것이다.#@문장구분# 그래서 사건이 일어났었고 2학년이 되어서 서로 어색해졌다. #@문장구분#나는 그 친구의 소중함을 잃은 뒤에 정신을 차리고 그제서야 부끄러움이 몰려오고 많은 생각과 성찰을 하게되었다.#@문장구분# 일단 나는 어떻게 하면 그 친구에게 진정한 거짓되지않은 미안함을 전할 수 있을까 생각하다가 나는 사과하고싶지만 그 친구는 단단히 상처를 입어서 조금 그 상처를 완화시킬 시간이 필요하다고 생각해서 조금 참기로 했다.#@문장구분# 그 시간동안 많은 고민끝에 사과를 했다.#@문장구분# 그 이후로 그 친구와 예전만큼은 아니지만 사이가 나아진게 눈에 보였다.#@문장구분# 그리고 이 일을 겪은 후에는 다른 친구의 말을 절대 옮기지않고 누군가의 비밀을 꼭 지켜주는 사람이 되었다.#@문장구분# 이일이 일어난건 너무 부끄럽지만 그래도 이러한 기회를 통해 내가 더 나은 사람이 된거 같아 좋다!!#@문장구분# 앞으로 내가 커서 누군가에게 이런얘길 해줄 기회가 있으면 좋겠다.#@문장구분# 왜냐하면 이 얘기를 통해 상대가 더 나은사람이 되도록 도울수있기 때문이다.#@문장구분#",
      "paragraph_len": 955,
      "paragraph_id": "002"
    }
  ],
  "score": {
    "paragraph_score": [
      {
        "paragraph_scoreT": [
          2.3333333,
          2.8333333,
          3
        ],
        "paragraph_scoreT_detail": {
          "paragraph_scoreT_exp": [
            [
              3,
              2,
              2
            ],
            [
              3,
              3,
              2
            ],
            [
              3,
              3,
              3
            ]
          ]
        },
        "paragraph_scoreT_avg": 2.722222,
        "paragraph_id": "001"
      },
      {
        "paragraph_scoreT": [
          2.3333333,
          2.8333333,
          3
        ],
        "paragraph_scoreT_detail": {
          "paragraph_scoreT_exp": [
            [
              3,
              2,
              2
            ],
            [
              3,
              3,
              2
            ],
            [
              3,
              3,
              3
            ]
          ]
        },
        "paragraph_scoreT_avg": 2.722222,
        "paragraph_id": "002"
      }
    ],
    "essay_scoreT": [
      23.777779,
      27.944445,
      24.722221
    ],
    "essay_scoreT_avg": 25.481482,
    "essay_scoreT_detail": {
      "essay_scoreT_org": [
        [
          2,
          2,
          3,
          2
        ],
        [
          2,
          3,
          3,
          3
        ],
        [
          2,
          2,
          2,
          3
        ]
      ],
      "essay_scoreT_cont": [
        [
          3,
          2,
          0,
          2
        ],
        [
          3,
          3,
          0,
          2
        ],
        [
          2,
          2,
          0,
          3
        ]
      ],
      "essay_scoreT_exp": [
        [
          3,
          2,
          2
        ],
        [
          3,
          3,
          2
        ],
        [
          3,
          3,
          3
        ]
      ]
    }
  },
  "student": {
    "date": "2021.10.01",
    "student_educated": true,
    "student_grade": "고등_1학년",
    "location": "051",
    "student_grade_group": "고등",
    "student_reading": 1
  },
  "rubric": {
    "essay_grade": "고등_1학년",
    "organization_weight": {
      "org_paragraph": 2,
      "org": 2,
      "org_essay": 4,
      "org_coherence": 2,
      "org_quantity": 1
    },
    "essay_type": "글짓기",
    "content_weight": {
      "con_clearance": 4,
      "con_novelty": 3,
      "con": 4,
      "con_prompt": 0,
      "con_description": 1
    },
    "essay_main_subject": "소중함을 잃었던 경험",
    "expression_weight": {
      "exp_style": 1,
      "exp_grammar": 2,
      "exp_vocab": 3,
      "exp": 4
    }
  },
  "correction": [],
  "info": {
    "essay_id": "ESSAY_36416",
    "essay_prompt": " 익숙함에 속아 소중함을 잊지 말자는 명언 (Do not get fooled by something familiar and forget what is priceless.)이 있습니다.\n\n 부모님께서 매일 해주시는 아침밥이나, 너무 친해서 매일 맛있는 간식을 사주는 친구 등 처음에는 매우 감사했지만 반복되는 호의에 우리는 소중함을 잊어가기도 합니다.\n\n 작은 소중함일지라도 그 소중함을 잃게 되면 호의를 베푸는 사람 입장에서는 매우 당황스럽고 기분이 나쁠 수 있어요.\n\n 여러분은 익숙함에 속아 소중함을 잊었던 사례와 그로 인해 상대방의 기분을 나쁘게 했던 경험이 있나요? 만약 있다면 관계를 회복하기 위해 어떤 노력을 하셨나요? 본인의 경험을 작성해주세요.\n\n 만약 그런 적이 없다면 주변의 이야기나 본인에게 소중함을 주는 사람들에 관해 설명해주세요.",
    "essay_type": "글짓기",
    "essay_level": "2",
    "essay_len": 764,
    "essay_main_subject": "소중함을 잃었던 경험"
  }
}