{
  "paragraph": [
    {
      "paragraph_txt": "중학교 1학년부터 코로나가 터지기전 3학년까지 킨볼이라는 운동을 했습니다.#@문장구분# 부산에서는 그래도 저희 학교가 부산 대표로 뽑힐 만큼의 실력이 있었고 그래서 전국 대회도 준비해야 해서 아침 7시 30분부터 8시 30분까지 매일 학교에 일찍 나와 1시간씩 연습을 하곤 했습니다.#@문장구분# 연습이고 대회준비과정이였지만 저희는 킨볼을 너무 좋아하고 재밌어했기 때문에 그 연습과정과 대회를 매일 기대하며 지냈습니다.#@문장구분# 그렇기 때문에 연습을 빠진적도 없고 아무도 중간에 킨볼부를 나가진 그런데 어느날 저희는 킨볼부 담당 체육선생님께 꾸중을 듣게 되었습니다.#@문장구분# 이유는 아침에 일찍 학교를 나와 연습을 했기 때문인데 아무문제 없어보였지만 큰 문제가 있었습니다.#@문장구분# 바로 선생님이 안계신데다가 허락도 맡지 않았다는 것입니다.#@문장구분# 아침 연습은 킨볼을 좋아하는 저희에게 선생님께서 베푸신 일종의 배려이자 호의였는데 그 호의가 너무 익숙해져 저희는 이를 인지하지 못했던 것입니다.#@문장구분# 이것을 깨달은 후부터는 저희는 선생님 없이는 아침연습을 하지 않았고 설사 하게 될지라고 선생님의 허락을 맡은후에 진행하게 되었습니다. #@문장구분#비록 최종목표였던 3학년때 전국대회 우승은 코로나로 이루지 못했지만 핀볼이란 운동은 저에게 잊을수 없는 추억들과 교훈을 남겨주었습니다.#@문장구분# 제 인생 스포츠가 아닌가라는 생각이 듭니다.#@문장구분# 이상입니다.#@문장구분#",
      "paragraph_len": 870,
      "paragraph_id": "001"
    }
  ],
  "score": {
    "paragraph_score": [
      {
        "paragraph_scoreT": [
          3,
          3,
          3
        ],
        "paragraph_scoreT_detail": {
          "paragraph_scoreT_exp": [
            [
              3,
              3,
              3
            ],
            [
              3,
              3,
              3
            ],
            [
              3,
              3,
              3
            ]
          ]
        },
        "paragraph_scoreT_avg": 3,
        "paragraph_id": "001"
      }
    ],
    "essay_scoreT": [
      24.88889,
      24.5,
      26
    ],
    "essay_scoreT_avg": 25.12963,
    "essay_scoreT_detail": {
      "essay_scoreT_org": [
        [
          2,
          3,
          3,
          2
        ],
        [
          3,
          3,
          3,
          3
        ],
        [
          3,
          3,
          3,
          3
        ]
      ],
      "essay_scoreT_cont": [
        [
          2,
          2,
          0,
          2
        ],
        [
          2,
          1,
          0,
          2
        ],
        [
          2,
          2,
          0,
          2
        ]
      ],
      "essay_scoreT_exp": [
        [
          3,
          3,
          3
        ],
        [
          3,
          3,
          3
        ],
        [
          3,
          3,
          3
        ]
      ]
    }
  },
  "student": {
    "date": "2021.12.21",
    "student_educated": true,
    "student_grade": "고등_1학년",
    "location": "051",
    "student_grade_group": "고등",
    "student_reading": 2
  },
  "rubric": {
    "essay_grade": "고등_1학년",
    "organization_weight": {
      "org_paragraph": 2,
      "org": 2,
      "org_essay": 4,
      "org_coherence": 2,
      "org_quantity": 1
    },
    "essay_type": "글짓기",
    "content_weight": {
      "con_clearance": 4,
      "con_novelty": 3,
      "con": 4,
      "con_prompt": 0,
      "con_description": 1
    },
    "essay_main_subject": "소중함을 잃었던 경험",
    "expression_weight": {
      "exp_style": 1,
      "exp_grammar": 2,
      "exp_vocab": 3,
      "exp": 4
    }
  },
  "correction": [],
  "info": {
    "essay_id": "ESSAY_75424",
    "essay_prompt": " 익숙함에 속아 소중함을 잊지 말자는 명언 (Do not get fooled by something familiar and forget what is priceless.)이 있습니다.\n\n 부모님께서 매일 해주시는 아침밥이나, 너무 친해서 매일 맛있는 간식을 사주는 친구 등 처음에는 매우 감사했지만 반복되는 호의에 우리는 소중함을 잊어가기도 합니다.\n\n 작은 소중함일지라도 그 소중함을 잃게 되면 호의를 베푸는 사람 입장에서는 매우 당황스럽고 기분이 나쁠 수 있어요.\n\n 여러분은 익숙함에 속아 소중함을 잊었던 사례와 그로 인해 상대방의 기분을 나쁘게 했던 경험이 있나요? 만약 있다면 관계를 회복하기 위해 어떤 노력을 하셨나요? 본인의 경험을 작성해주세요.\n\n 만약 그런 적이 없다면 주변의 이야기나 본인에게 소중함을 주는 사람들에 관해 설명해주세요.",
    "essay_type": "글짓기",
    "essay_level": "2",
    "essay_len": 650,
    "essay_main_subject": "소중함을 잃었던 경험"
  }
}