{
  "paragraph": [
    {
      "paragraph_txt": "익숙한데 소중한 것이 무엇일까 생각해 보니까 사람과의 관계 이전에 자연이 주는 소중함이 먼저 떠오른다.#@문장구분# 공기, 5분 이상 공급해 주지 않으면 우리 몸은 산소가 없어 죽어 버린다.#@문장구분# 매 순간 숨을 들이마시지 않으면 고통스럽고 살 수가 없는데 각종 매연과 가스로 공기를 더럽히고도 소중함을 생각하지 못하고 살고 있다.#@문장구분# 다음은 물이다.#@문장구분# 물을 마사지 않고는 일주일을 견디기 어렵다고 한다.#@문장구분# 수도를 틀면 바로 콸콸 쏟아지는 물에 아낌없이 틀어 썼는데 없다고 생각하면 상상하기도 싫은 삶이 된다.#@문장구분# 그리고 태양이다.#@문장구분# 해가 없으면 어떻게 될까 태양에너지로 지구의 모든 생명체가 살아가는데 태양이 빛을 잃는다면 우린 그저 얼어붙은 돌덩이가 되지 않을까.. #@문장구분#이렇게 소중한데 고마움을 모르고 잊고 지내며 함부로 사용했던 것 같다. #@문장구분#그리고 돌아보면 부모님이다.#@문장구분# 내리 사랑이라고 자식에게는 주어도, 주어도 부족하게 준 것 같은 마음이 부모님의 마음이신가 보다.#@문장구분# 이 땅에 낳아주시고 길러주셨는데 당연하게 여기고 늘 더 달라고 손을 벌린다.#@문장구분# 매일 해주시는 밥에 감사해야 하는데 투정으로 답례를 했다.#@문장구분# 늘 내 옆에 계실 것 같고 언제나 그 자리에서 지금처럼 해 주실 껏 같았는데 너무나 작아진 아버지의 어깨와 주름진 얼굴과 손을 보니 마음이 좋지 않다.#@문장구분# 내가 조금만 도와드렸다면 그 수고로움을 조금 일찍 알았더라면 덜 힘드셨을텐데 말이다.#@문장구분# 모든 것에 감사하고 감사한다.#@문장구분#",
      "paragraph_len": 1013,
      "paragraph_id": "001"
    }
  ],
  "score": {
    "paragraph_score": [
      {
        "paragraph_scoreT": [
          3,
          2.8333333,
          2.5
        ],
        "paragraph_scoreT_detail": {
          "paragraph_scoreT_exp": [
            [
              3,
              3,
              3
            ],
            [
              3,
              3,
              2
            ],
            [
              3,
              2,
              3
            ]
          ]
        },
        "paragraph_scoreT_avg": 2.7777777,
        "paragraph_id": "001"
      }
    ],
    "essay_scoreT": [
      30,
      28.222221,
      25.11111
    ],
    "essay_scoreT_avg": 27.777777,
    "essay_scoreT_detail": {
      "essay_scoreT_org": [
        [
          3,
          3,
          3,
          3
        ],
        [
          2,
          3,
          3,
          2
        ],
        [
          2,
          3,
          3,
          3
        ]
      ],
      "essay_scoreT_cont": [
        [
          3,
          3,
          0,
          3
        ],
        [
          3,
          3,
          0,
          3
        ],
        [
          2,
          3,
          0,
          3
        ]
      ],
      "essay_scoreT_exp": [
        [
          3,
          3,
          3
        ],
        [
          3,
          3,
          2
        ],
        [
          3,
          2,
          3
        ]
      ]
    }
  },
  "student": {
    "date": "2021.12.16",
    "student_educated": true,
    "student_grade": "고등_1학년",
    "location": "031",
    "student_grade_group": "고등",
    "student_reading": 2
  },
  "rubric": {
    "essay_grade": "고등_1학년",
    "organization_weight": {
      "org_paragraph": 2,
      "org": 2,
      "org_essay": 4,
      "org_coherence": 2,
      "org_quantity": 1
    },
    "essay_type": "글짓기",
    "content_weight": {
      "con_clearance": 4,
      "con_novelty": 3,
      "con": 4,
      "con_prompt": 0,
      "con_description": 1
    },
    "essay_main_subject": "소중함을 잃었던 경험",
    "expression_weight": {
      "exp_style": 1,
      "exp_grammar": 2,
      "exp_vocab": 3,
      "exp": 4
    }
  },
  "correction": [],
  "info": {
    "essay_id": "ESSAY_65655",
    "essay_prompt": " 익숙함에 속아 소중함을 잊지 말자는 명언 (Do not get fooled by something familiar and forget what is priceless.)이 있습니다.\n\n 부모님께서 매일 해주시는 아침밥이나, 너무 친해서 매일 맛있는 간식을 사주는 친구 등 처음에는 매우 감사했지만 반복되는 호의에 우리는 소중함을 잊어가기도 합니다.\n\n 작은 소중함일지라도 그 소중함을 잃게 되면 호의를 베푸는 사람 입장에서는 매우 당황스럽고 기분이 나쁠 수 있어요.\n\n 여러분은 익숙함에 속아 소중함을 잊었던 사례와 그로 인해 상대방의 기분을 나쁘게 했던 경험이 있나요? 만약 있다면 관계를 회복하기 위해 어떤 노력을 하셨나요? 본인의 경험을 작성해주세요.\n\n 만약 그런 적이 없다면 주변의 이야기나 본인에게 소중함을 주는 사람들에 관해 설명해주세요.",
    "essay_type": "글짓기",
    "essay_level": "2",
    "essay_len": 694,
    "essay_main_subject": "소중함을 잃었던 경험"
  }
}