{
  "paragraph": [
    {
      "paragraph_txt": "예전에 피아노를 전공하려고 했을 때 나를 가르쳐주시던 선생님이 계셨다.#@문장구분# 그땐 집에서 선생님께 배우러가기 까지 거리가 있어서 1시간 이상 버스를 타고 다녔어야 했다.#@문장구분# 개인레슨이었고 학원보다는 훨씬 비싼 레슨비를 내야 했다.#@문장구분# 나만 배우면 괜찮은데 우리 부모님은 3남매 모두를 개인레슨으로 보내셨다.#@문장구분# 내색하지는 않으셨지만 아무래도 부담스러우셨던 것 같다.#@문장구분# 그것을 짐작하셨던지 어느 순간부터 선생님께서 한 명의 레슨비를 받지 않겠다고 하셨다.#@문장구분# 그게 나의 레슨비가 되었다.#@문장구분# 학교 수업을 마치고 곧장 가는 날에는 주방으로 부르셨는데 밥을 차려 놓으시고는 먹고 나오라고 하셨다.#@문장구분# 레슨도 그냥 하는데 배고픈 나에게 밥도 주셨다.#@문장구분# 호의를 받는게 익숙하지 않았던 나는 입으로 들어가는지 코로 들어가는지도 모르게 밥을 먹었었다.#@문장구분# 그러고는 여러 가지 사정에 의해 그 선생님과 헤어지게 되었다.#@문장구분# 고맙다는 인사를 했었을까 돌아본다.#@문장구분# 어린 시절 나의 꿈을 소중히 다루어 주시고 멀리서 버스를 타고 온 나에게 배를 채워 주셨던 그 선생님 덕분에 내 마음이 감사로 가득하며 그 해 춥지 않은 겨울을 보냈었던 것 같다.#@문장구분# 베푸는 마음을 배웠고 사람 살아가는 모습을 본 것이다.#@문장구분# 낯을 많이 가리던 나에게 조심스럽게 늘 다가와 주셨고 부족함과 어려움을 보듬어주시고 늘 베풀어 주셨던 그 선생님이 참 소중한 기억으로 남아있다.#@문장구분# 대가를 바라지 않고 그냥 주셨던 내리 사랑, 그 선생님 덕분에 난 참 스승을 만나 나의 성격 형성에 많은 영향을 받지 않았나 생각이 든다.#@문장구분# 나도 어느 자리에서든 나의 도움이 필요한 누군가를 만난다면 나의 작은 손을 내밀어 도와주고 싶다.#@문장구분# 작은 불빛하나 지만 이것이 꺼지지 않는 다면 이 불빛을 보고 길을 잃지 않는 이가 분명 있을 것이라 본다.#@문장구분# 그래서 길을 헤매지 않고 가는 이들도 있을 것이고 어둠에서 벗어나고자 하는 이들도 있을 것이다.#@문장구분# 이렇게 하나둘씩 모이다 보면 언젠가는 밝고 따뜻한 세상이 되지 않을까 생각해 본다.#@문장구분#더 많은 희망이 나오기를 기대하며 오늘도 하루를 산다.#@문장구분#",
      "paragraph_len": 1408,
      "paragraph_id": "001"
    }
  ],
  "score": {
    "paragraph_score": [
      {
        "paragraph_scoreT": [
          3,
          3,
          3
        ],
        "paragraph_scoreT_detail": {
          "paragraph_scoreT_exp": [
            [
              3,
              3,
              3
            ],
            [
              3,
              3,
              3
            ],
            [
              3,
              3,
              3
            ]
          ]
        },
        "paragraph_scoreT_avg": 3,
        "paragraph_id": "001"
      }
    ],
    "essay_scoreT": [
      28,
      28.5,
      29.5
    ],
    "essay_scoreT_avg": 28.666666,
    "essay_scoreT_detail": {
      "essay_scoreT_org": [
        [
          3,
          3,
          3,
          3
        ],
        [
          3,
          3,
          3,
          3
        ],
        [
          3,
          3,
          3,
          3
        ]
      ],
      "essay_scoreT_cont": [
        [
          2,
          3,
          0,
          3
        ],
        [
          3,
          2,
          0,
          3
        ],
        [
          3,
          3,
          0,
          2
        ]
      ],
      "essay_scoreT_exp": [
        [
          3,
          3,
          3
        ],
        [
          3,
          3,
          3
        ],
        [
          3,
          3,
          3
        ]
      ]
    }
  },
  "student": {
    "date": "2021.12.13",
    "student_educated": true,
    "student_grade": "고등_1학년",
    "location": "031",
    "student_grade_group": "고등",
    "student_reading": 2
  },
  "rubric": {
    "essay_grade": "고등_1학년",
    "organization_weight": {
      "org_paragraph": 2,
      "org": 2,
      "org_essay": 4,
      "org_coherence": 2,
      "org_quantity": 1
    },
    "essay_type": "글짓기",
    "content_weight": {
      "con_clearance": 4,
      "con_novelty": 3,
      "con": 4,
      "con_prompt": 0,
      "con_description": 1
    },
    "essay_main_subject": "소중함을 잃었던 경험",
    "expression_weight": {
      "exp_style": 1,
      "exp_grammar": 2,
      "exp_vocab": 3,
      "exp": 4
    }
  },
  "correction": [],
  "info": {
    "essay_id": "ESSAY_73571",
    "essay_prompt": " 익숙함에 속아 소중함을 잊지 말자는 명언 (Do not get fooled by something familiar and forget what is priceless.)이 있습니다.\n\n 부모님께서 매일 해주시는 아침밥이나, 너무 친해서 매일 맛있는 간식을 사주는 친구 등 처음에는 매우 감사했지만 반복되는 호의에 우리는 소중함을 잊어가기도 합니다.\n\n 작은 소중함일지라도 그 소중함을 잃게 되면 호의를 베푸는 사람 입장에서는 매우 당황스럽고 기분이 나쁠 수 있어요.\n\n 여러분은 익숙함에 속아 소중함을 잊었던 사례와 그로 인해 상대방의 기분을 나쁘게 했던 경험이 있나요? 만약 있다면 관계를 회복하기 위해 어떤 노력을 하셨나요? 본인의 경험을 작성해주세요.\n\n 만약 그런 적이 없다면 주변의 이야기나 본인에게 소중함을 주는 사람들에 관해 설명해주세요.",
    "essay_type": "글짓기",
    "essay_level": "2",
    "essay_len": 989,
    "essay_main_subject": "소중함을 잃었던 경험"
  }
}