{
  "paragraph": [
    {
      "paragraph_txt": "저는 저에게 가장 소중한 건강을 잃었던 적이 있었습니다.#@문장구분# 친구들이 저에게 너 요새 살 좀 찐거 같다라는 말에 다이어트를 시작하게 되었습니다.#@문장구분# 사실 다이어트라고 함은 운동이랑 식이요법을 병행하는 거겠지만 나는 운동할 시간도 마땅치 않았기 때문에 그냥 무조건 굶기를 시작하였습니다.#@문장구분# 텔레비젼에서 나오는 간헐적 단식을 핑계삼아 점심한끼만 먹고 아침과 저녁을 굶어가며 살을 빼기로 하였습니다.#@문장구분# 2주가 지나자 체중이 3키로 확 빠지는 효과를 보았고 이참에 더 빼고 싶다라는 욕심이 들어서 점시식사시간에 먹는 양을 반으로 줄였습니다.#@문장구분# 배도 너무 고프고 힘도 하나도 없기 때문에 짜증도 많이 나고 어지러움도 느꼈지만 조금만 더 노력하면 더 날씬해질수 있다라는 욕심으로 한달 이상 굶기를 유지하였습니다.#@문장구분# 그러다가 주말이 되거나 특별한 날이 되면 치킨이나 외식을 해야 할 일이 생기면 폭식이 되어서 다시 요요로 살이 찌고 빠지기를 반복하면서 저는 정신적 육체적으로 매우 피폐되어가고 있었습니다.#@문장구분# 하지만 처음에 본 효과를 믿고 굶기를 밥먹듯 하자라는 목표아래 열심히 굶어갔습니다.#@문장구분# 그러다가 1달 하고 2주만에 저는 학교에서 집에 와서 학원에 가려다가 눈앞이 캄캄해지면 쓰러져 버리고 말았습니다.#@문장구분# 부모님은 굶을때 알아봤다면서 병원응급실에서도 저에게 핀잔을 주고 저는 너무 놀라서 그날 저녁부터 식사를 열심히 하였습니다.#@문장구분# 쓰러지고 나서 이러다 죽겠다 라는 생각이 들어서 그냥 생긴대로 살기로 했습니다.#@문장구분# 밥을 잘먹으니까 살은 다시 쪘지만 짜증도 없어지고 밝고 활발한 원래로 돌아왔습니다.#@문장구분# 저는 날씸함과 예쁨보다야 건강함이 좋다는 생각으로 이제 무리한 다이어트는 하지 않고 건강을 지키며 살것입니다.#@문장구분#",
      "paragraph_len": 1085,
      "paragraph_id": "001"
    }
  ],
  "score": {
    "paragraph_score": [
      {
        "paragraph_scoreT": [
          2.6666667,
          3,
          3
        ],
        "paragraph_scoreT_detail": {
          "paragraph_scoreT_exp": [
            [
              2,
              3,
              3
            ],
            [
              3,
              3,
              3
            ],
            [
              3,
              3,
              3
            ]
          ]
        },
        "paragraph_scoreT_avg": 2.888889,
        "paragraph_id": "001"
      }
    ],
    "essay_scoreT": [
      26.277779,
      23.166666,
      30
    ],
    "essay_scoreT_avg": 26.481482,
    "essay_scoreT_detail": {
      "essay_scoreT_org": [
        [
          2,
          3,
          3,
          3
        ],
        [
          2,
          3,
          2,
          3
        ],
        [
          3,
          3,
          3,
          3
        ]
      ],
      "essay_scoreT_cont": [
        [
          3,
          2,
          0,
          3
        ],
        [
          2,
          1,
          0,
          2
        ],
        [
          3,
          3,
          0,
          3
        ]
      ],
      "essay_scoreT_exp": [
        [
          2,
          3,
          3
        ],
        [
          3,
          3,
          3
        ],
        [
          3,
          3,
          3
        ]
      ]
    }
  },
  "student": {
    "date": "2021.12.18",
    "student_educated": true,
    "student_grade": "고등_1학년",
    "location": "063",
    "student_grade_group": "고등",
    "student_reading": 2
  },
  "rubric": {
    "essay_grade": "고등_1학년",
    "organization_weight": {
      "org_paragraph": 2,
      "org": 2,
      "org_essay": 4,
      "org_coherence": 2,
      "org_quantity": 1
    },
    "essay_type": "글짓기",
    "content_weight": {
      "con_clearance": 4,
      "con_novelty": 3,
      "con": 4,
      "con_prompt": 0,
      "con_description": 1
    },
    "essay_main_subject": "소중함을 잃었던 경험",
    "expression_weight": {
      "exp_style": 1,
      "exp_grammar": 2,
      "exp_vocab": 3,
      "exp": 4
    }
  },
  "correction": [],
  "info": {
    "essay_id": "ESSAY_73664",
    "essay_prompt": " 익숙함에 속아 소중함을 잊지 말자는 명언 (Do not get fooled by something familiar and forget what is priceless.)이 있습니다.\n\n 부모님께서 매일 해주시는 아침밥이나, 너무 친해서 매일 맛있는 간식을 사주는 친구 등 처음에는 매우 감사했지만 반복되는 호의에 우리는 소중함을 잊어가기도 합니다.\n\n 작은 소중함일지라도 그 소중함을 잃게 되면 호의를 베푸는 사람 입장에서는 매우 당황스럽고 기분이 나쁠 수 있어요.\n\n 여러분은 익숙함에 속아 소중함을 잊었던 사례와 그로 인해 상대방의 기분을 나쁘게 했던 경험이 있나요? 만약 있다면 관계를 회복하기 위해 어떤 노력을 하셨나요? 본인의 경험을 작성해주세요.\n\n 만약 그런 적이 없다면 주변의 이야기나 본인에게 소중함을 주는 사람들에 관해 설명해주세요.",
    "essay_type": "글짓기",
    "essay_level": "2",
    "essay_len": 825,
    "essay_main_subject": "소중함을 잃었던 경험"
  }
}