{
  "paragraph": [
    {
      "paragraph_txt": "우리는 공기와 물의 소중함을 잘 알고 있다.#@문장구분# 하지만 평상시에 그 사실을 인지하고 있는 사람은 많지 않을 것이다.#@문장구분# 우리가 익숙함에 속아 소중함을 잃은 것은 아닐까 라고 생각한다.#@문장구분# 물이 없는 사막에서 며칠 고생하면 물의 소중함을 알 것이고 물속에 잠수해 보면 공기의 소중함을 절로 알게 될 것이다.#@문장구분# 인간 관계에서도 이 명제가 성립한다고 생각한다.#@문장구분# 내 주변의 가족과 소중한 사람들에 대해서 우리는 고마워하고 소중해 하고 있는가 생각해 본다.#@문장구분# 마음으로라도 고맙고 소중하다고 생각한다면 상황이 조금 낫지 싶다.#@문장구분# 하지만 주변의 가족이나 소중한 사람이 알수 있도록 느낄수 있도록 따뜻한 말 한마디 한마디 한적이 최근에 얼마나 있는 가 생각해 보자.#@문장구분# 우리는 바쁘다는 핑계로 학업스트레스로 힘들다는 핑계로 나를 지지해 주시는 부모님께 짜증과 신경질을 내고 사랑한다는 말도 부끄럼과 쑥스러움에 잘하지 못하고 내가 사랑하는 소중한 가족에게 따뜻한 말 한마디 전하지 못하고 있다.#@문장구분# 우리의 삶은 그리 길지 않다.#@문장구분# 나에게 남은 삶 동안 더 열심히 감사함과 고마움을 표현하고 사랑할 수 있는 내가 되었으면 좋겠다.#@문장구분# 코로나19시대에 많은 주변의 사람들이 코로나 바이러스로 인해 목숨을 잃기도 하였고 코로나19로 인한 정부의 많은 제한 방침에 많은 자영업들이 도산하고 그것에 낙담하여 자살률이 높아지고 있다고 한다.#@문장구분# 이로 인해 많은 가정이 해체되고 사회는 어둠속으로 잠식되어 가고 있는 지금 우리는 우리가 아직 살아 있음에 감사하고 지금 자신의 위치에서 할수 있는 본분을 다하여 사회구성원으로써 우리사회가 다시 일어설 희망이 보임에 감사하고 소소한 행복을 찾아야 할 때인거 같다.#@문장구분# 작은 삶의 소중한 행복이 인생을 행복하게 값지게 해준다.#@문장구분# 빠르게 달릴수 있는 두 다리가 건강함에 감사하고 가족들과 눈마주치고 웃을수 있음에 감사하고 아침에 학교에 가서 친구들과 웃을수 있는 일상의 소중함에 감사하고 산다면 우리의 삶의 질이 조금 더 윤택해지지 않을까 라고 생각한다.#@문장구분#",
      "paragraph_len": 1269,
      "paragraph_id": "001"
    }
  ],
  "score": {
    "paragraph_score": [
      {
        "paragraph_scoreT": [
          3,
          3,
          3
        ],
        "paragraph_scoreT_detail": {
          "paragraph_scoreT_exp": [
            [
              3,
              3,
              3
            ],
            [
              3,
              3,
              3
            ],
            [
              3,
              3,
              3
            ]
          ]
        },
        "paragraph_scoreT_avg": 3,
        "paragraph_id": "001"
      }
    ],
    "essay_scoreT": [
      29.555555,
      30,
      30
    ],
    "essay_scoreT_avg": 29.851852,
    "essay_scoreT_detail": {
      "essay_scoreT_org": [
        [
          3,
          3,
          2,
          3
        ],
        [
          3,
          3,
          3,
          3
        ],
        [
          3,
          3,
          3,
          3
        ]
      ],
      "essay_scoreT_cont": [
        [
          3,
          3,
          0,
          3
        ],
        [
          3,
          3,
          0,
          3
        ],
        [
          3,
          3,
          0,
          3
        ]
      ],
      "essay_scoreT_exp": [
        [
          3,
          3,
          3
        ],
        [
          3,
          3,
          3
        ],
        [
          3,
          3,
          3
        ]
      ]
    }
  },
  "student": {
    "date": "2021.11.16",
    "student_educated": true,
    "student_grade": "고등_1학년",
    "location": "063",
    "student_grade_group": "고등",
    "student_reading": 2
  },
  "rubric": {
    "essay_grade": "고등_1학년",
    "organization_weight": {
      "org_paragraph": 2,
      "org": 2,
      "org_essay": 4,
      "org_coherence": 2,
      "org_quantity": 1
    },
    "essay_type": "글짓기",
    "content_weight": {
      "con_clearance": 4,
      "con_novelty": 3,
      "con": 4,
      "con_prompt": 0,
      "con_description": 1
    },
    "essay_main_subject": "소중함을 잃었던 경험",
    "expression_weight": {
      "exp_style": 1,
      "exp_grammar": 2,
      "exp_vocab": 3,
      "exp": 4
    }
  },
  "correction": [],
  "info": {
    "essay_id": "ESSAY_47428",
    "essay_prompt": " 익숙함에 속아 소중함을 잊지 말자는 명언 (Do not get fooled by something familiar and forget what is priceless.)이 있습니다.\n\n 부모님께서 매일 해주시는 아침밥이나, 너무 친해서 매일 맛있는 간식을 사주는 친구 등 처음에는 매우 감사했지만 반복되는 호의에 우리는 소중함을 잊어가기도 합니다.\n\n 작은 소중함일지라도 그 소중함을 잃게 되면 호의를 베푸는 사람 입장에서는 매우 당황스럽고 기분이 나쁠 수 있어요.\n\n 여러분은 익숙함에 속아 소중함을 잊었던 사례와 그로 인해 상대방의 기분을 나쁘게 했던 경험이 있나요? 만약 있다면 관계를 회복하기 위해 어떤 노력을 하셨나요? 본인의 경험을 작성해주세요.\n\n 만약 그런 적이 없다면 주변의 이야기나 본인에게 소중함을 주는 사람들에 관해 설명해주세요.",
    "essay_type": "글짓기",
    "essay_level": "2",
    "essay_len": 969,
    "essay_main_subject": "소중함을 잃었던 경험"
  }
}