{
  "paragraph": [
    {
      "paragraph_txt": "엄마의 소중했던 짝사랑에 대한 이야기이다.#@문장구분# 엄마는 중학교를 남녀 공학으로 다니셨다.#@문장구분# 중학교때는 이성에대한 호기심이 가장 많을 때인거 같다.#@문장구분# 그때는 남학생,여학생 반을 나누어 공부했다고 한다.#@문장구분# 중2때 어느날 어떤 남자애가 아는체를 해서 보니 초등5학년때 같은 반이었던 전학온 친구였던 것이다.#@문장구분# 초등학교때는 전학와서 짝이었는데도 별관심이 없었다고 한다.#@문장구분# 그런데 중학생이 되고 아직까지 엄마를 기억해주니 기분이 좋았다고 한다.#@문장구분# 성격이 남자같았던 엄마는 남자애들보다 여자애들한테 인기가 많았다.#@문장구분# 그런데 잘생긴 남자아이가 알아봐주고 말을 걸어주니 아마도 쟤가 나를 좋아하는 건가 하는 생각을 했었다고한다.#@문장구분# 그후로 그친구를 좋아하기 시작했다.#@문장구분# 짝사랑이 시작되었던 것이다.#@문장구분# 소풍을가도 그친구를 보기위해 갔고, 체육대회나 단체로 운동장에서 조회할때,집에 돌아가는길에 그친구가 지나가길 기다렸다 인사하고 잠깐 얘기도하고 한번은 소풍을 갔을때 같은반 친구가 그친구를 찾아가 사진까지 찍어서 엄마에게 갔다 주었다.#@문장구분# 엄마의 몇몇친구들은 엄마가 짝사랑하는걸 알고있었던 것이다.#@문장구분# 그래서 그사진을 지금까지 앨범에 간직하고 있다고 하셨다.#@문장구분# 고등학교에가고 대학에가고 다른 남친을 사귈때도 가끔 그때의 소중했던 짝사랑을 생각하곤 했다고 하신다.#@문장구분# 그남자아이가 소중한 것이 아니라 그런 추억의 기억이 소중했던 것이라고 하셨다.#@문장구분#",
      "paragraph_len": 986,
      "paragraph_id": "001"
    }
  ],
  "score": {
    "paragraph_score": [
      {
        "paragraph_scoreT": [
          3,
          2,
          3
        ],
        "paragraph_scoreT_detail": {
          "paragraph_scoreT_exp": [
            [
              3,
              3,
              3
            ],
            [
              2,
              2,
              2
            ],
            [
              3,
              3,
              3
            ]
          ]
        },
        "paragraph_scoreT_avg": 2.6666667,
        "paragraph_id": "001"
      }
    ],
    "essay_scoreT": [
      25.555555,
      23.61111,
      20.222221
    ],
    "essay_scoreT_avg": 23.12963,
    "essay_scoreT_detail": {
      "essay_scoreT_org": [
        [
          3,
          3,
          2,
          3
        ],
        [
          3,
          2,
          2,
          3
        ],
        [
          2,
          2,
          2,
          3
        ]
      ],
      "essay_scoreT_cont": [
        [
          2,
          2,
          0,
          2
        ],
        [
          3,
          2,
          0,
          3
        ],
        [
          1,
          1,
          0,
          1
        ]
      ],
      "essay_scoreT_exp": [
        [
          3,
          3,
          3
        ],
        [
          2,
          2,
          2
        ],
        [
          3,
          3,
          3
        ]
      ]
    }
  },
  "student": {
    "date": "2021.12.15",
    "student_educated": true,
    "student_grade": "고등_1학년",
    "location": "063",
    "student_grade_group": "고등",
    "student_reading": 1
  },
  "rubric": {
    "essay_grade": "고등_1학년",
    "organization_weight": {
      "org_paragraph": 2,
      "org": 2,
      "org_essay": 4,
      "org_coherence": 2,
      "org_quantity": 1
    },
    "essay_type": "글짓기",
    "content_weight": {
      "con_clearance": 4,
      "con_novelty": 3,
      "con": 4,
      "con_prompt": 0,
      "con_description": 1
    },
    "essay_main_subject": "소중함을 잃었던 경험",
    "expression_weight": {
      "exp_style": 1,
      "exp_grammar": 2,
      "exp_vocab": 3,
      "exp": 4
    }
  },
  "correction": [],
  "info": {
    "essay_id": "ESSAY_65848",
    "essay_prompt": " 익숙함에 속아 소중함을 잊지 말자는 명언 (Do not get fooled by something familiar and forget what is priceless.)이 있습니다.\n\n 부모님께서 매일 해주시는 아침밥이나, 너무 친해서 매일 맛있는 간식을 사주는 친구 등 처음에는 매우 감사했지만 반복되는 호의에 우리는 소중함을 잊어가기도 합니다.\n\n 작은 소중함일지라도 그 소중함을 잃게 되면 호의를 베푸는 사람 입장에서는 매우 당황스럽고 기분이 나쁠 수 있어요.\n\n 여러분은 익숙함에 속아 소중함을 잊었던 사례와 그로 인해 상대방의 기분을 나쁘게 했던 경험이 있나요? 만약 있다면 관계를 회복하기 위해 어떤 노력을 하셨나요? 본인의 경험을 작성해주세요.\n\n 만약 그런 적이 없다면 주변의 이야기나 본인에게 소중함을 주는 사람들에 관해 설명해주세요.",
    "essay_type": "글짓기",
    "essay_level": "2",
    "essay_len": 667,
    "essay_main_subject": "소중함을 잃었던 경험"
  }
}