{
  "paragraph": [
    {
      "paragraph_txt": "저는 어렸을때 강아지 한마리를 키운적이 있습니다.#@문장구분#  많은 친구들이 경험 했을것이고 지금도 많은 사람들이 강아지를 키우고 있습니다.#@문장구분# 어렸을때 친구들이 강아지를 키우는 모습을 보고 너무 부러워서 엄마를 졸라 강아지를 키우게 되었습니다.#@문장구분# 그때 엄마가 하신 말씀이 강아지를 키우는 대신 밥도 잘주고 화장실도 잘 치워주고 산책도 자주 시켜줘야 한다고 하셨는데 그때는 너무 키우고 싶다는 생각에 무조건 알겠다고 했던거 같습니다.#@문장구분#  정말 너무 귀엽고 작은 강아지가 생기니 너무 신나고 기분이 좋았습니다.#@문장구분# 그리고 처음에는 엄마 말씀처럼 강아지 산책도 자주 시켜주고 밥도 챙겨주고 화장실도 치우고 했습니다.#@문장구분# 하지만 시간이 점점 지날수록 강아지가 귀엽기도하고 좋기도 하지만 저는 친구들이랑 노는것도 너무 재미있고 좋았기에 엄마와 했던 약속은 까맣게 잊고, 강아지에게 점점 소홀해져 갔습니다.#@문장구분# 그래 엄마가 몇번 경고를 하기도 했는데 그말을 무시하고 나가서 놀기 바쁘고 학원도 다녀야 하니 피곤하고 똥치우는것도 냄새나고 점점 귀찮아졌던거 같습니다.#@문장구분# 부모님들이 맞벌이 중이셔서 챙겨줄수 있는 사람은 저뿐이였는데 저는 친구가 더 중요 했던거 같습니다.#@문장구분# 그러다 강아지가 무엇을 잘못 먹어 심하게 아팠던 적이있었습니다.#@문장구분# 정말 너무 미안하고 속상하고 후회 되었습니다.#@문장구분#  그때 부모님께서 안되겠다고 생각 하셨는지 강아지를 친척분에게 분양 하셨습니다.#@문장구분#  그날 저는 정말 많이 울어서 눈이 퉁퉁 부울 정도였습니다.#@문장구분# 지금 생각해보면 작고 소중한 생명을 그저 저에 욕심때문에 잃을뻔 했다는 생각이 듭니다.#@문장구분# 그래서 저는 더이상 강아지를 키우지도 사달라고 조르지도 않습니다.#@문장구분# 책임질수 없다면 반려 동물을 키우지 말아야합니다.#@문장구분# 그리고 책임지게 되었다면 책임감을 가져야 할 것 입니다.#@문장구분# 소중한 가족을 잃지 않도록 말입니다.#@문장구분#",
      "paragraph_len": 1242,
      "paragraph_id": "001"
    }
  ],
  "score": {
    "paragraph_score": [
      {
        "paragraph_scoreT": [
          3,
          2.1666667,
          2.1666667
        ],
        "paragraph_scoreT_detail": {
          "paragraph_scoreT_exp": [
            [
              3,
              3,
              3
            ],
            [
              2,
              2,
              3
            ],
            [
              2,
              2,
              3
            ]
          ]
        },
        "paragraph_scoreT_avg": 2.4444447,
        "paragraph_id": "001"
      }
    ],
    "essay_scoreT": [
      30,
      24.666668,
      25.777779
    ],
    "essay_scoreT_avg": 26.814814,
    "essay_scoreT_detail": {
      "essay_scoreT_org": [
        [
          3,
          3,
          3,
          3
        ],
        [
          3,
          3,
          3,
          3
        ],
        [
          2,
          3,
          3,
          3
        ]
      ],
      "essay_scoreT_cont": [
        [
          3,
          3,
          0,
          3
        ],
        [
          2,
          3,
          0,
          3
        ],
        [
          3,
          3,
          0,
          3
        ]
      ],
      "essay_scoreT_exp": [
        [
          3,
          3,
          3
        ],
        [
          2,
          2,
          3
        ],
        [
          2,
          2,
          3
        ]
      ]
    }
  },
  "student": {
    "date": "2021.12.15",
    "student_educated": true,
    "student_grade": "고등_1학년",
    "location": "063",
    "student_grade_group": "고등",
    "student_reading": 2
  },
  "rubric": {
    "essay_grade": "고등_1학년",
    "organization_weight": {
      "org_paragraph": 2,
      "org": 2,
      "org_essay": 4,
      "org_coherence": 2,
      "org_quantity": 1
    },
    "essay_type": "글짓기",
    "content_weight": {
      "con_clearance": 4,
      "con_novelty": 3,
      "con": 4,
      "con_prompt": 0,
      "con_description": 1
    },
    "essay_main_subject": "소중함을 잃었던 경험",
    "expression_weight": {
      "exp_style": 1,
      "exp_grammar": 2,
      "exp_vocab": 3,
      "exp": 4
    }
  },
  "correction": [],
  "info": {
    "essay_id": "ESSAY_66117",
    "essay_prompt": " 익숙함에 속아 소중함을 잊지 말자는 명언 (Do not get fooled by something familiar and forget what is priceless.)이 있습니다.\n\n 부모님께서 매일 해주시는 아침밥이나, 너무 친해서 매일 맛있는 간식을 사주는 친구 등 처음에는 매우 감사했지만 반복되는 호의에 우리는 소중함을 잊어가기도 합니다.\n\n 작은 소중함일지라도 그 소중함을 잃게 되면 호의를 베푸는 사람 입장에서는 매우 당황스럽고 기분이 나쁠 수 있어요.\n\n 여러분은 익숙함에 속아 소중함을 잊었던 사례와 그로 인해 상대방의 기분을 나쁘게 했던 경험이 있나요? 만약 있다면 관계를 회복하기 위해 어떤 노력을 하셨나요? 본인의 경험을 작성해주세요.\n\n 만약 그런 적이 없다면 주변의 이야기나 본인에게 소중함을 주는 사람들에 관해 설명해주세요.",
    "essay_type": "글짓기",
    "essay_level": "2",
    "essay_len": 882,
    "essay_main_subject": "소중함을 잃었던 경험"
  }
}