{
  "paragraph": [
    {
      "paragraph_txt": "잃어버리고 산 소중한 것들이 있다.#@문장구분# 건물은 높아졌지만 인격은 더 작아졌다.#@문장구분# 속도로는 넓어졌지만 시야는 더 좁아졌다.#@문장구분# 소비는 많아졌지만 더 가난해지고 더 많은 물건을 사지만 기쁨은 줄어들었다.#@문장구분# 집은 커졌지만 가족은 더 적어졌다.#@문장구분# 더 편리해졌지만 시간은 더 없다.#@문장구분# 학력은 높아졌지만 상식은 부족하고 지식은 많아졌지만 판단력은 모자란다.#@문장구분# 전문가들은 늘어났지만 문제는 더 많아졌고 약은 많아졌지만 건강은 더 나빠졌다.#@문장구분# 너무 분별없이 소비하고 너무 적게 웃고, 너무 빨리 운전하고 너무 성급히 화를 낸다.#@문장구분# 가진 것은 몇 배가 되었지만 가치는 더 줄어들었다.#@문장구분# 말은 너무 많이 하고 사랑은 적게 하며 거짓말은 너무 자주 한다.#@문장구분# 생활비를 버는 법은 배웠지만 어떻게 살 것인가는 잊어버렸고 인생을 사는 시간은 늘어났지만 시간 속에 삶의 의미를 넣는 법은 상실했다.#@문장구분# 달에 갔다 왔지만 길을 건너가 이웃을 만나기는 더 힘들어졌다.#@문장구분# 외계를 정복했는지 모르지만 우리 안의 세계는 잃어버렸다. #@문장구분#정화기는 갖고 있지만 영혼은 더 오염되었고 원자, 분자는 쪼갤 수 있지만 편견을 부수지는 못한다.#@문장구분# 유혹은 더 늘었지만, 열정은 더 줄어들었다.#@문장구분# 키는 커졌지만 인품은 왜소해지고 이익은 더 많이 추구하지만 관계는 더 나빠졌다.#@문장구분# 여가 시간은 늘어났어도 마음의 평화는 줄어들었다.#@문장구분# 우리가 소중하게 생각했던 것들을 우리는 너무 많이 그리고 너무 빨리 잃어가고 있다.#@문장구분# 현대사회가 주는 여러 가지 편의성이나 편리함을 가지게 되었지만, 우리가 그에 반비례해서 소중한 것을 너무 많이 잃고 있다.#@문장구분# 우리는 이러한 경험을 하고 있지만, 잘 인지하지 못하고 살아가는 것 같다.#@문장구분#",
      "paragraph_len": 1216,
      "paragraph_id": "001"
    }
  ],
  "score": {
    "paragraph_score": [
      {
        "paragraph_scoreT": [
          3,
          3,
          3
        ],
        "paragraph_scoreT_detail": {
          "paragraph_scoreT_exp": [
            [
              3,
              3,
              3
            ],
            [
              3,
              3,
              3
            ],
            [
              3,
              3,
              3
            ]
          ]
        },
        "paragraph_scoreT_avg": 3,
        "paragraph_id": "001"
      }
    ],
    "essay_scoreT": [
      30,
      26.5,
      28.5
    ],
    "essay_scoreT_avg": 28.333334,
    "essay_scoreT_detail": {
      "essay_scoreT_org": [
        [
          3,
          3,
          3,
          3
        ],
        [
          3,
          3,
          3,
          3
        ],
        [
          3,
          3,
          3,
          3
        ]
      ],
      "essay_scoreT_cont": [
        [
          3,
          3,
          0,
          3
        ],
        [
          2,
          2,
          0,
          3
        ],
        [
          3,
          2,
          0,
          3
        ]
      ],
      "essay_scoreT_exp": [
        [
          3,
          3,
          3
        ],
        [
          3,
          3,
          3
        ],
        [
          3,
          3,
          3
        ]
      ]
    }
  },
  "student": {
    "date": "2021.12.17",
    "student_educated": true,
    "student_grade": "고등_1학년",
    "location": "044",
    "student_grade_group": "고등",
    "student_reading": 3
  },
  "rubric": {
    "essay_grade": "고등_1학년",
    "organization_weight": {
      "org_paragraph": 2,
      "org": 2,
      "org_essay": 4,
      "org_coherence": 2,
      "org_quantity": 1
    },
    "essay_type": "글짓기",
    "content_weight": {
      "con_clearance": 4,
      "con_novelty": 3,
      "con": 4,
      "con_prompt": 0,
      "con_description": 1
    },
    "essay_main_subject": "소중함을 잃었던 경험",
    "expression_weight": {
      "exp_style": 1,
      "exp_grammar": 2,
      "exp_vocab": 3,
      "exp": 4
    }
  },
  "correction": [],
  "info": {
    "essay_id": "ESSAY_66011",
    "essay_prompt": " 익숙함에 속아 소중함을 잊지 말자는 명언 (Do not get fooled by something familiar and forget what is priceless.)이 있습니다.\n\n 부모님께서 매일 해주시는 아침밥이나, 너무 친해서 매일 맛있는 간식을 사주는 친구 등 처음에는 매우 감사했지만 반복되는 호의에 우리는 소중함을 잊어가기도 합니다.\n\n 작은 소중함일지라도 그 소중함을 잃게 되면 호의를 베푸는 사람 입장에서는 매우 당황스럽고 기분이 나쁠 수 있어요.\n\n 여러분은 익숙함에 속아 소중함을 잊었던 사례와 그로 인해 상대방의 기분을 나쁘게 했던 경험이 있나요? 만약 있다면 관계를 회복하기 위해 어떤 노력을 하셨나요? 본인의 경험을 작성해주세요.\n\n 만약 그런 적이 없다면 주변의 이야기나 본인에게 소중함을 주는 사람들에 관해 설명해주세요.",
    "essay_type": "글짓기",
    "essay_level": "2",
    "essay_len": 796,
    "essay_main_subject": "소중함을 잃었던 경험"
  }
}