{
  "paragraph": [
    {
      "paragraph_txt": "사람들은 가장 소중한 것들을 챙기기 위해 그리고 그것을 잃지 않기 위해 프랭클린 플래너를 사용한다. #@문장구분#프랭클린 플래너를 나도 작년부터 부터 우연히 사용하게 되었다.#@문장구분# 두 달짜리 온라인 강의도 듣고, 석 달짜리 독서통신교육도 받으면서 플래너 사용법과 그 마인드를 익혀 나갔다. #@문장구분#당시에는 참으로 절실하게 속으로 눈물을 삼키며 강의를 듣곤 했었다.#@문장구분#개인시간이 돌아오기 어려운 학교생활이 너무나도 힘들었기 때문이다.#@문장구분# 소중한 것을 먼저하면 나아질 것 같아서였다.#@문장구분# 플래너를 사용하며 아무리 소중한 것을 먼저 하려고 노력해도 학교생활 자체가 질적으로 틀려지지는 않았다. 플래너를 사용하다가 하지 않다가를 반복하며 어쨋든 2년째 플래너를 사용하고 있다. #@문장구분#신기한 것은 잊고 있던 플래너를 자연스레 사용하게 되는 시기는 일정이 가장 힘들고 심적으로 가장 부담스러운 시기였다. #@문장구분#그 때는 이상하게도 플래너를 사용하여 내 할일과 일정과 가치관을 다시금 다듬으며 위기를 넘어갔던 것 같다.#@문장구분# 핸드폰으로 일정과 할일 관리를 하는 것을 장기간 시도해 봤고 그것이 꽤 편리하고 뛰어나지만 그것에는 영적인 어떤 것이 포함되지 못했다.#@문장구분# 나는 어영부영 프랭클린 플래너를 다시 사용하고 있다.#@문장구분# 내가 쓰는 플래너는 8만원 짜리 엠브리지 CEO 시리즈이다. #@문장구분#다이어리 하나 8만원하면 꽤 미친 가격이다.#@문장구분# 그렇다고 이름이나 알아주는 명품도 아닌 것이 비싼 것은 사실이다. #@문장구분#8만원을 이렇게 쓸 수도 있고 저렇게 쓸 수도 있지만 나는 8만원으로 바쁘고 어려운 시기를 살아가는 지혜와 아직도 가지고 있는 꿈과 목표를 관리하는 도구를 사용하는데 지출한다.#@문장구분#",
      "paragraph_len": 1081,
      "paragraph_id": "001"
    }
  ],
  "score": {
    "paragraph_score": [
      {
        "paragraph_scoreT": [
          3,
          3,
          3
        ],
        "paragraph_scoreT_detail": {
          "paragraph_scoreT_exp": [
            [
              3,
              3,
              3
            ],
            [
              3,
              3,
              3
            ],
            [
              3,
              3,
              3
            ]
          ]
        },
        "paragraph_scoreT_avg": 3,
        "paragraph_id": "001"
      }
    ],
    "essay_scoreT": [
      25.11111,
      28,
      26.5
    ],
    "essay_scoreT_avg": 26.537039,
    "essay_scoreT_detail": {
      "essay_scoreT_org": [
        [
          2,
          3,
          3,
          3
        ],
        [
          3,
          3,
          3,
          3
        ],
        [
          3,
          3,
          3,
          3
        ]
      ],
      "essay_scoreT_cont": [
        [
          2,
          2,
          0,
          2
        ],
        [
          3,
          2,
          0,
          2
        ],
        [
          2,
          2,
          0,
          3
        ]
      ],
      "essay_scoreT_exp": [
        [
          3,
          3,
          3
        ],
        [
          3,
          3,
          3
        ],
        [
          3,
          3,
          3
        ]
      ]
    }
  },
  "student": {
    "date": "2021.12.17",
    "student_educated": true,
    "student_grade": "고등_1학년",
    "location": "041",
    "student_grade_group": "고등",
    "student_reading": 1
  },
  "rubric": {
    "essay_grade": "고등_1학년",
    "organization_weight": {
      "org_paragraph": 2,
      "org": 2,
      "org_essay": 4,
      "org_coherence": 2,
      "org_quantity": 1
    },
    "essay_type": "글짓기",
    "content_weight": {
      "con_clearance": 4,
      "con_novelty": 3,
      "con": 4,
      "con_prompt": 0,
      "con_description": 1
    },
    "essay_main_subject": "소중함을 잃었던 경험",
    "expression_weight": {
      "exp_style": 1,
      "exp_grammar": 2,
      "exp_vocab": 3,
      "exp": 4
    }
  },
  "correction": [],
  "info": {
    "essay_id": "ESSAY_73800",
    "essay_prompt": " 익숙함에 속아 소중함을 잊지 말자는 명언 (Do not get fooled by something familiar and forget what is priceless.)이 있습니다.\n\n 부모님께서 매일 해주시는 아침밥이나, 너무 친해서 매일 맛있는 간식을 사주는 친구 등 처음에는 매우 감사했지만 반복되는 호의에 우리는 소중함을 잊어가기도 합니다.\n\n 작은 소중함일지라도 그 소중함을 잃게 되면 호의를 베푸는 사람 입장에서는 매우 당황스럽고 기분이 나쁠 수 있어요.\n\n 여러분은 익숙함에 속아 소중함을 잊었던 사례와 그로 인해 상대방의 기분을 나쁘게 했던 경험이 있나요? 만약 있다면 관계를 회복하기 위해 어떤 노력을 하셨나요? 본인의 경험을 작성해주세요.\n\n 만약 그런 적이 없다면 주변의 이야기나 본인에게 소중함을 주는 사람들에 관해 설명해주세요.",
    "essay_type": "글짓기",
    "essay_level": "2",
    "essay_len": 782,
    "essay_main_subject": "소중함을 잃었던 경험"
  }
}