{
  "paragraph": [
    {
      "paragraph_txt": "우리는 익숙함에 속아 소중한것을 잃는 경우가 많습니다.#@문장구분# 처음에는 몰르지만 막상 그 편한것들이 사라지거나 경험을 통해 그것을 다시 느끼고는 합니다.#@문장구분# 저의 경험을 이야기해 보자면, 첫번째로 친구에게 말을 막 하다가 선을 넘어 버린것 입니다.#@문장구분# 너무 친하게 지내다 보니 생각없이 말을 너무 심하게 한것입니다.#@문장구분# 그래서 친구에게 너무 미안했고 정말 많은 사과를 했던 적이 있습니다.#@문장구분# 다행이 친구가 사과를 받아주어 다시 잘지내고 있습니다.#@문장구분# 하마터면 소중한 친구를 잃었을 수도 있다고 생각 합니다.#@문장구분#  편할 수록 더 조심 해야한다고 생각 합니다.#@문장구분# 두번째로는 나를 다정하게 맞이해주는 부모님 들에게 짜증내고 신경질적으로 행동하며 홀대했던 것 같습니다.#@문장구분# 이런 생각을 하게 된 계기는 부모님이 여행을 가셨을 때 많은 생각이 들었고 그때 많이 느꼈던거 같습니다.#@문장구분# 학원을 갔다가 집에 왔는데 항상 나를 반갑게 맞이해 주시던 부모님이 안계시니 뭔가 공허하고 기분이 묘했습니다.#@문장구분# 그때 제가 짜증을 많이 냈던게 생각이 났습니다.#@문장구분# 이게 바로 익숙함에 속아 소중한것을 잃지 말자 라는 단어에 맞는거 같습니다.#@문장구분# 부모님이 나를 사랑하는 것이 당연한 것이 아닌데 나는 그 사랑을 당연하다는 듯이 생각하고 부모님께 짜증만 내고 귀찮아 했던 나의 행동을 반성하는 계기가 되었습니다.#@문장구분# 우리는 살아가며 많은 행동들과 말로 인해 소중한것들을 잃는것 같습니다.#@문장구분# \"Do not get fooled by something familiar and forget what is priceless.\" 우리는 이단어를 머리속에 항상 생각하고 관계에 소홀하지 말아야 한다고 생각 합니다.#@문장구분#",
      "paragraph_len": 1116,
      "paragraph_id": "001"
    }
  ],
  "score": {
    "paragraph_score": [
      {
        "paragraph_scoreT": [
          3,
          2.1666667,
          2.1666667
        ],
        "paragraph_scoreT_detail": {
          "paragraph_scoreT_exp": [
            [
              3,
              3,
              3
            ],
            [
              2,
              2,
              3
            ],
            [
              2,
              2,
              3
            ]
          ]
        },
        "paragraph_scoreT_avg": 2.4444447,
        "paragraph_id": "001"
      }
    ],
    "essay_scoreT": [
      30,
      23.333334,
      25.333334
    ],
    "essay_scoreT_avg": 26.222223,
    "essay_scoreT_detail": {
      "essay_scoreT_org": [
        [
          3,
          3,
          3,
          3
        ],
        [
          2,
          2,
          3,
          3
        ],
        [
          2,
          2,
          3,
          3
        ]
      ],
      "essay_scoreT_cont": [
        [
          3,
          3,
          0,
          3
        ],
        [
          2,
          3,
          0,
          3
        ],
        [
          3,
          3,
          0,
          3
        ]
      ],
      "essay_scoreT_exp": [
        [
          3,
          3,
          3
        ],
        [
          2,
          2,
          3
        ],
        [
          2,
          2,
          3
        ]
      ]
    }
  },
  "student": {
    "date": "2021.12.15",
    "student_educated": true,
    "student_grade": "고등_1학년",
    "location": "063",
    "student_grade_group": "고등",
    "student_reading": 2
  },
  "rubric": {
    "essay_grade": "고등_1학년",
    "organization_weight": {
      "org_paragraph": 2,
      "org": 2,
      "org_essay": 4,
      "org_coherence": 2,
      "org_quantity": 1
    },
    "essay_type": "글짓기",
    "content_weight": {
      "con_clearance": 4,
      "con_novelty": 3,
      "con": 4,
      "con_prompt": 0,
      "con_description": 1
    },
    "essay_main_subject": "소중함을 잃었던 경험",
    "expression_weight": {
      "exp_style": 1,
      "exp_grammar": 2,
      "exp_vocab": 3,
      "exp": 4
    }
  },
  "correction": [],
  "info": {
    "essay_id": "ESSAY_66037",
    "essay_prompt": " 익숙함에 속아 소중함을 잊지 말자는 명언 (Do not get fooled by something familiar and forget what is priceless.)이 있습니다.\n\n 부모님께서 매일 해주시는 아침밥이나, 너무 친해서 매일 맛있는 간식을 사주는 친구 등 처음에는 매우 감사했지만 반복되는 호의에 우리는 소중함을 잊어가기도 합니다.\n\n 작은 소중함일지라도 그 소중함을 잃게 되면 호의를 베푸는 사람 입장에서는 매우 당황스럽고 기분이 나쁠 수 있어요.\n\n 여러분은 익숙함에 속아 소중함을 잊었던 사례와 그로 인해 상대방의 기분을 나쁘게 했던 경험이 있나요? 만약 있다면 관계를 회복하기 위해 어떤 노력을 하셨나요? 본인의 경험을 작성해주세요.\n\n 만약 그런 적이 없다면 주변의 이야기나 본인에게 소중함을 주는 사람들에 관해 설명해주세요.",
    "essay_type": "글짓기",
    "essay_level": "2",
    "essay_len": 796,
    "essay_main_subject": "소중함을 잃었던 경험"
  }
}