{
  "paragraph": [
    {
      "paragraph_txt": "우리에게 자유가 사라졌다.#@문장구분# 완전히는 아니지만 조금씩 사라지고 있는 기분이다.#@문장구분# 집밖을 다닐수가 없다.#@문장구분# 조심하지 않는 사람들 때문이다.#@문장구분# 마스크를 쓰지 않으면 버스나 지하철도 이용할 수 없다.#@문장구분# 혹시 잊어버리고 승차했다가 같이 탄 승객들한테 욕을 먹는다.#@문장구분# 학교에서도 꼭 마스크를 써야한다.#@문장구분# 급식 먹을때만빼고 친구들과 이야기 할때도 하루종일 마스크를 써야한다.#@문장구분# 운동을 할때도 산책을 할때도 카페나 은행을 이용할때도 마스크없이는 어디도 갈수가 없다.#@문장구분# 올해 고등학교1학년이된 나는 새로운 각오로 좋은 친구들과 수업도하고 같이 놀기도하고 게임도하고 노래방도 같이 다니고 싶었다.#@문장구분# 공부도 열심히 하려고 다짐을 했었다.#@문장구분# 스터디카페에서 밤샘공부도 해볼계획이었다.#@문장구분# 방학때는 가족여행도 가고 싶었다.#@문장구분# 여름방학때는 바닷가에서 사람많은 곳에서 수영도하고 파도도타고 겨울방학때마다 갔었던 화천강에가서 송어낚시도 하고 싶었다.#@문장구분# 그러나 코로나19가 나의 발목을 잡았다.#@문장구분# 나를 우울하게 만들었다.#@문장구분# 학교도 못가고,여행은 더욱이 꿈도 못꾸고 사람많은 곳은 피해야 하는 현실이다.#@문장구분# 1년정도면 끝날거라는 생각이었지만 2년째 이렇게 자유님없이 우리는 살아가야했다.#@문장구분# 자유님이 그립다.#@문장구분# 마스크없이 자유롭게 돌아다니고 놀고 싶은 생각이다.#@문장구분# 옛날에는 자유님이 이렇게 소중한줄 몰랐다.#@문장구분# 이렇게 소중한 자유님이 빨리 다시왔으면 좋겠다.#@문장구분#",
      "paragraph_len": 1101,
      "paragraph_id": "001"
    }
  ],
  "score": {
    "paragraph_score": [
      {
        "paragraph_scoreT": [
          3,
          2.5,
          3
        ],
        "paragraph_scoreT_detail": {
          "paragraph_scoreT_exp": [
            [
              3,
              3,
              3
            ],
            [
              2,
              3,
              2
            ],
            [
              3,
              3,
              3
            ]
          ]
        },
        "paragraph_scoreT_avg": 2.8333333,
        "paragraph_id": "001"
      }
    ],
    "essay_scoreT": [
      30,
      25.61111,
      28
    ],
    "essay_scoreT_avg": 27.87037,
    "essay_scoreT_detail": {
      "essay_scoreT_org": [
        [
          3,
          3,
          3,
          3
        ],
        [
          3,
          2,
          2,
          3
        ],
        [
          3,
          3,
          3,
          3
        ]
      ],
      "essay_scoreT_cont": [
        [
          3,
          3,
          0,
          3
        ],
        [
          3,
          2,
          0,
          3
        ],
        [
          2,
          3,
          0,
          3
        ]
      ],
      "essay_scoreT_exp": [
        [
          3,
          3,
          3
        ],
        [
          2,
          3,
          2
        ],
        [
          3,
          3,
          3
        ]
      ]
    }
  },
  "student": {
    "date": "2021.12.15",
    "student_educated": true,
    "student_grade": "고등_1학년",
    "location": "063",
    "student_grade_group": "고등",
    "student_reading": 1
  },
  "rubric": {
    "essay_grade": "고등_1학년",
    "organization_weight": {
      "org_paragraph": 2,
      "org": 2,
      "org_essay": 4,
      "org_coherence": 2,
      "org_quantity": 1
    },
    "essay_type": "글짓기",
    "content_weight": {
      "con_clearance": 4,
      "con_novelty": 3,
      "con": 4,
      "con_prompt": 0,
      "con_description": 1
    },
    "essay_main_subject": "소중함을 잃었던 경험",
    "expression_weight": {
      "exp_style": 1,
      "exp_grammar": 2,
      "exp_vocab": 3,
      "exp": 4
    }
  },
  "correction": [],
  "info": {
    "essay_id": "ESSAY_65844",
    "essay_prompt": " 익숙함에 속아 소중함을 잊지 말자는 명언 (Do not get fooled by something familiar and forget what is priceless.)이 있습니다.\n\n 부모님께서 매일 해주시는 아침밥이나, 너무 친해서 매일 맛있는 간식을 사주는 친구 등 처음에는 매우 감사했지만 반복되는 호의에 우리는 소중함을 잊어가기도 합니다.\n\n 작은 소중함일지라도 그 소중함을 잃게 되면 호의를 베푸는 사람 입장에서는 매우 당황스럽고 기분이 나쁠 수 있어요.\n\n 여러분은 익숙함에 속아 소중함을 잊었던 사례와 그로 인해 상대방의 기분을 나쁘게 했던 경험이 있나요? 만약 있다면 관계를 회복하기 위해 어떤 노력을 하셨나요? 본인의 경험을 작성해주세요.\n\n 만약 그런 적이 없다면 주변의 이야기나 본인에게 소중함을 주는 사람들에 관해 설명해주세요.",
    "essay_type": "글짓기",
    "essay_level": "2",
    "essay_len": 662,
    "essay_main_subject": "소중함을 잃었던 경험"
  }
}