{
  "paragraph": [
    {
      "paragraph_txt": "어느 영화 작품에서 집에 놀러 온 여주인공이 실수로 컵을 깨자 새삼 이 컵이 추억이 있는 소중한 컵이란 것을 깨닫고 애인에게 격하게 화를 내고, 애인이 삐져서 나가버리자 이번엔 애인이 새삼 소중하다는 것을 깨닫고 뒤늦게 애인에게 용서해 달라고 간절히 사정 하는 모습이 나옵니다.#@문장구분# 컵이든 애인이든 평소엔 그냥 숨을 쉬듯 당연하게 내옆에 있기 때문에 소중함에 대해 생각하지 못하고 있었지만 그것들이 떠나가거나 잃어버리고 나서야 그것들의 소중함을 생각하게 되는 모습이 나오는 것입니다.#@문장구분# 이런 모습은 영화 뿐만 아니라 현실에서도 나타납니다.#@문장구분# 인기 아이돌들이 20대 초반임에도 좋은집과 멋진차와 수많은 여성팬을 보유하여 모자름이 없는 삶을 살것 같아 보이지만 정작 본인은 얼마나 괴로운 인생이었는지 나만큼 힘든 사람 없다는 유서를 쓰고 자살하기도 하는 일이 벌어지기도 합니다.#@문장구분# 뿐만아니라 최근 90년대 연애인 태사자의 멤버는 현재 택배기사일을 하는데 자신은 예전에 연예인을 하면서 돈을 많이 벌고 인정받을때 보다 지금의 일이 행복하고 만족스럽다고 밝혀 눈길을 끌은 바가 있습니다.#@문장구분# 이런 모습들은 자신의 인생에서 소중함이 무엇인가 잊고 살다가 나중에 깨닫게 된 사람의 모습과 그것을 깨닫지 못해 괴롭워하다가 인생을 마감한 사람의 모습일 것입니다.#@문장구분# 우리는 이 두 경우를 비교해서 보고 내 인생의 소중함을 깨닫고 소중한 인생을 보람있게 즐겁게 살기 위해 노력해야 할것입니다.#@문장구분# 소중한 것을 잃기 전에 소중함을 깨닫고 감사하며 희망을 가지고 살아야 할 것입니다.#@문장구분#",
      "paragraph_len": 912,
      "paragraph_id": "001"
    }
  ],
  "score": {
    "paragraph_score": [
      {
        "paragraph_scoreT": [
          3,
          3,
          3
        ],
        "paragraph_scoreT_detail": {
          "paragraph_scoreT_exp": [
            [
              3,
              3,
              3
            ],
            [
              3,
              3,
              3
            ],
            [
              3,
              3,
              3
            ]
          ]
        },
        "paragraph_scoreT_avg": 3,
        "paragraph_id": "001"
      }
    ],
    "essay_scoreT": [
      28.5,
      28.5,
      30
    ],
    "essay_scoreT_avg": 29,
    "essay_scoreT_detail": {
      "essay_scoreT_org": [
        [
          3,
          3,
          3,
          3
        ],
        [
          3,
          3,
          3,
          3
        ],
        [
          3,
          3,
          3,
          3
        ]
      ],
      "essay_scoreT_cont": [
        [
          3,
          2,
          0,
          3
        ],
        [
          3,
          2,
          0,
          3
        ],
        [
          3,
          3,
          0,
          3
        ]
      ],
      "essay_scoreT_exp": [
        [
          3,
          3,
          3
        ],
        [
          3,
          3,
          3
        ],
        [
          3,
          3,
          3
        ]
      ]
    }
  },
  "student": {
    "date": "2021.12.15",
    "student_educated": true,
    "student_grade": "고등_1학년",
    "location": "063",
    "student_grade_group": "고등",
    "student_reading": 2
  },
  "rubric": {
    "essay_grade": "고등_1학년",
    "organization_weight": {
      "org_paragraph": 2,
      "org": 2,
      "org_essay": 4,
      "org_coherence": 2,
      "org_quantity": 1
    },
    "essay_type": "글짓기",
    "content_weight": {
      "con_clearance": 4,
      "con_novelty": 3,
      "con": 4,
      "con_prompt": 0,
      "con_description": 1
    },
    "essay_main_subject": "소중함을 잃었던 경험",
    "expression_weight": {
      "exp_style": 1,
      "exp_grammar": 2,
      "exp_vocab": 3,
      "exp": 4
    }
  },
  "correction": [],
  "info": {
    "essay_id": "ESSAY_62963",
    "essay_prompt": " 익숙함에 속아 소중함을 잊지 말자는 명언 (Do not get fooled by something familiar and forget what is priceless.)이 있습니다.\n\n 부모님께서 매일 해주시는 아침밥이나, 너무 친해서 매일 맛있는 간식을 사주는 친구 등 처음에는 매우 감사했지만 반복되는 호의에 우리는 소중함을 잊어가기도 합니다.\n\n 작은 소중함일지라도 그 소중함을 잃게 되면 호의를 베푸는 사람 입장에서는 매우 당황스럽고 기분이 나쁠 수 있어요.\n\n 여러분은 익숙함에 속아 소중함을 잊었던 사례와 그로 인해 상대방의 기분을 나쁘게 했던 경험이 있나요? 만약 있다면 관계를 회복하기 위해 어떤 노력을 하셨나요? 본인의 경험을 작성해주세요.\n\n 만약 그런 적이 없다면 주변의 이야기나 본인에게 소중함을 주는 사람들에 관해 설명해주세요.",
    "essay_type": "글짓기",
    "essay_level": "2",
    "essay_len": 752,
    "essay_main_subject": "소중함을 잃었던 경험"
  }
}