{
  "paragraph": [
    {
      "paragraph_txt": "내가 소중함을 잃었던 경험을 회상해 보자면 현재로부터 1년전 정도까지의 기간이라 생각이 든다.#@문장구분# 1년전 이맘때부터 오늘까지의 내가 성장해온 과정을 서술하여 보자면 정확히는 1년 전 쯤 그러니깐 중 3 마지막 시험을 마친 뒤 나는 그때 나의 진로가 불분명하고 무언가를 하고자 하는 의욕도 떨어져 없어진 상태였다.#@문장구분# 이제 눈앞에 시험도 사라지고 끝나고 시간도 많이 남아있고 분위기도 축제 분위기여서 그랬을까 나는 학교에서 배우는 형식적인 공부는 접어두고 내 인생에 대해 좀더 알아보는 시간을 가졌다.#@문장구분# 왜냐하면 나의 진로를 개척하여 보는만큼 더욱 중요한 일을 얻었으니까 말이다.#@문장구분# 나는 진로를 정하는 것이 곧 나의 삶이라고 생각했기 때문이다.#@문장구분# 그래서 나는 1년동안 이 일을 계속 해왔고 그러다 보니 학교 공부는 좀 소홀히 한 것 같기도 하고 가족 친구들과도 거리가 좀 멀어진 것 같기도 하다.#@문장구분# 이렇게 하루하루를 살아가다 보니 어느새 1년이 지나갔다. #@문장구분#때로는 힘도 좀 얻고 때로는 생각이 깊어지는 날들도 보내면서 점차 성장하게 된 것같다.#@문장구분# 이것이 내가 소중함을 잃었던 경험인것같다.#@문장구분# 1년동안 성장하는 과정을 겪었으니 앞으로도 계속 성장하면서 나의 아름다운 삶을 완성시켜나갔으면 좋겠다. #@문장구분#그러기 위해서는 내가 얻었던 교훈을 반면교사 삼아 살아가는게 중요할거같다. #@문장구분#앞으로는 잘 살아야겠다고 생각했다. #@문장구분#이상이다.#@문장구분#",
      "paragraph_len": 928,
      "paragraph_id": "001"
    }
  ],
  "score": {
    "paragraph_score": [
      {
        "paragraph_scoreT": [
          2.8333333,
          3,
          2.6666667
        ],
        "paragraph_scoreT_detail": {
          "paragraph_scoreT_exp": [
            [
              3,
              3,
              2
            ],
            [
              3,
              3,
              3
            ],
            [
              2,
              3,
              3
            ]
          ]
        },
        "paragraph_scoreT_avg": 2.8333333,
        "paragraph_id": "001"
      }
    ],
    "essay_scoreT": [
      24.222221,
      28,
      25.166668
    ],
    "essay_scoreT_avg": 25.796295,
    "essay_scoreT_detail": {
      "essay_scoreT_org": [
        [
          2,
          3,
          3,
          2
        ],
        [
          3,
          3,
          3,
          3
        ],
        [
          3,
          3,
          3,
          3
        ]
      ],
      "essay_scoreT_cont": [
        [
          2,
          2,
          0,
          2
        ],
        [
          3,
          2,
          0,
          2
        ],
        [
          2,
          2,
          0,
          3
        ]
      ],
      "essay_scoreT_exp": [
        [
          3,
          3,
          2
        ],
        [
          3,
          3,
          3
        ],
        [
          2,
          3,
          3
        ]
      ]
    }
  },
  "student": {
    "date": "2021.12.21",
    "student_educated": true,
    "student_grade": "고등_1학년",
    "location": "051",
    "student_grade_group": "고등",
    "student_reading": 2
  },
  "rubric": {
    "essay_grade": "고등_1학년",
    "organization_weight": {
      "org_paragraph": 2,
      "org": 2,
      "org_essay": 4,
      "org_coherence": 2,
      "org_quantity": 1
    },
    "essay_type": "글짓기",
    "content_weight": {
      "con_clearance": 4,
      "con_novelty": 3,
      "con": 4,
      "con_prompt": 0,
      "con_description": 1
    },
    "essay_main_subject": "소중함을 잃었던 경험",
    "expression_weight": {
      "exp_style": 1,
      "exp_grammar": 2,
      "exp_vocab": 3,
      "exp": 4
    }
  },
  "correction": [],
  "info": {
    "essay_id": "ESSAY_75423",
    "essay_prompt": " 익숙함에 속아 소중함을 잊지 말자는 명언 (Do not get fooled by something familiar and forget what is priceless.)이 있습니다.\n\n 부모님께서 매일 해주시는 아침밥이나, 너무 친해서 매일 맛있는 간식을 사주는 친구 등 처음에는 매우 감사했지만 반복되는 호의에 우리는 소중함을 잊어가기도 합니다.\n\n 작은 소중함일지라도 그 소중함을 잃게 되면 호의를 베푸는 사람 입장에서는 매우 당황스럽고 기분이 나쁠 수 있어요.\n\n 여러분은 익숙함에 속아 소중함을 잊었던 사례와 그로 인해 상대방의 기분을 나쁘게 했던 경험이 있나요? 만약 있다면 관계를 회복하기 위해 어떤 노력을 하셨나요? 본인의 경험을 작성해주세요.\n\n 만약 그런 적이 없다면 주변의 이야기나 본인에게 소중함을 주는 사람들에 관해 설명해주세요.",
    "essay_type": "글짓기",
    "essay_level": "2",
    "essay_len": 668,
    "essay_main_subject": "소중함을 잃었던 경험"
  }
}