{
  "paragraph": [
    {
      "paragraph_txt": "나는 아직고등학생이라 소중함을 잃었던 기억이 없는 것같다.#@문장구분# 그래서 엄마는 그런 기억이 있냐고 여쭤보니 바로 오늘도 그런느낌을 받아 기분나쁜일이 있었다고 하셨다.#@문장구분# 그얘기는 이모들 이야기이다.#@문장구분# 엄마는  큰이모,엄마,작은이모 이렇게 세자매이다.#@문장구분# 두분다 직장생활은 하신다.#@문장구분# 엄마도 작년까지 직장생활하시다가 퇴사하시고 집에서 살림만 하신다.#@문장구분# 그래서 엄마가 작년부터는 외할머니 병원 다니실때 같이 다니시겠다고 이모들한테 얘기해서 작년말부터 오늘까지 엄마혼자 외할머니와 병원을 다니셨다.#@문장구분#정형외과 안과,치과,산부인과,내과,피부과등등 연세가 많으시다보니 정기적으로 다니시는 병원이 두개이상은 되었다.#@문장구분# 한달에 두번 가실때도 있고 한달에 한번 가실때도 있어서 엄마가 항상 모시고 다녔다.#@문장구분# 처음에 이모들은 미안하다며 고맙다고 하셨다.#@문장구분# 엄마는 \"집에있는 사람이 다니는게 당연하지.#@문장구분# 엄마 모시고 다닐수 있어서 감사할뿐이야\"라고 늘 그렇게 말씀하셨다.#@문장구분# 그런데 이모들이 점점 당연하게 생각하는것 같다고 했다.#@문장구분# 그래도 서운한 내색하지않고 딸이니 당연히 해야할일 이라며 속으로 생각하고 계셨다한다.#@문장구분# 그런데 큰이모가 은행에서 올해 12월말에 희망퇴직을 하신다.#@문장구분# 그러기전에 외할머니 백내장 수술해드리려 백내장 수술하는날 엄마가 병원에 다녀오셨는데 엄마가 아르바이트를 하시는 중이었었다.#@문장구분# 수술하고 바로 한주후 또 엄마보고 다녀오라고 하시곤 병원비영수증 오늘 무조건 회사에 제출해야하니 받아서 큰이모 회사로 갔다달라고 까지 하셨다.#@문장구분# 엄마는 물론 용돈벌이를 하는 거지만 엄마도 일이 있는데 이모가 너무 당연하게 생각하시는 것같아 기분나쁘셨다고 했다.#@문장구분# 곧 큰이모가 퇴사하시면 내년부터는 큰이모가 계속 병원에 같이 다니기로 하셔서 유종의 미를 거둔다며 아무말씀 않하셨다고 한다.#@문장구분#",
      "paragraph_len": 1238,
      "paragraph_id": "001"
    }
  ],
  "score": {
    "paragraph_score": [
      {
        "paragraph_scoreT": [
          3,
          2.5,
          3
        ],
        "paragraph_scoreT_detail": {
          "paragraph_scoreT_exp": [
            [
              3,
              3,
              3
            ],
            [
              2,
              3,
              2
            ],
            [
              3,
              3,
              3
            ]
          ]
        },
        "paragraph_scoreT_avg": 2.8333333,
        "paragraph_id": "001"
      }
    ],
    "essay_scoreT": [
      30,
      25.61111,
      27.5
    ],
    "essay_scoreT_avg": 27.703705,
    "essay_scoreT_detail": {
      "essay_scoreT_org": [
        [
          3,
          3,
          3,
          3
        ],
        [
          3,
          2,
          2,
          3
        ],
        [
          3,
          3,
          3,
          3
        ]
      ],
      "essay_scoreT_cont": [
        [
          3,
          3,
          0,
          3
        ],
        [
          3,
          2,
          0,
          3
        ],
        [
          2,
          3,
          0,
          2
        ]
      ],
      "essay_scoreT_exp": [
        [
          3,
          3,
          3
        ],
        [
          2,
          3,
          2
        ],
        [
          3,
          3,
          3
        ]
      ]
    }
  },
  "student": {
    "date": "2021.12.15",
    "student_educated": true,
    "student_grade": "고등_1학년",
    "location": "063",
    "student_grade_group": "고등",
    "student_reading": 1
  },
  "rubric": {
    "essay_grade": "고등_1학년",
    "organization_weight": {
      "org_paragraph": 2,
      "org": 2,
      "org_essay": 4,
      "org_coherence": 2,
      "org_quantity": 1
    },
    "essay_type": "글짓기",
    "content_weight": {
      "con_clearance": 4,
      "con_novelty": 3,
      "con": 4,
      "con_prompt": 0,
      "con_description": 1
    },
    "essay_main_subject": "소중함을 잃었던 경험",
    "expression_weight": {
      "exp_style": 1,
      "exp_grammar": 2,
      "exp_vocab": 3,
      "exp": 4
    }
  },
  "correction": [],
  "info": {
    "essay_id": "ESSAY_65846",
    "essay_prompt": " 익숙함에 속아 소중함을 잊지 말자는 명언 (Do not get fooled by something familiar and forget what is priceless.)이 있습니다.\n\n 부모님께서 매일 해주시는 아침밥이나, 너무 친해서 매일 맛있는 간식을 사주는 친구 등 처음에는 매우 감사했지만 반복되는 호의에 우리는 소중함을 잊어가기도 합니다.\n\n 작은 소중함일지라도 그 소중함을 잃게 되면 호의를 베푸는 사람 입장에서는 매우 당황스럽고 기분이 나쁠 수 있어요.\n\n 여러분은 익숙함에 속아 소중함을 잊었던 사례와 그로 인해 상대방의 기분을 나쁘게 했던 경험이 있나요? 만약 있다면 관계를 회복하기 위해 어떤 노력을 하셨나요? 본인의 경험을 작성해주세요.\n\n 만약 그런 적이 없다면 주변의 이야기나 본인에게 소중함을 주는 사람들에 관해 설명해주세요.",
    "essay_type": "글짓기",
    "essay_level": "2",
    "essay_len": 860,
    "essay_main_subject": "소중함을 잃었던 경험"
  }
}