{
  "paragraph": [
    {
      "paragraph_txt": "코로나가 터지고 마스크를 쓰고 다녀야 해서 온라인 수업을 하게 되어서 친구들 얼굴을 제대로 본적이 없고 항상 마스크를 쓰고 있는 모습만 봐서 벗으면 느낌이 이상하다.#@문장구분#\n이 코로나로 인해 마스크를 쓰고 다니니 친구들의 눈만 기억하게 되어 누가누군지 잘 모르게 되었다.#@문장구분# 중학교 3학년때 부터 지금까지 계속 마스크를 쓰고 지내니 감기는 안걸려서 좋지만 너무 답답하다.#@문장구분# 이제는 익숙해져 오히려 벗는게 이상할 정도의 지경까지 오게 되어 너무 슬프다#@문장구분# 이 놈의 코로나 때문에 학교도 제대로 가지도 못하고 길거리에서 뭐 먹지도 못하고 가게 닫는 시간이 빨라지게 되어 너무 힘들다.#@문장구분# 주말에 친구들이랑 놀고싶은데 코로나라 어디가지도 못하고 집에만 있으니 편하긴 한데 뭔가 불편하다.#@문장구분#\n예전처럼 돌아가지는 못해도 빨리 백신이 나오면 좋겠다.#@문장구분# 완전히 치료될수 있는....#@문장구분#\n코로나라 가게도 빨리 닫는데 점점 많아져 이제는 무시하고 전면등교를 한다는 것이 놀랍다.#@문장구분# 아무리 학교가 더 중요하다고 해서 위험한 상황에 저렇게 하는 건 말이안된다고 생각한다.#@문장구분# 학교나 학원에서 물 먹기도 좀 그렇다 마스크를 벗어야 하기 때문이다.#@문장구분# \n이렇게 해서 코로나가 익숙해져 친구의 얼굴을 잊어간다.#@문장구분# 눈만 기억함으로서 아무것도 못함으로서\n나는 열심히 마스크를 쓰고 다녔다.#@문장구분#",
      "paragraph_len": 886,
      "paragraph_id": "001"
    }
  ],
  "score": {
    "paragraph_score": [
      {
        "paragraph_scoreT": [
          2.8333333,
          3,
          2.5
        ],
        "paragraph_scoreT_detail": {
          "paragraph_scoreT_exp": [
            [
              3,
              3,
              2
            ],
            [
              3,
              3,
              3
            ],
            [
              2,
              3,
              2
            ]
          ]
        },
        "paragraph_scoreT_avg": 2.7777777,
        "paragraph_id": "001"
      }
    ],
    "essay_scoreT": [
      26.222221,
      25.944445,
      24.5
    ],
    "essay_scoreT_avg": 25.555555,
    "essay_scoreT_detail": {
      "essay_scoreT_org": [
        [
          2,
          3,
          3,
          2
        ],
        [
          2,
          2,
          3,
          2
        ],
        [
          3,
          3,
          3,
          3
        ]
      ],
      "essay_scoreT_cont": [
        [
          3,
          2,
          0,
          2
        ],
        [
          2,
          3,
          0,
          2
        ],
        [
          2,
          2,
          0,
          3
        ]
      ],
      "essay_scoreT_exp": [
        [
          3,
          3,
          2
        ],
        [
          3,
          3,
          3
        ],
        [
          2,
          3,
          2
        ]
      ]
    }
  },
  "student": {
    "date": "2021.09.13",
    "student_educated": true,
    "student_grade": "고등_1학년",
    "location": "051",
    "student_grade_group": "고등",
    "student_reading": 1
  },
  "rubric": {
    "essay_grade": "고등_1학년",
    "organization_weight": {
      "org_paragraph": 2,
      "org": 2,
      "org_essay": 4,
      "org_coherence": 2,
      "org_quantity": 1
    },
    "essay_type": "글짓기",
    "content_weight": {
      "con_clearance": 4,
      "con_novelty": 3,
      "con": 4,
      "con_prompt": 0,
      "con_description": 1
    },
    "essay_main_subject": "소중함을 잃었던 경험",
    "expression_weight": {
      "exp_style": 1,
      "exp_grammar": 2,
      "exp_vocab": 3,
      "exp": 4
    }
  },
  "correction": [],
  "info": {
    "essay_id": "ESSAY_33999",
    "essay_prompt": " 익숙함에 속아 소중함을 잊지 말자는 명언 (Do not get fooled by something familiar and forget what is priceless.)이 있습니다.\n\n 부모님께서 매일 해주시는 아침밥이나, 너무 친해서 매일 맛있는 간식을 사주는 친구 등 처음에는 매우 감사했지만 반복되는 호의에 우리는 소중함을 잊어가기도 합니다.\n\n 작은 소중함일지라도 그 소중함을 잃게 되면 호의를 베푸는 사람 입장에서는 매우 당황스럽고 기분이 나쁠 수 있어요.\n\n 여러분은 익숙함에 속아 소중함을 잊었던 사례와 그로 인해 상대방의 기분을 나쁘게 했던 경험이 있나요? 만약 있다면 관계를 회복하기 위해 어떤 노력을 하셨나요? 본인의 경험을 작성해주세요.\n\n 만약 그런 적이 없다면 주변의 이야기나 본인에게 소중함을 주는 사람들에 관해 설명해주세요.",
    "essay_type": "글짓기",
    "essay_level": "2",
    "essay_len": 626,
    "essay_main_subject": "소중함을 잃었던 경험"
  }
}