{
  "paragraph": [
    {
      "paragraph_txt": "소중함이라는건 내 주위 모든 것들에게 적용되는 것 같습니다.#@문장구분# 친구, 가족, 심지어 내 손톱 하나하나 까지도 손톱 하나만 없어도 불편한 점이 이만저만이 아닙디다.#@문장구분# 손톱 하나 마저도 소중한데 주변에 있는 가족과 친구, 선생님들은 얼마나 소중한 것일까?#@문장구분# 언젠가 저는 이런 경험을 한적이있습니다.#@문장구분# 때는 중학교 2학년 쯔음인데요.#@문장구분# 그 때 저희 가족들과 같이 밖에서 외식을 하러 갔었습니다.#@문장구분#그러고 나서는 저는 어쩌다가 워터파크 얘기가 나왔습니다.#@문장구분# 저는 말했죠 #@문장구분#\"아, 워터파크 가고 싶다.\" 그러자 부모님은 말씀하셨습니다.#@문장구분# \"그럼 가족끼리 갈까?\" 저는 그 당시에 이렇게 말했습니다.#@문장구분# \"에이 가족들끼리 가면 뭐가 재밌어?\" 했더니 어머니가 서운하다하고며 가족과 가는 즐거움도 있지안냐고 하시는 어머니께  친구들이랑 가는게 더재밌다고 해버렸습니다.#@문장구분# 저는 친구들과 노는 것이 너무나도 재미있어서 그런 재미에만 익숙해져 있었고 더 중요한 우리 가족들과의 소중한 재미와 추억을 까먹고 있었습니다. #@문장구분#저는 저 말을 하고 아차 싶었습니다.#@문장구분# 어머니는 그 말을 듣고 황당해 하셨습니다. 저는 정말 이 일을 어떻게 할지 몰랐습니다.#@문장구분# 그러고는 어머니는 저와 집에 가기 전까지 말을 안 하셨구요.#@문장구분# 저는 집까지 오면서 어머니께 말도 걸고 안아도 보고 온갖 노력이라는 노력은 다 해보았지만 어머니는 안 받아 주셨죠.#@문장구분#저는 그러고는 집에 와서 자기 전에 용기를 내서 부모님께 사과를 드렸습니다.#@문장구분# 그러자 부모님은 \"친구도 소중하지만 가족이 더 소중한 거야.#@문장구분#  가족이랑 함께 있는 것이 더 즐겁고 행복한 거야.\" 라고 말씀을 해 주셨고 저는 그 말을 듣고 교훈을 느꼈습니다.#@문장구분#",
      "paragraph_len": 1180,
      "paragraph_id": "001"
    }
  ],
  "score": {
    "paragraph_score": [
      {
        "paragraph_scoreT": [
          2.3333333,
          3,
          3
        ],
        "paragraph_scoreT_detail": {
          "paragraph_scoreT_exp": [
            [
              3,
              2,
              2
            ],
            [
              3,
              3,
              3
            ],
            [
              3,
              3,
              3
            ]
          ]
        },
        "paragraph_scoreT_avg": 2.7777777,
        "paragraph_id": "001"
      }
    ],
    "essay_scoreT": [
      24.88889,
      27.61111,
      28.666666
    ],
    "essay_scoreT_avg": 27.055555,
    "essay_scoreT_detail": {
      "essay_scoreT_org": [
        [
          3,
          2,
          3,
          3
        ],
        [
          2,
          3,
          3,
          3
        ],
        [
          2,
          2,
          3,
          3
        ]
      ],
      "essay_scoreT_cont": [
        [
          3,
          2,
          0,
          2
        ],
        [
          3,
          2,
          0,
          3
        ],
        [
          3,
          3,
          0,
          3
        ]
      ],
      "essay_scoreT_exp": [
        [
          3,
          2,
          2
        ],
        [
          3,
          3,
          3
        ],
        [
          3,
          3,
          3
        ]
      ]
    }
  },
  "student": {
    "date": "2021.12.20",
    "student_educated": true,
    "student_grade": "고등_1학년",
    "location": "063",
    "student_grade_group": "고등",
    "student_reading": 2
  },
  "rubric": {
    "essay_grade": "고등_1학년",
    "organization_weight": {
      "org_paragraph": 2,
      "org": 2,
      "org_essay": 4,
      "org_coherence": 2,
      "org_quantity": 1
    },
    "essay_type": "글짓기",
    "content_weight": {
      "con_clearance": 4,
      "con_novelty": 3,
      "con": 4,
      "con_prompt": 0,
      "con_description": 1
    },
    "essay_main_subject": "소중함을 잃었던 경험",
    "expression_weight": {
      "exp_style": 1,
      "exp_grammar": 2,
      "exp_vocab": 3,
      "exp": 4
    }
  },
  "correction": [],
  "info": {
    "essay_id": "ESSAY_73432",
    "essay_prompt": " 익숙함에 속아 소중함을 잊지 말자는 명언 (Do not get fooled by something familiar and forget what is priceless.)이 있습니다.\n\n 부모님께서 매일 해주시는 아침밥이나, 너무 친해서 매일 맛있는 간식을 사주는 친구 등 처음에는 매우 감사했지만 반복되는 호의에 우리는 소중함을 잊어가기도 합니다.\n\n 작은 소중함일지라도 그 소중함을 잃게 되면 호의를 베푸는 사람 입장에서는 매우 당황스럽고 기분이 나쁠 수 있어요.\n\n 여러분은 익숙함에 속아 소중함을 잊었던 사례와 그로 인해 상대방의 기분을 나쁘게 했던 경험이 있나요? 만약 있다면 관계를 회복하기 위해 어떤 노력을 하셨나요? 본인의 경험을 작성해주세요.\n\n 만약 그런 적이 없다면 주변의 이야기나 본인에게 소중함을 주는 사람들에 관해 설명해주세요.",
    "essay_type": "글짓기",
    "essay_level": "2",
    "essay_len": 803,
    "essay_main_subject": "소중함을 잃었던 경험"
  }
}