{
  "paragraph": [
    {
      "paragraph_txt": "나의 소중함은 나의 친구이다.#@문장구분# 하지만 내일이면 없을지도 모른다.#@문장구분# 나는 항상 생각한다.#@문장구분# 친구는 항상 나의 곁에 있지만 언제 까지고 나와 같이 있을 수 없다는 것을 나의 학년이 올라갈 때마다 친구들을 새롭게 바뀐다.#@문장구분# 나는 그 과정에서 옛 친구의 소중함을 항상 잃는다.#@문장구분# 물론 옛 친구와 지금까지도 친하게 지내고 있는 친구도 있다.#@문장구분# 하지만 대부분의 친구를 잃는다.#@문장구분# 솔직히 난 친구를 잃을 때마다 그게 당연한지 알았다.#@문장구분# 왜냐하면 학년이 올라갈수록 그 새로운 친구를 사귀고 예전의 친구와 거의 만나거나 놀지 않아 멀어지는 것이 당연하다고 생각하였다.#@문장구분# 하지만 고등학교에 올라와서 친구의 소중함을 많이 배웠다.#@문장구분# 우리 학교는 기숙사를 다니는 학교로 집에 있는 것보다 기숙사에 있는 시간이 더욱 많다.#@문장구분# 그래서 처음에는 두렵기도 하고 잘해 나갈 수 없으리라 생각하였다.#@문장구분# 하지만 이제는 친구의 소중함을 느끼고 친구들이 가족 같다고 생각된다.#@문장구분# 앞으로는 시간이 지나도 친구들을 잊지 않을 것이며 진짜 가족같이 친하게 지내야겠다고 생각한다.#@문장구분# 하지만 막상 시간이 지나면 이러한 다짐들을 까먹곤 한다.#@문장구분# 소중함이 익숙해 지는 것이다.#@문장구분# 이러한 소중함을 잊지 않기 위해서는 노력이 필요하다고 생각한다.#@문장구분# 연애할때도 보면 서로 노력해야 하듯이, 소중함을 잊지 않기 위해 우리 모두 노력하는 사람들이 되도록 노력을 해보면 좋을 것 같다.#@문장구분#",
      "paragraph_len": 1029,
      "paragraph_id": "001"
    }
  ],
  "score": {
    "paragraph_score": [
      {
        "paragraph_scoreT": [
          3,
          3,
          3
        ],
        "paragraph_scoreT_detail": {
          "paragraph_scoreT_exp": [
            [
              3,
              3,
              3
            ],
            [
              3,
              3,
              3
            ],
            [
              3,
              3,
              3
            ]
          ]
        },
        "paragraph_scoreT_avg": 3,
        "paragraph_id": "001"
      }
    ],
    "essay_scoreT": [
      28.5,
      28.5,
      30
    ],
    "essay_scoreT_avg": 29,
    "essay_scoreT_detail": {
      "essay_scoreT_org": [
        [
          3,
          3,
          3,
          3
        ],
        [
          3,
          3,
          3,
          3
        ],
        [
          3,
          3,
          3,
          3
        ]
      ],
      "essay_scoreT_cont": [
        [
          3,
          2,
          0,
          3
        ],
        [
          3,
          2,
          0,
          3
        ],
        [
          3,
          3,
          0,
          3
        ]
      ],
      "essay_scoreT_exp": [
        [
          3,
          3,
          3
        ],
        [
          3,
          3,
          3
        ],
        [
          3,
          3,
          3
        ]
      ]
    }
  },
  "student": {
    "date": "2021.11.18",
    "student_educated": true,
    "student_grade": "고등_1학년",
    "location": "054",
    "student_grade_group": "고등",
    "student_reading": 1
  },
  "rubric": {
    "essay_grade": "고등_1학년",
    "organization_weight": {
      "org_paragraph": 2,
      "org": 2,
      "org_essay": 4,
      "org_coherence": 2,
      "org_quantity": 1
    },
    "essay_type": "글짓기",
    "content_weight": {
      "con_clearance": 4,
      "con_novelty": 3,
      "con": 4,
      "con_prompt": 0,
      "con_description": 1
    },
    "essay_main_subject": "소중함을 잃었던 경험",
    "expression_weight": {
      "exp_style": 1,
      "exp_grammar": 2,
      "exp_vocab": 3,
      "exp": 4
    }
  },
  "correction": [],
  "info": {
    "essay_id": "ESSAY_47415",
    "essay_prompt": " 익숙함에 속아 소중함을 잊지 말자는 명언 (Do not get fooled by something familiar and forget what is priceless.)이 있습니다.\n\n 부모님께서 매일 해주시는 아침밥이나, 너무 친해서 매일 맛있는 간식을 사주는 친구 등 처음에는 매우 감사했지만 반복되는 호의에 우리는 소중함을 잊어가기도 합니다.\n\n 작은 소중함일지라도 그 소중함을 잃게 되면 호의를 베푸는 사람 입장에서는 매우 당황스럽고 기분이 나쁠 수 있어요.\n\n 여러분은 익숙함에 속아 소중함을 잊었던 사례와 그로 인해 상대방의 기분을 나쁘게 했던 경험이 있나요? 만약 있다면 관계를 회복하기 위해 어떤 노력을 하셨나요? 본인의 경험을 작성해주세요.\n\n 만약 그런 적이 없다면 주변의 이야기나 본인에게 소중함을 주는 사람들에 관해 설명해주세요.",
    "essay_type": "글짓기",
    "essay_level": "2",
    "essay_len": 669,
    "essay_main_subject": "소중함을 잃었던 경험"
  }
}