{
  "paragraph": [
    {
      "paragraph_txt": "아무리 서로 친하다고 해도 서로 얼굴을 보지 않으면 멀어지는 법입니다.#@문장구분# 제가 겪은 익숙함에 속아 소중함을 잃은 일은 정말 친구와 직접적인 갈등이 있었던 것이 아니었습니다.#@문장구분# 그저 연락을 하지 않아 서로가 멀어졌을 뿐이었습니다.#@문장구분# 중학교 3학년 때 새로 들어갈 동아리를 선택해야 했던 저는 우물쭈물거리다가 친구들과 들어가기로 약속한 동아리에 혼자만 떨어지게 되었습니다.#@문장구분# 남아있던 뜨개질부와 큐브부 중 저는 아예 소질이 없는 뜨개질보다는 도전해보지 않은 큐브에 도전하기로 하고 큐브부에 들어갔습니다.#@문장구분# 큐브를 만져본 적도 없었던 저는 동아리 활동 첫날 2X2큐브를 가져가 기초부터 배워보려고 했습니다.#@문장구분# 하지만 제가 기대했던 것과는 달리 큐브반은 초심자를 위한 동아리가 아니었습니다.#@문장구분# 담당 선생님께서 말씀하시길, 원래 큐브를 알던 사람들이 신청해서 실력을 향상하는 것이 목적이라고 하셨습니다.#@문장구분#어쩌다가 큐브를 독학하게 된 저는 용기를 내 옆자리에 있던 친구에게 말을 걸어습니다.#@문장구분# 다행히도 제게 큐브를 맞추는 방법을 친절하게 알려주었습니다.#@문장구분# 동아리 시간마다 그 친구와 이야기를 하다보니 자연스럽게 서로 친해졌고 연락처도 주고받았습니다.#@문장구분# 그때는 굳이 연락을 하지 않았습니다.#@문장구분# 학교에서 어차피 볼 것이라고 생각해 불필요하다고 여겼기 때문입니다.#@문장구분# 한 번 연락을 하지 않으니 계속 연락을 하지 않게 되고, 지금은 매우 어색한 사이가 되어버렸습니다. #@문장구분#",
      "paragraph_len": 977,
      "paragraph_id": "001"
    }
  ],
  "score": {
    "paragraph_score": [
      {
        "paragraph_scoreT": [
          3,
          3,
          2.1666667
        ],
        "paragraph_scoreT_detail": {
          "paragraph_scoreT_exp": [
            [
              3,
              3,
              3
            ],
            [
              3,
              3,
              3
            ],
            [
              2,
              2,
              3
            ]
          ]
        },
        "paragraph_scoreT_avg": 2.7222223,
        "paragraph_id": "001"
      }
    ],
    "essay_scoreT": [
      25.555555,
      25.61111,
      20.88889
    ],
    "essay_scoreT_avg": 24.018518,
    "essay_scoreT_detail": {
      "essay_scoreT_org": [
        [
          3,
          2,
          3,
          3
        ],
        [
          2,
          3,
          3,
          3
        ],
        [
          2,
          2,
          2,
          3
        ]
      ],
      "essay_scoreT_cont": [
        [
          2,
          2,
          0,
          2
        ],
        [
          2,
          2,
          0,
          3
        ],
        [
          2,
          2,
          0,
          2
        ]
      ],
      "essay_scoreT_exp": [
        [
          3,
          3,
          3
        ],
        [
          3,
          3,
          3
        ],
        [
          2,
          2,
          3
        ]
      ]
    }
  },
  "student": {
    "date": "2021.12.21",
    "student_educated": true,
    "student_grade": "고등_1학년",
    "location": "031",
    "student_grade_group": "고등",
    "student_reading": 2
  },
  "rubric": {
    "essay_grade": "고등_1학년",
    "organization_weight": {
      "org_paragraph": 2,
      "org": 2,
      "org_essay": 4,
      "org_coherence": 2,
      "org_quantity": 1
    },
    "essay_type": "글짓기",
    "content_weight": {
      "con_clearance": 4,
      "con_novelty": 3,
      "con": 4,
      "con_prompt": 0,
      "con_description": 1
    },
    "essay_main_subject": "소중함을 잃었던 경험",
    "expression_weight": {
      "exp_style": 1,
      "exp_grammar": 2,
      "exp_vocab": 3,
      "exp": 4
    }
  },
  "correction": [],
  "info": {
    "essay_id": "ESSAY_73568",
    "essay_prompt": " 익숙함에 속아 소중함을 잊지 말자는 명언 (Do not get fooled by something familiar and forget what is priceless.)이 있습니다.\n\n 부모님께서 매일 해주시는 아침밥이나, 너무 친해서 매일 맛있는 간식을 사주는 친구 등 처음에는 매우 감사했지만 반복되는 호의에 우리는 소중함을 잊어가기도 합니다.\n\n 작은 소중함일지라도 그 소중함을 잃게 되면 호의를 베푸는 사람 입장에서는 매우 당황스럽고 기분이 나쁠 수 있어요.\n\n 여러분은 익숙함에 속아 소중함을 잊었던 사례와 그로 인해 상대방의 기분을 나쁘게 했던 경험이 있나요? 만약 있다면 관계를 회복하기 위해 어떤 노력을 하셨나요? 본인의 경험을 작성해주세요.\n\n 만약 그런 적이 없다면 주변의 이야기나 본인에게 소중함을 주는 사람들에 관해 설명해주세요.",
    "essay_type": "글짓기",
    "essay_level": "2",
    "essay_len": 689,
    "essay_main_subject": "소중함을 잃었던 경험"
  }
}