{
  "paragraph": [
    {
      "paragraph_txt": "저는 올해초 저는 할아버지를 잃었습니다.#@문장구분# 저희할아버지는 참 좋으신분이였습니다.#@문장구분#\n저희 할아버지는 예전부터 저에게  맛있는것도하고 함께 놀러도 많이 갔습니다.#@문장구분#\n그런데 4년전부터 할아버지의 건강상태가 않좋아지시면서 예전처럼 지내지는못하였습니다.#@문장구분#\n할아버지는 몸이않좋아지시면서 병원에 계셨는데 주말마다 병원을 찾아가 할아버지를 뵈러갔습니다.#@문장구분#\n할아버지를 볼때마다 할아버지가 아프시지않았으면 좋겠다고 생각하였습니다.#@문장구분#\n할아버지는 허리수술을 하시고나서부터 몸상태가 더 않좋아지셨고 병원에 있는 날이 더많아졌습니다.#@문장구분#\n그리고 할아버지는 병원에 계속있으시면서 몸이 더 않좋아지셨습니다.#@문장구분# \n할아버지가 편찮으시자 저희 할머니도 슬퍼하셨고 아버지도 많이 슬퍼하셨습니다.#@문장구분#\n할아버지가 치매에 걸리셔서 저희 할머니를 기억못하였을때는 저희 할머니는 많이 울으셨습니다.#@문장구분#\n그러고 지내는중에 병원에서 저희 아버지에게 말을하였습니다.#@문장구분#\n할아버지가 몸이 많이 안좋으셔서 이번달안에 돌아가실거같다고 하였습니다.#@문장구분# \n그래서 저희 가족은 많이 슬펐습니다.#@문장구분#\n그리고 의사선생님의 말대로 저희 할아버지는 결국 돌아가셨습니다.#@문장구분#\n저는 기숙사에서 어머니께 전화와서 받아보니 할아버지가 돌아가셨다고 하셨습니다.#@문장구분#\n저는 그 말을 듣고 너무 슬펐습니다.#@문장구분# 좋아하던 할아버지꼐서 돌아 가셨다고 하시는 저랑 저희 가족들은 많이 슬펐습니다.#@문장구분# \n할아버지 장례식을 마치고 할아버지를 납골당으로 모셨습니다.#@문장구분#\n저희 가족은 시간 날때마다 할머니와 함께 할아버지를 보러 납골당에 갔습니다.#@문장구분#\n저는 소중한 할아버지를 잃었습니다.#@문장구분#",
      "paragraph_len": 1148,
      "paragraph_id": "001"
    }
  ],
  "score": {
    "paragraph_score": [
      {
        "paragraph_scoreT": [
          2.6666667,
          2.6666667,
          3
        ],
        "paragraph_scoreT_detail": {
          "paragraph_scoreT_exp": [
            [
              2,
              3,
              3
            ],
            [
              2,
              3,
              3
            ],
            [
              3,
              3,
              3
            ]
          ]
        },
        "paragraph_scoreT_avg": 2.777778,
        "paragraph_id": "001"
      }
    ],
    "essay_scoreT": [
      24.722221,
      25.166668,
      30
    ],
    "essay_scoreT_avg": 26.62963,
    "essay_scoreT_detail": {
      "essay_scoreT_org": [
        [
          3,
          3,
          2,
          3
        ],
        [
          3,
          3,
          3,
          3
        ],
        [
          3,
          3,
          3,
          3
        ]
      ],
      "essay_scoreT_cont": [
        [
          2,
          2,
          0,
          3
        ],
        [
          2,
          2,
          0,
          3
        ],
        [
          3,
          3,
          0,
          3
        ]
      ],
      "essay_scoreT_exp": [
        [
          2,
          3,
          3
        ],
        [
          2,
          3,
          3
        ],
        [
          3,
          3,
          3
        ]
      ]
    }
  },
  "student": {
    "date": "2021.11.15",
    "student_educated": true,
    "student_grade": "고등_1학년",
    "location": "054",
    "student_grade_group": "고등",
    "student_reading": 3
  },
  "rubric": {
    "essay_grade": "고등_1학년",
    "organization_weight": {
      "org_paragraph": 2,
      "org": 2,
      "org_essay": 4,
      "org_coherence": 2,
      "org_quantity": 1
    },
    "essay_type": "글짓기",
    "content_weight": {
      "con_clearance": 4,
      "con_novelty": 3,
      "con": 4,
      "con_prompt": 0,
      "con_description": 1
    },
    "essay_main_subject": "소중함을 잃었던 경험",
    "expression_weight": {
      "exp_style": 1,
      "exp_grammar": 2,
      "exp_vocab": 3,
      "exp": 4
    }
  },
  "correction": [],
  "info": {
    "essay_id": "ESSAY_47416",
    "essay_prompt": " 익숙함에 속아 소중함을 잊지 말자는 명언 (Do not get fooled by something familiar and forget what is priceless.)이 있습니다.\n\n 부모님께서 매일 해주시는 아침밥이나, 너무 친해서 매일 맛있는 간식을 사주는 친구 등 처음에는 매우 감사했지만 반복되는 호의에 우리는 소중함을 잊어가기도 합니다.\n\n 작은 소중함일지라도 그 소중함을 잃게 되면 호의를 베푸는 사람 입장에서는 매우 당황스럽고 기분이 나쁠 수 있어요.\n\n 여러분은 익숙함에 속아 소중함을 잊었던 사례와 그로 인해 상대방의 기분을 나쁘게 했던 경험이 있나요? 만약 있다면 관계를 회복하기 위해 어떤 노력을 하셨나요? 본인의 경험을 작성해주세요.\n\n 만약 그런 적이 없다면 주변의 이야기나 본인에게 소중함을 주는 사람들에 관해 설명해주세요.",
    "essay_type": "글짓기",
    "essay_level": "2",
    "essay_len": 748,
    "essay_main_subject": "소중함을 잃었던 경험"
  }
}