{
  "paragraph": [
    {
      "paragraph_txt": "언제부터인지 모르는 꽤 오래됐을지도 모르는 날에 난 늘 익숙하던걸 잃어버린 느낌이 들었다.#@문장구분# 이 익숙한 느낌이 소중했던 것인지 소중한 것을 익숙함으로 느꼈던 것인지 언제 잃어버린지도 모르는 무언가를 지금도 기억해 낼 순 없지만 10대 초반의 마지막을 기점으로 잃어버린 걸지도 서서히 사라진 걸지도 모르겠다.#@문장구분# 하나 스쳐가는 것이 있다면 그 시간의 나를 아니 그 순간의 나는 눈보라 속 카멜레온일지도 모르겠다.#@문장구분# 그때 그 시간은 참 안돌아가던거 같던데 그 순간을 스쳐가면 불빛이 늘 스며져 있었고 그 불빛이 사라진 순간에는 그것이 불빛이었는지 그저 잠깐 스치는 별똥별이 었는지,,#@문장구분#이 소중함이 뭔지 아직도 모르겠.지만 원래 내것이었으니 언젠가 찾지 않을까라는 생각이 있다.#@문장구분# 잃었던 일에 대해 늘 무뎌지고 늘 새롭지 않다고 해도 그 순간을 떠올리는 순간이 힘들지 않다고 하면 거짓말인거 같다.#@문장구분# 이렇게 다 잊은 일이라고 해도 소중한 무언가를 잃냐에 따라 포기함에 따라도 달라지는 거 같아 그리하여 난 소중함을 잃었던 경험에 대해 그리 연연하지 않고 그저 흘러보내려고 한다.#@문장구분# 이러한 경험을 밑거름 삼아 내가 더더욱 강인한 나로 성장해 나갈 수 있다고 생각한다.#@문장구분# 철학자 니체가 이렇게 말했다.#@문장구분# 나를 죽이지 못한 고통은 나를 더욱 강하게 만든다.#@문장구분# 나는 이 말이 정말 멋지다고 생각한다.#@문장구분# 나도 경험을 밑거름 삼아 점점 더 성장하는 내가 되도록 노력해야겠다.#@문장구분#",
      "paragraph_len": 932,
      "paragraph_id": "001"
    }
  ],
  "score": {
    "paragraph_score": [
      {
        "paragraph_scoreT": [
          3,
          2.5,
          2.6666667
        ],
        "paragraph_scoreT_detail": {
          "paragraph_scoreT_exp": [
            [
              3,
              3,
              3
            ],
            [
              2,
              3,
              2
            ],
            [
              2,
              3,
              3
            ]
          ]
        },
        "paragraph_scoreT_avg": 2.7222223,
        "paragraph_id": "001"
      }
    ],
    "essay_scoreT": [
      23.5,
      22.666666,
      26.722221
    ],
    "essay_scoreT_avg": 24.296295,
    "essay_scoreT_detail": {
      "essay_scoreT_org": [
        [
          2,
          2,
          2,
          2
        ],
        [
          2,
          3,
          2,
          3
        ],
        [
          3,
          3,
          2,
          3
        ]
      ],
      "essay_scoreT_cont": [
        [
          2,
          2,
          0,
          1
        ],
        [
          2,
          2,
          0,
          2
        ],
        [
          3,
          2,
          0,
          3
        ]
      ],
      "essay_scoreT_exp": [
        [
          3,
          3,
          3
        ],
        [
          2,
          3,
          2
        ],
        [
          2,
          3,
          3
        ]
      ]
    }
  },
  "student": {
    "date": "2021.12.07",
    "student_educated": true,
    "student_grade": "고등_1학년",
    "location": "041",
    "student_grade_group": "고등",
    "student_reading": 1
  },
  "rubric": {
    "essay_grade": "고등_1학년",
    "organization_weight": {
      "org_paragraph": 2,
      "org": 2,
      "org_essay": 4,
      "org_coherence": 2,
      "org_quantity": 1
    },
    "essay_type": "글짓기",
    "content_weight": {
      "con_clearance": 4,
      "con_novelty": 3,
      "con": 4,
      "con_prompt": 0,
      "con_description": 1
    },
    "essay_main_subject": "소중함을 잃었던 경험",
    "expression_weight": {
      "exp_style": 1,
      "exp_grammar": 2,
      "exp_vocab": 3,
      "exp": 4
    }
  },
  "correction": [],
  "info": {
    "essay_id": "ESSAY_57004",
    "essay_prompt": " 익숙함에 속아 소중함을 잊지 말자는 명언 (Do not get fooled by something familiar and forget what is priceless.)이 있습니다.\n\n 부모님께서 매일 해주시는 아침밥이나, 너무 친해서 매일 맛있는 간식을 사주는 친구 등 처음에는 매우 감사했지만 반복되는 호의에 우리는 소중함을 잊어가기도 합니다.\n\n 작은 소중함일지라도 그 소중함을 잃게 되면 호의를 베푸는 사람 입장에서는 매우 당황스럽고 기분이 나쁠 수 있어요.\n\n 여러분은 익숙함에 속아 소중함을 잊었던 사례와 그로 인해 상대방의 기분을 나쁘게 했던 경험이 있나요? 만약 있다면 관계를 회복하기 위해 어떤 노력을 하셨나요? 본인의 경험을 작성해주세요.\n\n 만약 그런 적이 없다면 주변의 이야기나 본인에게 소중함을 주는 사람들에 관해 설명해주세요.",
    "essay_type": "글짓기",
    "essay_level": "2",
    "essay_len": 692,
    "essay_main_subject": "소중함을 잃었던 경험"
  }
}