{
  "paragraph": [
    {
      "paragraph_txt": "익숙함에 속아 소중함을 잃지 말자는 말은 제가 예전부터 좋아하는 말입니다.#@문장구분# 저희 부모님은 현재 주어진 상황에 감사하게 살자 라고 항사 말씀 하십니다.#@문장구분# 하루 하루 감사하며 사는 것과 매일 불평과 불만으로 가득한 하루는 하늘과 땅 차이라고 말씀하셨습니다.#@문장구분# 매일, 매 순간을 감사하는 방법은 감사할 일을 찾는 것입니다.#@문장구분# 이러한 습관을 들이다 보니 매일 주어지는 환경들과 그에따라 당연하다고 생각되어졌던 것들이 사실은 당연해 해야 할 것들이 아닌 감사해야 할 것들 이었던겁니다.#@문장구분# 지금 제 옆에 있는 가족들과 친구들, 제가 입고 있는 옷과 신발, 제가 살고 있는 따뜻한 집, 학교, 학원 이 모든 것들이 항상 제 옆에 있는 것이기에 익숙하고 당연하다고 생각될 수 있겠지만 이것들은 사실은 매우 귀한 것이고 소중한 것입니다.#@문장구분# 그렇기에 우리는 항상 감사하는 마음을 가지고 아끼고 배려하며 살아가야 할 것입니다.#@문장구분# 행복은 멀리 있는 것이 아닙니다.#@문장구분# 또한 행복은 누군가 가져다 주는 것도 아닙니다.#@문장구분# 행복은 매우 가까이에 있으며 본인 스스로 만들어 내는 것이 행복이라고 생각합니다.#@문장구분# 오늘 하루도 감사해야 할 일들이 너무나도 많습니다.#@문장구분# 감사할 일들을 생각해보고 진심으로 그것들을 아끼고 소중하게 여긴다면 그 마음이 본인에게 행복과 따뜻한 행운으로 찾아올 것이라고 생각됩니다.#@문장구분# 익숙함에 속아 소중함을 잃지 않도록 오늘도 감사한 마음을 가지고 하루를 보내봅니다.#@문장구분#",
      "paragraph_len": 952,
      "paragraph_id": "001"
    }
  ],
  "score": {
    "paragraph_score": [
      {
        "paragraph_scoreT": [
          3,
          2.6666667,
          2.6666667
        ],
        "paragraph_scoreT_detail": {
          "paragraph_scoreT_exp": [
            [
              3,
              3,
              3
            ],
            [
              2,
              3,
              3
            ],
            [
              2,
              3,
              3
            ]
          ]
        },
        "paragraph_scoreT_avg": 2.777778,
        "paragraph_id": "001"
      }
    ],
    "essay_scoreT": [
      26,
      28.666668,
      27.777779
    ],
    "essay_scoreT_avg": 27.481482,
    "essay_scoreT_detail": {
      "essay_scoreT_org": [
        [
          3,
          3,
          3,
          3
        ],
        [
          3,
          3,
          3,
          3
        ],
        [
          2,
          3,
          3,
          3
        ]
      ],
      "essay_scoreT_cont": [
        [
          2,
          2,
          0,
          2
        ],
        [
          3,
          3,
          0,
          3
        ],
        [
          3,
          3,
          0,
          3
        ]
      ],
      "essay_scoreT_exp": [
        [
          3,
          3,
          3
        ],
        [
          2,
          3,
          3
        ],
        [
          2,
          3,
          3
        ]
      ]
    }
  },
  "student": {
    "date": "2021.12.17",
    "student_educated": true,
    "student_grade": "고등_1학년",
    "location": "063",
    "student_grade_group": "고등",
    "student_reading": 1
  },
  "rubric": {
    "essay_grade": "고등_1학년",
    "organization_weight": {
      "org_paragraph": 2,
      "org": 2,
      "org_essay": 4,
      "org_coherence": 2,
      "org_quantity": 1
    },
    "essay_type": "글짓기",
    "content_weight": {
      "con_clearance": 4,
      "con_novelty": 3,
      "con": 4,
      "con_prompt": 0,
      "con_description": 1
    },
    "essay_main_subject": "소중함을 잃었던 경험",
    "expression_weight": {
      "exp_style": 1,
      "exp_grammar": 2,
      "exp_vocab": 3,
      "exp": 4
    }
  },
  "correction": [],
  "info": {
    "essay_id": "ESSAY_72015",
    "essay_prompt": " 익숙함에 속아 소중함을 잊지 말자는 명언 (Do not get fooled by something familiar and forget what is priceless.)이 있습니다.\n\n 부모님께서 매일 해주시는 아침밥이나, 너무 친해서 매일 맛있는 간식을 사주는 친구 등 처음에는 매우 감사했지만 반복되는 호의에 우리는 소중함을 잊어가기도 합니다.\n\n 작은 소중함일지라도 그 소중함을 잃게 되면 호의를 베푸는 사람 입장에서는 매우 당황스럽고 기분이 나쁠 수 있어요.\n\n 여러분은 익숙함에 속아 소중함을 잊었던 사례와 그로 인해 상대방의 기분을 나쁘게 했던 경험이 있나요? 만약 있다면 관계를 회복하기 위해 어떤 노력을 하셨나요? 본인의 경험을 작성해주세요.\n\n 만약 그런 적이 없다면 주변의 이야기나 본인에게 소중함을 주는 사람들에 관해 설명해주세요.",
    "essay_type": "글짓기",
    "essay_level": "2",
    "essay_len": 692,
    "essay_main_subject": "소중함을 잃었던 경험"
  }
}