{
  "paragraph": [
    {
      "paragraph_txt": "익숙한 것에 대한 소중함을 잃은 적이 많다.#@문장구분# 항상 감사해야 하는 것이라 생각은 하지만 실천이 어려운 것 같다.#@문장구분# 이번 코로나 사태로 많은 사람들이 일상을 잃었고 나 또한 일상을 잃었다.#@문장구분# 한 번 익숙한 것을 잃고 보니 당연한 것이라 생각했던 것도 한순간에 잃을 수 있으니 감사하자는 생각이 들었다.#@문장구분# 예전에는 맨 얼굴을 보고 해외여행도 자유롭게 가고 많은 사람들과 공연을 즐기는 것들이 당연했다.#@문장구분# 이젠 당분간은 하지 못하는 것들이다.#@문장구분# ",
      "paragraph_len": 360,
      "paragraph_id": "001"
    },
    {
      "paragraph_txt": "\n과거의 나는 학교에 가기 싫어하고 항상 주말, 방학과 같은 하루하루를 보내고 싶어 했다.#@문장구분# 작년은 코로나로 개학을 하지 못해 원래 가야하던 학교를 가지 못했다.#@문장구분# 처음에는 너무너무 좋았는데 계속 학교도 못가고 밖에 나가는 것도 함부로 못하니깐 너무 힘들었다.#@문장구분# 무기력해지고 아무것도 하기 싫고 휴대폰 말고는 할 것이 없다고 느껴졌다.#@문장구분# 그러다 온라인으로 수업을 한다는 소식을 들었다.#@문장구분# 무기력해지던 나에게는 수업을 집에서라도 하는 것이 설렜던 것 같다.#@문장구분#  편안하겠다고 생각을 했었지만 오히려 온라인이 더 힘들었다.#@문장구분# 수업시간에 잠이 오고 집중도 되지 않았다.#@문장구분# 선생님들께서도 원래 하던 방식도 아니고 우리가 수업을 제대로 듣는지 보지도 못하니 힘드실 거라고 생각했다.#@문장구분# 학교에서 오프라인으로 수업을 하던 것은 당연한 것이 아니고 소중한 것이었다는 것을 깨달았다.#@문장구분# 선생님 얼굴, 친구들 얼굴을 보며 수업을 하고 모둠 수업과 같이 함께 하는 것들도 이제는 못한다는 것이 속상했다.#@문장구분#  시간이 지나고 우리는 마스크를 쓰고 학교에 갈 수 있게 되었다.#@문장구분# 마스크를 쓴 모습들이 이제는 익숙해 졌지만 그때의 나는 어색했던 것 같다.#@문장구분# 방역수칙을 지키기 위한 행동들 하나하나가 나에게는 불편하고 어색하게 다가왔다.#@문장구분# 온라인 수업에 그새 익숙해졌는지 금방 피곤해지기도 했다.#@문장구분# 온라인과 오프라인을 섞어서 하다 보니 혼란스러웠다.#@문장구분# 시험은 다가오는데 공부를 하고 싶은 마음은 좀처럼 들지 않고 공부를 해도 잘 되지 않았다.#@문장구분# 그러다 보니 결과는 항상 받던 점수보다 낮게 나왔고 우울해졌던 것 같다. #@문장구분#코로나로 인한 변화에 적응을 한 줄 알았지만 적응을 한 척 했던 것 같다.#@문장구분# 지금의 나도 완전히 적응했다고 보기는 힘들다.#@문장구분# 하지만 지금은 예전보다는 이 상황을 잘 극복해나가는 것 같다.#@문장구분# 시험이 끝나고  여름방학 왔다.#@문장구분# 방학 때 나는 상황을 잘 극복해보자는 마음으로 공부도 조금씩 하고 약간의 취미생활도 만들었다.#@문장구분# 오히려 코로나 전의 방학보다 알차게 보낸 기분이었다.#@문장구분# 하지만 한순간에 나태해진 나를 변화시키는 것을 어려운 일이었다.#@문장구분# 그래서 개학을 하고나서도, 겨울방학 오고도 나는 계획적으로 열심히 살고자 노력했다.#@문장구분# 꾸준히 인강도 보고 공부도 하고 운동도 하며 시간을 보냈고 양모로 인형 만들기 등 여러 취미 생활도 했다.#@문장구분# 또한 이번에는 진로를 위해서 여러 영상들도 찾아보고 책들도 많이 읽으면서 유익한 시간을 보냈다.#@문장구분# ",
      "paragraph_len": 1721,
      "paragraph_id": "002"
    },
    {
      "paragraph_txt": "\n코로나 사태로 익숙한 것들을 많이 잃었다. #@문장구분#이런 상황을 극복하기 위해서 많은 노력을 했고 앞으로도 할 예정이다.#@문장구분# 처음에는 힘든 점들이 많았지만 나름대로 긍정적으로 내 생활이 변한 것 같다.#@문장구분# 이 사태로 인해 오히려 나를 변화 시킨 점들도 많았다.#@문장구분# 이 경험으로 소중한 일상들을 다시 찾게 되었을 때 익숙한 것들 당연하다고 생각한 것들을 더 소중히 여기게 될 것이다.#@문장구분# 하루빨리 일상들과 잃었던 많은 것들을 다시 찾게 되면 좋겠다.#@문장구분#",
      "paragraph_len": 358,
      "paragraph_id": "003"
    }
  ],
  "score": {
    "paragraph_score": [
      {
        "paragraph_scoreT": [
          2.8333333,
          2.8333333,
          2.5
        ],
        "paragraph_scoreT_detail": {
          "paragraph_scoreT_exp": [
            [
              3,
              3,
              2
            ],
            [
              3,
              3,
              2
            ],
            [
              2,
              3,
              2
            ]
          ]
        },
        "paragraph_scoreT_avg": 2.722222,
        "paragraph_id": "001"
      },
      {
        "paragraph_scoreT": [
          2.8333333,
          2.8333333,
          2.5
        ],
        "paragraph_scoreT_detail": {
          "paragraph_scoreT_exp": [
            [
              3,
              3,
              2
            ],
            [
              3,
              3,
              2
            ],
            [
              2,
              3,
              2
            ]
          ]
        },
        "paragraph_scoreT_avg": 2.722222,
        "paragraph_id": "002"
      },
      {
        "paragraph_scoreT": [
          2.8333333,
          2.8333333,
          2
        ],
        "paragraph_scoreT_detail": {
          "paragraph_scoreT_exp": [
            [
              3,
              3,
              2
            ],
            [
              3,
              3,
              2
            ],
            [
              2,
              2,
              2
            ]
          ]
        },
        "paragraph_scoreT_avg": 2.5555556,
        "paragraph_id": "003"
      }
    ],
    "essay_scoreT": [
      29.333332,
      26,
      24.222221
    ],
    "essay_scoreT_avg": 26.518518,
    "essay_scoreT_detail": {
      "essay_scoreT_org": [
        [
          3,
          3,
          3,
          3
        ],
        [
          2,
          2,
          3,
          3
        ],
        [
          2,
          2,
          2,
          3
        ]
      ],
      "essay_scoreT_cont": [
        [
          3,
          3,
          0,
          3
        ],
        [
          3,
          2,
          0,
          2
        ],
        [
          3,
          2,
          0,
          2
        ]
      ],
      "essay_scoreT_exp": [
        [
          3,
          3,
          2
        ],
        [
          3,
          3,
          2
        ],
        [
          2,
          3,
          2
        ]
      ]
    }
  },
  "student": {
    "date": "2021.10.01",
    "student_educated": true,
    "student_grade": "고등_1학년",
    "location": "051",
    "student_grade_group": "고등",
    "student_reading": 1
  },
  "rubric": {
    "essay_grade": "고등_1학년",
    "organization_weight": {
      "org_paragraph": 2,
      "org": 2,
      "org_essay": 4,
      "org_coherence": 2,
      "org_quantity": 1
    },
    "essay_type": "글짓기",
    "content_weight": {
      "con_clearance": 4,
      "con_novelty": 3,
      "con": 4,
      "con_prompt": 0,
      "con_description": 1
    },
    "essay_main_subject": "소중함을 잃었던 경험",
    "expression_weight": {
      "exp_style": 1,
      "exp_grammar": 2,
      "exp_vocab": 3,
      "exp": 4
    }
  },
  "correction": [],
  "info": {
    "essay_id": "ESSAY_36403",
    "essay_prompt": " 익숙함에 속아 소중함을 잊지 말자는 명언 (Do not get fooled by something familiar and forget what is priceless.)이 있습니다.\n\n 부모님께서 매일 해주시는 아침밥이나, 너무 친해서 매일 맛있는 간식을 사주는 친구 등 처음에는 매우 감사했지만 반복되는 호의에 우리는 소중함을 잊어가기도 합니다.\n\n 작은 소중함일지라도 그 소중함을 잃게 되면 호의를 베푸는 사람 입장에서는 매우 당황스럽고 기분이 나쁠 수 있어요.\n\n 여러분은 익숙함에 속아 소중함을 잊었던 사례와 그로 인해 상대방의 기분을 나쁘게 했던 경험이 있나요? 만약 있다면 관계를 회복하기 위해 어떤 노력을 하셨나요? 본인의 경험을 작성해주세요.\n\n 만약 그런 적이 없다면 주변의 이야기나 본인에게 소중함을 주는 사람들에 관해 설명해주세요.",
    "essay_type": "글짓기",
    "essay_level": "2",
    "essay_len": 1643,
    "essay_main_subject": "소중함을 잃었던 경험"
  }
}