{
  "paragraph": [
    {
      "paragraph_txt": "우리는 배가 고프면 음식을 먹는다.#@문장구분# 한끼를 때울수 있는 음식이 아닌 우리가 먹고싶은 음식, 좋아하는 음식을  먹는다.#@문장구분# 또한  끼니를 배불리 때우고 또다시  먹고싶은게 생각이 나서 디저트를 먹는다.#@문장구분# 즉 우리는  살기위해  먹는게 아닌 먹기위해 사는것이다.#@문장구분# 제 3세계를 보라.#@문장구분# 그들이 먹고싶은 음식을 먹는가?#@문장구분# 살기위해 먹는가?#@문장구분# 나는 이러한 경험이  있다.#@문장구분# 부모님이 2박3일로 여행가기전 나에게 용돈을 주고 갔다.#@문장구분# 용돈은 20000이었다.#@문장구분# 나는 부모님이 나가자 배고프지 않지만  혼자 치킨을 먹을 수 있다고 생각을 해서 곧바로 치킨을 시켰다.#@문장구분# 치킨을 다 먹지를 못하고 치킨을 남겨서  보관을 했다.#@문장구분# 그다음 끼니를 때우기위해 치킨  남은걸로 해결했으나 그 다음날 끼니가 문제였다.#@문장구분# 냉장고에는 며칠이 지난 신밥이 있는데  결국 끼니를 때우기 위해 신밥을 먹어야 했다.#@문장구분# 사실 이 신밥으로  된것은 얼마되지  않았다.#@문장구분# 어제 내가 먹기가 싫어 먹지  않았다.#@문장구분# 먹었으면  신밥을 안먹어도  된것이었다.#@문장구분# 하지만 내가 먹고싶은게  바로 생각이나  먹는게 당연하다고 생각이 들어 결국 신밥을 먹지도 못하고 버렸다.#@문장구분# 부모님이 오기전까지 나는 계속 굶었다.#@문장구분#그렇기에 항상 내가 먹고싶은 음식만 추구할 수가 없다.#@문장구분# 자기가 먹기싫다고 해서  앞에있는 음식을 편식하면 이 음식을 버리거나 먹으면 배탈이 나는 상황이 된다.#@문장구분# 이것이 음식의 소중함이다.#@문장구분# 음식을 먹는게 당연하다고 느낀다.#@문장구분# 허나 먹는게 당연시여겨 음식을 편식하는 것도 당연시 여겨도 된다고 착각하게 된다.#@문장구분# 편식을 하면 안된다고 깨닫는 나는 음식을 편식하지 않고 항상 감사하는 마음으로 먹었다.#@문장구분#",
      "paragraph_len": 1294,
      "paragraph_id": "001"
    }
  ],
  "score": {
    "paragraph_score": [
      {
        "paragraph_scoreT": [
          2,
          2.8333333,
          3
        ],
        "paragraph_scoreT_detail": {
          "paragraph_scoreT_exp": [
            [
              2,
              2,
              2
            ],
            [
              3,
              3,
              2
            ],
            [
              3,
              3,
              3
            ]
          ]
        },
        "paragraph_scoreT_avg": 2.611111,
        "paragraph_id": "001"
      }
    ],
    "essay_scoreT": [
      20.944445,
      27.333332,
      30
    ],
    "essay_scoreT_avg": 26.092592,
    "essay_scoreT_detail": {
      "essay_scoreT_org": [
        [
          2,
          2,
          3,
          2
        ],
        [
          3,
          3,
          3,
          3
        ],
        [
          3,
          3,
          3,
          3
        ]
      ],
      "essay_scoreT_cont": [
        [
          2,
          2,
          0,
          3
        ],
        [
          3,
          2,
          0,
          2
        ],
        [
          3,
          3,
          0,
          3
        ]
      ],
      "essay_scoreT_exp": [
        [
          2,
          2,
          2
        ],
        [
          3,
          3,
          2
        ],
        [
          3,
          3,
          3
        ]
      ]
    }
  },
  "student": {
    "date": "2021.09.29",
    "student_educated": true,
    "student_grade": "고등_1학년",
    "location": "051",
    "student_grade_group": "고등",
    "student_reading": 2
  },
  "rubric": {
    "essay_grade": "고등_1학년",
    "organization_weight": {
      "org_paragraph": 2,
      "org": 2,
      "org_essay": 4,
      "org_coherence": 2,
      "org_quantity": 1
    },
    "essay_type": "글짓기",
    "content_weight": {
      "con_clearance": 4,
      "con_novelty": 3,
      "con": 4,
      "con_prompt": 0,
      "con_description": 1
    },
    "essay_main_subject": "소중함을 잃었던 경험",
    "expression_weight": {
      "exp_style": 1,
      "exp_grammar": 2,
      "exp_vocab": 3,
      "exp": 4
    }
  },
  "correction": [],
  "info": {
    "essay_id": "ESSAY_35759",
    "essay_prompt": " 익숙함에 속아 소중함을 잊지 말자는 명언 (Do not get fooled by something familiar and forget what is priceless.)이 있습니다.\n\n 부모님께서 매일 해주시는 아침밥이나, 너무 친해서 매일 맛있는 간식을 사주는 친구 등 처음에는 매우 감사했지만 반복되는 호의에 우리는 소중함을 잊어가기도 합니다.\n\n 작은 소중함일지라도 그 소중함을 잃게 되면 호의를 베푸는 사람 입장에서는 매우 당황스럽고 기분이 나쁠 수 있어요.\n\n 여러분은 익숙함에 속아 소중함을 잊었던 사례와 그로 인해 상대방의 기분을 나쁘게 했던 경험이 있나요? 만약 있다면 관계를 회복하기 위해 어떤 노력을 하셨나요? 본인의 경험을 작성해주세요.\n\n 만약 그런 적이 없다면 주변의 이야기나 본인에게 소중함을 주는 사람들에 관해 설명해주세요.",
    "essay_type": "글짓기",
    "essay_level": "2",
    "essay_len": 794,
    "essay_main_subject": "소중함을 잃었던 경험"
  }
}