{
  "paragraph": [
    {
      "paragraph_txt": "누구에게나 소중한 것은 있기 마련입니다.#@문장구분# 저마다 소중함에 대한 기준이 조금씩 다를 뿐입니다.#@문장구분# 소중한 것에 대해 고개를 갸우뚱 하는 사람들도 단지 익숙함이라는 놈에게 속에 그 소중함을 잠시 잊고 지내고 있는 것뿐입니다.#@문장구분# 그래서 나는 무엇에 익숙해져 있는지 생각해 보았습니다.#@문장구분# 나에게는 아침마다 스쿨버스를 같이 타는 단짝 친구가 있습니다. #@문장구분#학년이 올라가 반이 바뀌자 자연스럽게 반 아이들하고 친해지고 그 아이와는 조금씩 멀어지게 되었습니다.#@문장구분# 그 아이가 정류장에 있어야 할 시간에 며칠씩 안 보이는 날이 있었는데 많이 아프다는 말을 옆 반 친구에게 듣게 되었습니다.#@문장구분# 놀란 나는 하교 후 친구에게 한동안 뜸해서 어색했지만 메시지를 보냈습니다. #@문장구분#그 친구는 언제 그랬냐는 듯이 금방 본 사이처럼 친절하게 메시지를 보내주었습니다.#@문장구분# 생각해보니 그 친구는 내가 초등학교 때 전학 와서 낯설어 할 때 제일 먼저 친절하게 다가와 말을 건네 준 고마운 아이였습니다.#@문장구분# 그동안 내가 무심한 것 같아 미안한 마음이 들었습니다.#@문장구분# 그 친구가 다 나을 때 까지 난 매일 안부 메시지를 보냈고 학교에서 있었던 일도 시시콜콜 말해 주었습니다.#@문장구분# 그 친구가 등교 하던 날 우린 다시 예전으로 돌아간 것처럼 깔깔거렸습니다.#@문장구분# 무엇이든지 제자리에 있을 때는 그 빈자리를 느끼기 힘듭니다.#@문장구분# 저처럼 소중한 친구를 잃지 않으려면 익숙한 사이일수록 더 배려해야 한다는 것을 잊지 말아야 할 것입니다.#@문장구분#",
      "paragraph_len": 998,
      "paragraph_id": "001"
    }
  ],
  "score": {
    "paragraph_score": [
      {
        "paragraph_scoreT": [
          3,
          3,
          3
        ],
        "paragraph_scoreT_detail": {
          "paragraph_scoreT_exp": [
            [
              3,
              3,
              3
            ],
            [
              3,
              3,
              3
            ],
            [
              3,
              3,
              3
            ]
          ]
        },
        "paragraph_scoreT_avg": 3,
        "paragraph_id": "001"
      }
    ],
    "essay_scoreT": [
      30,
      30,
      30
    ],
    "essay_scoreT_avg": 30,
    "essay_scoreT_detail": {
      "essay_scoreT_org": [
        [
          3,
          3,
          3,
          3
        ],
        [
          3,
          3,
          3,
          3
        ],
        [
          3,
          3,
          3,
          3
        ]
      ],
      "essay_scoreT_cont": [
        [
          3,
          3,
          0,
          3
        ],
        [
          3,
          3,
          0,
          3
        ],
        [
          3,
          3,
          0,
          3
        ]
      ],
      "essay_scoreT_exp": [
        [
          3,
          3,
          3
        ],
        [
          3,
          3,
          3
        ],
        [
          3,
          3,
          3
        ]
      ]
    }
  },
  "student": {
    "date": "2021.12.16",
    "student_educated": true,
    "student_grade": "고등_1학년",
    "location": "063",
    "student_grade_group": "고등",
    "student_reading": 3
  },
  "rubric": {
    "essay_grade": "고등_1학년",
    "organization_weight": {
      "org_paragraph": 2,
      "org": 2,
      "org_essay": 4,
      "org_coherence": 2,
      "org_quantity": 1
    },
    "essay_type": "글짓기",
    "content_weight": {
      "con_clearance": 4,
      "con_novelty": 3,
      "con": 4,
      "con_prompt": 0,
      "con_description": 1
    },
    "essay_main_subject": "소중함을 잃었던 경험",
    "expression_weight": {
      "exp_style": 1,
      "exp_grammar": 2,
      "exp_vocab": 3,
      "exp": 4
    }
  },
  "correction": [],
  "info": {
    "essay_id": "ESSAY_66018",
    "essay_prompt": " 익숙함에 속아 소중함을 잊지 말자는 명언 (Do not get fooled by something familiar and forget what is priceless.)이 있습니다.\n\n 부모님께서 매일 해주시는 아침밥이나, 너무 친해서 매일 맛있는 간식을 사주는 친구 등 처음에는 매우 감사했지만 반복되는 호의에 우리는 소중함을 잊어가기도 합니다.\n\n 작은 소중함일지라도 그 소중함을 잃게 되면 호의를 베푸는 사람 입장에서는 매우 당황스럽고 기분이 나쁠 수 있어요.\n\n 여러분은 익숙함에 속아 소중함을 잊었던 사례와 그로 인해 상대방의 기분을 나쁘게 했던 경험이 있나요? 만약 있다면 관계를 회복하기 위해 어떤 노력을 하셨나요? 본인의 경험을 작성해주세요.\n\n 만약 그런 적이 없다면 주변의 이야기나 본인에게 소중함을 주는 사람들에 관해 설명해주세요.",
    "essay_type": "글짓기",
    "essay_level": "2",
    "essay_len": 699,
    "essay_main_subject": "소중함을 잃었던 경험"
  }
}