{
  "paragraph": [
    {
      "paragraph_txt": "우리는 살아가면서 내리 사랑은 있어도 거슬러 오르는 사랑은 없다 는 말을 듣곤 한다.#@문장구분# 지금 돌이켜보면, 난 외할아버지의 첫 손주로 참 많은 사랑을 받았던 것 같다.#@문장구분# 초등 2학년에 지병으로 돌아가신 외할아버지는 내가 첫 손주인 이유에서인지 유아적부터 물질적으로는 정신적으로는 애정을 아끼지 않으셨다.#@문장구분# 급격히 건강이 나빠지신 내가 초등 저학년 쯤 무렵 할아버지의 냉랭하신 모습이 어색하고 무섭기도 하여서 할아버지에 대한 기억이 그닥 좋지 않았던 때가 있었다.#@문장구분# 하지만 할아버지는 건강히 안 좋았던 탓에 본인 몸 감당하는 것만으로도 버거워 상대적으로 내가 느꼈던 나만의 느낌이 컸었던 이유로 그랬던 건 아닐까? 싶다.#@문장구분# 외갓댁 가족 모임이 있을 때마다 난 한 번씩 할아버지의 빈자리를 느낀다.#@문장구분# 늘 포용해 주시고 감싸 주시고 늘 손자들 위주로 먹을거리, 놀 거리 생각해 주셨던 고마운 분...#@문장구분# 엄마는 좋은 일이나 안 좋은 일이 생길때마다 외할아버지가 많이 생각난다고 하신다.#@문장구분# 같이 기쁨을 나누고, 힘든 점은 할아버지께 지혜를 구하고 싶은 40 대인 엄마에게도 돌아가신 분의 존재가 그렇게 큰 걸 보면 난 그동안 부모님의 은혜에 대해 너무 묵과하고, 이기적이었던 것 같은 생각을 해본다.#@문장구분# 더불어 부모님이 곁에 계실 때, 일상의 소소함을 함께 나누고 조금이라도 감사 표현을 해야겠다는 다짐을 한다.#@문장구분# 우리는 잃고 나서 후회하고 지난 과오를 한탄하는 어리석음을 반복하지만, 오늘 에세이를 쓰는 계기로 하여 마음 한구석에 일상의 소중함을 잃지 말자는 다짐을 해본다.#@문장구분#",
      "paragraph_len": 971,
      "paragraph_id": "001"
    }
  ],
  "score": {
    "paragraph_score": [
      {
        "paragraph_scoreT": [
          3,
          3,
          3
        ],
        "paragraph_scoreT_detail": {
          "paragraph_scoreT_exp": [
            [
              3,
              3,
              3
            ],
            [
              3,
              3,
              3
            ],
            [
              3,
              3,
              3
            ]
          ]
        },
        "paragraph_scoreT_avg": 3,
        "paragraph_id": "001"
      }
    ],
    "essay_scoreT": [
      29.5,
      29.5,
      30
    ],
    "essay_scoreT_avg": 29.666666,
    "essay_scoreT_detail": {
      "essay_scoreT_org": [
        [
          3,
          3,
          3,
          3
        ],
        [
          3,
          3,
          3,
          3
        ],
        [
          3,
          3,
          3,
          3
        ]
      ],
      "essay_scoreT_cont": [
        [
          3,
          3,
          0,
          2
        ],
        [
          3,
          3,
          0,
          2
        ],
        [
          3,
          3,
          0,
          3
        ]
      ],
      "essay_scoreT_exp": [
        [
          3,
          3,
          3
        ],
        [
          3,
          3,
          3
        ],
        [
          3,
          3,
          3
        ]
      ]
    }
  },
  "student": {
    "date": "2021.12.13",
    "student_educated": true,
    "student_grade": "고등_1학년",
    "location": "063",
    "student_grade_group": "고등",
    "student_reading": 1
  },
  "rubric": {
    "essay_grade": "고등_1학년",
    "organization_weight": {
      "org_paragraph": 2,
      "org": 2,
      "org_essay": 4,
      "org_coherence": 2,
      "org_quantity": 1
    },
    "essay_type": "글짓기",
    "content_weight": {
      "con_clearance": 4,
      "con_novelty": 3,
      "con": 4,
      "con_prompt": 0,
      "con_description": 1
    },
    "essay_main_subject": "소중함을 잃었던 경험",
    "expression_weight": {
      "exp_style": 1,
      "exp_grammar": 2,
      "exp_vocab": 3,
      "exp": 4
    }
  },
  "correction": [],
  "info": {
    "essay_id": "ESSAY_62972",
    "essay_prompt": " 익숙함에 속아 소중함을 잊지 말자는 명언 (Do not get fooled by something familiar and forget what is priceless.)이 있습니다.\n\n 부모님께서 매일 해주시는 아침밥이나, 너무 친해서 매일 맛있는 간식을 사주는 친구 등 처음에는 매우 감사했지만 반복되는 호의에 우리는 소중함을 잊어가기도 합니다.\n\n 작은 소중함일지라도 그 소중함을 잃게 되면 호의를 베푸는 사람 입장에서는 매우 당황스럽고 기분이 나쁠 수 있어요.\n\n 여러분은 익숙함에 속아 소중함을 잊었던 사례와 그로 인해 상대방의 기분을 나쁘게 했던 경험이 있나요? 만약 있다면 관계를 회복하기 위해 어떤 노력을 하셨나요? 본인의 경험을 작성해주세요.\n\n 만약 그런 적이 없다면 주변의 이야기나 본인에게 소중함을 주는 사람들에 관해 설명해주세요.",
    "essay_type": "글짓기",
    "essay_level": "2",
    "essay_len": 751,
    "essay_main_subject": "소중함을 잃었던 경험"
  }
}