{
  "paragraph": [
    {
      "paragraph_txt": "4살 때부터 지금 17살까지 부모님의 맞벌이로 나는 할머니와 거의 매일을 보냈다.#@문장구분#\n 동생과 형은 엄마와 같이 있었지만 부모님이 바빠서 나는 혼자 할머니 댁에서 왔다 갔다 하며 지냈다.#@문장구분# 나와 함께 지내셨던 할머니는 나에게 친구와 가족이 되어주셨고 나도 할머니의 말동무, 웃음거리가 되었다.#@문장구분# 언제부터인지는 모르겠지만 할머니를 생각하면 코가 찡해지며 눈에 이슬이 맺힌다.#@문장구분# 할머니는 늘 나에게 좋은 추억을 주셨고 덤으로 웃음과 행복함을 선물해 주셨다. #@문장구분#그렇게 마냥 행복할 줄 알았던 어렸던 나에게 지금은 한마디를 해주고 싶다. '조금 더 지금의 행복을 느끼라고..'#@문장구분#\n 지금의 할머니는 폐동맥 고혈압이라는 난치병을 앓고 계신다.#@문장구분# 약 3년 전부터 심장내과를 다니셨다.#@문장구분# 따뜻하고 건강했던 할머니의 심장이 나에게 온기를 나누어주시면서 점점 아파지신 게 아닐까 라고 생각을 했다.#@문장구분# 그렇게 계속 병원에 다니시다가 얼마 전 수술을 하셨다.#@문장구분# 부산에는 제대로 치료를 받기가 힘들어 서울의 병원에서 수술을 받으셨다.#@문장구분#\n 문제는 그때 부터였다. #@문장구분#할머니가 입원하게 되셨을 때 난 집에서 혼자 지내야 했다.#@문장구분#\n 늘 집에 오면 할머니가 \"왔나\"라고 해주셨는데 그때는 그게 특별하다고 생각을 못 했다.#@문장구분#\n 혼자 있을 때는 할머니의 \"왔나\" 가 어찌나 그렇게 듣고 싶었는지...#@문장구분# 말도 평소에 잘 안 듣고 잘 못 해 드린 것만 생각나고 항상 그렇게 고마운 줄은 모르고 살았던 것 같아서 아주 슬프고 많이 우울하게 지냈던 것 같다.#@문장구분# 그렇게 할머니가 다시 돌아오신 날 엄청나게 기뻐했다. #@문장구분#그리고 그때 결심했었다.#@문장구분# 할머니가 나에게 해주시는 말 들을 전부 소중하게 여기고 앞으로는 과거의 나보다는 더 나은 내가 되자는 결심을 했다.#@문장구분# 그리고 할머니도 스트레스 덜 받으시게 하고 신체적으로도 최대한 내가 노력해서 돌봐 드려야겠다고 생각했고 바로 설거지와 집안일을 하는 등의 실천을 했다.#@문장구분# 나에게 \"왔나\"라고 해주시는 할머니께 정말 소중함을 느꼈고 매일매일 할머니를 한 번씩 지금까지 안아드리고 있다.#@문장구분#\n 할머니가 해주시는 말들 하나하나가 나에게는 큰 행복이었다.#@문장구분# 건강하게 내 곁에 있어 주시면 좋겠다.#@문장구분#",
      "paragraph_len": 1491,
      "paragraph_id": "001"
    }
  ],
  "score": {
    "paragraph_score": [
      {
        "paragraph_scoreT": [
          3,
          3,
          2.1666667
        ],
        "paragraph_scoreT_detail": {
          "paragraph_scoreT_exp": [
            [
              3,
              3,
              3
            ],
            [
              3,
              3,
              3
            ],
            [
              2,
              2,
              3
            ]
          ]
        },
        "paragraph_scoreT_avg": 2.7222223,
        "paragraph_id": "001"
      }
    ],
    "essay_scoreT": [
      28.5,
      30,
      22.722221
    ],
    "essay_scoreT_avg": 27.074074,
    "essay_scoreT_detail": {
      "essay_scoreT_org": [
        [
          3,
          3,
          3,
          3
        ],
        [
          3,
          3,
          3,
          3
        ],
        [
          3,
          3,
          2,
          3
        ]
      ],
      "essay_scoreT_cont": [
        [
          3,
          2,
          0,
          3
        ],
        [
          3,
          3,
          0,
          3
        ],
        [
          2,
          2,
          0,
          3
        ]
      ],
      "essay_scoreT_exp": [
        [
          3,
          3,
          3
        ],
        [
          3,
          3,
          3
        ],
        [
          2,
          2,
          3
        ]
      ]
    }
  },
  "student": {
    "date": "2021.09.29",
    "student_educated": true,
    "student_grade": "고등_1학년",
    "location": "051",
    "student_grade_group": "고등",
    "student_reading": 1
  },
  "rubric": {
    "essay_grade": "고등_1학년",
    "organization_weight": {
      "org_paragraph": 2,
      "org": 2,
      "org_essay": 4,
      "org_coherence": 2,
      "org_quantity": 1
    },
    "essay_type": "글짓기",
    "content_weight": {
      "con_clearance": 4,
      "con_novelty": 3,
      "con": 4,
      "con_prompt": 0,
      "con_description": 1
    },
    "essay_main_subject": "소중함을 잃었던 경험",
    "expression_weight": {
      "exp_style": 1,
      "exp_grammar": 2,
      "exp_vocab": 3,
      "exp": 4
    }
  },
  "correction": [],
  "info": {
    "essay_id": "ESSAY_35790",
    "essay_prompt": " 익숙함에 속아 소중함을 잊지 말자는 명언 (Do not get fooled by something familiar and forget what is priceless.)이 있습니다.\n\n 부모님께서 매일 해주시는 아침밥이나, 너무 친해서 매일 맛있는 간식을 사주는 친구 등 처음에는 매우 감사했지만 반복되는 호의에 우리는 소중함을 잊어가기도 합니다.\n\n 작은 소중함일지라도 그 소중함을 잃게 되면 호의를 베푸는 사람 입장에서는 매우 당황스럽고 기분이 나쁠 수 있어요.\n\n 여러분은 익숙함에 속아 소중함을 잊었던 사례와 그로 인해 상대방의 기분을 나쁘게 했던 경험이 있나요? 만약 있다면 관계를 회복하기 위해 어떤 노력을 하셨나요? 본인의 경험을 작성해주세요.\n\n 만약 그런 적이 없다면 주변의 이야기나 본인에게 소중함을 주는 사람들에 관해 설명해주세요.",
    "essay_type": "글짓기",
    "essay_level": "2",
    "essay_len": 1032,
    "essay_main_subject": "소중함을 잃었던 경험"
  }
}