{
  "paragraph": [
    {
      "paragraph_txt": "익숙함에 속아 소중함을 잊지말자라는 아주 유명한 명언이 있는데요.#@문장구분# 이 명언의 의미는 기존에 내가 가지고 있던 것에 익숙해져서 그것의 소중함을 잊고 당연하게 여기지 말자 라는 의미를 지니고 있는 거 같습니다.#@문장구분# 이 명언은 내가 좋아하는 명언 중 하나기도 한 대요.#@문장구분# 저는 17년 밖에 살지 않았지만, 그 동안 이 말이 의미하는 것을 여러 번 경험 해 본 것 같기에 이 명언을 좋아합니다.#@문장구분# 익숙함에 속아 소중함을 잊은 가장 인상깊은 일은 내 첫사랑을 익숙함에 속아 놓쳐 버린 일입니다.#@문장구분# 내 첫사랑 이야기를 해보자면 그 친구는 나에게 진심을 담은 선물도 만들어 주고 애정표현도 많이 해주며 굉장히 큰 사랑을 줬지만 나는 연애가 서툴고 부끄러워서 애정표현도 제대로 하지 못했고 선물도 받기만 했습니다. #@문장구분#그것에 미안해하고 고마워 하며 더 잘해줬어야 했지만 난 그렇게 받기만 하는게 익숙해져 그 친구에게 소홀해지고 그 친구에게 많은 상처를 줬었던거 같아요. #@문장구분#그렇게 그 친구가 이젠 그만하자며 이별을 통보했고 난 당황했지만 순순히 받아 들였어요. #@문장구분#왜냐 너무 익숙해져서 다른 넌 다시 나에게 만나자고할 거야 라는 생각을 했으니까요.#@문장구분# 헤어지고 난 후 1주일 동안은 홀가분 하고 자유로움을 느끼고 좋았지만 2주가 지나고, 한 달이 지나고, 시간이 지나면 지날수록 그 친구의 빈자리가 크게 느껴졌어요.#@문장구분#난 그때 '익숙함에 속아 소중함을 잃지말자' 의 의미를 처음으로 크게 깨달았어요.#@문장구분# 그 친구와 다시 잘해보고 싶었지만 내가 그 친구에게 했던 상처 준 행동들이 너무 미안하고 죄스러웠던 마음에 그 친구를 잡지 못했었던 기억이나네요.#@문장구분# 그 일 이후로 난 주위의 소중한 사람들과 물건에 고마워하며 주위사람들에게 잘해주려 노력하고 있습니다.#@문장구분#",
      "paragraph_len": 1103,
      "paragraph_id": "001"
    }
  ],
  "score": {
    "paragraph_score": [
      {
        "paragraph_scoreT": [
          3,
          3,
          2.6666667
        ],
        "paragraph_scoreT_detail": {
          "paragraph_scoreT_exp": [
            [
              3,
              3,
              3
            ],
            [
              3,
              3,
              3
            ],
            [
              2,
              3,
              3
            ]
          ]
        },
        "paragraph_scoreT_avg": 2.888889,
        "paragraph_id": "001"
      }
    ],
    "essay_scoreT": [
      27.11111,
      28,
      28.666668
    ],
    "essay_scoreT_avg": 27.925926,
    "essay_scoreT_detail": {
      "essay_scoreT_org": [
        [
          2,
          3,
          3,
          3
        ],
        [
          3,
          3,
          3,
          3
        ],
        [
          3,
          3,
          3,
          3
        ]
      ],
      "essay_scoreT_cont": [
        [
          3,
          2,
          0,
          2
        ],
        [
          3,
          2,
          0,
          2
        ],
        [
          3,
          3,
          0,
          3
        ]
      ],
      "essay_scoreT_exp": [
        [
          3,
          3,
          3
        ],
        [
          3,
          3,
          3
        ],
        [
          2,
          3,
          3
        ]
      ]
    }
  },
  "student": {
    "date": "2021.12.20",
    "student_educated": true,
    "student_grade": "고등_1학년",
    "location": "063",
    "student_grade_group": "고등",
    "student_reading": 2
  },
  "rubric": {
    "essay_grade": "고등_1학년",
    "organization_weight": {
      "org_paragraph": 2,
      "org": 2,
      "org_essay": 4,
      "org_coherence": 2,
      "org_quantity": 1
    },
    "essay_type": "글짓기",
    "content_weight": {
      "con_clearance": 4,
      "con_novelty": 3,
      "con": 4,
      "con_prompt": 0,
      "con_description": 1
    },
    "essay_main_subject": "소중함을 잃었던 경험",
    "expression_weight": {
      "exp_style": 1,
      "exp_grammar": 2,
      "exp_vocab": 3,
      "exp": 4
    }
  },
  "correction": [],
  "info": {
    "essay_id": "ESSAY_73780",
    "essay_prompt": " 익숙함에 속아 소중함을 잊지 말자는 명언 (Do not get fooled by something familiar and forget what is priceless.)이 있습니다.\n\n 부모님께서 매일 해주시는 아침밥이나, 너무 친해서 매일 맛있는 간식을 사주는 친구 등 처음에는 매우 감사했지만 반복되는 호의에 우리는 소중함을 잊어가기도 합니다.\n\n 작은 소중함일지라도 그 소중함을 잃게 되면 호의를 베푸는 사람 입장에서는 매우 당황스럽고 기분이 나쁠 수 있어요.\n\n 여러분은 익숙함에 속아 소중함을 잊었던 사례와 그로 인해 상대방의 기분을 나쁘게 했던 경험이 있나요? 만약 있다면 관계를 회복하기 위해 어떤 노력을 하셨나요? 본인의 경험을 작성해주세요.\n\n 만약 그런 적이 없다면 주변의 이야기나 본인에게 소중함을 주는 사람들에 관해 설명해주세요.",
    "essay_type": "글짓기",
    "essay_level": "2",
    "essay_len": 845,
    "essay_main_subject": "소중함을 잃었던 경험"
  }
}