{
  "paragraph": [
    {
      "paragraph_txt": "고1 초창기 때에 이야기입니다.#@문장구분# 3월 1일에 처음으로 #@소속#에 들어갔었는데 그 당시에는 아는 사람과 아는 친구들이 없었습니다.#@문장구분#  그런데 저에게 먼저 다가와 이야기를 해준 친구가 있었습니다.#@문장구분# 저는 그 친구 덕분에 그 친구 바탕으로 많은 친구를 사귀게 될 수 있었습니다.#@문장구분# 하지만 그 친구는 며칠 후 저에게 자퇴하고 싶다고 말을했습니다.#@문장구분# 처음에는 그냥 장난이겠지 하고 넘어갔습니다.#@문장구분# 그런데 어느 순간부터 그 친구는 점점 심각해지었습니다.#@문장구분# 선생님과 상담도 하고 기숙사에 있으면 자살하고 싶은 마음이 생긴다고 저에게 말을 해주었습니다.#@문장구분# 그리고 우울증까지 와서 항상 밝게 웃어 주던 친구가 이제는 어둡고 똑똑한 친구가 되어 있었습니다.#@문장구분# 그래서 그때부터 심각성을 깨닫고 친구의 이야기를 들어주고 상담도 같이해주었습니다.#@문장구분# 하지만 시간이 조금 지난 후 저는 이미 늦었다는 것을 알았습니다.#@문장구분# 결국 그 친구는 자퇴하게 되고 처음부터 친구의 이야기를 잘 들어주고 조금 더 그 친구에게 잘해주었다면 그 친구는 자퇴를 하지 않을 수도 있었을 터라는 생각을 하고 후회를 하였습니다.#@문장구분# 가끔 그 친구의 책상과 기숙사의 침대를 보면 그 친구가 생각이 나고 정말 나에게 도움을 주고 저를 많이 도와준 친구를 잃어버려서 한동안은 많이 마음이 아팠습니다.#@문장구분# 이 경험을 토대로 앞으로 나의 소중한 사람들에게 소중함을 잊지 않고 소중히 대하도록 노력하겠습니다.#@문장구분#",
      "paragraph_len": 976,
      "paragraph_id": "001"
    }
  ],
  "score": {
    "paragraph_score": [
      {
        "paragraph_scoreT": [
          3,
          3,
          3
        ],
        "paragraph_scoreT_detail": {
          "paragraph_scoreT_exp": [
            [
              3,
              3,
              3
            ],
            [
              3,
              3,
              3
            ],
            [
              3,
              3,
              3
            ]
          ]
        },
        "paragraph_scoreT_avg": 3,
        "paragraph_id": "001"
      }
    ],
    "essay_scoreT": [
      28.5,
      28.5,
      30
    ],
    "essay_scoreT_avg": 29,
    "essay_scoreT_detail": {
      "essay_scoreT_org": [
        [
          3,
          3,
          3,
          3
        ],
        [
          3,
          3,
          3,
          3
        ],
        [
          3,
          3,
          3,
          3
        ]
      ],
      "essay_scoreT_cont": [
        [
          3,
          2,
          0,
          3
        ],
        [
          3,
          2,
          0,
          3
        ],
        [
          3,
          3,
          0,
          3
        ]
      ],
      "essay_scoreT_exp": [
        [
          3,
          3,
          3
        ],
        [
          3,
          3,
          3
        ],
        [
          3,
          3,
          3
        ]
      ]
    }
  },
  "student": {
    "date": "2021.11.17",
    "student_educated": true,
    "student_grade": "고등_1학년",
    "location": "054",
    "student_grade_group": "고등",
    "student_reading": 2
  },
  "rubric": {
    "essay_grade": "고등_1학년",
    "organization_weight": {
      "org_paragraph": 2,
      "org": 2,
      "org_essay": 4,
      "org_coherence": 2,
      "org_quantity": 1
    },
    "essay_type": "글짓기",
    "content_weight": {
      "con_clearance": 4,
      "con_novelty": 3,
      "con": 4,
      "con_prompt": 0,
      "con_description": 1
    },
    "essay_main_subject": "소중함을 잃었던 경험",
    "expression_weight": {
      "exp_style": 1,
      "exp_grammar": 2,
      "exp_vocab": 3,
      "exp": 4
    }
  },
  "correction": [],
  "info": {
    "essay_id": "ESSAY_47418",
    "essay_prompt": " 익숙함에 속아 소중함을 잊지 말자는 명언 (Do not get fooled by something familiar and forget what is priceless.)이 있습니다.\n\n 부모님께서 매일 해주시는 아침밥이나, 너무 친해서 매일 맛있는 간식을 사주는 친구 등 처음에는 매우 감사했지만 반복되는 호의에 우리는 소중함을 잊어가기도 합니다.\n\n 작은 소중함일지라도 그 소중함을 잃게 되면 호의를 베푸는 사람 입장에서는 매우 당황스럽고 기분이 나쁠 수 있어요.\n\n 여러분은 익숙함에 속아 소중함을 잊었던 사례와 그로 인해 상대방의 기분을 나쁘게 했던 경험이 있나요? 만약 있다면 관계를 회복하기 위해 어떤 노력을 하셨나요? 본인의 경험을 작성해주세요.\n\n 만약 그런 적이 없다면 주변의 이야기나 본인에게 소중함을 주는 사람들에 관해 설명해주세요.",
    "essay_type": "글짓기",
    "essay_level": "2",
    "essay_len": 686,
    "essay_main_subject": "소중함을 잃었던 경험"
  }
}