{
  "paragraph": [
    {
      "paragraph_txt": "익숙함에 소중함을 잊지 말자는 명언이 있듯이 저한테 호의를 많이 베풀어주는 사람들에 관하여 설명해 보려고 합니다.#@문장구분# 저는 중학교 친구들과 고등학교 친구들 이렇게 다양한 친구들이 많이 있는데 그중에서 제일 친하게 지냈던 중학교 친구들이 저한테 호의를 많이 베풀고 소중함을 많이 줍니다.#@문장구분# 예전에 제가 가족들 문제로 잠깐 집을 나간 적이 있습니다.#@문장구분# 1월이어서 정말 추운 겨울이었죠.#@문장구분# 막상 화가 나서 집을 나왔는데 배도 고프고 너무 추운데 집은 못 들어가고 갈 곳 없는 신세였습니다. #@문장구분#그렇게 밖에서 2시간 정도 혼자 있다가 친구들에게 연락을 해봤어요. 연락하는 친구들마다 집을 왜 나오냐고 하면 뭐라 하면서 잠깐만 기다려보라 하고 제가 있는 곳으로 달려와 준 친구들이 있습니다. #@문장구분#추운 겨울에 새벽 2시에 패딩 하나 입고 나와준다는 게 정말 고마웠습니다.#@문장구분# 그렇게 친구들끼리 피시방을 하다가 잠을 잘 곳을 구해야 하는 상황이 왔는데 친구가 우리 집에서 일주일 정도 있으라고 호의를 베풀어줬습니다.#@문장구분# 정말 고마운 건 친구 부모님께도 거짓말을 해서 곤란하지 않게 1주일 정도 있게 해주었고 정말 추운 겨울을 친구 덕분에 따듯하게 보낼 수 있게 되었습니다.#@문장구분# 이렇게 저한테 소중함을 주는 친구들에게 저도 받기만 하지 않고 소중함을 주는 친구가 되고 싶고 익숙함에 속아서 소중한 친구들을 잊지 않고 더 잘해주고 싶습니다.#@문장구분#",
      "paragraph_len": 870,
      "paragraph_id": "001"
    }
  ],
  "score": {
    "paragraph_score": [
      {
        "paragraph_scoreT": [
          3,
          2,
          3
        ],
        "paragraph_scoreT_detail": {
          "paragraph_scoreT_exp": [
            [
              3,
              3,
              3
            ],
            [
              2,
              2,
              2
            ],
            [
              3,
              3,
              3
            ]
          ]
        },
        "paragraph_scoreT_avg": 2.6666667,
        "paragraph_id": "001"
      }
    ],
    "essay_scoreT": [
      30,
      22.222221,
      28
    ],
    "essay_scoreT_avg": 26.74074,
    "essay_scoreT_detail": {
      "essay_scoreT_org": [
        [
          3,
          3,
          3,
          3
        ],
        [
          2,
          2,
          2,
          3
        ],
        [
          3,
          3,
          3,
          3
        ]
      ],
      "essay_scoreT_cont": [
        [
          3,
          3,
          0,
          3
        ],
        [
          2,
          3,
          0,
          3
        ],
        [
          2,
          3,
          0,
          3
        ]
      ],
      "essay_scoreT_exp": [
        [
          3,
          3,
          3
        ],
        [
          2,
          2,
          2
        ],
        [
          3,
          3,
          3
        ]
      ]
    }
  },
  "student": {
    "date": "2021.12.14",
    "student_educated": true,
    "student_grade": "고등_1학년",
    "location": "042",
    "student_grade_group": "고등",
    "student_reading": 2
  },
  "rubric": {
    "essay_grade": "고등_1학년",
    "organization_weight": {
      "org_paragraph": 2,
      "org": 2,
      "org_essay": 4,
      "org_coherence": 2,
      "org_quantity": 1
    },
    "essay_type": "글짓기",
    "content_weight": {
      "con_clearance": 4,
      "con_novelty": 3,
      "con": 4,
      "con_prompt": 0,
      "con_description": 1
    },
    "essay_main_subject": "소중함을 잃었던 경험",
    "expression_weight": {
      "exp_style": 1,
      "exp_grammar": 2,
      "exp_vocab": 3,
      "exp": 4
    }
  },
  "correction": [],
  "info": {
    "essay_id": "ESSAY_61588",
    "essay_prompt": " 익숙함에 속아 소중함을 잊지 말자는 명언 (Do not get fooled by something familiar and forget what is priceless.)이 있습니다.\n\n 부모님께서 매일 해주시는 아침밥이나, 너무 친해서 매일 맛있는 간식을 사주는 친구 등 처음에는 매우 감사했지만 반복되는 호의에 우리는 소중함을 잊어가기도 합니다.\n\n 작은 소중함일지라도 그 소중함을 잃게 되면 호의를 베푸는 사람 입장에서는 매우 당황스럽고 기분이 나쁠 수 있어요.\n\n 여러분은 익숙함에 속아 소중함을 잊었던 사례와 그로 인해 상대방의 기분을 나쁘게 했던 경험이 있나요? 만약 있다면 관계를 회복하기 위해 어떤 노력을 하셨나요? 본인의 경험을 작성해주세요.\n\n 만약 그런 적이 없다면 주변의 이야기나 본인에게 소중함을 주는 사람들에 관해 설명해주세요.",
    "essay_type": "글짓기",
    "essay_level": "2",
    "essay_len": 684,
    "essay_main_subject": "소중함을 잃었던 경험"
  }
}