{
  "paragraph": [
    {
      "paragraph_txt": "늘 친숙하고 익숙한 함께해서 늘 영원할 것만 같은 그런 소중함은 친구라고 생각된다.#@문장구분# 늘 항상 함께여서 가까이에 있어서 당연하게 생각하고 소중함을 일깨워 주는 그런 친구말이다.#@문장구분# 가정에서 가족들과 함께하는 시간들 속에서의 소중함도 있지만, 학교에서 늘 항상 웃고 떠들고 모든 이야기를 공유하는 그런 친구들과의 소중함을 절실하게 알게 해주었다.#@문장구분# 그런데 그 늘 당연하고 함께했던 친구에게 어쩌면 너무나도 익숙함에 친구에게 상처가 되는 말을 행동을 함에 뼈저린 후회를 하고 있다.#@문장구분# 그냥 모든 것을 다 이해하고 넘어갈 것 같았던 친구도 나의 행동에 대한 것을 이해할수 없는 눈치였던 것이다.#@문장구분# 저의 일방적인 실수로 인해 친구에게 상처를 주면서 모든 것들에 대한 소중함 그리고 말과 행동을 신중하게 해야 함을 깨닳았다.#@문장구분# 지금와서 생각해보니 나의 행동으로 친구가 기분이 나쁘다라고 이해가 되고 미안하지만 그저 그냥 편하다고 생각하고 행동을 한 나의 모습을 다시 한 번 반성하게 만들었다.#@문장구분# 그리고 아무리 가까운 친한 사이일수록 행동이나 말을 더 신중하게 해야 한다고 큰 교훈을 얻었다.#@문장구분# 물론 지금은 친구와의 관계가 회복이 었지만 그런 관계 회복을 위해서 나의 행동을 반성을 하고 친구에게 진정성을 담아 편지를 써서 친구의 마음을 풀어주었다.#@문장구분# 늘 명심해야 하겠다.#@문장구분# 가깝고 친한 사이일수록 행동 말을 조심해야 한다는 것을 가장 가까이에서 소중함을 잃을수 있다는걸 절대 잊지말아야겠다.#@문장구분#",
      "paragraph_len": 926,
      "paragraph_id": "001"
    }
  ],
  "score": {
    "paragraph_score": [
      {
        "paragraph_scoreT": [
          2.5,
          3,
          3
        ],
        "paragraph_scoreT_detail": {
          "paragraph_scoreT_exp": [
            [
              3,
              2,
              3
            ],
            [
              3,
              3,
              3
            ],
            [
              3,
              3,
              3
            ]
          ]
        },
        "paragraph_scoreT_avg": 2.8333333,
        "paragraph_id": "001"
      }
    ],
    "essay_scoreT": [
      28,
      30,
      30
    ],
    "essay_scoreT_avg": 29.333334,
    "essay_scoreT_detail": {
      "essay_scoreT_org": [
        [
          3,
          3,
          3,
          3
        ],
        [
          3,
          3,
          3,
          3
        ],
        [
          3,
          3,
          3,
          3
        ]
      ],
      "essay_scoreT_cont": [
        [
          3,
          3,
          0,
          3
        ],
        [
          3,
          3,
          0,
          3
        ],
        [
          3,
          3,
          0,
          3
        ]
      ],
      "essay_scoreT_exp": [
        [
          3,
          2,
          3
        ],
        [
          3,
          3,
          3
        ],
        [
          3,
          3,
          3
        ]
      ]
    }
  },
  "student": {
    "date": "2021.11.22",
    "student_educated": true,
    "student_grade": "고등_1학년",
    "location": "063",
    "student_grade_group": "고등",
    "student_reading": 2
  },
  "rubric": {
    "essay_grade": "고등_1학년",
    "organization_weight": {
      "org_paragraph": 2,
      "org": 2,
      "org_essay": 4,
      "org_coherence": 2,
      "org_quantity": 1
    },
    "essay_type": "글짓기",
    "content_weight": {
      "con_clearance": 4,
      "con_novelty": 3,
      "con": 4,
      "con_prompt": 0,
      "con_description": 1
    },
    "essay_main_subject": "소중함을 잃었던 경험",
    "expression_weight": {
      "exp_style": 1,
      "exp_grammar": 2,
      "exp_vocab": 3,
      "exp": 4
    }
  },
  "correction": [],
  "info": {
    "essay_id": "ESSAY_51872",
    "essay_prompt": " 익숙함에 속아 소중함을 잊지 말자는 명언 (Do not get fooled by something familiar and forget what is priceless.)이 있습니다.\n\n 부모님께서 매일 해주시는 아침밥이나, 너무 친해서 매일 맛있는 간식을 사주는 친구 등 처음에는 매우 감사했지만 반복되는 호의에 우리는 소중함을 잊어가기도 합니다.\n\n 작은 소중함일지라도 그 소중함을 잃게 되면 호의를 베푸는 사람 입장에서는 매우 당황스럽고 기분이 나쁠 수 있어요.\n\n 여러분은 익숙함에 속아 소중함을 잊었던 사례와 그로 인해 상대방의 기분을 나쁘게 했던 경험이 있나요? 만약 있다면 관계를 회복하기 위해 어떤 노력을 하셨나요? 본인의 경험을 작성해주세요.\n\n 만약 그런 적이 없다면 주변의 이야기나 본인에게 소중함을 주는 사람들에 관해 설명해주세요.",
    "essay_type": "글짓기",
    "essay_level": "2",
    "essay_len": 707,
    "essay_main_subject": "소중함을 잃었던 경험"
  }
}