{
  "paragraph": [
    {
      "paragraph_txt": "소중한 것이 무엇인가.#@문장구분# 나의 인생에 있어 정말 중요한 것 그리고 소중한 것의 의미는 무엇인가?#@문장구분#부귀와 영광을 한 손에 거머쥔 미다스라는 왕이 있었다.#@문장구분# 어느 날 술의 신 디오니소스가 미다스 왕을 찾아와 말했다.#@문장구분# \"내 지금 당장 당신이 원하는 것을 한 가지 들어주겠소!\" 이에 미다스 왕이 말했다.#@문장구분# \"나는 지금 금이 제일 갖고 싶소. 그러니 내 손에 닿는 것은 금이 되게 하여주시오.\"#@문장구분# 황금을 사랑한 미다스 왕.#@문장구분# 디오니소스가 말했다.#@문장구분# \"그럼 내일 아침부터 무엇이든지 만져보시오. 모든 것이 그대로 될 것이오.\"#@문장구분# 이튿날 잠에서 깨어난 미다스 왕은 옷을 챙겨 입으려고 손을 뻗었다.#@문장구분# 그러자 옷이 황금으로 변해버리는 것이었다.#@문장구분# 정원에 나가 꽃을 만져보니 그것 역시 금이 되어버렸고, 식사를 하려고 식탁에 앉으니 의자도 식탁도 모두 금으로 변해버렸다.#@문장구분# 이에 왕은 너무나 기뻐서 소리를 질렀다.#@문장구분# \"보라, 이제부터 내가 세계 제일의 갑부다.\"#@문장구분# 그러나 그 기쁨은 오래 가지 못했다.#@문장구분# 식사를 하려고 하니 치즈도 빵도 고기도 모두가 금으로 변해버렸다.#@문장구분# 물을 마시려하니 컵도 물도 모두 금으로 변해버렸다.#@문장구분# 게다가 아침인사를 하려는 공주가 왕의 손을 잡으니 그 딸마저 금덩이가 되어버리는 것이 아닌가!#@문장구분# 미다스 왕은 금을 보기만 해도 무서워졌다.#@문장구분# 그리고 비로소 깨달을 수 있었다.#@문장구분# 이 세상에서 가장 가치 있는 것은 금이 아니라 내 생활주변에 있는 흔해빠진 물건들이라는 사실이다.#@문장구분# 그렇다 정말 소중한 것은 내 옆에 그리고 나의 근처에 있는 것들이다.#@문장구분# 그것들이 내가 헛된 욕심을 갖는 순간 사라지게 된다.#@문장구분#",
      "paragraph_len": 1229,
      "paragraph_id": "001"
    }
  ],
  "score": {
    "paragraph_score": [
      {
        "paragraph_scoreT": [
          3,
          2.6666667,
          2.6666667
        ],
        "paragraph_scoreT_detail": {
          "paragraph_scoreT_exp": [
            [
              3,
              3,
              3
            ],
            [
              2,
              3,
              3
            ],
            [
              2,
              3,
              3
            ]
          ]
        },
        "paragraph_scoreT_avg": 2.777778,
        "paragraph_id": "001"
      }
    ],
    "essay_scoreT": [
      26,
      28.666668,
      26.222221
    ],
    "essay_scoreT_avg": 26.962961,
    "essay_scoreT_detail": {
      "essay_scoreT_org": [
        [
          3,
          3,
          3,
          3
        ],
        [
          3,
          3,
          3,
          3
        ],
        [
          3,
          2,
          3,
          3
        ]
      ],
      "essay_scoreT_cont": [
        [
          2,
          2,
          0,
          2
        ],
        [
          3,
          3,
          0,
          3
        ],
        [
          2,
          3,
          0,
          3
        ]
      ],
      "essay_scoreT_exp": [
        [
          3,
          3,
          3
        ],
        [
          2,
          3,
          3
        ],
        [
          2,
          3,
          3
        ]
      ]
    }
  },
  "student": {
    "date": "2021.12.17",
    "student_educated": true,
    "student_grade": "고등_1학년",
    "location": "041",
    "student_grade_group": "고등",
    "student_reading": 2
  },
  "rubric": {
    "essay_grade": "고등_1학년",
    "organization_weight": {
      "org_paragraph": 2,
      "org": 2,
      "org_essay": 4,
      "org_coherence": 2,
      "org_quantity": 1
    },
    "essay_type": "글짓기",
    "content_weight": {
      "con_clearance": 4,
      "con_novelty": 3,
      "con": 4,
      "con_prompt": 0,
      "con_description": 1
    },
    "essay_main_subject": "소중함을 잃었던 경험",
    "expression_weight": {
      "exp_style": 1,
      "exp_grammar": 2,
      "exp_vocab": 3,
      "exp": 4
    }
  },
  "correction": [],
  "info": {
    "essay_id": "ESSAY_72090",
    "essay_prompt": " 익숙함에 속아 소중함을 잊지 말자는 명언 (Do not get fooled by something familiar and forget what is priceless.)이 있습니다.\n\n 부모님께서 매일 해주시는 아침밥이나, 너무 친해서 매일 맛있는 간식을 사주는 친구 등 처음에는 매우 감사했지만 반복되는 호의에 우리는 소중함을 잊어가기도 합니다.\n\n 작은 소중함일지라도 그 소중함을 잃게 되면 호의를 베푸는 사람 입장에서는 매우 당황스럽고 기분이 나쁠 수 있어요.\n\n 여러분은 익숙함에 속아 소중함을 잊었던 사례와 그로 인해 상대방의 기분을 나쁘게 했던 경험이 있나요? 만약 있다면 관계를 회복하기 위해 어떤 노력을 하셨나요? 본인의 경험을 작성해주세요.\n\n 만약 그런 적이 없다면 주변의 이야기나 본인에게 소중함을 주는 사람들에 관해 설명해주세요.",
    "essay_type": "글짓기",
    "essay_level": "2",
    "essay_len": 770,
    "essay_main_subject": "소중함을 잃었던 경험"
  }
}