{
  "paragraph": [
    {
      "paragraph_txt": "사춘기가 가장 무섭다는 것은 만연한 이야기이다.#@문장구분# 하지만 시대가 변하면서 그 시기가 빨라져서 요즘에는 '오춘기'라는 용어도 생겨났다.#@문장구분# 초등학교 5학년에 사춘기가 온다는 것을 뜻한다.#@문장구분# 지금 생각해보면 나도 부모님과의 충돌이 가장 많았던 시기가 초등학교 5학년이었을 때였던 것 같다.#@문장구분# 아침을 항상 엄마와 다투면서 시작하고 화가 가라앉지 않은 상태로 등교했던 기억이 생생하다.#@문장구분# 다툼의 이유는 단순했다.#@문장구분#엄마라는 이유로 나에게 해주시던 것들이 내 마음에 들지 않았던 것이었다.#@문장구분# 엄마가 해주지 않았다면 내가 스스로 해야 할 일이었음에도 나는 엄마가 해주는 것이 당연하다고 생각했다.#@문장구분# 미안한 마음이 많이 들었지만 어린 마음에 먼저 사과하는 것을 꺼렸으며 단 한 번도 미안하다는 말을 직접 한 기억은 없는 것 같다.#@문장구분# 굳이 미안하다는 말을 하지 않아도 엄마가 먼저 따뜻한 말을 건네 주었기 때문일 수도 있다.#@문장구분# 그때는 몰랐다. #@문장구분#무한한 부모님의 사랑이 얼마나 소중한 것이었고 언제 사라질지 모르는 것인지도 생각하지 못했다.#@문장구분# 그로부터 몇년쯤 뒤에 정말 엄마의 도움이 전혀 없는 1년을 지내야 하는 상황이 되었다.#@문장구분# 잃고 나니 깨달을 수 있었다. #@문장구분#그동안 익숙함에 속아 내가 가장 소중한 것을 가장 당연하게 여기고 있었다는 것을. 자립심 가득했던 1년을 보내고 난 후 엄마가 다시 돌아왔을 때, 나는 고마운 것에 감사할 줄 알고 미안한 것에 사과할 줄 아는 사람이 되어있었다. #@문장구분#성숙해지면서 부모님과 다툼 자체가 줄기도 했지만 기억에 남는 경험이 있다면 작은 다툼이었음에도 메모로 죄송하다고 적어놓고 나니 마음이 한결 후련했던 것이었다. #@문장구분#시간이 지나면서 무언가에 익숙해지는 것은 필연적인 일이라 생각한다.#@문장구분# 하지만 익숙해졌음에도 불구하고 항상 고마운 것에 고맙다고 표현하고 미안한 것에 미안하다고 표현할 줄 아는 것이 소중한 사람을 소중하게 대하고 그들에게 보답하는 방법이 아닐까 생각한다.#@문장구분#",
      "paragraph_len": 1288,
      "paragraph_id": "001"
    }
  ],
  "score": {
    "paragraph_score": [
      {
        "paragraph_scoreT": [
          3,
          3,
          3
        ],
        "paragraph_scoreT_detail": {
          "paragraph_scoreT_exp": [
            [
              3,
              3,
              3
            ],
            [
              3,
              3,
              3
            ],
            [
              3,
              3,
              3
            ]
          ]
        },
        "paragraph_scoreT_avg": 3,
        "paragraph_id": "001"
      }
    ],
    "essay_scoreT": [
      30,
      30,
      30
    ],
    "essay_scoreT_avg": 30,
    "essay_scoreT_detail": {
      "essay_scoreT_org": [
        [
          3,
          3,
          3,
          3
        ],
        [
          3,
          3,
          3,
          3
        ],
        [
          3,
          3,
          3,
          3
        ]
      ],
      "essay_scoreT_cont": [
        [
          3,
          3,
          0,
          3
        ],
        [
          3,
          3,
          0,
          3
        ],
        [
          3,
          3,
          0,
          3
        ]
      ],
      "essay_scoreT_exp": [
        [
          3,
          3,
          3
        ],
        [
          3,
          3,
          3
        ],
        [
          3,
          3,
          3
        ]
      ]
    }
  },
  "student": {
    "date": "2021.12.18",
    "student_educated": true,
    "student_grade": "고등_1학년",
    "location": "063",
    "student_grade_group": "고등",
    "student_reading": 2
  },
  "rubric": {
    "essay_grade": "고등_1학년",
    "organization_weight": {
      "org_paragraph": 2,
      "org": 2,
      "org_essay": 4,
      "org_coherence": 2,
      "org_quantity": 1
    },
    "essay_type": "글짓기",
    "content_weight": {
      "con_clearance": 4,
      "con_novelty": 3,
      "con": 4,
      "con_prompt": 0,
      "con_description": 1
    },
    "essay_main_subject": "소중함을 잃었던 경험",
    "expression_weight": {
      "exp_style": 1,
      "exp_grammar": 2,
      "exp_vocab": 3,
      "exp": 4
    }
  },
  "correction": [],
  "info": {
    "essay_id": "ESSAY_73389",
    "essay_prompt": " 익숙함에 속아 소중함을 잊지 말자는 명언 (Do not get fooled by something familiar and forget what is priceless.)이 있습니다.\n\n 부모님께서 매일 해주시는 아침밥이나, 너무 친해서 매일 맛있는 간식을 사주는 친구 등 처음에는 매우 감사했지만 반복되는 호의에 우리는 소중함을 잊어가기도 합니다.\n\n 작은 소중함일지라도 그 소중함을 잃게 되면 호의를 베푸는 사람 입장에서는 매우 당황스럽고 기분이 나쁠 수 있어요.\n\n 여러분은 익숙함에 속아 소중함을 잊었던 사례와 그로 인해 상대방의 기분을 나쁘게 했던 경험이 있나요? 만약 있다면 관계를 회복하기 위해 어떤 노력을 하셨나요? 본인의 경험을 작성해주세요.\n\n 만약 그런 적이 없다면 주변의 이야기나 본인에게 소중함을 주는 사람들에 관해 설명해주세요.",
    "essay_type": "글짓기",
    "essay_level": "2",
    "essay_len": 930,
    "essay_main_subject": "소중함을 잃었던 경험"
  }
}