{
  "paragraph": [
    {
      "paragraph_txt": "저에게는 4살차이가 나는 형이 한명 있습니다.#@문장구분# 제가 초등학교 저학년일 때는 같은 아파트에 사는 친구들이 한 놀이터에 모여 놀았습니다.#@문장구분# 저는 종이딱지치기,유희왕카드 놀이,술래잡기,망고,경찰과 도둑등 어떤 놀이를 할 때든 형 옆에 붙어있었습니다.#@문장구분# 놀때 이외에도 집에서 그때 유행하던 크레이지아케이드라는 게임도 같이하고 둘 다 바둑을 배워서 바둑도 같이 두고 했었습니다.#@문장구분# 하지만 점점 나이가 들고 형이 중학생이 되었을 때 부터 점점 멀어진 것 같습니다.#@문장구분# 서로 말도 거의 하지않고 서로에게 관심도 없었습니다.#@문장구분# 둘다 사춘기가 오면서 같은 집에 사는 사람정도로만 인식했던 것 같습니다.#@문장구분# 저는 4살차이가 적어보였고 체감도 잘 되지 않았는데  제가 중학교를 입학 했을 때 형은 벌써 고등학교2학년이 되어있었습니다.#@문장구분# 그리고 지금 제가 고등학교1학년이 되었는데 형은 곧 군대를 갑니다.#@문장구분# 원래도 대화를 잘 안했는데 이제 거의 말 할 시간이 없습니다.#@문장구분# 저는 어릴적에 엄청 소심해서 친구들에게 말도 잘 못 걸고 했지만 형이 있었기에 친구들과 대화도 하고 놀았던 것 같습니다.#@문장구분# 어릴 때 친했던것이 익숙해지고 어색함으로변해 그 어색함마저 익숙해진것 같습니다.#@문장구분# 그렇게 소중하고 늘 함께하던 형이랑 어색하게 지내고 있는것이 기분이 별로 좋지 않습니다.#@문장구분#그래서 제가 요즘 먼저 말도 걸고 연락도 하며 다시 친해지기 위해 노력하고 있습니다.#@문장구분#",
      "paragraph_len": 954,
      "paragraph_id": "001"
    }
  ],
  "score": {
    "paragraph_score": [
      {
        "paragraph_scoreT": [
          2,
          2.8333333,
          2
        ],
        "paragraph_scoreT_detail": {
          "paragraph_scoreT_exp": [
            [
              2,
              2,
              2
            ],
            [
              3,
              3,
              2
            ],
            [
              2,
              2,
              2
            ]
          ]
        },
        "paragraph_scoreT_avg": 2.2777777,
        "paragraph_id": "001"
      }
    ],
    "essay_scoreT": [
      20.5,
      25.777779,
      20.222221
    ],
    "essay_scoreT_avg": 22.166666,
    "essay_scoreT_detail": {
      "essay_scoreT_org": [
        [
          2,
          2,
          2,
          2
        ],
        [
          2,
          2,
          3,
          2
        ],
        [
          2,
          2,
          2,
          3
        ]
      ],
      "essay_scoreT_cont": [
        [
          2,
          2,
          0,
          3
        ],
        [
          3,
          2,
          0,
          2
        ],
        [
          2,
          2,
          0,
          2
        ]
      ],
      "essay_scoreT_exp": [
        [
          2,
          2,
          2
        ],
        [
          3,
          3,
          2
        ],
        [
          2,
          2,
          2
        ]
      ]
    }
  },
  "student": {
    "date": "2021.09.29",
    "student_educated": true,
    "student_grade": "고등_1학년",
    "location": "051",
    "student_grade_group": "고등",
    "student_reading": 1
  },
  "rubric": {
    "essay_grade": "고등_1학년",
    "organization_weight": {
      "org_paragraph": 2,
      "org": 2,
      "org_essay": 4,
      "org_coherence": 2,
      "org_quantity": 1
    },
    "essay_type": "글짓기",
    "content_weight": {
      "con_clearance": 4,
      "con_novelty": 3,
      "con": 4,
      "con_prompt": 0,
      "con_description": 1
    },
    "essay_main_subject": "소중함을 잃었던 경험",
    "expression_weight": {
      "exp_style": 1,
      "exp_grammar": 2,
      "exp_vocab": 3,
      "exp": 4
    }
  },
  "correction": [],
  "info": {
    "essay_id": "ESSAY_35764",
    "essay_prompt": " 익숙함에 속아 소중함을 잊지 말자는 명언 (Do not get fooled by something familiar and forget what is priceless.)이 있습니다.\n\n 부모님께서 매일 해주시는 아침밥이나, 너무 친해서 매일 맛있는 간식을 사주는 친구 등 처음에는 매우 감사했지만 반복되는 호의에 우리는 소중함을 잊어가기도 합니다.\n\n 작은 소중함일지라도 그 소중함을 잃게 되면 호의를 베푸는 사람 입장에서는 매우 당황스럽고 기분이 나쁠 수 있어요.\n\n 여러분은 익숙함에 속아 소중함을 잊었던 사례와 그로 인해 상대방의 기분을 나쁘게 했던 경험이 있나요? 만약 있다면 관계를 회복하기 위해 어떤 노력을 하셨나요? 본인의 경험을 작성해주세요.\n\n 만약 그런 적이 없다면 주변의 이야기나 본인에게 소중함을 주는 사람들에 관해 설명해주세요.",
    "essay_type": "글짓기",
    "essay_level": "2",
    "essay_len": 674,
    "essay_main_subject": "소중함을 잃었던 경험"
  }
}