{
  "paragraph": [
    {
      "paragraph_txt": "항상 사람은 후회를 한다.#@문장구분# 그때 이렇게 행동하면 어땠을까, 말 한마디라도 더 해봤다면, 도전이라도 해보았으면 어땠을까 등 여러 가지의 후회를 한다.#@문장구분# 누구나 이런 경험이 한 번씩 있을 것이다.#@문장구분# 나 또한 그런 경험을 가지고 있다.#@문장구분# 나는 죽음이라는 것을 잘 몰랐다. #@문장구분#할아버지가 돌아가시기 전까지. 죽음이라는 것이 나의 주변에 일어날 것이라고 생각조차 하지 못했다.#@문장구분# 막상 죽음이라는 것을 겪어보니 생각한 것보다 정말 슬프고, 후회스러웠다.#@문장구분# 매일오던 귀찮기만 했던 할아버지의 전화가 그리워진다는 것이 신기했다.#@문장구분# 할아버지와 나는 별로 친하지 않았는데 장례식장에서 왜 그렇게 눈물이 났는지는 나도 모른다.#@문장구분# 그냥 눈물이 났다.#@문장구분# 어떤 감정이었는지는 기억이 잘 나지 않는다.#@문장구분# 명절 때 시골에 가면 할아버지가 안 계신다는 것이 아직도 믿기지 않는다.#@문장구분# 현관에 들어가는 순간 내 이름을 불러줄 것 만 같다.#@문장구분# 나는 하나님도 믿지 않고, 천국이 있다는 것조차 믿지 않지만 할아버지는 지금 천국에서 편안히 행복하게 생활하시면 좋겠다.#@문장구분# 나의 작은 바램이다.#@문장구분# 또 다른 소중함을 잃지 않기 위해 할머니와 부모님에게 잘 해야겠다는 생각 밖에 들지 않는다.#@문장구분# 이 글을 쓰는 계기를 발판삼아 앞으로 나의 부모님과 할머니께 정말 잘하는 딸, 손녀가 되도록 노력해야겠다.#@문장구분# 이 글을 읽는 여러분들도 지금부터라도 부모님과 조부모님께 정말 잘해드리는 것이 어떨까?#@문장구분#",
      "paragraph_len": 1039,
      "paragraph_id": "001"
    }
  ],
  "score": {
    "paragraph_score": [
      {
        "paragraph_scoreT": [
          2.8333333,
          2.6666667,
          2.5
        ],
        "paragraph_scoreT_detail": {
          "paragraph_scoreT_exp": [
            [
              3,
              3,
              2
            ],
            [
              2,
              3,
              3
            ],
            [
              3,
              2,
              3
            ]
          ]
        },
        "paragraph_scoreT_avg": 2.6666667,
        "paragraph_id": "001"
      }
    ],
    "essay_scoreT": [
      25.61111,
      27.277779,
      27.555555
    ],
    "essay_scoreT_avg": 26.814814,
    "essay_scoreT_detail": {
      "essay_scoreT_org": [
        [
          3,
          3,
          3,
          2
        ],
        [
          3,
          2,
          2,
          3
        ],
        [
          3,
          3,
          2,
          3
        ]
      ],
      "essay_scoreT_cont": [
        [
          2,
          2,
          0,
          3
        ],
        [
          3,
          3,
          0,
          2
        ],
        [
          3,
          3,
          0,
          3
        ]
      ],
      "essay_scoreT_exp": [
        [
          3,
          3,
          2
        ],
        [
          2,
          3,
          3
        ],
        [
          3,
          2,
          3
        ]
      ]
    }
  },
  "student": {
    "date": "2021.12.07",
    "student_educated": true,
    "student_grade": "고등_1학년",
    "location": "055",
    "student_grade_group": "고등",
    "student_reading": 1
  },
  "rubric": {
    "essay_grade": "고등_1학년",
    "organization_weight": {
      "org_paragraph": 2,
      "org": 2,
      "org_essay": 4,
      "org_coherence": 2,
      "org_quantity": 1
    },
    "essay_type": "글짓기",
    "content_weight": {
      "con_clearance": 4,
      "con_novelty": 3,
      "con": 4,
      "con_prompt": 0,
      "con_description": 1
    },
    "essay_main_subject": "소중함을 잃었던 경험",
    "expression_weight": {
      "exp_style": 1,
      "exp_grammar": 2,
      "exp_vocab": 3,
      "exp": 4
    }
  },
  "correction": [],
  "info": {
    "essay_id": "ESSAY_57016",
    "essay_prompt": " 익숙함에 속아 소중함을 잊지 말자는 명언 (Do not get fooled by something familiar and forget what is priceless.)이 있습니다.\n\n 부모님께서 매일 해주시는 아침밥이나, 너무 친해서 매일 맛있는 간식을 사주는 친구 등 처음에는 매우 감사했지만 반복되는 호의에 우리는 소중함을 잊어가기도 합니다.\n\n 작은 소중함일지라도 그 소중함을 잃게 되면 호의를 베푸는 사람 입장에서는 매우 당황스럽고 기분이 나쁠 수 있어요.\n\n 여러분은 익숙함에 속아 소중함을 잊었던 사례와 그로 인해 상대방의 기분을 나쁘게 했던 경험이 있나요? 만약 있다면 관계를 회복하기 위해 어떤 노력을 하셨나요? 본인의 경험을 작성해주세요.\n\n 만약 그런 적이 없다면 주변의 이야기나 본인에게 소중함을 주는 사람들에 관해 설명해주세요.",
    "essay_type": "글짓기",
    "essay_level": "2",
    "essay_len": 679,
    "essay_main_subject": "소중함을 잃었던 경험"
  }
}