{
  "paragraph": [
    {
      "paragraph_txt": "저는 언니 한명 동생 한명 언니 한명 있습니다.#@문장구분#공부를 잘하는 언니는 미국에있는 아이비리그에 합격했다는 소식을 들었습니다.#@문장구분# 그렇게 저희 언니 여름이 되면, 미국으로 유학가서 이모랑 외할머니와 함께 지내게 될 것이라는 소식을 듣고, 저는 언니가 부러웠습니다.#@문장구분# 언니는 매일 제게 많은 잔소리를 했습니다. #@문장구분#저는 제 언니와 싸울 때는 주로 언니가 저한테 해주는 조언을 듣지 않았습니다.#@문장구분#  제게 살을 빼라고 하거나, 스터디 플래너를 쓰고 공부하라고 하거나, 이어폰 쓰지 말라고 했습니다. #@문장구분#저는 언니의 잔소리가 듣기 싫었고, 가끔은 언니한테 대들었습니다. #@문장구분#그러나 늘 저와 제 언니가 싸우면, 제 어머니께선 항상 저희 언니 편을 들었습니다.#@문장구분# 전 매번 언니한테 사과하면서 자존심이 상했지만, 어쩔 수 없었습니다. #@문장구분#그러다 어느 따뜻한 봄날, 집에서 간식을 먹고 있을 때 일어난 일입니다. #@문장구분#저희 언니는 제게 제가 다니는 일반고는 내신 따기 힘들 테니 공부 좀 하라고 잔소리를 하며 저에게 자극을 줬습니다.#@문장구분#그래서 저는 제 언니에게 \"언니가 그러고도 내 언니야? 언니도 나보다 공부를 훨씬 잘한다고 나를 막 무시하냐고 언니도 공부빼면 잘난 것 하나없잖아 .\" 라고  언니에게 상처를 줬습니다.#@문장구분#그 일이 있고 난 뒤, 언니 와 저는 항상 서먹서먹한 관계를 유지했고 전처럼 다투지도 잘 지내지도 않았습니다. #@문장구분#그러다 언니를 보내줘야 할 시기가 되었습니다.#@문장구분# 공항에 도착하고, 언니는 가족들 모두 안아줬습니다. #@문장구분#그리고 가기 직전에 \"미안해.\"라고 하며 비행기에 탔습니다.#@문장구분# 저는 공항에서 돌아온 후, 어머니를 도와 언니의 방을 정리하다가, 언니가 저에게 남겨준 편지를 발견했습니다.#@문장구분#  '언니가 심한 말을 해서 미안해. 언니는 네가 잘 되었으면 해서 잔소리를 한 건데, 속상했구나. 많이 도와주지 못해서 미안해. 도움 필요하면 말해. 도울 방법을 찾아볼게. 사랑해.' 라는 짧지만 언니의 마음이 담긴 글을요.#@문장구분# 저는 이 편지를 읽고 언니에게 상처준말을 사과하기로 했습니다.#@문장구분# 언니가 도착하고 영상통화로 사과했습니다.#@문장구분# 언니도 미안하다며 보고싶다고하며 펑펑 울렀던 기억이 납니다.#@문장구분# 가을이 되고, 겨울이 된 지금 언니와 연락을 꾸준히 하며 저는 제 언니와 잘 지내는 중입니다.#@문장구분#",
      "paragraph_len": 1520,
      "paragraph_id": "001"
    }
  ],
  "score": {
    "paragraph_score": [
      {
        "paragraph_scoreT": [
          2.8333333,
          3,
          3
        ],
        "paragraph_scoreT_detail": {
          "paragraph_scoreT_exp": [
            [
              3,
              3,
              2
            ],
            [
              3,
              3,
              3
            ],
            [
              3,
              3,
              3
            ]
          ]
        },
        "paragraph_scoreT_avg": 2.9444444,
        "paragraph_id": "001"
      }
    ],
    "essay_scoreT": [
      26.944445,
      26,
      26
    ],
    "essay_scoreT_avg": 26.314814,
    "essay_scoreT_detail": {
      "essay_scoreT_org": [
        [
          2,
          3,
          3,
          3
        ],
        [
          3,
          3,
          3,
          3
        ],
        [
          3,
          3,
          3,
          3
        ]
      ],
      "essay_scoreT_cont": [
        [
          3,
          2,
          0,
          3
        ],
        [
          2,
          2,
          0,
          2
        ],
        [
          2,
          2,
          0,
          2
        ]
      ],
      "essay_scoreT_exp": [
        [
          3,
          3,
          2
        ],
        [
          3,
          3,
          3
        ],
        [
          3,
          3,
          3
        ]
      ]
    }
  },
  "student": {
    "date": "2021.12.20",
    "student_educated": true,
    "student_grade": "고등_1학년",
    "location": "063",
    "student_grade_group": "고등",
    "student_reading": 2
  },
  "rubric": {
    "essay_grade": "고등_1학년",
    "organization_weight": {
      "org_paragraph": 2,
      "org": 2,
      "org_essay": 4,
      "org_coherence": 2,
      "org_quantity": 1
    },
    "essay_type": "글짓기",
    "content_weight": {
      "con_clearance": 4,
      "con_novelty": 3,
      "con": 4,
      "con_prompt": 0,
      "con_description": 1
    },
    "essay_main_subject": "소중함을 잃었던 경험",
    "expression_weight": {
      "exp_style": 1,
      "exp_grammar": 2,
      "exp_vocab": 3,
      "exp": 4
    }
  },
  "correction": [],
  "info": {
    "essay_id": "ESSAY_73782",
    "essay_prompt": " 익숙함에 속아 소중함을 잊지 말자는 명언 (Do not get fooled by something familiar and forget what is priceless.)이 있습니다.\n\n 부모님께서 매일 해주시는 아침밥이나, 너무 친해서 매일 맛있는 간식을 사주는 친구 등 처음에는 매우 감사했지만 반복되는 호의에 우리는 소중함을 잊어가기도 합니다.\n\n 작은 소중함일지라도 그 소중함을 잃게 되면 호의를 베푸는 사람 입장에서는 매우 당황스럽고 기분이 나쁠 수 있어요.\n\n 여러분은 익숙함에 속아 소중함을 잊었던 사례와 그로 인해 상대방의 기분을 나쁘게 했던 경험이 있나요? 만약 있다면 관계를 회복하기 위해 어떤 노력을 하셨나요? 본인의 경험을 작성해주세요.\n\n 만약 그런 적이 없다면 주변의 이야기나 본인에게 소중함을 주는 사람들에 관해 설명해주세요.",
    "essay_type": "글짓기",
    "essay_level": "2",
    "essay_len": 1083,
    "essay_main_subject": "소중함을 잃었던 경험"
  }
}