{
  "paragraph": [
    {
      "paragraph_txt": "일상에서 매일 반복되고 사소해서 그 소중함을 잊어버리는 경우가 많이 있다.#@문장구분# 제시문에 나온 것처럼 매일 아침식사를 챙겨주시는 엄마가 생각난다.#@문장구분# 당연한 것으로 생각했고 내가 좋아하지 않은 반찬이 많으면 투정을 부리며 먹지 않기도 했다.#@문장구분# 늘 그 자리에 계셔서 소중함을 몰랐는데 어느 날 몸이 편찮으셔서 병원에 입원하시고 나자 그 빈자리가 얼마나 큰지 그 소중함을 알게 되었다.#@문장구분# 엄마가 안계시자 집안은 엉망이 되었고 무엇 하나 제 자리에 가 있는 것이 없었다. 라면으로 끼니를 때우고 더러워진 옷을 또 입고 방구석에는 먼지가 굴러 다녔다.#@문장구분# 쌓여가는 설겆이 더미와 쓰레기를 보면서 그 동안 도와드리지 못한 것이 많이 죄송했다. #@문장구분#늘 그 자리에 계시며 묵묵히 집안의 모든 일들을 다 감당하시며 나의 투정과 짜증을 다 받아주시고 하셨던 것들이 대단한 일이라 새삼 여겨졌다.#@문장구분# 무조건 적인 사랑과 헌신으로 나를 낳으시고 길러주신 은혜에 마음이 뭉클해졌다.#@문장구분# 엄마가 퇴원하시고 오셨을 때 편히 쉴 수 있으시도록 집안일을 하기 시작했고 쑥스럽지만 꽃을 사서 드렸다.#@문장구분# 너무나 좋아하시던 모습에 나도 행복했다.#@문장구분# 돌아보니 엄마는 꽃보다 아름다우셨던 것 같다.#@문장구분# 나의 생일날이 되어서 낳아주셔서 감사하다는 인사를 했다.#@문장구분# 엄마는 해준거 없이 키우셨다며 미안해 하셨다.#@문장구분# 자신의 모든 삶을 받쳐 나를 키워내셨는데 미안해하시는 엄마를 보며 눈물이 났다.#@문장구분# 이것이 모정인가 보다.#@문장구분#",
      "paragraph_len": 992,
      "paragraph_id": "001"
    }
  ],
  "score": {
    "paragraph_score": [
      {
        "paragraph_scoreT": [
          2.6666667,
          2.1666667,
          3
        ],
        "paragraph_scoreT_detail": {
          "paragraph_scoreT_exp": [
            [
              2,
              3,
              3
            ],
            [
              2,
              2,
              3
            ],
            [
              3,
              3,
              3
            ]
          ]
        },
        "paragraph_scoreT_avg": 2.6111112,
        "paragraph_id": "001"
      }
    ],
    "essay_scoreT": [
      28.666668,
      24.666668,
      28.666666
    ],
    "essay_scoreT_avg": 27.333334,
    "essay_scoreT_detail": {
      "essay_scoreT_org": [
        [
          3,
          3,
          3,
          3
        ],
        [
          3,
          3,
          3,
          3
        ],
        [
          2,
          2,
          3,
          3
        ]
      ],
      "essay_scoreT_cont": [
        [
          3,
          3,
          0,
          3
        ],
        [
          2,
          3,
          0,
          3
        ],
        [
          3,
          3,
          0,
          3
        ]
      ],
      "essay_scoreT_exp": [
        [
          2,
          3,
          3
        ],
        [
          2,
          2,
          3
        ],
        [
          3,
          3,
          3
        ]
      ]
    }
  },
  "student": {
    "date": "2021.12.14",
    "student_educated": true,
    "student_grade": "고등_1학년",
    "location": "053",
    "student_grade_group": "고등",
    "student_reading": 2
  },
  "rubric": {
    "essay_grade": "고등_1학년",
    "organization_weight": {
      "org_paragraph": 2,
      "org": 2,
      "org_essay": 4,
      "org_coherence": 2,
      "org_quantity": 1
    },
    "essay_type": "글짓기",
    "content_weight": {
      "con_clearance": 4,
      "con_novelty": 3,
      "con": 4,
      "con_prompt": 0,
      "con_description": 1
    },
    "essay_main_subject": "소중함을 잃었던 경험",
    "expression_weight": {
      "exp_style": 1,
      "exp_grammar": 2,
      "exp_vocab": 3,
      "exp": 4
    }
  },
  "correction": [],
  "info": {
    "essay_id": "ESSAY_61583",
    "essay_prompt": " 익숙함에 속아 소중함을 잊지 말자는 명언 (Do not get fooled by something familiar and forget what is priceless.)이 있습니다.\n\n 부모님께서 매일 해주시는 아침밥이나, 너무 친해서 매일 맛있는 간식을 사주는 친구 등 처음에는 매우 감사했지만 반복되는 호의에 우리는 소중함을 잊어가기도 합니다.\n\n 작은 소중함일지라도 그 소중함을 잃게 되면 호의를 베푸는 사람 입장에서는 매우 당황스럽고 기분이 나쁠 수 있어요.\n\n 여러분은 익숙함에 속아 소중함을 잊었던 사례와 그로 인해 상대방의 기분을 나쁘게 했던 경험이 있나요? 만약 있다면 관계를 회복하기 위해 어떤 노력을 하셨나요? 본인의 경험을 작성해주세요.\n\n 만약 그런 적이 없다면 주변의 이야기나 본인에게 소중함을 주는 사람들에 관해 설명해주세요.",
    "essay_type": "글짓기",
    "essay_level": "2",
    "essay_len": 699,
    "essay_main_subject": "소중함을 잃었던 경험"
  }
}