{
  "paragraph": [
    {
      "paragraph_txt": "나에게 소중함을 주는 사람들 얘기를 하지만 먼저 나를 이 세상에 태어나게 해 주신 부모님이다.#@문장구분# 부모님 말씀에 의하면 난 어머니 뱃속에서부터 무언가 좋지 않았다고 한다.#@문장구분# 7, 8개월 쯤 되었을 때 이대로 가다가는 산모까지 위험해 질 수 있다고 하여 태아 포기를 권유받았다고 한다.#@문장구분# 의학기술이 많이 발달한 지금도 출산으로 사망하는 산모가 꽤 된다는 얘기를 들었다.#@문장구분# 그만큼 임신과 출산은 고귀하고 아름답지만 그 위험을 감수해야 하는 것 같다.#@문장구분# 어쨌든 쉽지 않은 결정이었겠지만 부모님께서는 출산을 하시기로 결정하셨고 나는 그렇게 태어났다.#@문장구분# 며칠이 지나도록 눈의 염증으로 눈을 제대로 뜰 수도 없었다고 하고 몸은 약했다.#@문장구분# 병원과 한의원을 달고 살았고 초등학교도 결석과 조퇴를 반복하며 다녔고 체육시간에는 거의 그늘에 앉아 구경만 했다.#@문장구분# 몸에 좋다는 걸 많이 구해다 먹이셨고 좋다는 병원 진료에 한약도 많이 먹었다.#@문장구분# 새벽마다 기도하러 다니셨고 차디찬 손으로 늘 내 이마를 짚으셨다.#@문장구분# 자주 열이 났고 자다보면 얼음주머니가 몸 여기저기에 있어 잠을 깨기도 했다.#@문장구분# 그렇게 힘든 초등학교 시절을 보내고 중학생이 되면서 결석이 없었고 고등학교를 잘 다니게 되었다.#@문장구분# 자라면서 더욱 건강하게 된 것이다.#@문장구분# 포기할 수도 있었던 나를 아끼시고 기르고 보듬어 주셔서 이렇게 자라게 만들어 주셨다.#@문장구분# 이 세상에 존재하지 못 할수도 있었던 나를 말이다.#@문장구분# 나는 지금 건강하고 날씬하며 잔병치레도 없이 공부를 하고 내가 하고 싶은 것들을 하며 몸이 아파서 하지 못하는 것이 없이 한 인간으로 잘 버터내고 있다.#@문장구분# 그것은 다 부모님의 사랑과 희생 때문인 것이다.#@문장구분# 생일날 나를 낳아주셔서 감사하다는 인사를 건네면 민망해 하시면서 해준 것 없이 키우셨다고 오히려 미안해하신다.#@문장구분# 주어도, 주어도 부족하다 느끼는 것이 내리 사랑인가 보다.#@문장구분# 바라는 것 없이 주기만 하는데 더 해주지 못해 미안해하시는 부모님이 너무나 소중하고 감사하다.#@문장구분# 오래오래 건강하게 계셔주셨으면 좋겠다.#@문장구분#",
      "paragraph_len": 1384,
      "paragraph_id": "001"
    }
  ],
  "score": {
    "paragraph_score": [
      {
        "paragraph_scoreT": [
          2.6666667,
          3,
          3
        ],
        "paragraph_scoreT_detail": {
          "paragraph_scoreT_exp": [
            [
              2,
              3,
              3
            ],
            [
              3,
              3,
              3
            ],
            [
              3,
              3,
              3
            ]
          ]
        },
        "paragraph_scoreT_avg": 2.888889,
        "paragraph_id": "001"
      }
    ],
    "essay_scoreT": [
      28.666668,
      28.5,
      28.166666
    ],
    "essay_scoreT_avg": 28.444445,
    "essay_scoreT_detail": {
      "essay_scoreT_org": [
        [
          3,
          3,
          3,
          3
        ],
        [
          3,
          3,
          3,
          3
        ],
        [
          2,
          2,
          3,
          3
        ]
      ],
      "essay_scoreT_cont": [
        [
          3,
          3,
          0,
          3
        ],
        [
          3,
          2,
          0,
          3
        ],
        [
          3,
          3,
          0,
          2
        ]
      ],
      "essay_scoreT_exp": [
        [
          2,
          3,
          3
        ],
        [
          3,
          3,
          3
        ],
        [
          3,
          3,
          3
        ]
      ]
    }
  },
  "student": {
    "date": "2021.12.13",
    "student_educated": true,
    "student_grade": "고등_1학년",
    "location": "031",
    "student_grade_group": "고등",
    "student_reading": 3
  },
  "rubric": {
    "essay_grade": "고등_1학년",
    "organization_weight": {
      "org_paragraph": 2,
      "org": 2,
      "org_essay": 4,
      "org_coherence": 2,
      "org_quantity": 1
    },
    "essay_type": "글짓기",
    "content_weight": {
      "con_clearance": 4,
      "con_novelty": 3,
      "con": 4,
      "con_prompt": 0,
      "con_description": 1
    },
    "essay_main_subject": "소중함을 잃었던 경험",
    "expression_weight": {
      "exp_style": 1,
      "exp_grammar": 2,
      "exp_vocab": 3,
      "exp": 4
    }
  },
  "correction": [],
  "info": {
    "essay_id": "ESSAY_73573",
    "essay_prompt": " 익숙함에 속아 소중함을 잊지 말자는 명언 (Do not get fooled by something familiar and forget what is priceless.)이 있습니다.\n\n 부모님께서 매일 해주시는 아침밥이나, 너무 친해서 매일 맛있는 간식을 사주는 친구 등 처음에는 매우 감사했지만 반복되는 호의에 우리는 소중함을 잊어가기도 합니다.\n\n 작은 소중함일지라도 그 소중함을 잃게 되면 호의를 베푸는 사람 입장에서는 매우 당황스럽고 기분이 나쁠 수 있어요.\n\n 여러분은 익숙함에 속아 소중함을 잊었던 사례와 그로 인해 상대방의 기분을 나쁘게 했던 경험이 있나요? 만약 있다면 관계를 회복하기 위해 어떤 노력을 하셨나요? 본인의 경험을 작성해주세요.\n\n 만약 그런 적이 없다면 주변의 이야기나 본인에게 소중함을 주는 사람들에 관해 설명해주세요.",
    "essay_type": "글짓기",
    "essay_level": "2",
    "essay_len": 966,
    "essay_main_subject": "소중함을 잃었던 경험"
  }
}