{
  "paragraph": [
    {
      "paragraph_txt": "소중했던 추억 누구나 소중했던 추억 하나쯤은 가지고 있을 겁니다.#@문장구분#\n하지만 살아가다보면 힘들고, 지치고, 외롭고, 모든 것을 포기하고 싶을 때가 있을겁니다.#@문장구분#\n그럴 때 한번쯤은 자신에게 있어서 가장 즐겁고 행복했던 순간을 되새길 때가 있을 텐데요.#@문장구분#\n그런데 이상하게도 그 추억은 기억이 나지 않으며 그때의 순간이 아예 머리에서 떠나 갈 때가 있을 겁니다.#@문장구분#그럴땐 우리에겐 필요합니다.#@문장구분# 그 소중한 추억을 사진으로 영원히 보관을 하거나, 잊지 못할 추억을 만드는 것이죠.#@문장구분# 우리의 뇌는 많은 것을 기억하지 못합니다.#@문장구분# 뇌에도 한계라는 것이 있기에 그 한계를 넘을려고 하면 옛것은 잊혀지기 마련이죠.#@문장구분# 특히 이 현상은 직장을 구하고 직장을 다니기 시작할 때부터 시작하는데요.#@문장구분# 직장으로 인한 스트레스와 직장을 구하기 위해 여러 곳을 뛰어다니며 면접을 보고, 떨어지고, 다시 보고, 떨어지고를 반복 하다 보면 우리의 몸과 마음은 완전히 지치게 됩니다.#@문장구분#\n그때쯤 한번 생각해보는 것이 어떻습니까?#@문장구분# 나는 괜찮아...#@문장구분#\n나는 할 수 있어...#@문장구분#\n나는 두렵지 않아...#@문장구분#\n자기 자신에게 긍정적인 말을 하면서 힘든 상황을 벗어나 몸과 마음을 치유시킨다면, 잊혀질 뻔한 추억도 다시 돌아오게 됩니다.#@문장구분# 우리는 자존감이 필요하며 그 자존감은 당신을 살리는 길입니다.#@문장구분# 앞으로 우리 모두 소중한 것들에게 소중히 대하는 태도가 필요하다고 생각합니다.#@문장구분#",
      "paragraph_len": 1012,
      "paragraph_id": "001"
    }
  ],
  "score": {
    "paragraph_score": [
      {
        "paragraph_scoreT": [
          1.3333334,
          2,
          2
        ],
        "paragraph_scoreT_detail": {
          "paragraph_scoreT_exp": [
            [
              2,
              1,
              1
            ],
            [
              2,
              2,
              2
            ],
            [
              2,
              2,
              2
            ]
          ]
        },
        "paragraph_scoreT_avg": 1.7777778,
        "paragraph_id": "001"
      }
    ],
    "essay_scoreT": [
      12.222222,
      22.222221,
      20
    ],
    "essay_scoreT_avg": 18.148148,
    "essay_scoreT_detail": {
      "essay_scoreT_org": [
        [
          1,
          2,
          1,
          3
        ],
        [
          2,
          2,
          2,
          3
        ],
        [
          2,
          2,
          2,
          2
        ]
      ],
      "essay_scoreT_cont": [
        [
          1,
          1,
          0,
          1
        ],
        [
          3,
          2,
          0,
          2
        ],
        [
          2,
          2,
          0,
          2
        ]
      ],
      "essay_scoreT_exp": [
        [
          2,
          1,
          1
        ],
        [
          2,
          2,
          2
        ],
        [
          2,
          2,
          2
        ]
      ]
    }
  },
  "student": {
    "date": "2021.11.15",
    "student_educated": true,
    "student_grade": "고등_1학년",
    "location": "054",
    "student_grade_group": "고등",
    "student_reading": 1
  },
  "rubric": {
    "essay_grade": "고등_1학년",
    "organization_weight": {
      "org_paragraph": 2,
      "org": 2,
      "org_essay": 4,
      "org_coherence": 2,
      "org_quantity": 1
    },
    "essay_type": "글짓기",
    "content_weight": {
      "con_clearance": 4,
      "con_novelty": 3,
      "con": 4,
      "con_prompt": 0,
      "con_description": 1
    },
    "essay_main_subject": "소중함을 잃었던 경험",
    "expression_weight": {
      "exp_style": 1,
      "exp_grammar": 2,
      "exp_vocab": 3,
      "exp": 4
    }
  },
  "correction": [],
  "info": {
    "essay_id": "ESSAY_44311",
    "essay_prompt": " 익숙함에 속아 소중함을 잊지 말자는 명언 (Do not get fooled by something familiar and forget what is priceless.)이 있습니다.\n\n 부모님께서 매일 해주시는 아침밥이나, 너무 친해서 매일 맛있는 간식을 사주는 친구 등 처음에는 매우 감사했지만 반복되는 호의에 우리는 소중함을 잊어가기도 합니다.\n\n 작은 소중함일지라도 그 소중함을 잃게 되면 호의를 베푸는 사람 입장에서는 매우 당황스럽고 기분이 나쁠 수 있어요.\n\n 여러분은 익숙함에 속아 소중함을 잊었던 사례와 그로 인해 상대방의 기분을 나쁘게 했던 경험이 있나요? 만약 있다면 관계를 회복하기 위해 어떤 노력을 하셨나요? 본인의 경험을 작성해주세요.\n\n 만약 그런 적이 없다면 주변의 이야기나 본인에게 소중함을 주는 사람들에 관해 설명해주세요.",
    "essay_type": "글짓기",
    "essay_level": "2",
    "essay_len": 674,
    "essay_main_subject": "소중함을 잃었던 경험"
  }
}