{
  "paragraph": [
    {
      "paragraph_txt": "익숙함에 속아 소중함을 잊지말자\"(Do not get fooled by something familiar and forget what is priceless.) 라는 명언이 있습니다.#@문장구분# 나에겐 엄마가 그런 존재입니다.#@문장구분# 엄마는 항상 나의 곁에 있어주시고 나와 모든 일상을 함께 하십니다.#@문장구분# 그렇기에 엄마의 존재에 대해 당연한가에 대한 생각도 해본 적도 없이 당연한 내 삶속에 그냥 있는 엄마로 생각했습니다.#@문장구분# 그런 엄마가 갑자기 아프신 후 병원에 한달정도 계시는 동안 나의 일상은 나의 삶은 완전히 뒤죽박죽 모든게 엉망이 되버렸습니다.#@문장구분# 더욱이 중환자실에 계셨었어서 면회도 병간호도 해주지 못하고 다시는 엄마와 지난 시간들을 보내지 못할까봐 너무 무섭고 두려웠습니다.#@문장구분# 엄마와 함께했던 모든 내 시간들 일상들이 너무 소중해지고 다시는 함께 소소한 날들을 보내지 못할까 잠을 자지 못할 정도였습니다.#@문장구분# 다행히 중환자실에서 일반병실로 옮기고 학교가 끝나면 엄마 얼굴을 보러 가고 엄마의 건강과 존재에 대한 소중함을 알게되었습니다.#@문장구분# 엄마도 전에는 건강에 크게 신경을 안쓰셨는데 병원에서 퇴원후엔 운동도 열심히 하시고 음식도 신경써서 드시는걸 보니 건강에 대한 소중함을 깨달으신거 같습니다.#@문장구분# 엄마가 병원에 있을 때 다시는 우리와 함께 못할거란 생각에 많이 두려웠다고 말씀하셨습니다.#@문장구분# 사랑하는 사람들과 함께 하고 싶으면 먼저 건강하게 잘 생활해야 겠단 생각을 하셨다고. 몸소 체험후에 깨달았다고 하십니다.#@문장구분# 아프기전에 먼저 챙겼으면 더 좋았겠지만, 지금이라도 다행인거 같습니다.#@문장구분# 내게 소중한걸 지키려면 나부터 지키고 준비가 되있어야 한다고 생각합니다.#@문장구분#",
      "paragraph_len": 1059,
      "paragraph_id": "001"
    }
  ],
  "score": {
    "paragraph_score": [
      {
        "paragraph_scoreT": [
          3,
          3,
          3
        ],
        "paragraph_scoreT_detail": {
          "paragraph_scoreT_exp": [
            [
              3,
              3,
              3
            ],
            [
              3,
              3,
              3
            ],
            [
              3,
              3,
              3
            ]
          ]
        },
        "paragraph_scoreT_avg": 3,
        "paragraph_id": "001"
      }
    ],
    "essay_scoreT": [
      27.61111,
      25.61111,
      30
    ],
    "essay_scoreT_avg": 27.74074,
    "essay_scoreT_detail": {
      "essay_scoreT_org": [
        [
          2,
          3,
          3,
          3
        ],
        [
          2,
          3,
          3,
          3
        ],
        [
          3,
          3,
          3,
          3
        ]
      ],
      "essay_scoreT_cont": [
        [
          3,
          2,
          0,
          3
        ],
        [
          3,
          1,
          0,
          2
        ],
        [
          3,
          3,
          0,
          3
        ]
      ],
      "essay_scoreT_exp": [
        [
          3,
          3,
          3
        ],
        [
          3,
          3,
          3
        ],
        [
          3,
          3,
          3
        ]
      ]
    }
  },
  "student": {
    "date": "2021.12.21",
    "student_educated": true,
    "student_grade": "고등_1학년",
    "location": "031",
    "student_grade_group": "고등",
    "student_reading": 2
  },
  "rubric": {
    "essay_grade": "고등_1학년",
    "organization_weight": {
      "org_paragraph": 2,
      "org": 2,
      "org_essay": 4,
      "org_coherence": 2,
      "org_quantity": 1
    },
    "essay_type": "글짓기",
    "content_weight": {
      "con_clearance": 4,
      "con_novelty": 3,
      "con": 4,
      "con_prompt": 0,
      "con_description": 1
    },
    "essay_main_subject": "소중함을 잃었던 경험",
    "expression_weight": {
      "exp_style": 1,
      "exp_grammar": 2,
      "exp_vocab": 3,
      "exp": 4
    }
  },
  "correction": [],
  "info": {
    "essay_id": "ESSAY_73655",
    "essay_prompt": " 익숙함에 속아 소중함을 잊지 말자는 명언 (Do not get fooled by something familiar and forget what is priceless.)이 있습니다.\n\n 부모님께서 매일 해주시는 아침밥이나, 너무 친해서 매일 맛있는 간식을 사주는 친구 등 처음에는 매우 감사했지만 반복되는 호의에 우리는 소중함을 잊어가기도 합니다.\n\n 작은 소중함일지라도 그 소중함을 잃게 되면 호의를 베푸는 사람 입장에서는 매우 당황스럽고 기분이 나쁠 수 있어요.\n\n 여러분은 익숙함에 속아 소중함을 잊었던 사례와 그로 인해 상대방의 기분을 나쁘게 했던 경험이 있나요? 만약 있다면 관계를 회복하기 위해 어떤 노력을 하셨나요? 본인의 경험을 작성해주세요.\n\n 만약 그런 적이 없다면 주변의 이야기나 본인에게 소중함을 주는 사람들에 관해 설명해주세요.",
    "essay_type": "글짓기",
    "essay_level": "2",
    "essay_len": 800,
    "essay_main_subject": "소중함을 잃었던 경험"
  }
}