{
  "paragraph": [
    {
      "paragraph_txt": "익숙함에 속아 소중함을 잊지 말자.#@문장구분# 이말에 부모님이 먼저 떠오른다.#@문장구분# 부모님들께 다시한번 고마움을 느끼게 되었고 꼭 그들만의 역할이 아니라는 것을 깨달았다.#@문장구분# 엄마가 심부름이 시키는 일이 있으면 무조건 싫어하고 화를 내는 것이 아니라 최대한 돕기 위해 노력했고 원래는 밖에 돌아다니는 것을 당연하게 생각했지만 코로나가 생긴 이후 밖에 마음대로 돌아다니지 못하고, 마스크도 쓰고 다녀야한다.#@문장구분# 원래는 당연하게 생각했던 외출이 이제는 눈치를 보면서 다녀야하고 마음대로 할 수 없게 되었다.#@문장구분# 마스크를 쓰고 다녀야 한다는 것이 불편하고 싫지만 어쩔수 없는 세상이 되었다.#@문장구분# 나같은 경우 안그래도 비염이 있어서 마스크를 쓰면 숨을 쉬기 힘들고, 코도 예민해서 마스크를 쓰고 있으면 코가 가렵고, 재채기가 나오고, 일상 생활하기가 힘들 정도이다.#@문장구분# 그렇지만 마스크를 쓰지 않으면 안됀다.#@문장구분# 이렇게 원래라면 자유로웠던 외출에 제한이 많이 생겼다.#@문장구분# 코로나 시국 이전에는 이러한 외출이 당연한 것이라고 생각했다.#@문장구분# 그러나 그렇지 않게 된 지금 원래의 생활이 얼마나 소중했던 것인지 다시 깨닫게 되었다.#@문장구분# 이 사태를 해결하기 위해 나는 마스크를 항상 쓰고 밖에 잘 나가지 않으며 거리두기를 잘 지키고 있다.#@문장구분# 나만 노력해서 해결되는 일이 아니지만 이렇게 한명 한명 노력을 해서 이 사태가 빨리 끝나게 되었으면 좋겠다.#@문장구분# 외출할때 마스크를 쓰지 않아도 되고 자유롭게 돌아다닐 수 있는 코로나 이전의 삶이 그립다.#@문장구분# 한시라도 빨리 이 코로나가 빨리 사라져 일상으로 돌아가고다.#@문장구분#",
      "paragraph_len": 1047,
      "paragraph_id": "001"
    }
  ],
  "score": {
    "paragraph_score": [
      {
        "paragraph_scoreT": [
          3,
          2,
          2.6666667
        ],
        "paragraph_scoreT_detail": {
          "paragraph_scoreT_exp": [
            [
              3,
              3,
              3
            ],
            [
              2,
              2,
              2
            ],
            [
              2,
              3,
              3
            ]
          ]
        },
        "paragraph_scoreT_avg": 2.5555556,
        "paragraph_id": "001"
      }
    ],
    "essay_scoreT": [
      30,
      20.222221,
      28.666668
    ],
    "essay_scoreT_avg": 26.296295,
    "essay_scoreT_detail": {
      "essay_scoreT_org": [
        [
          3,
          3,
          3,
          3
        ],
        [
          2,
          2,
          2,
          3
        ],
        [
          3,
          3,
          3,
          3
        ]
      ],
      "essay_scoreT_cont": [
        [
          3,
          3,
          0,
          3
        ],
        [
          2,
          2,
          0,
          2
        ],
        [
          3,
          3,
          0,
          3
        ]
      ],
      "essay_scoreT_exp": [
        [
          3,
          3,
          3
        ],
        [
          2,
          2,
          2
        ],
        [
          2,
          3,
          3
        ]
      ]
    }
  },
  "student": {
    "date": "2021.12.12",
    "student_educated": true,
    "student_grade": "고등_1학년",
    "location": "063",
    "student_grade_group": "고등",
    "student_reading": 2
  },
  "rubric": {
    "essay_grade": "고등_1학년",
    "organization_weight": {
      "org_paragraph": 2,
      "org": 2,
      "org_essay": 4,
      "org_coherence": 2,
      "org_quantity": 1
    },
    "essay_type": "글짓기",
    "content_weight": {
      "con_clearance": 4,
      "con_novelty": 3,
      "con": 4,
      "con_prompt": 0,
      "con_description": 1
    },
    "essay_main_subject": "소중함을 잃었던 경험",
    "expression_weight": {
      "exp_style": 1,
      "exp_grammar": 2,
      "exp_vocab": 3,
      "exp": 4
    }
  },
  "correction": [],
  "info": {
    "essay_id": "ESSAY_61290",
    "essay_prompt": " 익숙함에 속아 소중함을 잊지 말자는 명언 (Do not get fooled by something familiar and forget what is priceless.)이 있습니다.\n\n 부모님께서 매일 해주시는 아침밥이나, 너무 친해서 매일 맛있는 간식을 사주는 친구 등 처음에는 매우 감사했지만 반복되는 호의에 우리는 소중함을 잊어가기도 합니다.\n\n 작은 소중함일지라도 그 소중함을 잃게 되면 호의를 베푸는 사람 입장에서는 매우 당황스럽고 기분이 나쁠 수 있어요.\n\n 여러분은 익숙함에 속아 소중함을 잊었던 사례와 그로 인해 상대방의 기분을 나쁘게 했던 경험이 있나요? 만약 있다면 관계를 회복하기 위해 어떤 노력을 하셨나요? 본인의 경험을 작성해주세요.\n\n 만약 그런 적이 없다면 주변의 이야기나 본인에게 소중함을 주는 사람들에 관해 설명해주세요.",
    "essay_type": "글짓기",
    "essay_level": "2",
    "essay_len": 748,
    "essay_main_subject": "소중함을 잃었던 경험"
  }
}