{
  "paragraph": [
    {
      "paragraph_txt": "일상속에서 내 생활속에서 정말 중요한 말인거 같다.#@문장구분# 익숙함에 속아 소중함을 잊지 말자는 이말은 정말 간단하고 짧지만 작은 의미 조각들이 수없이 들어간 말인거 같다.#@문장구분# 명언처럼 행동하기 말로는 쉬워 보이지만 절대 아니라는 거 사람이 편해지고 말이 막 나올 때 표현하기 부끄러워지고 자존심이 세워지고 그들이 무조건 적으로 내 편이 되어 주어야 한다고 생각이 들 때 그럴 때 놓치기 쉬운 명언이다.#@문장구분# 그리고 내가 그랬다.#@문장구분# 연락을 중요하게 생각하는 친구인 걸 알면서도 편하다는 이유로 연락을 보지 않고 전화가 오면 잠이 온다는 이유로 받지 않고 그랬다.#@문장구분# 지금 말한 이 친구는 내가 정말 좋아하는 친구 가족 같은 친구다.#@문장구분# 결국 이 친구가 화를 냈고 그제서야 난 연락도 잘 보고 전화도 잘 받게 되었다.#@문장구분# 또 다른 내 소중한 친구랑은 사과 자존심 이 두 개가 문제였다.#@문장구분# 난 원래 자존심 세우는 편도 아니고 오히려 사과를 먼저 하는 그런 성격이었다.#@문장구분# 그런데 이 친구를 처음 사귀었을 때부턴 이 친구가 줄곧 먼저 사과를 해주었다.#@문장구분# 그게 익숙해진 나머지 다를 땐 잘만 하던 사과를 이 친구에겐 하지 않고 자존심만 세우다가 친구가 지쳐 내게 사과를 하지 않았을 때 머리를 한 대 맞은 거 같았다.#@문장구분# 그 일 뒤로 많은 생각을 하게 되고 더 이상 이러면 안 되겠다는 마음가짐을 가지고 앞에 말했던 것이 당연하게 되어야 한다는 생각을 버리고 내게 소중한 사람들에게 더 잘해야겠다고 항상 생각하고 지금은 실천 중이다.#@문장구분# 내게 소중한건 그만큼 익숙해져 있다.#@문장구분# 그건 사람인거 같다.#@문장구분#",
      "paragraph_len": 1032,
      "paragraph_id": "001"
    }
  ],
  "score": {
    "paragraph_score": [
      {
        "paragraph_scoreT": [
          3,
          2,
          3
        ],
        "paragraph_scoreT_detail": {
          "paragraph_scoreT_exp": [
            [
              3,
              3,
              3
            ],
            [
              2,
              2,
              2
            ],
            [
              3,
              3,
              3
            ]
          ]
        },
        "paragraph_scoreT_avg": 2.6666667,
        "paragraph_id": "001"
      }
    ],
    "essay_scoreT": [
      30,
      21.11111,
      29.555555
    ],
    "essay_scoreT_avg": 26.888887,
    "essay_scoreT_detail": {
      "essay_scoreT_org": [
        [
          3,
          3,
          3,
          3
        ],
        [
          2,
          3,
          3,
          3
        ],
        [
          3,
          2,
          3,
          3
        ]
      ],
      "essay_scoreT_cont": [
        [
          3,
          3,
          0,
          3
        ],
        [
          2,
          2,
          0,
          2
        ],
        [
          3,
          3,
          0,
          3
        ]
      ],
      "essay_scoreT_exp": [
        [
          3,
          3,
          3
        ],
        [
          2,
          2,
          2
        ],
        [
          3,
          3,
          3
        ]
      ]
    }
  },
  "student": {
    "date": "2021.12.12",
    "student_educated": true,
    "student_grade": "고등_1학년",
    "location": "063",
    "student_grade_group": "고등",
    "student_reading": 2
  },
  "rubric": {
    "essay_grade": "고등_1학년",
    "organization_weight": {
      "org_paragraph": 2,
      "org": 2,
      "org_essay": 4,
      "org_coherence": 2,
      "org_quantity": 1
    },
    "essay_type": "글짓기",
    "content_weight": {
      "con_clearance": 4,
      "con_novelty": 3,
      "con": 4,
      "con_prompt": 0,
      "con_description": 1
    },
    "essay_main_subject": "소중함을 잃었던 경험",
    "expression_weight": {
      "exp_style": 1,
      "exp_grammar": 2,
      "exp_vocab": 3,
      "exp": 4
    }
  },
  "correction": [],
  "info": {
    "essay_id": "ESSAY_61298",
    "essay_prompt": " 익숙함에 속아 소중함을 잊지 말자는 명언 (Do not get fooled by something familiar and forget what is priceless.)이 있습니다.\n\n 부모님께서 매일 해주시는 아침밥이나, 너무 친해서 매일 맛있는 간식을 사주는 친구 등 처음에는 매우 감사했지만 반복되는 호의에 우리는 소중함을 잊어가기도 합니다.\n\n 작은 소중함일지라도 그 소중함을 잃게 되면 호의를 베푸는 사람 입장에서는 매우 당황스럽고 기분이 나쁠 수 있어요.\n\n 여러분은 익숙함에 속아 소중함을 잊었던 사례와 그로 인해 상대방의 기분을 나쁘게 했던 경험이 있나요? 만약 있다면 관계를 회복하기 위해 어떤 노력을 하셨나요? 본인의 경험을 작성해주세요.\n\n 만약 그런 적이 없다면 주변의 이야기나 본인에게 소중함을 주는 사람들에 관해 설명해주세요.",
    "essay_type": "글짓기",
    "essay_level": "2",
    "essay_len": 752,
    "essay_main_subject": "소중함을 잃었던 경험"
  }
}