{
  "paragraph": [
    {
      "paragraph_txt": "생명보다 더 소중한 것이 있을까요?#@문장구분# '생명이 있는 동안은 기쁨도 있다' 러시아의 대문호 톨스토이가 한 말입니다.#@문장구분# 나는 책읽기를 좋아하는 편입니다.#@문장구분# 작품 속에서 제법 많은 작가들과 만났습니다.#@문장구분# 누구를 가장 으뜸으로 꼽느냐고 묻는다면 잠깐 망설이다 말할 겁니다.#@문장구분# '레오 톨스토이'라고요.#@문장구분# 톨스토이의 사상을 좋아합니다.#@문장구분# 싫어하는 사람들도 있을 겁니다.#@문장구분# 내 어린시절의 날은 헤밍웨이와 함께 살았습니다.#@문장구분# 이제 헤밍웨이는 죽었습니다. #@문장구분#지금은 톨스토이와 함께 삽니다.#@문장구분# 톨스토이를 만나고 싶을 때면 읽는 책이 있습니다.#@문장구분#'사람은 무엇으로 사는가' 가 자주 읽는 책입니다.#@문장구분# 걸리버 여행기는 장편이어서 준비가 필요합니다.#@문장구분# 준비하는 동안 몇 권 함께 읽으려고 합니다.#@문장구분# 톨스토이, 생각만 해도 생기가 솟습니다.#@문장구분# 지금은 이겨내야 할 때입니다.#@문장구분# 톨스토이를 만나면 다시 힘을 낼 수 있을 것 같습니다.#@문장구분# 그 힘이면 이겨낼 수 있을 것 같습니다.#@문장구분# 모든 삶 속에는 기쁨이 있습니다.#@문장구분# 모든 사람들에게는 사랑이 있습니다.#@문장구분# 생명보다 더 소중한 것은 없습니다.#@문장구분# 생명을 위해서라면 버리지 못할 것도 없습니다.#@문장구분# 톨스토이가 가르쳐 준 지혜입니다.#@문장구분# 생명없이는 어떤것도 존재할 수 없습니다.#@문장구분# 생명이 이 세상에서 가장 소중합니다.#@문장구분# 나에게도 그리고 세상에 사는 모든 사람에게도 생명이 가장 중요합니다.#@문장구분# 이 생명이라는 가장 소중한 것을 잃는 순간 우리의 모든 것은 사라집니다. #@문장구분#그런데 우리는 우리가 숨쉬고 있는 사실, 심장이 뛰고 있다는 사실들을 모르고 그냥 살고 있습니다.#@문장구분# 재산이나 성공, 대학 모든 것이 생명이 사라지는 순간 끝나게 됩니다.#@문장구분#",
      "paragraph_len": 1377,
      "paragraph_id": "001"
    }
  ],
  "score": {
    "paragraph_score": [
      {
        "paragraph_scoreT": [
          3,
          3,
          3
        ],
        "paragraph_scoreT_detail": {
          "paragraph_scoreT_exp": [
            [
              3,
              3,
              3
            ],
            [
              3,
              3,
              3
            ],
            [
              3,
              3,
              3
            ]
          ]
        },
        "paragraph_scoreT_avg": 3,
        "paragraph_id": "001"
      }
    ],
    "essay_scoreT": [
      30,
      26.5,
      28.5
    ],
    "essay_scoreT_avg": 28.333334,
    "essay_scoreT_detail": {
      "essay_scoreT_org": [
        [
          3,
          3,
          3,
          3
        ],
        [
          3,
          3,
          3,
          3
        ],
        [
          3,
          3,
          3,
          3
        ]
      ],
      "essay_scoreT_cont": [
        [
          3,
          3,
          0,
          3
        ],
        [
          2,
          2,
          0,
          3
        ],
        [
          3,
          2,
          0,
          3
        ]
      ],
      "essay_scoreT_exp": [
        [
          3,
          3,
          3
        ],
        [
          3,
          3,
          3
        ],
        [
          3,
          3,
          3
        ]
      ]
    }
  },
  "student": {
    "date": "2021.12.17",
    "student_educated": true,
    "student_grade": "고등_1학년",
    "location": "044",
    "student_grade_group": "고등",
    "student_reading": 3
  },
  "rubric": {
    "essay_grade": "고등_1학년",
    "organization_weight": {
      "org_paragraph": 2,
      "org": 2,
      "org_essay": 4,
      "org_coherence": 2,
      "org_quantity": 1
    },
    "essay_type": "글짓기",
    "content_weight": {
      "con_clearance": 4,
      "con_novelty": 3,
      "con": 4,
      "con_prompt": 0,
      "con_description": 1
    },
    "essay_main_subject": "소중함을 잃었던 경험",
    "expression_weight": {
      "exp_style": 1,
      "exp_grammar": 2,
      "exp_vocab": 3,
      "exp": 4
    }
  },
  "correction": [],
  "info": {
    "essay_id": "ESSAY_66010",
    "essay_prompt": " 익숙함에 속아 소중함을 잊지 말자는 명언 (Do not get fooled by something familiar and forget what is priceless.)이 있습니다.\n\n 부모님께서 매일 해주시는 아침밥이나, 너무 친해서 매일 맛있는 간식을 사주는 친구 등 처음에는 매우 감사했지만 반복되는 호의에 우리는 소중함을 잊어가기도 합니다.\n\n 작은 소중함일지라도 그 소중함을 잃게 되면 호의를 베푸는 사람 입장에서는 매우 당황스럽고 기분이 나쁠 수 있어요.\n\n 여러분은 익숙함에 속아 소중함을 잊었던 사례와 그로 인해 상대방의 기분을 나쁘게 했던 경험이 있나요? 만약 있다면 관계를 회복하기 위해 어떤 노력을 하셨나요? 본인의 경험을 작성해주세요.\n\n 만약 그런 적이 없다면 주변의 이야기나 본인에게 소중함을 주는 사람들에 관해 설명해주세요.",
    "essay_type": "글짓기",
    "essay_level": "2",
    "essay_len": 777,
    "essay_main_subject": "소중함을 잃었던 경험"
  }
}