{
  "paragraph": [
    {
      "paragraph_txt": "친구가 한명있었는데 머리는 좋은데 행동하는거보면 그다지 똑똑한거 같지않고 뭔가 모자라 보인다 그런데 그친구가 자꾸 내곁에서 맴돈다 무슨일이든지 나랑 같이 하려고 하고... 외모적으로나 성격적으로나 나는 별로 친해지고 싶지 않은 친구였다.#@문장구분# 그친구는 좋은게 있으면 나한테 선물도 해주고 자신의 것도 나눠주고 했다.#@문장구분# 나랑 친해지려고 그러나보다는 생각이 들면서도 오히려 부담스러웠다.#@문장구분# 어느날 내가 팔을 다쳤다.#@문장구분# 오른팔을 쓸수없게되자 신발신기부터 책장을 넘기는 것까지 쉬운일이 없었다.#@문장구분# 그런데 그때도 내옆자리로 와서 앉더니 수발을 들어주는것이었다.#@문장구분# 고마웠다.#@문장구분# 하지만 부담되기도 했다. #@문장구분#나는 그친구에게 그렇게 못해줄 것 같았기 때문이다.#@문장구분# 내가 못땠다는 생각도 들었지만 친구의 일방적인 선택에 내가 선택을 당한거 아닌가 하는 생각이 들기도 했다.#@문장구분# 그렇지만 챙겨주는 친구의 마음은 부정할 수 없는 사실이였다.#@문장구분# 그 친구는 자주 코피를 흘리곤 했었는데 몸이 약해서 자주 코피가 난다고 했다.#@문장구분# 나는 걱정이 되면서도 자상하게 챙겨주진 않았다.#@문장구분# 어느순간부터 친구가 연락도 잘하지않고 혼자다니는 것이다.#@문장구분# 그렇지만 왜그러냐고 물어보기는 좀 그랬다.#@문장구분# 그래서 그냥 혼자 다니는걸 지켜보기만했다.#@문장구분# 친구가 결석을 하고 보이지않아 연락을 해봤다.#@문장구분# 암이라는 거다.#@문장구분# 친구가 울었다.#@문장구분# 그래서 한동안 혼자 다녔었나보다 생각하니 너무 미안했다.#@문장구분# 내가 너무 나빴다고 자책했다.#@문장구분# 암은 어른들이나 걸리는건줄 알았는데 친구가 걸려서 너무 불쌍했다.#@문장구분#그리고 도와주고싶었다. #@문장구분#그 친구가 내게 해준 따뜻함을 나도 친구에게 돌려주고싶다는 생각이 들었다.#@문장구분#",
      "paragraph_len": 1259,
      "paragraph_id": "001"
    }
  ],
  "score": {
    "paragraph_score": [
      {
        "paragraph_scoreT": [
          2.6666667,
          2.1666667,
          2.5
        ],
        "paragraph_scoreT_detail": {
          "paragraph_scoreT_exp": [
            [
              2,
              3,
              3
            ],
            [
              2,
              2,
              3
            ],
            [
              2,
              3,
              2
            ]
          ]
        },
        "paragraph_scoreT_avg": 2.4444444,
        "paragraph_id": "001"
      }
    ],
    "essay_scoreT": [
      28.666668,
      22.88889,
      27.777779
    ],
    "essay_scoreT_avg": 26.444445,
    "essay_scoreT_detail": {
      "essay_scoreT_org": [
        [
          3,
          3,
          3,
          3
        ],
        [
          2,
          2,
          2,
          3
        ],
        [
          2,
          3,
          3,
          3
        ]
      ],
      "essay_scoreT_cont": [
        [
          3,
          3,
          0,
          3
        ],
        [
          2,
          3,
          0,
          3
        ],
        [
          3,
          3,
          0,
          3
        ]
      ],
      "essay_scoreT_exp": [
        [
          2,
          3,
          3
        ],
        [
          2,
          2,
          3
        ],
        [
          2,
          3,
          3
        ]
      ]
    }
  },
  "student": {
    "date": "2021.12.17",
    "student_educated": true,
    "student_grade": "고등_1학년",
    "location": "044",
    "student_grade_group": "고등",
    "student_reading": 2
  },
  "rubric": {
    "essay_grade": "고등_1학년",
    "organization_weight": {
      "org_paragraph": 2,
      "org": 2,
      "org_essay": 4,
      "org_coherence": 2,
      "org_quantity": 1
    },
    "essay_type": "글짓기",
    "content_weight": {
      "con_clearance": 4,
      "con_novelty": 3,
      "con": 4,
      "con_prompt": 0,
      "con_description": 1
    },
    "essay_main_subject": "소중함을 잃었던 경험",
    "expression_weight": {
      "exp_style": 1,
      "exp_grammar": 2,
      "exp_vocab": 3,
      "exp": 4
    }
  },
  "correction": [],
  "info": {
    "essay_id": "ESSAY_66020",
    "essay_prompt": " 익숙함에 속아 소중함을 잊지 말자는 명언 (Do not get fooled by something familiar and forget what is priceless.)이 있습니다.\n\n 부모님께서 매일 해주시는 아침밥이나, 너무 친해서 매일 맛있는 간식을 사주는 친구 등 처음에는 매우 감사했지만 반복되는 호의에 우리는 소중함을 잊어가기도 합니다.\n\n 작은 소중함일지라도 그 소중함을 잃게 되면 호의를 베푸는 사람 입장에서는 매우 당황스럽고 기분이 나쁠 수 있어요.\n\n 여러분은 익숙함에 속아 소중함을 잊었던 사례와 그로 인해 상대방의 기분을 나쁘게 했던 경험이 있나요? 만약 있다면 관계를 회복하기 위해 어떤 노력을 하셨나요? 본인의 경험을 작성해주세요.\n\n 만약 그런 적이 없다면 주변의 이야기나 본인에게 소중함을 주는 사람들에 관해 설명해주세요.",
    "essay_type": "글짓기",
    "essay_level": "2",
    "essay_len": 780,
    "essay_main_subject": "소중함을 잃었던 경험"
  }
}