{
  "paragraph": [
    {
      "paragraph_txt": "나는 노는것에 익숙해져 시간의 소중함을 잊고 있었던 적이 있었다.#@문장구분# 하지만 나는 잘 모르고 있었다.#@문장구분# 그저 노는게 좋아서 하루종일 노는 날이 많았고 또한 학교에서 공부하는게 지겨워서 보충수업을 빠지고  놀기도 했다.#@문장구분# 그때에 나는 시간을 빨리 보내기 위해 최대한 놀 수 있을 만큼 놀았고 시간이 값을 매길수 없는 정도로 가치있다는 것을 알면서도 모른채 했다.#@문장구분# 그렇게 나는 계속 놀았다.#@문장구분# 무작정 목표없이 살고있었다.#@문장구분# 그러던 어느 날 나는 이런 생각이 들었다.#@문장구분# '미래에 나는 어떻게 되어 있을까?#@문장구분# 이 생각을 하고 난 후 나는 내 꿈을 이루기 위해 책상에 앉는 것에 익숙해지기로 했다.#@문장구분# 처음에는 쉽지만은 않았다.#@문장구분# 매일같이 놀다가 앉아서 공부를 하려니 너무나도 힘들었다.#@문장구분# 하지만 그래도 난 달라지기 위해 매일같이 노력했다.#@문장구분# 공부에 집중을 할수 없어도 일단 무작정 앉아있었다.#@문장구분# 앉아있던 시간이 늘어나고 익숙해지자 공부가 눈에 들어오기 시작했다.#@문장구분# 공부가 눈에 들어오니 성적도 자연스럽게 올라갔다.#@문장구분# 이렇게 목표가 생기고 공부하는게 습관이 되니까 시간의 소중함을 알게 되었고 자존감이 높아지는 기분이었다.#@문장구분# 또한 내가 앞으로 어떻게 살아야할지 또 어떤 방향으로 나아가야할지 갈피도 잡혔다.#@문장구분# 그렇게 나는 지금까지도 내가 앞으로 진학하고싶은 학과와 대학교를 위해 열심히 공부하면서 시간의 소중함을 잊지 않고 살아가고 있다.#@문장구분#",
      "paragraph_len": 1030,
      "paragraph_id": "001"
    }
  ],
  "score": {
    "paragraph_score": [
      {
        "paragraph_scoreT": [
          3,
          2.5,
          2
        ],
        "paragraph_scoreT_detail": {
          "paragraph_scoreT_exp": [
            [
              3,
              3,
              3
            ],
            [
              2,
              3,
              2
            ],
            [
              2,
              2,
              2
            ]
          ]
        },
        "paragraph_scoreT_avg": 2.5,
        "paragraph_id": "001"
      }
    ],
    "essay_scoreT": [
      29.777779,
      26.5,
      18
    ],
    "essay_scoreT_avg": 24.75926,
    "essay_scoreT_detail": {
      "essay_scoreT_org": [
        [
          3,
          3,
          3,
          2
        ],
        [
          3,
          3,
          3,
          3
        ],
        [
          2,
          2,
          2,
          2
        ]
      ],
      "essay_scoreT_cont": [
        [
          3,
          3,
          0,
          3
        ],
        [
          3,
          2,
          0,
          3
        ],
        [
          1,
          2,
          0,
          2
        ]
      ],
      "essay_scoreT_exp": [
        [
          3,
          3,
          3
        ],
        [
          2,
          3,
          2
        ],
        [
          2,
          2,
          2
        ]
      ]
    }
  },
  "student": {
    "date": "2021.10.12",
    "student_educated": true,
    "student_grade": "고등_1학년",
    "location": "051",
    "student_grade_group": "고등",
    "student_reading": 2
  },
  "rubric": {
    "essay_grade": "고등_1학년",
    "organization_weight": {
      "org_paragraph": 2,
      "org": 2,
      "org_essay": 4,
      "org_coherence": 2,
      "org_quantity": 1
    },
    "essay_type": "글짓기",
    "content_weight": {
      "con_clearance": 4,
      "con_novelty": 3,
      "con": 4,
      "con_prompt": 0,
      "con_description": 1
    },
    "essay_main_subject": "소중함을 잃었던 경험",
    "expression_weight": {
      "exp_style": 1,
      "exp_grammar": 2,
      "exp_vocab": 3,
      "exp": 4
    }
  },
  "correction": [],
  "info": {
    "essay_id": "ESSAY_37015",
    "essay_prompt": " 익숙함에 속아 소중함을 잊지 말자는 명언 (Do not get fooled by something familiar and forget what is priceless.)이 있습니다.\n\n 부모님께서 매일 해주시는 아침밥이나, 너무 친해서 매일 맛있는 간식을 사주는 친구 등 처음에는 매우 감사했지만 반복되는 호의에 우리는 소중함을 잊어가기도 합니다.\n\n 작은 소중함일지라도 그 소중함을 잃게 되면 호의를 베푸는 사람 입장에서는 매우 당황스럽고 기분이 나쁠 수 있어요.\n\n 여러분은 익숙함에 속아 소중함을 잊었던 사례와 그로 인해 상대방의 기분을 나쁘게 했던 경험이 있나요? 만약 있다면 관계를 회복하기 위해 어떤 노력을 하셨나요? 본인의 경험을 작성해주세요.\n\n 만약 그런 적이 없다면 주변의 이야기나 본인에게 소중함을 주는 사람들에 관해 설명해주세요.",
    "essay_type": "글짓기",
    "essay_level": "2",
    "essay_len": 670,
    "essay_main_subject": "소중함을 잃었던 경험"
  }
}