{
  "paragraph": [
    {
      "paragraph_txt": "나에게 이 세상에서 가장 소중한 것은 곱게 화장한 얼굴이 아니라 언제나 인자하게 나를 바라보시는 엄마의 소박한 얼굴입니다.#@문장구분# 세상에서 가장 예쁜손은 기다란 손톱에 매니큐어바른 화려한 손가락이 아니고 따스한 손길로 정성스럽게 보살핌의 온정을 주시는 나의 엄마의 투박한 손입니다.#@문장구분# 세상에서 가장 값진 것은 사랑을 나눌줄 알고 베풀줄아는 넉넉한 마음입니다.#@문장구분# 세상에서 가장 소중한 것은 작은것이라도 아끼고 소중히 여길 줄아는 우리엄마의 마음입니다.#@문장구분# 적지만 그리고 항상 부족하지만 그 부족함에 짜증내거나 화내지 않고 항상 웃음과 미소로 우리를 돌봐 주셨던 엄마의 마음이 가장 소중한 보물입니다.#@문장구분# 부모자식간의 사랑 그리고 부부의 사랑등 사랑이 없는 곳에는 웃음도 없고 행복도 없습니다.#@문장구분# 세상에서 가장 소중한 것은 마음가짐입니다.#@문장구분# 언제나 긍정적인 마음가짐으로 인생을 살아오셨고 그러한 인생의 철학을 우리에게 물려주려고 하셨던 엄마의 마음이 이 세상에서 가장 소중한 것입니다.#@문장구분# 세상에서 가장 중요한 것은 진실입니다.#@문장구분# 엄마는 항상 손해를 당장은 볼지언정 거짓은 나중에 꼭 밝혀지니 진실되게 살라고 말씀하셨습니다.#@문장구분# 진실된 말 한마디로 믿음과 행복을 줄 수 있다면 마음의 문을 열어 진실의 마음을 전하라고 하셨습니다.#@문장구분# 그런 나에게 가장 소중한 존재였던 엄마가 제작년 교통사고로 돌아가셨습니다.#@문장구분# 나의 가장 소중한 것을 잃은 나는 삶의 모든 것을 포기하려 했고 많은 방황을 했습니다.#@문장구분# 하지만 살아생전의 엄마의 모습처럼 용기잃지 않고 살아가려고 합니다.#@문장구분#",
      "paragraph_len": 1022,
      "paragraph_id": "001"
    }
  ],
  "score": {
    "paragraph_score": [
      {
        "paragraph_scoreT": [
          3,
          2.5,
          3
        ],
        "paragraph_scoreT_detail": {
          "paragraph_scoreT_exp": [
            [
              3,
              3,
              3
            ],
            [
              2,
              3,
              2
            ],
            [
              3,
              3,
              3
            ]
          ]
        },
        "paragraph_scoreT_avg": 2.8333333,
        "paragraph_id": "001"
      }
    ],
    "essay_scoreT": [
      30,
      25.61111,
      30
    ],
    "essay_scoreT_avg": 28.537039,
    "essay_scoreT_detail": {
      "essay_scoreT_org": [
        [
          3,
          3,
          3,
          3
        ],
        [
          3,
          2,
          2,
          3
        ],
        [
          3,
          3,
          3,
          3
        ]
      ],
      "essay_scoreT_cont": [
        [
          3,
          3,
          0,
          3
        ],
        [
          3,
          2,
          0,
          3
        ],
        [
          3,
          3,
          0,
          3
        ]
      ],
      "essay_scoreT_exp": [
        [
          3,
          3,
          3
        ],
        [
          2,
          3,
          2
        ],
        [
          3,
          3,
          3
        ]
      ]
    }
  },
  "student": {
    "date": "2021.12.16",
    "student_educated": true,
    "student_grade": "고등_1학년",
    "location": "063",
    "student_grade_group": "고등",
    "student_reading": 2
  },
  "rubric": {
    "essay_grade": "고등_1학년",
    "organization_weight": {
      "org_paragraph": 2,
      "org": 2,
      "org_essay": 4,
      "org_coherence": 2,
      "org_quantity": 1
    },
    "essay_type": "글짓기",
    "content_weight": {
      "con_clearance": 4,
      "con_novelty": 3,
      "con": 4,
      "con_prompt": 0,
      "con_description": 1
    },
    "essay_main_subject": "소중함을 잃었던 경험",
    "expression_weight": {
      "exp_style": 1,
      "exp_grammar": 2,
      "exp_vocab": 3,
      "exp": 4
    }
  },
  "correction": [],
  "info": {
    "essay_id": "ESSAY_65828",
    "essay_prompt": " 익숙함에 속아 소중함을 잊지 말자는 명언 (Do not get fooled by something familiar and forget what is priceless.)이 있습니다.\n\n 부모님께서 매일 해주시는 아침밥이나, 너무 친해서 매일 맛있는 간식을 사주는 친구 등 처음에는 매우 감사했지만 반복되는 호의에 우리는 소중함을 잊어가기도 합니다.\n\n 작은 소중함일지라도 그 소중함을 잃게 되면 호의를 베푸는 사람 입장에서는 매우 당황스럽고 기분이 나쁠 수 있어요.\n\n 여러분은 익숙함에 속아 소중함을 잊었던 사례와 그로 인해 상대방의 기분을 나쁘게 했던 경험이 있나요? 만약 있다면 관계를 회복하기 위해 어떤 노력을 하셨나요? 본인의 경험을 작성해주세요.\n\n 만약 그런 적이 없다면 주변의 이야기나 본인에게 소중함을 주는 사람들에 관해 설명해주세요.",
    "essay_type": "글짓기",
    "essay_level": "2",
    "essay_len": 744,
    "essay_main_subject": "소중함을 잃었던 경험"
  }
}