{
  "paragraph": [
    {
      "paragraph_txt": "나는 얼마전 내가 처음으로 돈을 벌어 산 내 에어팟을 잃어버렸다.#@문장구분# 나의 첫 에어팟이라 처음에는 애지중지하며 가지고 다녔지만 점점 시간이 지날수록 익숙함에 속아 소중한 나의 에어팟을 잃어버렸다.#@문장구분# 잃어버린 이유 조차 모른다.#@문장구분# 버스를 타다 잃어버렸는지 학원 수업에 가느라 가방을 밖에 두고 갔을 때 누군가가 가져갔는지... 너무 답답하고 슬프다.#@문장구분# 하지만 누군가가 시간이 약이라고 했던가?#@문장구분# 잃어버리고 며칠 동안은 버스에서 노래를 듣지 못해 속상하고 자꾸 내 에어팟이 생각나서 너무 힘들었지만 어느정도 시간이 지나니 점점 익숙해져갔다.#@문장구분# 에어팟을 들을때는 눈을 감고 노래를 감상하며 이동했다면 이제는 바깥 풍경을 눈으로 감상하는 취미가 생겼고, 집에서 에어팟 끼고 혼자 핸드폰 하는 시간이 많았다면 이제는 거실로 나가 가족들과 오늘 있었던 일들을 나누거나 대화하여 공감해주는 시간을 많이 가질 수 있게 되었다.#@문장구분# 나의 소중한 에어팟은 잃어버렸지만 내가 일상에서 놓치고 살았던 것들을 얻을 수 있어서 그렇게 나쁘지는 않다.#@문장구분# 그래도 만약에 내가 에어팟을 잃어버린 것이 아니라 누군가가 훔쳐간 것 이라면 그사람이 나중에 크게 혼났으면 좋겠다.#@문장구분# 우리는 소중한 것을 잃어버렸더라도 그 남은 자리를 다른 것들로 채워가며 인생을 살아가야 한다.#@문장구분# 슬픔에 빠져 살다가는 더욱 소중한 것들을 잃어버릴 수도 있기 때문이다.#@문장구분#",
      "paragraph_len": 886,
      "paragraph_id": "001"
    }
  ],
  "score": {
    "paragraph_score": [
      {
        "paragraph_scoreT": [
          3,
          3,
          3
        ],
        "paragraph_scoreT_detail": {
          "paragraph_scoreT_exp": [
            [
              3,
              3,
              3
            ],
            [
              3,
              3,
              3
            ],
            [
              3,
              3,
              3
            ]
          ]
        },
        "paragraph_scoreT_avg": 3,
        "paragraph_id": "001"
      }
    ],
    "essay_scoreT": [
      27.38889,
      28.5,
      26.5
    ],
    "essay_scoreT_avg": 27.462961,
    "essay_scoreT_detail": {
      "essay_scoreT_org": [
        [
          2,
          3,
          3,
          2
        ],
        [
          3,
          3,
          3,
          3
        ],
        [
          3,
          3,
          3,
          3
        ]
      ],
      "essay_scoreT_cont": [
        [
          3,
          2,
          0,
          3
        ],
        [
          3,
          2,
          0,
          3
        ],
        [
          2,
          2,
          0,
          3
        ]
      ],
      "essay_scoreT_exp": [
        [
          3,
          3,
          3
        ],
        [
          3,
          3,
          3
        ],
        [
          3,
          3,
          3
        ]
      ]
    }
  },
  "student": {
    "date": "2021.12.21",
    "student_educated": true,
    "student_grade": "고등_1학년",
    "location": "063",
    "student_grade_group": "고등",
    "student_reading": 2
  },
  "rubric": {
    "essay_grade": "고등_1학년",
    "organization_weight": {
      "org_paragraph": 2,
      "org": 2,
      "org_essay": 4,
      "org_coherence": 2,
      "org_quantity": 1
    },
    "essay_type": "글짓기",
    "content_weight": {
      "con_clearance": 4,
      "con_novelty": 3,
      "con": 4,
      "con_prompt": 0,
      "con_description": 1
    },
    "essay_main_subject": "소중함을 잃었던 경험",
    "expression_weight": {
      "exp_style": 1,
      "exp_grammar": 2,
      "exp_vocab": 3,
      "exp": 4
    }
  },
  "correction": [],
  "info": {
    "essay_id": "ESSAY_75462",
    "essay_prompt": " 익숙함에 속아 소중함을 잊지 말자는 명언 (Do not get fooled by something familiar and forget what is priceless.)이 있습니다.\n\n 부모님께서 매일 해주시는 아침밥이나, 너무 친해서 매일 맛있는 간식을 사주는 친구 등 처음에는 매우 감사했지만 반복되는 호의에 우리는 소중함을 잊어가기도 합니다.\n\n 작은 소중함일지라도 그 소중함을 잃게 되면 호의를 베푸는 사람 입장에서는 매우 당황스럽고 기분이 나쁠 수 있어요.\n\n 여러분은 익숙함에 속아 소중함을 잊었던 사례와 그로 인해 상대방의 기분을 나쁘게 했던 경험이 있나요? 만약 있다면 관계를 회복하기 위해 어떤 노력을 하셨나요? 본인의 경험을 작성해주세요.\n\n 만약 그런 적이 없다면 주변의 이야기나 본인에게 소중함을 주는 사람들에 관해 설명해주세요.",
    "essay_type": "글짓기",
    "essay_level": "2",
    "essay_len": 666,
    "essay_main_subject": "소중함을 잃었던 경험"
  }
}