{
  "paragraph": [
    {
      "paragraph_txt": "여러분은 '익숙함에 속아 소중함을 잃지 말자(Do not get fooled by something familiar and forget what is priceless)라는 명언을 아는가?#@문장구분# 누구나 익숙함에 속아서 소중한것을 잃어본 경험이 있을것이다.#@문장구분# 나 또한 익숙함에 속아서 소중한 것을 잃어 본적이 있는데 나는 과거에 매일 있는 자유시간이 영원할 것만 같았기에 그 시간을 나의 자기 개발이나 취미생활을즐기지 않고 낮잠을 자면서 쉬고 놀기에 바빴던 것 같다.#@문장구분# 솔직히 많은 이들이 있다.#@문장구분# 당시에는 이런 생각을 가지고 행동했을것 같다고 생각한다.#@문장구분# 물론 조금 다른아이들도 있을것이다.#@문장구분# 하지만 대부분은 평범한 아이이기에 대부분 나처럼 시간을 흥청망청 썼을 것이다.#@문장구분# 그렇기에 간혹 나는 '내가 만약 그때 조금 다양한일을 하고 다양한 경험을 했으면 어땠을까..?'라는 생각을한다.#@문장구분# 이런 생각은 대부분의 사람이 하고있을 것이라고 생각한다.#@문장구분# 왜냐하면 그 당시에는 그 익숙하던 시간들이 지금 자라서 생각해보면 그때 내가 그랬더라면..' 혹은 '만약 그때 그랬으면 어떻게 되었을까?' 라는 생각이 든다.#@문장구분# 그때 당시에 평범하다고 생각했던 시간들이 지금 돌이켜보면 소중한 시간들 이었지만 당시에는 내가 그것을 알지 못했기에 익숙함에 속아서 소중한 경험과 시간들을 잃어버리게 된 것 같다고 생각한다.#@문장구분# 이렇기에 나는 내가 그때 당시의 시간들을 흥청망청 썼기에 지금 내가 그때 그 시간을 소중하게 썼던 다른 아이들과는 다르게 더 많은 시간과 노력을 투자하여 그 시간 차이를 매꾸기 위해서 더욱 열심히 하고 있다고 생각한다.#@문장구분# 여러분들도 마찬가지 일꺼라고 생각한다.#@문장구분# 그렇기에 만약 과거로갈수만있다면 그 시간을 헛되이 쓰지 않으리라 다짐 할 수 있을 것이고 이것은 많은 이들도 마찬가지일 것이라고 생각이 든다.#@문장구분# 이 글을 마치면서 만약 당신에게 아직도 당신에게 익숙한 시간이 남아있다면 후회하지 말고 그 시간을 소중히 여기면서 살라고 말하고 싶다.#@문장구분#",
      "paragraph_len": 1259,
      "paragraph_id": "001"
    }
  ],
  "score": {
    "paragraph_score": [
      {
        "paragraph_scoreT": [
          2.8333333,
          2.8333333,
          2
        ],
        "paragraph_scoreT_detail": {
          "paragraph_scoreT_exp": [
            [
              3,
              3,
              2
            ],
            [
              3,
              3,
              2
            ],
            [
              2,
              2,
              2
            ]
          ]
        },
        "paragraph_scoreT_avg": 2.5555556,
        "paragraph_id": "001"
      }
    ],
    "essay_scoreT": [
      27.11111,
      25.777779,
      24.5
    ],
    "essay_scoreT_avg": 25.796295,
    "essay_scoreT_detail": {
      "essay_scoreT_org": [
        [
          3,
          3,
          3,
          2
        ],
        [
          2,
          2,
          3,
          2
        ],
        [
          3,
          3,
          3,
          3
        ]
      ],
      "essay_scoreT_cont": [
        [
          3,
          2,
          0,
          2
        ],
        [
          3,
          2,
          0,
          2
        ],
        [
          3,
          2,
          0,
          3
        ]
      ],
      "essay_scoreT_exp": [
        [
          3,
          3,
          2
        ],
        [
          3,
          3,
          2
        ],
        [
          2,
          2,
          2
        ]
      ]
    }
  },
  "student": {
    "date": "2021.09.29",
    "student_educated": true,
    "student_grade": "고등_1학년",
    "location": "051",
    "student_grade_group": "고등",
    "student_reading": 1
  },
  "rubric": {
    "essay_grade": "고등_1학년",
    "organization_weight": {
      "org_paragraph": 2,
      "org": 2,
      "org_essay": 4,
      "org_coherence": 2,
      "org_quantity": 1
    },
    "essay_type": "글짓기",
    "content_weight": {
      "con_clearance": 4,
      "con_novelty": 3,
      "con": 4,
      "con_prompt": 0,
      "con_description": 1
    },
    "essay_main_subject": "소중함을 잃었던 경험",
    "expression_weight": {
      "exp_style": 1,
      "exp_grammar": 2,
      "exp_vocab": 3,
      "exp": 4
    }
  },
  "correction": [],
  "info": {
    "essay_id": "ESSAY_35808",
    "essay_prompt": " 익숙함에 속아 소중함을 잊지 말자는 명언 (Do not get fooled by something familiar and forget what is priceless.)이 있습니다.\n\n 부모님께서 매일 해주시는 아침밥이나, 너무 친해서 매일 맛있는 간식을 사주는 친구 등 처음에는 매우 감사했지만 반복되는 호의에 우리는 소중함을 잊어가기도 합니다.\n\n 작은 소중함일지라도 그 소중함을 잃게 되면 호의를 베푸는 사람 입장에서는 매우 당황스럽고 기분이 나쁠 수 있어요.\n\n 여러분은 익숙함에 속아 소중함을 잊었던 사례와 그로 인해 상대방의 기분을 나쁘게 했던 경험이 있나요? 만약 있다면 관계를 회복하기 위해 어떤 노력을 하셨나요? 본인의 경험을 작성해주세요.\n\n 만약 그런 적이 없다면 주변의 이야기나 본인에게 소중함을 주는 사람들에 관해 설명해주세요.",
    "essay_type": "글짓기",
    "essay_level": "2",
    "essay_len": 959,
    "essay_main_subject": "소중함을 잃었던 경험"
  }
}