{
  "paragraph": [
    {
      "paragraph_txt": "저는 장염에 걸렸던 적이 있습니다.#@문장구분# 장염에 걸려본 사람들은 알 수 있듯이 배를 콕콕 찌르는 아픔이 지속될 때의 고통은 배를 움켜쥐고 악 소리를 내게 만듭니다.#@문장구분# 그렇게 장염으로 3일 정도를 고생했던 기억이 납니다.#@문장구분# 물만 마셔도 배가 아프고 설사를 했기 때문에 음식도 제대로 먹지 못하고 아파서 끙끙댔습니다.#@문장구분# 그렇게 며칠을 아프고 나니 건강이 얼마나 소중한 것인지 깨달을 수 있었습니다.#@문장구분# 날씨가 추운 날 어머니는 항상 따뜻하게 입으라고 말씀 하시지만 저는 사실 한귀로 듣고 한귀로 흘려보내곤 했습니다.#@문장구분# 어머니께서는 제가 감기에 걸리지는 않을까 아프진 않을까 걱정을 해주신 것이지만 저는 건강에는 크게 신경쓰지 않았기 때문에 대수롭지 않게 생각했습니다.#@문장구분# 그런데 한번 이렇게 호되게 아프고 나니 정말 다음에는 아프지 않도록 건강에 신경써야 하겠구나 싶은 마음이 들었습니다.#@문장구분# 요즘은 코로나로 인하여 아파도 쉽게 병원에 가지못하는 환경이 되었습니다.#@문장구분# 저도 처음 병원에 갈때는 열 때문에 진료를 받을수 없다고 하여 코로나 검사 후 음성확인이 된 후에야 진료를 받을 수가 있었습니다.#@문장구분# 건강은 어리다고 해서 무조건적으로 아프지 않는 것이 아닙니다.#@문장구분# 젊은 사람들도 갑자기 질병이 찾아 올 수 있으니 본인의 소중한 건강을 잃지 않도록 관리를 잘 해야할 것입니다.#@문장구분# 다시는 장염에 걸리고 싶지 않기 때문에 저도 건강관리를 철저히 할 것입니다.#@문장구분#",
      "paragraph_len": 942,
      "paragraph_id": "001"
    }
  ],
  "score": {
    "paragraph_score": [
      {
        "paragraph_scoreT": [
          3,
          3,
          2.1666667
        ],
        "paragraph_scoreT_detail": {
          "paragraph_scoreT_exp": [
            [
              3,
              3,
              3
            ],
            [
              3,
              3,
              3
            ],
            [
              2,
              2,
              3
            ]
          ]
        },
        "paragraph_scoreT_avg": 2.7222223,
        "paragraph_id": "001"
      }
    ],
    "essay_scoreT": [
      30,
      30,
      26.222221
    ],
    "essay_scoreT_avg": 28.74074,
    "essay_scoreT_detail": {
      "essay_scoreT_org": [
        [
          3,
          3,
          3,
          3
        ],
        [
          3,
          3,
          3,
          3
        ],
        [
          3,
          2,
          3,
          3
        ]
      ],
      "essay_scoreT_cont": [
        [
          3,
          3,
          0,
          3
        ],
        [
          3,
          3,
          0,
          3
        ],
        [
          3,
          3,
          0,
          3
        ]
      ],
      "essay_scoreT_exp": [
        [
          3,
          3,
          3
        ],
        [
          3,
          3,
          3
        ],
        [
          2,
          2,
          3
        ]
      ]
    }
  },
  "student": {
    "date": "2021.12.17",
    "student_educated": true,
    "student_grade": "고등_1학년",
    "location": "063",
    "student_grade_group": "고등",
    "student_reading": 2
  },
  "rubric": {
    "essay_grade": "고등_1학년",
    "organization_weight": {
      "org_paragraph": 2,
      "org": 2,
      "org_essay": 4,
      "org_coherence": 2,
      "org_quantity": 1
    },
    "essay_type": "글짓기",
    "content_weight": {
      "con_clearance": 4,
      "con_novelty": 3,
      "con": 4,
      "con_prompt": 0,
      "con_description": 1
    },
    "essay_main_subject": "소중함을 잃었던 경험",
    "expression_weight": {
      "exp_style": 1,
      "exp_grammar": 2,
      "exp_vocab": 3,
      "exp": 4
    }
  },
  "correction": [],
  "info": {
    "essay_id": "ESSAY_72021",
    "essay_prompt": " 익숙함에 속아 소중함을 잊지 말자는 명언 (Do not get fooled by something familiar and forget what is priceless.)이 있습니다.\n\n 부모님께서 매일 해주시는 아침밥이나, 너무 친해서 매일 맛있는 간식을 사주는 친구 등 처음에는 매우 감사했지만 반복되는 호의에 우리는 소중함을 잊어가기도 합니다.\n\n 작은 소중함일지라도 그 소중함을 잃게 되면 호의를 베푸는 사람 입장에서는 매우 당황스럽고 기분이 나쁠 수 있어요.\n\n 여러분은 익숙함에 속아 소중함을 잊었던 사례와 그로 인해 상대방의 기분을 나쁘게 했던 경험이 있나요? 만약 있다면 관계를 회복하기 위해 어떤 노력을 하셨나요? 본인의 경험을 작성해주세요.\n\n 만약 그런 적이 없다면 주변의 이야기나 본인에게 소중함을 주는 사람들에 관해 설명해주세요.",
    "essay_type": "글짓기",
    "essay_level": "2",
    "essay_len": 682,
    "essay_main_subject": "소중함을 잃었던 경험"
  }
}