{
  "paragraph": [
    {
      "paragraph_txt": "사람들은 누구나 소중한 것이 있다.#@문장구분# 그중에서 어른들의 말씀을 들어보면 가장 중요한 것이 가족이고 그 중에서 가장 중요한 것은 배우자라고 한다.#@문장구분# 이 것을 간접적을 볼 수 있는 영화가 있다.#@문장구분# 내 아내의 모든 것이라는 영화인데 예전에 본 이영화가 문득 다시 보고싶어졌다.#@문장구분# 역시 넷플릭스에 있다.#@문장구분# 쉽게 다시 볼 수 있단 얘기이다.#@문장구분# 역시 일단 재밌다.#@문장구분# 기억에 남았던 것보다 더 재미가 있다.#@문장구분# 장면 하나하나, 대사 하나하나가 주옥 같다.#@문장구분# 민규동 감독에 대해 그때도 감탄했던 것 같다.#@문장구분# 이런 디테일을 잡아내다니, 다시 감탄하며 영화에 빠져들었다.#@문장구분# 이선균도 임수정도 연기를 참 잘했다.#@문장구분# 배역도 참 잘 만들어진 영화다.#@문장구분# 류승룡도 종횡무진 활약한다.#@문장구분# 이런 비현실적인 인물과 비현실적인 이야기 구조로 이렇게 흥미진진한 영화를 만드는 게 감독의 역량이다.#@문장구분# 농담 한 마디, 우스운 이야기들이 이어지고, 말도 안되는 설정에서 엉뚱한 사건들이 벌어진다.#@문장구분# 그런데 그 안에 삶이 있고, 삶의 비애가 있고, 우리 마음 속에 숨겨진 아픔들과 상처들이 스며나온다.#@문장구분# 우리가 잊고 있는 것들, 우리가 잃은 것들, 소중하다 생각하지 못하고 있는, 소중한 것들을 다시 돌아보게 한다.#@문장구분# 잃게 되면 알게 되는 소중한 것들중 배우자의 중요성을 일깨워주는 영화였다.#@문장구분# 나도 나중에 결혼을 하겠지.#@문장구분# 그러면 아이를 낳고 또 그 아이가 성장하여 내가 할아버지 할머니가 되고 그런 것 등이 자연스러운 자연의 이치이다.#@문장구분# 그렇게 되면 다른 어떤 것 보다도 나의 배우자가 내가 가장 사랑하는 사람이 될 것이고 이사람의 죽음의 경험은 나를 힘들게 할 것이다.#@문장구분#",
      "paragraph_len": 1219,
      "paragraph_id": "001"
    }
  ],
  "score": {
    "paragraph_score": [
      {
        "paragraph_scoreT": [
          3,
          3,
          2.5
        ],
        "paragraph_scoreT_detail": {
          "paragraph_scoreT_exp": [
            [
              3,
              3,
              3
            ],
            [
              3,
              3,
              3
            ],
            [
              2,
              3,
              2
            ]
          ]
        },
        "paragraph_scoreT_avg": 2.8333333,
        "paragraph_id": "001"
      }
    ],
    "essay_scoreT": [
      30,
      27.38889,
      23.166666
    ],
    "essay_scoreT_avg": 26.851852,
    "essay_scoreT_detail": {
      "essay_scoreT_org": [
        [
          3,
          3,
          3,
          3
        ],
        [
          2,
          3,
          3,
          2
        ],
        [
          2,
          3,
          2,
          3
        ]
      ],
      "essay_scoreT_cont": [
        [
          3,
          3,
          0,
          3
        ],
        [
          3,
          2,
          0,
          3
        ],
        [
          2,
          2,
          0,
          3
        ]
      ],
      "essay_scoreT_exp": [
        [
          3,
          3,
          3
        ],
        [
          3,
          3,
          3
        ],
        [
          2,
          3,
          2
        ]
      ]
    }
  },
  "student": {
    "date": "2021.12.13",
    "student_educated": true,
    "student_grade": "고등_1학년",
    "location": "041",
    "student_grade_group": "고등",
    "student_reading": 2
  },
  "rubric": {
    "essay_grade": "고등_1학년",
    "organization_weight": {
      "org_paragraph": 2,
      "org": 2,
      "org_essay": 4,
      "org_coherence": 2,
      "org_quantity": 1
    },
    "essay_type": "글짓기",
    "content_weight": {
      "con_clearance": 4,
      "con_novelty": 3,
      "con": 4,
      "con_prompt": 0,
      "con_description": 1
    },
    "essay_main_subject": "소중함을 잃었던 경험",
    "expression_weight": {
      "exp_style": 1,
      "exp_grammar": 2,
      "exp_vocab": 3,
      "exp": 4
    }
  },
  "correction": [],
  "info": {
    "essay_id": "ESSAY_65855",
    "essay_prompt": " 익숙함에 속아 소중함을 잊지 말자는 명언 (Do not get fooled by something familiar and forget what is priceless.)이 있습니다.\n\n 부모님께서 매일 해주시는 아침밥이나, 너무 친해서 매일 맛있는 간식을 사주는 친구 등 처음에는 매우 감사했지만 반복되는 호의에 우리는 소중함을 잊어가기도 합니다.\n\n 작은 소중함일지라도 그 소중함을 잃게 되면 호의를 베푸는 사람 입장에서는 매우 당황스럽고 기분이 나쁠 수 있어요.\n\n 여러분은 익숙함에 속아 소중함을 잊었던 사례와 그로 인해 상대방의 기분을 나쁘게 했던 경험이 있나요? 만약 있다면 관계를 회복하기 위해 어떤 노력을 하셨나요? 본인의 경험을 작성해주세요.\n\n 만약 그런 적이 없다면 주변의 이야기나 본인에게 소중함을 주는 사람들에 관해 설명해주세요.",
    "essay_type": "글짓기",
    "essay_level": "2",
    "essay_len": 779,
    "essay_main_subject": "소중함을 잃었던 경험"
  }
}