{
  "paragraph": [
    {
      "paragraph_txt": "이런 말이 있습니다.#@문장구분# 익숙함에 속아 소중함을 잊지 말자!#@문장구분# 이런 말처럼 현재에 인간관계에 오래된 친구일수록 아니면 부모님, 연인들이 익숙하고 편안함에 속아 소중함을 잃어 소중한 인간관계가 멀어지는 일이 많이 있습니다.#@문장구분# 저 또한 여자친구에게 익숙하고 편안함에 속아 소중한 여자친구를 잃을 뻔했습니다.#@문장구분# 저는 고등학생인데 부모님에게 용돈 받는 환경은 안 돼서 학교 끝나고 고깃집에서 아르바이트하면서 용돈을 벌어가고 있었습니다.#@문장구분# 저희 고깃집은 22살짜리 형과 사장님 이렇게 3명이 함께 일하는데 사장님도 조금 젊으셔서 저희 알바생과 일 끝나고 피시방이나 당구장, 노래방 등을 자주 가서 놀아주시거나 많이 먹을 것도 사주시는 좋은 분이셨습니다.#@문장구분# 저는 그때 1년 정도 만난 여자친구가 있었죠.#@문장구분# 그날 여자친구가 알바가 끝나고 만나자고 약속한 날이었습니다.#@문장구분# 심지어 여자친구가 저 끝나는 시간을 맞혀서 알바 하는 곳으로 온다고까지 했습니다.#@문장구분# 근데 사장님이 갑자기 알바 끝나고 피시방을 가자면서 형이랑 저한테 조르고 있었죠.#@문장구분# 그래서 제가 여자친구에게 전화를 걸어 피시방 조금만 해도 될까? 라고 물어봤습니다. #@문장구분#당시에 여자친구는 버스를 타고 저한테 오는 길이었죠.#@문장구분# 그런 상태에서 저는 피시방 해도 되냐고 물어본 것입니다.#@문장구분# 여자친구 입장에서 남자친구를 보기 위해 버스를 타면서까지 오고 있었는데 저는 오는 걸 알면서도 피시방을 해도 되냐고 물어본 것이죠.#@문장구분# 여자친구가 많이 서운해했고 제가 안 좋아하는 거 같다고 느껴질 정도로 제 앞에서 많이 운 적이 있습니다.#@문장구분# 전 사과를 수도 없이 했고 결국 여자친구가 사과를 받아주었죠.#@문장구분# 익숙하고 편해도 소중함을 잊어선 절대 안 됩니다.#@문장구분#",
      "paragraph_len": 1151,
      "paragraph_id": "001"
    }
  ],
  "score": {
    "paragraph_score": [
      {
        "paragraph_scoreT": [
          3,
          2,
          2
        ],
        "paragraph_scoreT_detail": {
          "paragraph_scoreT_exp": [
            [
              3,
              3,
              3
            ],
            [
              2,
              2,
              2
            ],
            [
              2,
              2,
              2
            ]
          ]
        },
        "paragraph_scoreT_avg": 2.3333333,
        "paragraph_id": "001"
      }
    ],
    "essay_scoreT": [
      30,
      22.222221,
      22.222221
    ],
    "essay_scoreT_avg": 24.814814,
    "essay_scoreT_detail": {
      "essay_scoreT_org": [
        [
          3,
          3,
          3,
          3
        ],
        [
          2,
          2,
          2,
          3
        ],
        [
          2,
          2,
          2,
          3
        ]
      ],
      "essay_scoreT_cont": [
        [
          3,
          3,
          0,
          3
        ],
        [
          2,
          3,
          0,
          3
        ],
        [
          2,
          3,
          0,
          3
        ]
      ],
      "essay_scoreT_exp": [
        [
          3,
          3,
          3
        ],
        [
          2,
          2,
          2
        ],
        [
          2,
          2,
          2
        ]
      ]
    }
  },
  "student": {
    "date": "2021.12.17",
    "student_educated": true,
    "student_grade": "고등_1학년",
    "location": "044",
    "student_grade_group": "고등",
    "student_reading": 2
  },
  "rubric": {
    "essay_grade": "고등_1학년",
    "organization_weight": {
      "org_paragraph": 2,
      "org": 2,
      "org_essay": 4,
      "org_coherence": 2,
      "org_quantity": 1
    },
    "essay_type": "글짓기",
    "content_weight": {
      "con_clearance": 4,
      "con_novelty": 3,
      "con": 4,
      "con_prompt": 0,
      "con_description": 1
    },
    "essay_main_subject": "소중함을 잃었던 경험",
    "expression_weight": {
      "exp_style": 1,
      "exp_grammar": 2,
      "exp_vocab": 3,
      "exp": 4
    }
  },
  "correction": [],
  "info": {
    "essay_id": "ESSAY_66029",
    "essay_prompt": " 익숙함에 속아 소중함을 잊지 말자는 명언 (Do not get fooled by something familiar and forget what is priceless.)이 있습니다.\n\n 부모님께서 매일 해주시는 아침밥이나, 너무 친해서 매일 맛있는 간식을 사주는 친구 등 처음에는 매우 감사했지만 반복되는 호의에 우리는 소중함을 잊어가기도 합니다.\n\n 작은 소중함일지라도 그 소중함을 잃게 되면 호의를 베푸는 사람 입장에서는 매우 당황스럽고 기분이 나쁠 수 있어요.\n\n 여러분은 익숙함에 속아 소중함을 잊었던 사례와 그로 인해 상대방의 기분을 나쁘게 했던 경험이 있나요? 만약 있다면 관계를 회복하기 위해 어떤 노력을 하셨나요? 본인의 경험을 작성해주세요.\n\n 만약 그런 적이 없다면 주변의 이야기나 본인에게 소중함을 주는 사람들에 관해 설명해주세요.",
    "essay_type": "글짓기",
    "essay_level": "2",
    "essay_len": 813,
    "essay_main_subject": "소중함을 잃었던 경험"
  }
}