{
  "paragraph": [
    {
      "paragraph_txt": "익숙한 느낌이 소중했던 것인지 소중한 것을 익숙함으로 느꼈던 것인지 언제 잃어버린지도 모르는 무언가를 지금도 기억해 낼 순 없지만 10대 초반의 마지막을 기점으로 잃어버린 걸지도 서서히 사라진 걸지도 모르겠다.#@문장구분# 하나 스쳐가는 것이 있다면 그 시간의 나를 아니 그 순간의 나는 눈보라 속 카멜레온일지도 모르겠다.#@문장구분# 그때 그 시간은 참 안돌아가던거 같던데 그 순간을 스쳐가면 불빛이 늘 스며져 있었고 그 불빛이 사라진 순간에는 그것이 불빛이었는지 그저 잠깐 스치는 별똥별이 었는지,,이 소중함이 뭔지 아직도 모르겠.지만 원래 내것이었으니 언젠가 찾지 않을까라는 생각이 있다.#@문장구분# 잃었던 일에 대해 늘 무뎌지고 늘 새롭지 않다고 해도 그 순간을 떠올리는 순간이 힘들지 않다고 하면 거짓말인거 같다.#@문장구분# 나는 이 말이 정말 멋지다고 생각한다. #@문장구분#나도 경험을 밑거름 삼아 점점 더 성장하는 내가 되도록 노력해야겠다.#@문장구분# 어느 날 농구를 하다가 친구가 핸드폰을 떨어트려 망가지게 되었을 때, 저는 새 핸드폰을 살 수 있게 되었으니 축하한다는 말을 건넸다.#@문장구분# 그러나 친구는 소중히 여기던 자신의 핸드폰이 망가졌다는 사실에 크게 슬퍼하고 있었다.#@문장구분# 아니 비싸지도않고 새로사면 돼지 왜이리 슬퍼할까 그렇게 생각을 했는데 그친구는 자기에게 무척 소중한 핸트폰이여서 소중라게 생각을 하고 아끼던 중이였던 것이었다. #@문장구분#나는 이 때 생각했다 소중함의 값어치는 겉으로 보이는 가격이 아니라는 것을 깨달았다.#@문장구분# 소중하게 여겨야 한다는 것을 깨달았다.#@문장구분#",
      "paragraph_len": 948,
      "paragraph_id": "001"
    }
  ],
  "score": {
    "paragraph_score": [
      {
        "paragraph_scoreT": [
          3,
          2.6666667,
          2.6666667
        ],
        "paragraph_scoreT_detail": {
          "paragraph_scoreT_exp": [
            [
              3,
              3,
              3
            ],
            [
              2,
              3,
              3
            ],
            [
              2,
              3,
              3
            ]
          ]
        },
        "paragraph_scoreT_avg": 2.777778,
        "paragraph_id": "001"
      }
    ],
    "essay_scoreT": [
      26,
      27.333334,
      27.777779
    ],
    "essay_scoreT_avg": 27.037039,
    "essay_scoreT_detail": {
      "essay_scoreT_org": [
        [
          3,
          3,
          3,
          3
        ],
        [
          2,
          2,
          3,
          3
        ],
        [
          2,
          3,
          3,
          3
        ]
      ],
      "essay_scoreT_cont": [
        [
          2,
          2,
          0,
          2
        ],
        [
          3,
          3,
          0,
          3
        ],
        [
          3,
          3,
          0,
          3
        ]
      ],
      "essay_scoreT_exp": [
        [
          3,
          3,
          3
        ],
        [
          2,
          3,
          3
        ],
        [
          2,
          3,
          3
        ]
      ]
    }
  },
  "student": {
    "date": "2021.12.18",
    "student_educated": true,
    "student_grade": "고등_1학년",
    "location": "063",
    "student_grade_group": "고등",
    "student_reading": 2
  },
  "rubric": {
    "essay_grade": "고등_1학년",
    "organization_weight": {
      "org_paragraph": 2,
      "org": 2,
      "org_essay": 4,
      "org_coherence": 2,
      "org_quantity": 1
    },
    "essay_type": "글짓기",
    "content_weight": {
      "con_clearance": 4,
      "con_novelty": 3,
      "con": 4,
      "con_prompt": 0,
      "con_description": 1
    },
    "essay_main_subject": "소중함을 잃었던 경험",
    "expression_weight": {
      "exp_style": 1,
      "exp_grammar": 2,
      "exp_vocab": 3,
      "exp": 4
    }
  },
  "correction": [],
  "info": {
    "essay_id": "ESSAY_73400",
    "essay_prompt": " 익숙함에 속아 소중함을 잊지 말자는 명언 (Do not get fooled by something familiar and forget what is priceless.)이 있습니다.\n\n 부모님께서 매일 해주시는 아침밥이나, 너무 친해서 매일 맛있는 간식을 사주는 친구 등 처음에는 매우 감사했지만 반복되는 호의에 우리는 소중함을 잊어가기도 합니다.\n\n 작은 소중함일지라도 그 소중함을 잃게 되면 호의를 베푸는 사람 입장에서는 매우 당황스럽고 기분이 나쁠 수 있어요.\n\n 여러분은 익숙함에 속아 소중함을 잊었던 사례와 그로 인해 상대방의 기분을 나쁘게 했던 경험이 있나요? 만약 있다면 관계를 회복하기 위해 어떤 노력을 하셨나요? 본인의 경험을 작성해주세요.\n\n 만약 그런 적이 없다면 주변의 이야기나 본인에게 소중함을 주는 사람들에 관해 설명해주세요.",
    "essay_type": "글짓기",
    "essay_level": "2",
    "essay_len": 728,
    "essay_main_subject": "소중함을 잃었던 경험"
  }
}