{
  "paragraph": [
    {
      "paragraph_txt": "우리 막둥이 동생이 소중하다.#@문장구분# 나랑 나이차가 있어서 가끔 귀찮게 굴긴하지만 항상 나를 잘 따르고 나를 너무 좋아해 준다.#@문장구분# 동생이 어려서그런지 가끔 아픈경우가 있다.#@문장구분# 대게는 금방 회복이 되는데 어느날 열감기로 인해서 열이 떨어지지 않아 대학병원 소아병동에 입원한 적이 있다.#@문장구분# 입원을 하고 치료를 받고 약을 먹어도 나아지지를 않아서 우리 가족 모두가 걱정을 했었다.#@문장구분# 그 조막만한게 아파서 먹지도 못하고 계속 힘없이 늘어져 있는 모습을 보고 마음이 아프고 짠했다.#@문장구분# 매일 병원에가서 상태를 보고 집에와서 방에 누워있는데 건강한 막둥이 동생이 생각나서 너무 우울 했다.#@문장구분# 내가 오면 방문앞에서 누나가 뭐하고 있나 알짱거리나 오늘 자기 유치원에서 뭐를 했고 누구 놀았고 맛있는 간식도 먹었다 면서 자랑하기도 하고 가끔 간식을 누나 먹으라며 형태를 알수없는 사탕이나 젤리도 주기도하며 나한테 존재감을 내뿜었는데 말이다.#@문장구분# 그런 막둥이 동생이 없어서인지 힘이나지 않았고 집도 삭막한 느낌도 들고 마음이 허전하게 뭔가 잃어버린 기분이었다.#@문장구분# 막둥이 동생이 몇주간 입원후 회복이되어 집에 돌아왔는데 집안이 밝고 활기차고 공간이 꽉찬 느낌이 났다.#@문장구분# 집에 와서 밥도 잘먹고 옆에 와서 안기기도하고 장난도 치고 쫑알거리기도 하고 그제야 집에 생기가 돌았다.#@문장구분# 속담중에 든자리는 몰라도 난자리는 표가난다고 하는데 그 말이 마음에 와닿았다.#@문장구분#",
      "paragraph_len": 915,
      "paragraph_id": "001"
    }
  ],
  "score": {
    "paragraph_score": [
      {
        "paragraph_scoreT": [
          3,
          2.8333333,
          2.3333333
        ],
        "paragraph_scoreT_detail": {
          "paragraph_scoreT_exp": [
            [
              3,
              3,
              3
            ],
            [
              3,
              3,
              2
            ],
            [
              3,
              2,
              2
            ]
          ]
        },
        "paragraph_scoreT_avg": 2.722222,
        "paragraph_id": "001"
      }
    ],
    "essay_scoreT": [
      30,
      26.722221,
      22.5
    ],
    "essay_scoreT_avg": 26.407408,
    "essay_scoreT_detail": {
      "essay_scoreT_org": [
        [
          3,
          3,
          3,
          3
        ],
        [
          2,
          3,
          3,
          2
        ],
        [
          2,
          3,
          2,
          3
        ]
      ],
      "essay_scoreT_cont": [
        [
          3,
          3,
          0,
          3
        ],
        [
          3,
          2,
          0,
          3
        ],
        [
          2,
          2,
          0,
          3
        ]
      ],
      "essay_scoreT_exp": [
        [
          3,
          3,
          3
        ],
        [
          3,
          3,
          2
        ],
        [
          3,
          2,
          2
        ]
      ]
    }
  },
  "student": {
    "date": "2021.12.15",
    "student_educated": true,
    "student_grade": "고등_1학년",
    "location": "042",
    "student_grade_group": "고등",
    "student_reading": 1
  },
  "rubric": {
    "essay_grade": "고등_1학년",
    "organization_weight": {
      "org_paragraph": 2,
      "org": 2,
      "org_essay": 4,
      "org_coherence": 2,
      "org_quantity": 1
    },
    "essay_type": "글짓기",
    "content_weight": {
      "con_clearance": 4,
      "con_novelty": 3,
      "con": 4,
      "con_prompt": 0,
      "con_description": 1
    },
    "essay_main_subject": "소중함을 잃었던 경험",
    "expression_weight": {
      "exp_style": 1,
      "exp_grammar": 2,
      "exp_vocab": 3,
      "exp": 4
    }
  },
  "correction": [],
  "info": {
    "essay_id": "ESSAY_62888",
    "essay_prompt": " 익숙함에 속아 소중함을 잊지 말자는 명언 (Do not get fooled by something familiar and forget what is priceless.)이 있습니다.\n\n 부모님께서 매일 해주시는 아침밥이나, 너무 친해서 매일 맛있는 간식을 사주는 친구 등 처음에는 매우 감사했지만 반복되는 호의에 우리는 소중함을 잊어가기도 합니다.\n\n 작은 소중함일지라도 그 소중함을 잃게 되면 호의를 베푸는 사람 입장에서는 매우 당황스럽고 기분이 나쁠 수 있어요.\n\n 여러분은 익숙함에 속아 소중함을 잊었던 사례와 그로 인해 상대방의 기분을 나쁘게 했던 경험이 있나요? 만약 있다면 관계를 회복하기 위해 어떤 노력을 하셨나요? 본인의 경험을 작성해주세요.\n\n 만약 그런 적이 없다면 주변의 이야기나 본인에게 소중함을 주는 사람들에 관해 설명해주세요.",
    "essay_type": "글짓기",
    "essay_level": "2",
    "essay_len": 691,
    "essay_main_subject": "소중함을 잃었던 경험"
  }
}