{
  "paragraph": [
    {
      "paragraph_txt": "오렛만에 꿈을 꿨다.#@문장구분# 아주 오랜 시간이 지난 후의 꿈이다.#@문장구분# 꿈속에서 우리는 서로를 보고 있었고 나는 말을 하고있었다.#@문장구분# 당신은 나의 빛이었습니다.#@문장구분# 어디로 가야할지 모를때 당신이 나를 이끌어주었고, 나는 지금에 다다를 수 있었습니다.#@문장구분# 당신과 함께여서 행복했고, 감사했습니다.라고 아마도 마지막 대화를 하는 느낌이었다.#@문장구분# 지금 생각하면 슬픈 장면이었지만, 꿈속의 분위기는 평온했고 만족스러웠다.#@문장구분#일생을 그와 함께 행복하게 보낸 후의 마지막 장면이었다.#@문장구분# 내 삶의 해피엔딩은 딱 그런 모습이 아닐까.#@문장구분# 나는 사람이라면 제일먼저 자기자신을 제일 소중히 여기고, 제일 사랑해야하며, 무엇보다 우선시 되어야한다고 생각하는 사람이었다.#@문장구분# 사랑과 결혼이라는것은 일인분을 충분히 하는 온전한 사람 두명이 만나서 서로의 단점을 보완해주며 최고의 시너지를 내며 살아가는 것이라고 생각하고있고, 지금도 그 생각엔 변함이 없다.#@문장구분# 하지만 한가지 바뀐점이 하나 있는데, 가장 나를 위하는 방법은 내가 결혼을 나중에 한다면 그를 위해 무언가를 하는 것이 되겠다는 점이다.#@문장구분# 나를 가장 우선시 함에는 변함없지만 그 방법은 그녀가 행복해지는것이 되었다.#@문장구분# 엄마에게 그 말을 했더니 그렇게 하면 화를 낼 것이라고 했다.#@문장구분# 자기 자신을 우선시 하지 않으면 안된다고 했다.#@문장구분# 너무 고맙고 그렇게 말해주는 엄마라서 더욱 사랑하게 되었지만 엄마가 말하는 그말은 듣지 못할지도 모르겠다.#@문장구분# 나는 그에게 필요하다 생각되면 나를 희생할 것이다.#@문장구분#나와 그 둘 중 한명을 선택해야만 하는 상황이 온다면 그를 선택할 것이다.#@문장구분# 그것이 가장 나를 위하는 방법이다.#@문장구분# 오늘 꾼 꿈속의 일은 아직 먼 훗날의 이야기지만 나는 그 첫걸음을 이미 시작했다.#@문장구분# 그렇기 때문에 내가 가진 것 중에 가장 소중한 것이다.#@문장구분# 이 소중함을 잃고 싶지 않다.#@문장구분#",
      "paragraph_len": 1310,
      "paragraph_id": "001"
    }
  ],
  "score": {
    "paragraph_score": [
      {
        "paragraph_scoreT": [
          3,
          3,
          2.5
        ],
        "paragraph_scoreT_detail": {
          "paragraph_scoreT_exp": [
            [
              3,
              3,
              3
            ],
            [
              3,
              3,
              3
            ],
            [
              3,
              2,
              3
            ]
          ]
        },
        "paragraph_scoreT_avg": 2.8333333,
        "paragraph_id": "001"
      }
    ],
    "essay_scoreT": [
      30,
      24.222221,
      23.61111
    ],
    "essay_scoreT_avg": 25.944443,
    "essay_scoreT_detail": {
      "essay_scoreT_org": [
        [
          3,
          3,
          3,
          3
        ],
        [
          2,
          2,
          2,
          3
        ],
        [
          3,
          2,
          2,
          3
        ]
      ],
      "essay_scoreT_cont": [
        [
          3,
          3,
          0,
          3
        ],
        [
          2,
          2,
          0,
          2
        ],
        [
          2,
          2,
          0,
          3
        ]
      ],
      "essay_scoreT_exp": [
        [
          3,
          3,
          3
        ],
        [
          3,
          3,
          3
        ],
        [
          3,
          2,
          3
        ]
      ]
    }
  },
  "student": {
    "date": "2021.12.13",
    "student_educated": true,
    "student_grade": "고등_1학년",
    "location": "041",
    "student_grade_group": "고등",
    "student_reading": 2
  },
  "rubric": {
    "essay_grade": "고등_1학년",
    "organization_weight": {
      "org_paragraph": 2,
      "org": 2,
      "org_essay": 4,
      "org_coherence": 2,
      "org_quantity": 1
    },
    "essay_type": "글짓기",
    "content_weight": {
      "con_clearance": 4,
      "con_novelty": 3,
      "con": 4,
      "con_prompt": 0,
      "con_description": 1
    },
    "essay_main_subject": "소중함을 잃었던 경험",
    "expression_weight": {
      "exp_style": 1,
      "exp_grammar": 2,
      "exp_vocab": 3,
      "exp": 4
    }
  },
  "correction": [],
  "info": {
    "essay_id": "ESSAY_65858",
    "essay_prompt": " 익숙함에 속아 소중함을 잊지 말자는 명언 (Do not get fooled by something familiar and forget what is priceless.)이 있습니다.\n\n 부모님께서 매일 해주시는 아침밥이나, 너무 친해서 매일 맛있는 간식을 사주는 친구 등 처음에는 매우 감사했지만 반복되는 호의에 우리는 소중함을 잊어가기도 합니다.\n\n 작은 소중함일지라도 그 소중함을 잃게 되면 호의를 베푸는 사람 입장에서는 매우 당황스럽고 기분이 나쁠 수 있어요.\n\n 여러분은 익숙함에 속아 소중함을 잊었던 사례와 그로 인해 상대방의 기분을 나쁘게 했던 경험이 있나요? 만약 있다면 관계를 회복하기 위해 어떤 노력을 하셨나요? 본인의 경험을 작성해주세요.\n\n 만약 그런 적이 없다면 주변의 이야기나 본인에게 소중함을 주는 사람들에 관해 설명해주세요.",
    "essay_type": "글짓기",
    "essay_level": "2",
    "essay_len": 872,
    "essay_main_subject": "소중함을 잃었던 경험"
  }
}