{
  "paragraph": [
    {
      "paragraph_txt": "마스크를 쓴 모습들이 이제는 익숙해 졌지만 나는 아직도 어색하다. #@문장구분#방역수칙을 지키기 위한 행동들 하나하나가 나에게는 불편하고 어색하게 다가왔다. #@문장구분#또 온라인과 오프라인 수업을 섞어서 하다 보니 혼란스러웠다. #@문장구분#시험은 다가오는데 공부를 하고 싶은 마음은 좀처럼 들지 않고 공부를 해도 잘 되지 않았다.#@문장구분#그러다 보니 결과는 항상 받던 점수보다 낮게 나왔고 우울해졌던 것 같다. #@문장구분#코로나로 인한 변화에 적응을 한 줄 알았지만 적응을 한 척 했던 것 같다. #@문장구분#지금의 나도 완전히 적응한 거 같지 않다.#@문장구분# 하지만 지금은 예전보다는 이 상황을 잘 극복해나가는 것 같다.#@문장구분# 시험이 끝나고 여름방학 이되었을 때 일이다.#@문장구분# 방학 때 나는 상황을 잘 극복해보자는 마음으로 공부도 조금씩 하고  취미생활도 만들었다. #@문장구분#오히려 코로나 전의 방학보다 알차게 보낸 기분이었다.#@문장구분# 하지만 한순간에 나태해진 나를 변화시키는 것을 어려운 일이었다.#@문장구분# 그래서 개학을 하고나서도, 겨울방학 오고 있는 지금의 나는 계획적으로 열심히 살고자 노력하고 있다.#@문장구분# 꾸준히 인강도 보고 공부도 하고 운동도 하며 시간을 보냈고 양모로 인형 만들기 등 여러 취미 생활도 했다. #@문장구분#또한 이번에는 진로를 위해서 여러 영상들도 찾아보고 책들도 많이 읽으면서 유익한 시간을 보냈다. #@문장구분#코로나 사태로 익숙한 것들을 많이 잃었다.#@문장구분# 하지만 나는 이런 상황을 극복하기 위해서 많은 노력을 했고 앞으로도 할 예정이다.#@문장구분#",
      "paragraph_len": 1027,
      "paragraph_id": "001"
    }
  ],
  "score": {
    "paragraph_score": [
      {
        "paragraph_scoreT": [
          3,
          3,
          3
        ],
        "paragraph_scoreT_detail": {
          "paragraph_scoreT_exp": [
            [
              3,
              3,
              3
            ],
            [
              3,
              3,
              3
            ],
            [
              3,
              3,
              3
            ]
          ]
        },
        "paragraph_scoreT_avg": 3,
        "paragraph_id": "001"
      }
    ],
    "essay_scoreT": [
      27.61111,
      28,
      30
    ],
    "essay_scoreT_avg": 28.537039,
    "essay_scoreT_detail": {
      "essay_scoreT_org": [
        [
          2,
          3,
          3,
          3
        ],
        [
          3,
          3,
          3,
          3
        ],
        [
          3,
          3,
          3,
          3
        ]
      ],
      "essay_scoreT_cont": [
        [
          3,
          2,
          0,
          3
        ],
        [
          3,
          2,
          0,
          2
        ],
        [
          3,
          3,
          0,
          3
        ]
      ],
      "essay_scoreT_exp": [
        [
          3,
          3,
          3
        ],
        [
          3,
          3,
          3
        ],
        [
          3,
          3,
          3
        ]
      ]
    }
  },
  "student": {
    "date": "2021.12.20",
    "student_educated": true,
    "student_grade": "고등_1학년",
    "location": "063",
    "student_grade_group": "고등",
    "student_reading": 2
  },
  "rubric": {
    "essay_grade": "고등_1학년",
    "organization_weight": {
      "org_paragraph": 2,
      "org": 2,
      "org_essay": 4,
      "org_coherence": 2,
      "org_quantity": 1
    },
    "essay_type": "글짓기",
    "content_weight": {
      "con_clearance": 4,
      "con_novelty": 3,
      "con": 4,
      "con_prompt": 0,
      "con_description": 1
    },
    "essay_main_subject": "소중함을 잃었던 경험",
    "expression_weight": {
      "exp_style": 1,
      "exp_grammar": 2,
      "exp_vocab": 3,
      "exp": 4
    }
  },
  "correction": [],
  "info": {
    "essay_id": "ESSAY_73789",
    "essay_prompt": " 익숙함에 속아 소중함을 잊지 말자는 명언 (Do not get fooled by something familiar and forget what is priceless.)이 있습니다.\n\n 부모님께서 매일 해주시는 아침밥이나, 너무 친해서 매일 맛있는 간식을 사주는 친구 등 처음에는 매우 감사했지만 반복되는 호의에 우리는 소중함을 잊어가기도 합니다.\n\n 작은 소중함일지라도 그 소중함을 잃게 되면 호의를 베푸는 사람 입장에서는 매우 당황스럽고 기분이 나쁠 수 있어요.\n\n 여러분은 익숙함에 속아 소중함을 잊었던 사례와 그로 인해 상대방의 기분을 나쁘게 했던 경험이 있나요? 만약 있다면 관계를 회복하기 위해 어떤 노력을 하셨나요? 본인의 경험을 작성해주세요.\n\n 만약 그런 적이 없다면 주변의 이야기나 본인에게 소중함을 주는 사람들에 관해 설명해주세요.",
    "essay_type": "글짓기",
    "essay_level": "2",
    "essay_len": 688,
    "essay_main_subject": "소중함을 잃었던 경험"
  }
}