{
  "paragraph": [
    {
      "paragraph_txt": "소중한 것을 잃어버린 경험이라는 주제를 보았을 때 가장 먼저 떠오르는 건 얼마전에 큰 파장을 일으킨 연예인 김선호와 관련된 내용이었다.#@문장구분# 나는 그의 연기를 굉장히 좋아했던 사람 중 하나였고, 나 말고도 많은 사람들이 그를 사랑하고 있었다.#@문장구분# 그가 찍은 광고 영상을 소장하는 것은 물론이고, 잡지나 싸인 등 관련된 물건도 굉장히 많았었다.#@문장구분# 하지만 이번에 그는 내가 좋아할만큼의 그릇을 가진 사람이 아니었음을 깨닫게 되었다.#@문장구분# 물론 모든 사람이 앞과 뒤가 다른 것은 아니지만, 특히 연예인의 경우에는 일방적으로 자신의 겉모습을 시청자들에게 전달하기 때문에 촬영이 끝난 뒤 사생활적인 모습에 대해서는 시청자들이 알 방도가 없다.#@문장구분# 물론 이런거 때문에 사생활을 공개하거나 공유해야된다고 생각하냐면 그것은 절대 아니다#@문장구분# 하지만 뒤가 구리다면 이번처럼 앞에서 만들어놓은 이미지도 한 번에 나락에 갈 수 있다는 점을 꼭 알아줬으면 좋겠다.#@문장구분# 연예인에게 있어 가장 소중한 것은 팬들의 사랑 아닌가?#@문장구분# 하지만 일방적인 사랑은 조금의 바람에도 날아갈 수 있는 존재라는 것을 명심해야 된다는 의미이다.#@문장구분# 이번 사건을 계기로 나도 하나 결심한 것이 있다.#@문장구분# 내가 잘 알지 못하는 상대에 대해서 함부로 이럴 것이다 저럴 것이다를 판단하지 않겠다는 것이다.#@문장구분# 사건이 터지고 소속사와 본인의 사과문이 올라오기까지 이틀이란 시간이 걸렸다.#@문장구분# 나는 그동안 \"에이 여성분이 뭔가 오해하신 것 같네 그럴 사람이 아닌데\"하면서 기다리고 있었고, 결과는 이렇게 나의 뒤통수를 거의 가격하는 수준의 결과였다.#@문장구분#",
      "paragraph_len": 1015,
      "paragraph_id": "001"
    },
    {
      "paragraph_txt": " 앞으로는 누군가를 판단하기 전에 신중에 신중을 가하기로 마음을 먹었고, 그냥 잠깐 있는 해프닝 정도로 생각하기로 했다.#@문장구분#",
      "paragraph_len": 87,
      "paragraph_id": "002"
    }
  ],
  "score": {
    "paragraph_score": [
      {
        "paragraph_scoreT": [
          2.1666667,
          2.6666667,
          2.5
        ],
        "paragraph_scoreT_detail": {
          "paragraph_scoreT_exp": [
            [
              2,
              2,
              3
            ],
            [
              2,
              3,
              3
            ],
            [
              2,
              3,
              2
            ]
          ]
        },
        "paragraph_scoreT_avg": 2.4444444,
        "paragraph_id": "001"
      },
      {
        "paragraph_scoreT": [
          2.3333333,
          2.6666667,
          2.5
        ],
        "paragraph_scoreT_detail": {
          "paragraph_scoreT_exp": [
            [
              3,
              2,
              2
            ],
            [
              2,
              3,
              3
            ],
            [
              2,
              3,
              2
            ]
          ]
        },
        "paragraph_scoreT_avg": 2.5,
        "paragraph_id": "002"
      }
    ],
    "essay_scoreT": [
      21.333334,
      27.777779,
      24.722221
    ],
    "essay_scoreT_avg": 24.611113,
    "essay_scoreT_detail": {
      "essay_scoreT_org": [
        [
          2,
          3,
          2,
          3
        ],
        [
          3,
          2,
          2,
          3
        ],
        [
          2,
          2,
          2,
          3
        ]
      ],
      "essay_scoreT_cont": [
        [
          2,
          2,
          0,
          2
        ],
        [
          3,
          3,
          0,
          3
        ],
        [
          3,
          2,
          0,
          3
        ]
      ],
      "essay_scoreT_exp": [
        [
          2,
          2,
          3
        ],
        [
          2,
          3,
          3
        ],
        [
          2,
          3,
          2
        ]
      ]
    }
  },
  "student": {
    "date": "2021.10.20",
    "student_educated": true,
    "student_grade": "고등_1학년",
    "location": "02",
    "student_grade_group": "고등",
    "student_reading": 1
  },
  "rubric": {
    "essay_grade": "고등_1학년",
    "organization_weight": {
      "org_paragraph": 2,
      "org": 2,
      "org_essay": 4,
      "org_coherence": 2,
      "org_quantity": 1
    },
    "essay_type": "글짓기",
    "content_weight": {
      "con_clearance": 4,
      "con_novelty": 3,
      "con": 4,
      "con_prompt": 0,
      "con_description": 1
    },
    "essay_main_subject": "소중함을 잃었던 경험",
    "expression_weight": {
      "exp_style": 1,
      "exp_grammar": 2,
      "exp_vocab": 3,
      "exp": 4
    }
  },
  "correction": [],
  "info": {
    "essay_id": "ESSAY_37713",
    "essay_prompt": " 익숙함에 속아 소중함을 잊지 말자는 명언 (Do not get fooled by something familiar and forget what is priceless.)이 있습니다.\n\n 부모님께서 매일 해주시는 아침밥이나, 너무 친해서 매일 맛있는 간식을 사주는 친구 등 처음에는 매우 감사했지만 반복되는 호의에 우리는 소중함을 잊어가기도 합니다.\n\n 작은 소중함일지라도 그 소중함을 잃게 되면 호의를 베푸는 사람 입장에서는 매우 당황스럽고 기분이 나쁠 수 있어요.\n\n 여러분은 익숙함에 속아 소중함을 잊었던 사례와 그로 인해 상대방의 기분을 나쁘게 했던 경험이 있나요? 만약 있다면 관계를 회복하기 위해 어떤 노력을 하셨나요? 본인의 경험을 작성해주세요.\n\n 만약 그런 적이 없다면 주변의 이야기나 본인에게 소중함을 주는 사람들에 관해 설명해주세요.",
    "essay_type": "글짓기",
    "essay_level": "2",
    "essay_len": 826,
    "essay_main_subject": "소중함을 잃었던 경험"
  }
}