{
  "paragraph": [
    {
      "paragraph_txt": "어렸을 적부터 알고 지낸 여자인 친구가 있었는데 오랜 시간을 함께 보내고 많은 추억을 나누다 보니 서로 더 가까워지고 연락을 자주 주고받으며 하루 일상의 많은 부분을 그 친구와 서로의 하루나 서로가 몰랐던 과거를 이야기하며 고민 등과 재미난 사실들을 이야기하며 보냈다.#@문장구분# 일상생활 속에서 아무리 힘든 일이 있거나 스트레스를 받아도 나중에 그 친구에게 이야기하고 나에게 조언해주는 그 친구가 고마웠고 그 친구와 이야기하는 시간이 기다려졌다.#@문장구분# 나의 하루 일과를 그 친구와의 연락으로 시작하여 그 친구로 끝낼 만큼 매우 친해지게 되었다.#@문장구분# 하지만 먼저 연락을 해주거나 같이 놀자고 하는 것은 대부분이 그 친구가 먼저 나에게 말을 꺼냈다.#@문장구분# 나는 내성적인 성격이다 보니 나보다는 그 친구가 먼저 이야기를 걸어왔는데 시간이 지나서 보니 나는 그 친구가 먼저 말을 꺼내는 것이 당연하고 자연스럽게 여겨지게 되었다.#@문장구분# 그렇게 시간이 지나니 내가 먼저 말을 하는 경우는 사라지고 그 친구가 먼저 말을 걸었을 때부터 대화가 시작되었다.#@문장구분#그 친구도 오랜 시간 그게 힘들었는지 대화의 횟수가 적어지고 자주 안 만나게 되었다.#@문장구분# 하루 중 많은 시간을 함께 했던 친구와 연락을 하지 않으니 고민이나 이야기를 할 친구가 마땅히 생각나지 않았고 그 친구의 빈자리가 느껴지기 시작했다.#@문장구분# 친구의 연락이 먼저 오는 것이 익숙하고 당연했던 나는 그대로 속아 친구의 소중함을 잊고 그 친구를 잃기 시작했다.#@문장구분# 친구를 완전히 잃기 전에 나는 한참 고민하다가 용기를 내서 그 친구에게 먼저 연락하기 시작했고 놀자고도 제안했다.#@문장구분# 그 친구도 기다렸다는 듯 웃으며 같이 놀고 평소처럼 이야기도 자연스럽게 이어갔다.#@문장구분# 먼저 말을 꺼내서 대화를 이어가는 게 생각보다 어려운데 그 친구는 항상 그래온 것이 대단하게 느껴져서 지금까지 내가 먼저 말을 꺼내지 않았던 점에 대해 사과하였다.#@문장구분# 내가 먼저 말을 꺼내기 시작하니 예전처럼 서로 즐거워졌고 서로 만나기만 해도 웃는 친구로 돌아왔다.#@문장구분#",
      "paragraph_len": 1223,
      "paragraph_id": "001"
    }
  ],
  "score": {
    "paragraph_score": [
      {
        "paragraph_scoreT": [
          3,
          3,
          2
        ],
        "paragraph_scoreT_detail": {
          "paragraph_scoreT_exp": [
            [
              3,
              3,
              3
            ],
            [
              3,
              3,
              3
            ],
            [
              2,
              2,
              2
            ]
          ]
        },
        "paragraph_scoreT_avg": 2.6666667,
        "paragraph_id": "001"
      }
    ],
    "essay_scoreT": [
      30,
      30,
      20
    ],
    "essay_scoreT_avg": 26.666666,
    "essay_scoreT_detail": {
      "essay_scoreT_org": [
        [
          3,
          3,
          3,
          3
        ],
        [
          3,
          3,
          3,
          3
        ],
        [
          2,
          2,
          2,
          2
        ]
      ],
      "essay_scoreT_cont": [
        [
          3,
          3,
          0,
          3
        ],
        [
          3,
          3,
          0,
          3
        ],
        [
          2,
          2,
          0,
          2
        ]
      ],
      "essay_scoreT_exp": [
        [
          3,
          3,
          3
        ],
        [
          3,
          3,
          3
        ],
        [
          2,
          2,
          2
        ]
      ]
    }
  },
  "student": {
    "date": "2021.10.24",
    "student_educated": true,
    "student_grade": "고등_1학년",
    "location": "063",
    "student_grade_group": "고등",
    "student_reading": 1
  },
  "rubric": {
    "essay_grade": "고등_1학년",
    "organization_weight": {
      "org_paragraph": 2,
      "org": 2,
      "org_essay": 4,
      "org_coherence": 2,
      "org_quantity": 1
    },
    "essay_type": "글짓기",
    "content_weight": {
      "con_clearance": 4,
      "con_novelty": 3,
      "con": 4,
      "con_prompt": 0,
      "con_description": 1
    },
    "essay_main_subject": "소중함을 잃었던 경험",
    "expression_weight": {
      "exp_style": 1,
      "exp_grammar": 2,
      "exp_vocab": 3,
      "exp": 4
    }
  },
  "correction": [],
  "info": {
    "essay_id": "ESSAY_42731",
    "essay_prompt": " 익숙함에 속아 소중함을 잊지 말자는 명언 (Do not get fooled by something familiar and forget what is priceless.)이 있습니다.\n\n 부모님께서 매일 해주시는 아침밥이나, 너무 친해서 매일 맛있는 간식을 사주는 친구 등 처음에는 매우 감사했지만 반복되는 호의에 우리는 소중함을 잊어가기도 합니다.\n\n 작은 소중함일지라도 그 소중함을 잃게 되면 호의를 베푸는 사람 입장에서는 매우 당황스럽고 기분이 나쁠 수 있어요.\n\n 여러분은 익숙함에 속아 소중함을 잊었던 사례와 그로 인해 상대방의 기분을 나쁘게 했던 경험이 있나요? 만약 있다면 관계를 회복하기 위해 어떤 노력을 하셨나요? 본인의 경험을 작성해주세요.\n\n 만약 그런 적이 없다면 주변의 이야기나 본인에게 소중함을 주는 사람들에 관해 설명해주세요.",
    "essay_type": "글짓기",
    "essay_level": "2",
    "essay_len": 965,
    "essay_main_subject": "소중함을 잃었던 경험"
  }
}