{
  "paragraph": [
    {
      "paragraph_txt": "국어사전에 등록된 '소중함'의 의미는 `소중하다.`를 뜻하는데 형용사로는 매우 귀중하다고 쓰이고 유의어로는 귀하다, 귀중하다, 긴하다로 쓰입니다.#@문장구분# 일상에서는 소소한 소중함을 잊고 살아갑니다.#@문장구분# 위에 먼저 알아본 뜻과 같이 귀중한 무언가를 일상에서 얻고 잃으며 살아갑니다. #@문장구분#혹시 여러분들은 무언가를 얻기 위해 소중한 무언가를 잊은 채로 놓친 적이 있으십니까?#@문장구분# 저는 무언가에 정신이 몰리면 다른 것들을 신경 쓰지 못하는 성격이라서 집에서 마음대로 안 되는 일들이 많아서 기분이 상한 체로 학교에 갔는데 친구가 힘들어하는 걸 모르고 사소한 것으로 트집이 잡히자 싸우게 되는 일이 있었습니다.#@문장구분# 당연히 후회했고 이런 일들을 줄이기 위해서 꾸준히 복잡하게 생각을 하지 않는 연습을 했습니다.#@문장구분# 그리고 생각을 버리고 정리하는 방법을 찾기 위해 노력을 했고 노력을 하는 것만으로도 생각을 버실 수 있다는 결론을 얻었습니다.#@문장구분#",
      "paragraph_len": 590,
      "paragraph_id": "001"
    },
    {
      "paragraph_txt": "\n저만의 방법을 적어보자면 가장 중요하다고 생각하는 것은 충분히 생각하는 시간이라고 생각합니다. 생각을 버리기 위해서는 충분한 준비운동이 필요한데 이 준비운동이 충분히 생각하는 시간이라고 생각하기 때문입니다. 그 다음으로는 대화가 필요합니다. 간단해도 좋고 깊은 이야기여도 좋습니다. 이렇게 노력하다 보면 어느새 생각을 버리는 방법을 알게 됩니다. 소중함을 잊지 않기 위해 더 큰 노력과 시간이 필요할 것입니다. `소중함`이라는 단어를 다시 되새기며 글을 마무리하겠습니다.",
      "paragraph_len": 264,
      "paragraph_id": "002"
    }
  ],
  "score": {
    "paragraph_score": [
      {
        "paragraph_scoreT": [
          2.8333333,
          3,
          2.5
        ],
        "paragraph_scoreT_detail": {
          "paragraph_scoreT_exp": [
            [
              3,
              3,
              2
            ],
            [
              3,
              3,
              3
            ],
            [
              2,
              3,
              2
            ]
          ]
        },
        "paragraph_scoreT_avg": 2.7777777,
        "paragraph_id": "001"
      },
      {
        "paragraph_scoreT": [
          2.8333333,
          3,
          2.5
        ],
        "paragraph_scoreT_detail": {
          "paragraph_scoreT_exp": [
            [
              3,
              3,
              2
            ],
            [
              3,
              3,
              3
            ],
            [
              2,
              3,
              2
            ]
          ]
        },
        "paragraph_scoreT_avg": 2.7777777,
        "paragraph_id": "002"
      }
    ],
    "essay_scoreT": [
      25.777779,
      26.88889,
      24
    ],
    "essay_scoreT_avg": 25.555557,
    "essay_scoreT_detail": {
      "essay_scoreT_org": [
        [
          2,
          2,
          3,
          2
        ],
        [
          2,
          3,
          3,
          2
        ],
        [
          3,
          3,
          3,
          3
        ]
      ],
      "essay_scoreT_cont": [
        [
          3,
          2,
          0,
          2
        ],
        [
          3,
          2,
          0,
          2
        ],
        [
          2,
          2,
          0,
          2
        ]
      ],
      "essay_scoreT_exp": [
        [
          3,
          3,
          2
        ],
        [
          3,
          3,
          3
        ],
        [
          2,
          3,
          2
        ]
      ]
    }
  },
  "student": {
    "date": "2021.10.01",
    "student_educated": true,
    "student_grade": "고등_1학년",
    "location": "051",
    "student_grade_group": "고등",
    "student_reading": 1
  },
  "rubric": {
    "essay_grade": "고등_1학년",
    "organization_weight": {
      "org_paragraph": 2,
      "org": 2,
      "org_essay": 4,
      "org_coherence": 2,
      "org_quantity": 1
    },
    "essay_type": "글짓기",
    "content_weight": {
      "con_clearance": 4,
      "con_novelty": 3,
      "con": 4,
      "con_prompt": 0,
      "con_description": 1
    },
    "essay_main_subject": "소중함을 잃었던 경험",
    "expression_weight": {
      "exp_style": 1,
      "exp_grammar": 2,
      "exp_vocab": 3,
      "exp": 4
    }
  },
  "correction": [],
  "info": {
    "essay_id": "ESSAY_36407",
    "essay_prompt": " 익숙함에 속아 소중함을 잊지 말자는 명언 (Do not get fooled by something familiar and forget what is priceless.)이 있습니다.\n\n 부모님께서 매일 해주시는 아침밥이나, 너무 친해서 매일 맛있는 간식을 사주는 친구 등 처음에는 매우 감사했지만 반복되는 호의에 우리는 소중함을 잊어가기도 합니다.\n\n 작은 소중함일지라도 그 소중함을 잃게 되면 호의를 베푸는 사람 입장에서는 매우 당황스럽고 기분이 나쁠 수 있어요.\n\n 여러분은 익숙함에 속아 소중함을 잊었던 사례와 그로 인해 상대방의 기분을 나쁘게 했던 경험이 있나요? 만약 있다면 관계를 회복하기 위해 어떤 노력을 하셨나요? 본인의 경험을 작성해주세요.\n\n 만약 그런 적이 없다면 주변의 이야기나 본인에게 소중함을 주는 사람들에 관해 설명해주세요.",
    "essay_type": "글짓기",
    "essay_level": "2",
    "essay_len": 716,
    "essay_main_subject": "소중함을 잃었던 경험"
  }
}