{
  "paragraph": [
    {
      "paragraph_txt": "연인 사이인 남녀가 헤어지는 이유에는 많은 것이 있겠지만 난 가장 큰 이유는 권태기라고 생각한다.#@문장구분# 내가 느낀 편안함이, 익숙함이 마음이 식은것으로, 관심이 없는 것으로 생각하였기 때문이다.#@문장구분# 왜 헤어지고 나서야 그것이 아니었다는 것을 알게되는 것일까?#@문장구분# 소중함이 익숙함과 편안함이라는 가면을 쓴 것 같다.#@문장구분# 어제 영어 수업을 들을때 영어 지문으로 이런 문장이 나왔다.#@문장구분# 진정한 우정은, 사랑은 두 사람 사이의 침묵이 편안할 때 오는것이다.#@문장구분# 이 지문을 본 순간 더 후회가 되었다.#@문장구분# 이래서 있을때 잘하라는 말이 있는 것 같다.#@문장구분# 너무너무 후회가 되었지만 결국 내가 한 결정이기에 받아들이기로 했다.#@문장구분# 하지만 앞으로 또 이런 실수는 하지 않을것이다.#@문장구분# 편안함을 권태기로 착각해 헤어지는 것이야 말로 정말 어리석은 것임을 알게되었다.#@문장구분# 그리고 이 뿐만아니라 주변의 친구들, 가족 또한 편안함에 속아 소중함을 잊으면 안된다고 생각한다.#@문장구분# 내 옆에 있어주는 사람들이야말로 나한테 가장 소중한 사람이다.#@문장구분# 그래서 나는 익숙함, 편안함을 소중히 생각하고 여기며 소중한 사람과의 관계를 소중히 여기고 지키려고 노력할 것이다.#@문장구분# 또한 과거에 대한 후회보다는 현재를 생각할 것이다.#@문장구분# 그게 내가 느낀점이자 다짐한 점이다.#@문장구분#",
      "paragraph_len": 924,
      "paragraph_id": "001"
    }
  ],
  "score": {
    "paragraph_score": [
      {
        "paragraph_scoreT": [
          2.8333333,
          2.8333333,
          2
        ],
        "paragraph_scoreT_detail": {
          "paragraph_scoreT_exp": [
            [
              3,
              3,
              2
            ],
            [
              3,
              3,
              2
            ],
            [
              2,
              2,
              2
            ]
          ]
        },
        "paragraph_scoreT_avg": 2.5555556,
        "paragraph_id": "001"
      }
    ],
    "essay_scoreT": [
      24.88889,
      25.833332,
      22.5
    ],
    "essay_scoreT_avg": 24.407408,
    "essay_scoreT_detail": {
      "essay_scoreT_org": [
        [
          3,
          3,
          3,
          1
        ],
        [
          2,
          2,
          2,
          2
        ],
        [
          3,
          3,
          3,
          3
        ]
      ],
      "essay_scoreT_cont": [
        [
          2,
          2,
          0,
          2
        ],
        [
          3,
          2,
          0,
          3
        ],
        [
          2,
          2,
          0,
          3
        ]
      ],
      "essay_scoreT_exp": [
        [
          3,
          3,
          2
        ],
        [
          3,
          3,
          2
        ],
        [
          2,
          2,
          2
        ]
      ]
    }
  },
  "student": {
    "date": "2021.09.13",
    "student_educated": true,
    "student_grade": "고등_1학년",
    "location": "051",
    "student_grade_group": "고등",
    "student_reading": 1
  },
  "rubric": {
    "essay_grade": "고등_1학년",
    "organization_weight": {
      "org_paragraph": 2,
      "org": 2,
      "org_essay": 4,
      "org_coherence": 2,
      "org_quantity": 1
    },
    "essay_type": "글짓기",
    "content_weight": {
      "con_clearance": 4,
      "con_novelty": 3,
      "con": 4,
      "con_prompt": 0,
      "con_description": 1
    },
    "essay_main_subject": "소중함을 잃었던 경험",
    "expression_weight": {
      "exp_style": 1,
      "exp_grammar": 2,
      "exp_vocab": 3,
      "exp": 4
    }
  },
  "correction": [],
  "info": {
    "essay_id": "ESSAY_34005",
    "essay_prompt": " 익숙함에 속아 소중함을 잊지 말자는 명언 (Do not get fooled by something familiar and forget what is priceless.)이 있습니다.\n\n 부모님께서 매일 해주시는 아침밥이나, 너무 친해서 매일 맛있는 간식을 사주는 친구 등 처음에는 매우 감사했지만 반복되는 호의에 우리는 소중함을 잊어가기도 합니다.\n\n 작은 소중함일지라도 그 소중함을 잃게 되면 호의를 베푸는 사람 입장에서는 매우 당황스럽고 기분이 나쁠 수 있어요.\n\n 여러분은 익숙함에 속아 소중함을 잊었던 사례와 그로 인해 상대방의 기분을 나쁘게 했던 경험이 있나요? 만약 있다면 관계를 회복하기 위해 어떤 노력을 하셨나요? 본인의 경험을 작성해주세요.\n\n 만약 그런 적이 없다면 주변의 이야기나 본인에게 소중함을 주는 사람들에 관해 설명해주세요.",
    "essay_type": "글짓기",
    "essay_level": "2",
    "essay_len": 604,
    "essay_main_subject": "소중함을 잃었던 경험"
  }
}