{
  "paragraph": [
    {
      "paragraph_txt": "익숙함에 속아 소중함을 잊어본 기억은 누구나 한번쯤은 경험해 봤을 일들이 있을 것이다.#@문장구분# 반려견을 잃거나 가족을 잃거나 혹은 잃을뻔한 적이 있다면 말이다.#@문장구분# 나의 경험은 친구를 잃었던 것이다.#@문장구분# 한창 학창시절을 보내고 있는 우리에게는 친구를 잃은 경험이 한번쯤은 존재할거라고 생각한다.#@문장구분# 나는 소중한 친구를 잃을 뻔 했었던 경험이 있어 글을 써보려고 한다.#@문장구분# 중학교때 였을 것이다.#@문장구분# 항상 옆에 붙어있던 친구가 있었는데 어느 날 싸우게 된 적이 있다.#@문장구분# 싸운 이유는 그저 서로간의 소홀함으로 인한 서운함이였던거 같다. #@문장구분#어차피 그 친구는 내 옆에 붙어있을 거라는 생각과 항상 그래왔다는 이유로 소중한것을 알고는 있지만 오랜시간 동안 그래왔던 익숙함에 잠깐 소중하다는 것을 잊었던 것 같다.#@문장구분#싸우고 나서 어떻게 해야 친구와의 관계가 풀릴 수 있을까 라는 생각을 엄청 오랫동안 고민했던 거 같다.#@문장구분# 일단 친구의 소중함을 싸우고 나서 느꼈기 때문에 나는 그때 느낀 것을 끝까지 가지고 가려고 노력했다.#@문장구분# 같은 실수를 반복하게 되는게 사람이지만 최대한 똑같은 실수를 하지 않고 같은 일이 일어나지 않게 하기 위해서 노력했던거 같다.#@문장구분# 그리고 또 항상 노력해야하는 거 같다.#@문장구분# 또 언젠간은 그 사람도 내 곁에 없을 수도 있다 라는 생각을 하고 살아야하는게 맞는 거 같다.#@문장구분# 누군가 나와 같은 일을 겪게 되는 사람에게 조언을 해주고 싶다. #@문장구분#있을 때 잘 해주라고, 처음부터 소중함을 잃지말라고 꼭 말 해주고 싶다.#@문장구분# 내 작은 실수로 내 곁을 지켜주고 오랜 시간를 함께한 사람을 잃는 것은 어려워 보이지만 한순간에 일어나 내 소중한 것을 앗아간다는 것을 기억하고 사랑하며 살았으면 좋겠다.#@문장구분#",
      "paragraph_len": 1150,
      "paragraph_id": "001"
    }
  ],
  "score": {
    "paragraph_score": [
      {
        "paragraph_scoreT": [
          3,
          3,
          3
        ],
        "paragraph_scoreT_detail": {
          "paragraph_scoreT_exp": [
            [
              3,
              3,
              3
            ],
            [
              3,
              3,
              3
            ],
            [
              3,
              3,
              3
            ]
          ]
        },
        "paragraph_scoreT_avg": 3,
        "paragraph_id": "001"
      }
    ],
    "essay_scoreT": [
      30,
      30,
      26.666666
    ],
    "essay_scoreT_avg": 28.888887,
    "essay_scoreT_detail": {
      "essay_scoreT_org": [
        [
          3,
          3,
          3,
          3
        ],
        [
          3,
          3,
          3,
          3
        ],
        [
          2,
          2,
          3,
          3
        ]
      ],
      "essay_scoreT_cont": [
        [
          3,
          3,
          0,
          3
        ],
        [
          3,
          3,
          0,
          3
        ],
        [
          3,
          2,
          0,
          2
        ]
      ],
      "essay_scoreT_exp": [
        [
          3,
          3,
          3
        ],
        [
          3,
          3,
          3
        ],
        [
          3,
          3,
          3
        ]
      ]
    }
  },
  "student": {
    "date": "2021.12.13",
    "student_educated": true,
    "student_grade": "고등_1학년",
    "location": "063",
    "student_grade_group": "고등",
    "student_reading": 1
  },
  "rubric": {
    "essay_grade": "고등_1학년",
    "organization_weight": {
      "org_paragraph": 2,
      "org": 2,
      "org_essay": 4,
      "org_coherence": 2,
      "org_quantity": 1
    },
    "essay_type": "글짓기",
    "content_weight": {
      "con_clearance": 4,
      "con_novelty": 3,
      "con": 4,
      "con_prompt": 0,
      "con_description": 1
    },
    "essay_main_subject": "소중함을 잃었던 경험",
    "expression_weight": {
      "exp_style": 1,
      "exp_grammar": 2,
      "exp_vocab": 3,
      "exp": 4
    }
  },
  "correction": [],
  "info": {
    "essay_id": "ESSAY_73456",
    "essay_prompt": " 익숙함에 속아 소중함을 잊지 말자는 명언 (Do not get fooled by something familiar and forget what is priceless.)이 있습니다.\n\n 부모님께서 매일 해주시는 아침밥이나, 너무 친해서 매일 맛있는 간식을 사주는 친구 등 처음에는 매우 감사했지만 반복되는 호의에 우리는 소중함을 잊어가기도 합니다.\n\n 작은 소중함일지라도 그 소중함을 잃게 되면 호의를 베푸는 사람 입장에서는 매우 당황스럽고 기분이 나쁠 수 있어요.\n\n 여러분은 익숙함에 속아 소중함을 잊었던 사례와 그로 인해 상대방의 기분을 나쁘게 했던 경험이 있나요? 만약 있다면 관계를 회복하기 위해 어떤 노력을 하셨나요? 본인의 경험을 작성해주세요.\n\n 만약 그런 적이 없다면 주변의 이야기나 본인에게 소중함을 주는 사람들에 관해 설명해주세요.",
    "essay_type": "글짓기",
    "essay_level": "2",
    "essay_len": 811,
    "essay_main_subject": "소중함을 잃었던 경험"
  }
}