{
  "paragraph": [
    {
      "paragraph_txt": "뉴스를 보면 항상 빨간색 뉴스 특보가 뜬다.#@문장구분# 확진자○○명,사망자○○명...#@문장구분#코로나 바이러스는 우리의 평범한 일상을 한순간 빼앗아 갔다.#@문장구분# 그 사이 일상이 멈추고,끝을 알 수 없는 지루함과 허탈함에 우린 모두 무기력해져만 간다.#@문장구분# 고등 첫 시작을 대면수업이 아닌 온라인 클래스로 대신했고, 우리는 친구를 사귀고 탐색할 시간을 잃었으며, 그나마 대면 수업 때도 서로 몸을 부딪쳐 가며 돈독해질 만한 수업 참여가 현실적으로 늘 부족했다.#@문장구분# 코로나 19가 발발하기 전 우리는 쉬는 시간 종이 울리면 곧장 달려 매점에서 간식거리를 먹기 바빴고, 체육 시간을 고대 했으며, 친구들과의 장난으로 대부분을 채웠던 우리인데 말이다.#@문장구분# 팬데믹 사태 이후 가장 안타까웠던건 체육대회, 수학여행 등 학교 주요 행사가 취소된 부분이다.#@문장구분# 선배들이나 부모님 같은 경우도 학창시절 교내 큰 행사 때 일어났던 친구들과 함께 했던 그 추억으로 그 시절을 떠올리고 감정이 요동치는 그런 경험을 하시는데 말이다.#@문장구분# 이러한 부정적인 측면 들로 인해 역발상적으로 코로나는 일상에서 느꼈던 소중함을 일깨워주는 하나의 터닝포인트가 될 수도 있다.#@문장구분# 그동안 잘 알 수 없었던 친구들과의 교감, 선생님의 진심 어린 잔소리, 자유로이 신체활동을 여지없이 할 수 있었던 체육 시간 등등...#@문장구분# 우리는 코로나 바이러스가 잠식해 버린 현재 상황에 비굴해저선 안된다.#@문장구분# 이런 여건에서 그에 맞게 친구들과 관계를 이어갈 수 있는 온라인 소통으로 돈독함을 유지할 필요가 있고, 꼭 서로 몸을 맞대며 하는 신체 활동이 아닌 내 체력 증강을 위해 할 수 있는 나만의 관리법을 터득해 하여 유용하게 쓸 줄 알아야 한다.#@문장구분# 언젠가 코로나는 우리 인간에 의해서 물리칠 수 있을 거라고 생각한다.#@문장구분# 더 이상 바이러스로 내 일상을 깎아 먹을 순 없다.#@문장구분# 지금의 상황에서 할 수 있는 한 즐겨보려 한다#@문장구분#",
      "paragraph_len": 1199,
      "paragraph_id": "001"
    }
  ],
  "score": {
    "paragraph_score": [
      {
        "paragraph_scoreT": [
          3,
          3,
          3
        ],
        "paragraph_scoreT_detail": {
          "paragraph_scoreT_exp": [
            [
              3,
              3,
              3
            ],
            [
              3,
              3,
              3
            ],
            [
              3,
              3,
              3
            ]
          ]
        },
        "paragraph_scoreT_avg": 3,
        "paragraph_id": "001"
      }
    ],
    "essay_scoreT": [
      29.5,
      29.5,
      30
    ],
    "essay_scoreT_avg": 29.666666,
    "essay_scoreT_detail": {
      "essay_scoreT_org": [
        [
          3,
          3,
          3,
          3
        ],
        [
          3,
          3,
          3,
          3
        ],
        [
          3,
          3,
          3,
          3
        ]
      ],
      "essay_scoreT_cont": [
        [
          3,
          3,
          0,
          2
        ],
        [
          3,
          3,
          0,
          2
        ],
        [
          3,
          3,
          0,
          3
        ]
      ],
      "essay_scoreT_exp": [
        [
          3,
          3,
          3
        ],
        [
          3,
          3,
          3
        ],
        [
          3,
          3,
          3
        ]
      ]
    }
  },
  "student": {
    "date": "2021.12.13",
    "student_educated": true,
    "student_grade": "고등_1학년",
    "location": "063",
    "student_grade_group": "고등",
    "student_reading": 2
  },
  "rubric": {
    "essay_grade": "고등_1학년",
    "organization_weight": {
      "org_paragraph": 2,
      "org": 2,
      "org_essay": 4,
      "org_coherence": 2,
      "org_quantity": 1
    },
    "essay_type": "글짓기",
    "content_weight": {
      "con_clearance": 4,
      "con_novelty": 3,
      "con": 4,
      "con_prompt": 0,
      "con_description": 1
    },
    "essay_main_subject": "소중함을 잃었던 경험",
    "expression_weight": {
      "exp_style": 1,
      "exp_grammar": 2,
      "exp_vocab": 3,
      "exp": 4
    }
  },
  "correction": [],
  "info": {
    "essay_id": "ESSAY_62974",
    "essay_prompt": " 익숙함에 속아 소중함을 잊지 말자는 명언 (Do not get fooled by something familiar and forget what is priceless.)이 있습니다.\n\n 부모님께서 매일 해주시는 아침밥이나, 너무 친해서 매일 맛있는 간식을 사주는 친구 등 처음에는 매우 감사했지만 반복되는 호의에 우리는 소중함을 잊어가기도 합니다.\n\n 작은 소중함일지라도 그 소중함을 잃게 되면 호의를 베푸는 사람 입장에서는 매우 당황스럽고 기분이 나쁠 수 있어요.\n\n 여러분은 익숙함에 속아 소중함을 잊었던 사례와 그로 인해 상대방의 기분을 나쁘게 했던 경험이 있나요? 만약 있다면 관계를 회복하기 위해 어떤 노력을 하셨나요? 본인의 경험을 작성해주세요.\n\n 만약 그런 적이 없다면 주변의 이야기나 본인에게 소중함을 주는 사람들에 관해 설명해주세요.",
    "essay_type": "글짓기",
    "essay_level": "2",
    "essay_len": 899,
    "essay_main_subject": "소중함을 잃었던 경험"
  }
}