{
  "paragraph": [
    {
      "paragraph_txt": "우리는 종종 듣곤 한다.#@문장구분# '나는 세상에 하나밖에 없는 소중한 사람'또는 학교에서 하는 자살예방 교육에서도 항상 나는 소중하다는 것을 개닫게 하듯이 여러번 강조한다.#@문장구분# 여기서 '소중하다'라는 것은 무엇일까?#@문장구분# 국어사전에서는 매우 귀중하다, 귀하다 라고 정의되어있다.#@문장구분#",
      "paragraph_len": 225,
      "paragraph_id": "001"
    },
    {
      "paragraph_txt": " 하지만 나는 조금 다르게 생각한다.#@문장구분# 나는 소중하다가 사랑하다라는 것과 비슷하다라고 생각한다.#@문장구분# 우리는 모두 사랑을 받고 살아간다.#@문장구분# 부모님께서 자식에게 주는사랑, 친구들끼리의 사랑, 연인들의 사랑.#@문장구분# 우리는 항상 사랑을 받고 살아왔는데, 우리는 사랑받고 있는지 표현을 안하면 알수가 없다.#@문장구분# 소중하다는 것도 마찬가지이다.#@문장구분# 우리는 다 소중한 존재인데 그걸 모르고 있는 사람들이 많다.#@문장구분# 이런 점에서 '소중하다'와 '사랑하다'는 비슷한 말인것 같다.#@문장구분#",
      "paragraph_len": 405,
      "paragraph_id": "002"
    },
    {
      "paragraph_txt": " 그렇다면 익숙함에 속아 소중함을 잃지 않으려면 어떻게 해야 할까?#@문장구분#",
      "paragraph_len": 57,
      "paragraph_id": "003"
    },
    {
      "paragraph_txt": " 나는 항상 자신을 사랑하고 자신을 소중히 여겨야 한다고 생각한다.#@문장구분# 우리나라는 OECD가입국 중에서 청소년 자살률 1위에 해당한다.#@문장구분# 그리고 청소년 행복률도 뒤에서 1등이다.#@문장구분# 우리나라는 왜 청소년 자살률 1위일까?#@문장구분# 교육적 스트레스가 가장 큰 이유일것 같은데, 왜 청소년들은 자신을 소중하게 여기지 않는것일까.#@문장구분# 항상 반복되고 똑같은 일상에서 익숙함에 속아 자신이 소중하다는 것을 잊어버리는것 같다.#@문장구분# 영화 '두근두근 내인생'에서는 조로병에 걸려 신체나이가 80세여서 곧 죽을 16살 아름이에게 그의 친구 서하가 언제 가장 살고 싶냐고 물어본다.#@문장구분# 아름이는 푸른 하늘에 구름을 볼때, 빨래 냄새를 맡을때, 무뚝뚝한 동네 아저씨가 드라마를 보고 울때 살고 싶어진다고 대답한다.#@문장구분# 생각해보면 이런 것들은 장황한것들이 아니라 우리가 흔히 이상에서 볼수있는 것들이다.#@문장구분# 아름이는 일상에서 쉽게 볼수 있는 것들을 쉽게 볼수 없어서 이런 말을 하는데 우리는 너무 쉽게, 편하게 경험할수 있는 것들이다.#@문장구분# 왜냐하면 우리는 병원에서 반평생을 보내지 않기 때문이다.#@문장구분# 이렇듯 우리가 흔히 누리는 것을 다른 이는 못한다고 생각하면 모든것들이 소중하게 느껴진다.#@문장구분#",
      "paragraph_len": 814,
      "paragraph_id": "004"
    },
    {
      "paragraph_txt": " 따라서 익숙함에 속아 소중함을 잃지 말고 항상 자기 자신을 사랑하자.#@문장구분#",
      "paragraph_len": 59,
      "paragraph_id": "005"
    }
  ],
  "score": {
    "paragraph_score": [
      {
        "paragraph_scoreT": [
          2.8333333,
          3,
          2.3333333
        ],
        "paragraph_scoreT_detail": {
          "paragraph_scoreT_exp": [
            [
              3,
              3,
              2
            ],
            [
              3,
              3,
              3
            ],
            [
              3,
              2,
              2
            ]
          ]
        },
        "paragraph_scoreT_avg": 2.722222,
        "paragraph_id": "001"
      },
      {
        "paragraph_scoreT": [
          2.8333333,
          3,
          2.5
        ],
        "paragraph_scoreT_detail": {
          "paragraph_scoreT_exp": [
            [
              3,
              3,
              2
            ],
            [
              3,
              3,
              3
            ],
            [
              3,
              2,
              3
            ]
          ]
        },
        "paragraph_scoreT_avg": 2.7777777,
        "paragraph_id": "002"
      },
      {
        "paragraph_scoreT": [
          2.8333333,
          3,
          2
        ],
        "paragraph_scoreT_detail": {
          "paragraph_scoreT_exp": [
            [
              3,
              3,
              2
            ],
            [
              3,
              3,
              3
            ],
            [
              2,
              2,
              2
            ]
          ]
        },
        "paragraph_scoreT_avg": 2.611111,
        "paragraph_id": "003"
      },
      {
        "paragraph_scoreT": [
          2.8333333,
          3,
          2
        ],
        "paragraph_scoreT_detail": {
          "paragraph_scoreT_exp": [
            [
              3,
              3,
              2
            ],
            [
              3,
              3,
              3
            ],
            [
              2,
              2,
              2
            ]
          ]
        },
        "paragraph_scoreT_avg": 2.611111,
        "paragraph_id": "004"
      },
      {
        "paragraph_scoreT": [
          2.8333333,
          3,
          2
        ],
        "paragraph_scoreT_detail": {
          "paragraph_scoreT_exp": [
            [
              3,
              3,
              2
            ],
            [
              3,
              3,
              3
            ],
            [
              2,
              2,
              2
            ]
          ]
        },
        "paragraph_scoreT_avg": 2.611111,
        "paragraph_id": "005"
      }
    ],
    "essay_scoreT": [
      25.833332,
      30,
      20
    ],
    "essay_scoreT_avg": 25.277777,
    "essay_scoreT_detail": {
      "essay_scoreT_org": [
        [
          3,
          3,
          3,
          3
        ],
        [
          3,
          3,
          3,
          3
        ],
        [
          2,
          2,
          2,
          2
        ]
      ],
      "essay_scoreT_cont": [
        [
          2,
          2,
          0,
          3
        ],
        [
          3,
          3,
          0,
          3
        ],
        [
          2,
          2,
          0,
          2
        ]
      ],
      "essay_scoreT_exp": [
        [
          3,
          3,
          2
        ],
        [
          3,
          3,
          3
        ],
        [
          2,
          2,
          2
        ]
      ]
    }
  },
  "student": {
    "date": "2021.09.29",
    "student_educated": true,
    "student_grade": "고등_1학년",
    "location": "051",
    "student_grade_group": "고등",
    "student_reading": 1
  },
  "rubric": {
    "essay_grade": "고등_1학년",
    "organization_weight": {
      "org_paragraph": 2,
      "org": 2,
      "org_essay": 4,
      "org_coherence": 2,
      "org_quantity": 1
    },
    "essay_type": "글짓기",
    "content_weight": {
      "con_clearance": 4,
      "con_novelty": 3,
      "con": 4,
      "con_prompt": 0,
      "con_description": 1
    },
    "essay_main_subject": "소중함을 잃었던 경험",
    "expression_weight": {
      "exp_style": 1,
      "exp_grammar": 2,
      "exp_vocab": 3,
      "exp": 4
    }
  },
  "correction": [],
  "info": {
    "essay_id": "ESSAY_35810",
    "essay_prompt": " 익숙함에 속아 소중함을 잊지 말자는 명언 (Do not get fooled by something familiar and forget what is priceless.)이 있습니다.\n\n 부모님께서 매일 해주시는 아침밥이나, 너무 친해서 매일 맛있는 간식을 사주는 친구 등 처음에는 매우 감사했지만 반복되는 호의에 우리는 소중함을 잊어가기도 합니다.\n\n 작은 소중함일지라도 그 소중함을 잃게 되면 호의를 베푸는 사람 입장에서는 매우 당황스럽고 기분이 나쁠 수 있어요.\n\n 여러분은 익숙함에 속아 소중함을 잊었던 사례와 그로 인해 상대방의 기분을 나쁘게 했던 경험이 있나요? 만약 있다면 관계를 회복하기 위해 어떤 노력을 하셨나요? 본인의 경험을 작성해주세요.\n\n 만약 그런 적이 없다면 주변의 이야기나 본인에게 소중함을 주는 사람들에 관해 설명해주세요.",
    "essay_type": "글짓기",
    "essay_level": "2",
    "essay_len": 1048,
    "essay_main_subject": "소중함을 잃었던 경험"
  }
}