{
  "paragraph": [
    {
      "paragraph_txt": "저는 휴대폰을 잃어버렸던 적이 있습니다.#@문장구분# 짧은 시간이었지만 잃어버린 휴대폰을 찾기위해 안전부절 했던 그 때의 기분을 잊을 수가 없습니다.#@문장구분# 제 휴대폰 사진폴더 안에는 수많은 셀카 뿐 아니라 친구들과의 추억사진, 스노우 사진, 하늘이 예뻤던 날에 찍은 하늘 사진, 가족들과 여행가서 찍은 사진 등 수년간 저의 추억이 깃든 사진들이 가득합니다.#@문장구분# 휴대폰을 잃어버렸다는 것을 알게 된 순간 저 사진들을 따로 다운받아 놓지 않았던 제 자신이 원망스러웠습니다.#@문장구분# 그 동안의 소중한 저의 추억들을 싸그리 잃어버린 것만 같은 기분이었습니다.#@문장구분# 다행히 휴대폰을 주우신 분이 바로 폰을 찾을 수 있게 도와주셔서 무사히 휴대폰은 제 손으로 돌아올 수 있게 되었습니다.#@문장구분# 하지만 마음을 나쁘게 먹고 돌려주지 않았다면 저는 정말 너무 속상했을 것 같습니다.#@문장구분# 원래 한시도 휴대폰을 손에서 놓지 않는 스타일인데 그 날은 왜 그랬는지 주머니에 넣어 놓았던 휴대폰이 저도 모르게 스르륵 떨어졌었나 봅니다.#@문장구분# 그날 이후 저는 더욱 휴대폰을 손에서 놓지 않는 나쁜 습관이 생기긴 했지만 제 물건은 제가 잘 챙길 수 있는 책임감은 길러졌다고 생각됩니다.#@문장구분# 지금도 저는 휴대폰이 저에게 있어 가장 소중한 물건입니다.#@문장구분# 휴대폰이 눈앞에 보이지 않으면 불안하고 찾게 됩니다.#@문장구분# 휴대폰을 굳이 하고있지 않더라도 눈앞에 있어야 마음에 안정이 되기 때문입니다.#@문장구분#",
      "paragraph_len": 911,
      "paragraph_id": "001"
    }
  ],
  "score": {
    "paragraph_score": [
      {
        "paragraph_scoreT": [
          3,
          2.6666667,
          2.6666667
        ],
        "paragraph_scoreT_detail": {
          "paragraph_scoreT_exp": [
            [
              3,
              3,
              3
            ],
            [
              2,
              3,
              3
            ],
            [
              2,
              3,
              3
            ]
          ]
        },
        "paragraph_scoreT_avg": 2.777778,
        "paragraph_id": "001"
      }
    ],
    "essay_scoreT": [
      26,
      25.777779,
      27.777779
    ],
    "essay_scoreT_avg": 26.518518,
    "essay_scoreT_detail": {
      "essay_scoreT_org": [
        [
          3,
          3,
          3,
          3
        ],
        [
          2,
          3,
          3,
          3
        ],
        [
          2,
          3,
          3,
          3
        ]
      ],
      "essay_scoreT_cont": [
        [
          2,
          2,
          0,
          2
        ],
        [
          2,
          3,
          0,
          3
        ],
        [
          3,
          3,
          0,
          3
        ]
      ],
      "essay_scoreT_exp": [
        [
          3,
          3,
          3
        ],
        [
          2,
          3,
          3
        ],
        [
          2,
          3,
          3
        ]
      ]
    }
  },
  "student": {
    "date": "2021.12.17",
    "student_educated": true,
    "student_grade": "고등_1학년",
    "location": "063",
    "student_grade_group": "고등",
    "student_reading": 1
  },
  "rubric": {
    "essay_grade": "고등_1학년",
    "organization_weight": {
      "org_paragraph": 2,
      "org": 2,
      "org_essay": 4,
      "org_coherence": 2,
      "org_quantity": 1
    },
    "essay_type": "글짓기",
    "content_weight": {
      "con_clearance": 4,
      "con_novelty": 3,
      "con": 4,
      "con_prompt": 0,
      "con_description": 1
    },
    "essay_main_subject": "소중함을 잃었던 경험",
    "expression_weight": {
      "exp_style": 1,
      "exp_grammar": 2,
      "exp_vocab": 3,
      "exp": 4
    }
  },
  "correction": [],
  "info": {
    "essay_id": "ESSAY_72009",
    "essay_prompt": " 익숙함에 속아 소중함을 잊지 말자는 명언 (Do not get fooled by something familiar and forget what is priceless.)이 있습니다.\n\n 부모님께서 매일 해주시는 아침밥이나, 너무 친해서 매일 맛있는 간식을 사주는 친구 등 처음에는 매우 감사했지만 반복되는 호의에 우리는 소중함을 잊어가기도 합니다.\n\n 작은 소중함일지라도 그 소중함을 잃게 되면 호의를 베푸는 사람 입장에서는 매우 당황스럽고 기분이 나쁠 수 있어요.\n\n 여러분은 익숙함에 속아 소중함을 잊었던 사례와 그로 인해 상대방의 기분을 나쁘게 했던 경험이 있나요? 만약 있다면 관계를 회복하기 위해 어떤 노력을 하셨나요? 본인의 경험을 작성해주세요.\n\n 만약 그런 적이 없다면 주변의 이야기나 본인에게 소중함을 주는 사람들에 관해 설명해주세요.",
    "essay_type": "글짓기",
    "essay_level": "2",
    "essay_len": 672,
    "essay_main_subject": "소중함을 잃었던 경험"
  }
}