{
  "paragraph": [
    {
      "paragraph_txt": "사람들이 인생의 마지막 단계에서 깨닫는 소중한 것.#@문장구분# 그것이 지금 이 순간을 살아가기 위한 '버팀목'이 된다.#@문장구분# \"구차하게 살고 싶지 않다.\"#@문장구분# \"이 순간부터 마지막은 내가 정한다.\"#@문장구분# 이 말은 티비에서 나온 대사다.#@문장구분# 시한부 환자가 말도 없이 병원을 예약한 아내에게 화를 내며 던진 말이다.#@문장구분# 누구나 인생의 마지막을 맞이한다.#@문장구분# 인생 마지막 시간을 맞이하는 이들 상당수는 고통 속에 괴로운 시간들을 보내곤 한다.#@문장구분# 이들을 옆에서 지켜보는 이들도 마음은 편치않다.#@문장구분# 그러면서도 '의학적인 도움은 줄 수 없어도 뭔가 도움을 줄 수 없을까'를 고민한다.#@문장구분# 한 의사의 이러한 고민의 결과들이 고스란히 담겨있는 책이있다.#@문장구분# 호스피스 전문의인 저자인 20년간 약 2800명 환자들의 마지막 길을 지켜보며 어떻게 삶을 살아가야 할지에 대한 답을 찾았다.#@문장구분# 주로 건강할 때 자신의 인생을 확실하게 조절해온 사람들에게 많이 나타나는 모습이다.#@문장구분# '남에게 의지하지 않겠다', '노력하면 보상받는다'는 믿음을 가지고 혹독한 경쟁에서 살아남은 사람.#@문장구분# 그런 사람일수록 인생의 마지막에서야 그 전까지 지켜온 가치관이 전혀 통하지 않는다는 걸 깨달으며 괴로워한다.#@문장구분# 그러나 이런 환자들도 괴로움 끝에 조금씩 자신의 생각과 완강히 지켜온 신념들을 내려놓고 타인을 의지하게 된다.#@문장구분# '무엇이든 스스로 하는 게 당연하다'는 생각과 '쓸모없는 나는 가치가 없다'는 느낌에서 벗어서 타인의 보살핌을 받아들인다.#@문장구분# 인생의 마지막 단계에서 깨닫는 소중한 것.#@문장구분# 그것은 죽기 위해서가 아닌 지금 이 순간을 살아가기 위한 '버팀목'이 된다고 강조한다.#@문장구분#",
      "paragraph_len": 1152,
      "paragraph_id": "001"
    }
  ],
  "score": {
    "paragraph_score": [
      {
        "paragraph_scoreT": [
          3,
          3,
          3
        ],
        "paragraph_scoreT_detail": {
          "paragraph_scoreT_exp": [
            [
              3,
              3,
              3
            ],
            [
              3,
              3,
              3
            ],
            [
              3,
              3,
              3
            ]
          ]
        },
        "paragraph_scoreT_avg": 3,
        "paragraph_id": "001"
      }
    ],
    "essay_scoreT": [
      30,
      30,
      30
    ],
    "essay_scoreT_avg": 30,
    "essay_scoreT_detail": {
      "essay_scoreT_org": [
        [
          3,
          3,
          3,
          3
        ],
        [
          3,
          3,
          3,
          3
        ],
        [
          3,
          3,
          3,
          3
        ]
      ],
      "essay_scoreT_cont": [
        [
          3,
          3,
          0,
          3
        ],
        [
          3,
          3,
          0,
          3
        ],
        [
          3,
          3,
          0,
          3
        ]
      ],
      "essay_scoreT_exp": [
        [
          3,
          3,
          3
        ],
        [
          3,
          3,
          3
        ],
        [
          3,
          3,
          3
        ]
      ]
    }
  },
  "student": {
    "date": "2021.12.16",
    "student_educated": true,
    "student_grade": "고등_1학년",
    "location": "041",
    "student_grade_group": "고등",
    "student_reading": 2
  },
  "rubric": {
    "essay_grade": "고등_1학년",
    "organization_weight": {
      "org_paragraph": 2,
      "org": 2,
      "org_essay": 4,
      "org_coherence": 2,
      "org_quantity": 1
    },
    "essay_type": "글짓기",
    "content_weight": {
      "con_clearance": 4,
      "con_novelty": 3,
      "con": 4,
      "con_prompt": 0,
      "con_description": 1
    },
    "essay_main_subject": "소중함을 잃었던 경험",
    "expression_weight": {
      "exp_style": 1,
      "exp_grammar": 2,
      "exp_vocab": 3,
      "exp": 4
    }
  },
  "correction": [],
  "info": {
    "essay_id": "ESSAY_66145",
    "essay_prompt": " 익숙함에 속아 소중함을 잊지 말자는 명언 (Do not get fooled by something familiar and forget what is priceless.)이 있습니다.\n\n 부모님께서 매일 해주시는 아침밥이나, 너무 친해서 매일 맛있는 간식을 사주는 친구 등 처음에는 매우 감사했지만 반복되는 호의에 우리는 소중함을 잊어가기도 합니다.\n\n 작은 소중함일지라도 그 소중함을 잃게 되면 호의를 베푸는 사람 입장에서는 매우 당황스럽고 기분이 나쁠 수 있어요.\n\n 여러분은 익숙함에 속아 소중함을 잊었던 사례와 그로 인해 상대방의 기분을 나쁘게 했던 경험이 있나요? 만약 있다면 관계를 회복하기 위해 어떤 노력을 하셨나요? 본인의 경험을 작성해주세요.\n\n 만약 그런 적이 없다면 주변의 이야기나 본인에게 소중함을 주는 사람들에 관해 설명해주세요.",
    "essay_type": "글짓기",
    "essay_level": "2",
    "essay_len": 772,
    "essay_main_subject": "소중함을 잃었던 경험"
  }
}