{
  "paragraph": [
    {
      "paragraph_txt": "익숙함에 속아 소중함을 잊었던 사례에 대해서 한번 얘기해보겠습니다.#@문장구분# 저희 친할아버지가 있는데 연세가 많으셔서 치매를 2년 정도 앓고 계십니다.#@문장구분# 그래서 친할아버지를 돌봐주실 분이 항상 필요한데 우리 가족, 친척분들까지 해서 돌아가면서 돌봐주시고 있었습니다. #@문장구분#근데 저가 마침 학교에서 방학도 하기도 했고 방학 때 할 게 많이 없어서 대전에 내려가 할아버지를 돌봐드리기로 했습니다.#@문장구분# 대전에 내려가 친할아버지를 돌봐드린 지 3주 정도 되었습니다.#@문장구분# 어린 나이에 치매에 앓고 있는 할아버지를 돌봐준다는 게 결코 쉬운 일은 아니었습니다.#@문장구분# 진지를 드실 때 수저를 드리면 손으로 먹고 계시고, 진지를 방금 드셨는데 자기 밥 안 먹었다고 화를 내시고 저의 이름도 자주 까먹으셨습니다.#@문장구분# 저도 이 모습을 예상하였지만 실제로 겪고 계속해오다 보니 어머니한테 할아버지 돌봐드리기 싫다고나 말하고, 할아버지가 저한테 말을 걸면 말동무는커녕 무시하기 바빴죠.#@문장구분# 생각해 보니 저도 이렇게 소중한 할아버지를 익숙하고 하기 싫다고 점점 변해가는 제 모습이 너무 한심하고 싫었습니다.#@문장구분# 이런 마음들이 그 당시에 왜 들었는지 모르겠지만 다시는 이런 나쁜 마음 따위는 들어선 안 되고 아무리 익숙하다고 해서 가장 소중한 사람들을 놓치지 말고 소중히 여겨야 합니다.#@문장구분# 지금은 세상에 없으신 우리 할아버지 정말 많이 보고 싶고 제 인생에서 후회가 많이 될 거 같습니다.#@문장구분#",
      "paragraph_len": 903,
      "paragraph_id": "001"
    }
  ],
  "score": {
    "paragraph_score": [
      {
        "paragraph_scoreT": [
          3,
          2.8333333,
          2.6666667
        ],
        "paragraph_scoreT_detail": {
          "paragraph_scoreT_exp": [
            [
              3,
              3,
              3
            ],
            [
              3,
              3,
              2
            ],
            [
              2,
              3,
              3
            ]
          ]
        },
        "paragraph_scoreT_avg": 2.8333333,
        "paragraph_id": "001"
      }
    ],
    "essay_scoreT": [
      30,
      26.722221,
      25.777779
    ],
    "essay_scoreT_avg": 27.5,
    "essay_scoreT_detail": {
      "essay_scoreT_org": [
        [
          3,
          3,
          3,
          3
        ],
        [
          2,
          3,
          3,
          2
        ],
        [
          3,
          2,
          2,
          3
        ]
      ],
      "essay_scoreT_cont": [
        [
          3,
          3,
          0,
          3
        ],
        [
          3,
          2,
          0,
          3
        ],
        [
          2,
          3,
          0,
          3
        ]
      ],
      "essay_scoreT_exp": [
        [
          3,
          3,
          3
        ],
        [
          3,
          3,
          2
        ],
        [
          2,
          3,
          3
        ]
      ]
    }
  },
  "student": {
    "date": "2021.12.16",
    "student_educated": true,
    "student_grade": "고등_1학년",
    "location": "031",
    "student_grade_group": "고등",
    "student_reading": 2
  },
  "rubric": {
    "essay_grade": "고등_1학년",
    "organization_weight": {
      "org_paragraph": 2,
      "org": 2,
      "org_essay": 4,
      "org_coherence": 2,
      "org_quantity": 1
    },
    "essay_type": "글짓기",
    "content_weight": {
      "con_clearance": 4,
      "con_novelty": 3,
      "con": 4,
      "con_prompt": 0,
      "con_description": 1
    },
    "essay_main_subject": "소중함을 잃었던 경험",
    "expression_weight": {
      "exp_style": 1,
      "exp_grammar": 2,
      "exp_vocab": 3,
      "exp": 4
    }
  },
  "correction": [],
  "info": {
    "essay_id": "ESSAY_65657",
    "essay_prompt": " 익숙함에 속아 소중함을 잊지 말자는 명언 (Do not get fooled by something familiar and forget what is priceless.)이 있습니다.\n\n 부모님께서 매일 해주시는 아침밥이나, 너무 친해서 매일 맛있는 간식을 사주는 친구 등 처음에는 매우 감사했지만 반복되는 호의에 우리는 소중함을 잊어가기도 합니다.\n\n 작은 소중함일지라도 그 소중함을 잃게 되면 호의를 베푸는 사람 입장에서는 매우 당황스럽고 기분이 나쁠 수 있어요.\n\n 여러분은 익숙함에 속아 소중함을 잊었던 사례와 그로 인해 상대방의 기분을 나쁘게 했던 경험이 있나요? 만약 있다면 관계를 회복하기 위해 어떤 노력을 하셨나요? 본인의 경험을 작성해주세요.\n\n 만약 그런 적이 없다면 주변의 이야기나 본인에게 소중함을 주는 사람들에 관해 설명해주세요.",
    "essay_type": "글짓기",
    "essay_level": "2",
    "essay_len": 684,
    "essay_main_subject": "소중함을 잃었던 경험"
  }
}