{
  "paragraph": [
    {
      "paragraph_txt": "흔히 사람들은 '익숙함에 속아 소중함을 잊지말자'라는 명언을 연애 중 찾아오는 권태기에 사용하곤 한다.#@문장구분# 그 상황에 대입해 본다면 연인이 오래 만나고 편해지다보면 상대방이 너무 익숙하여 연락도 뜸해지고 귀찮아 질 수 있지만 그러한 익숙함 속에 상대방의 소중함을 잃지 말라는 의미이다.#@문장구분# 하지만 이 말은 우리 더욱 당연하게 여기는 것들에도 적용할 수 있다.#@문장구분# 예를 들어 우리가 당연한듯이 함께 하고있는 부모님이 있다.#@문장구분# 우리에겐 우리의 뜻을 존중해 주고 지원해주시고 생계를 책임져주시는 부모님이 너무나도 당연하지만, 어떤 부모님들은 일을 하지 못하는 상황에 있어 아이들이 직접 생계를 유지해 나가야하는 상황도 있고, 더 한 것은 아동학대처럼 아이를 사랑하지 못할 망정 폭력을 가하는 부모도 있다.#@문장구분# 이러한 부모가 정상이란 것은 아니지만, 우리를 사랑해주고 도와주시는 부모님에 대한 감사함과 소중함을 잃어서는 않된다. #@문장구분#작은 소중함일지라도 그 소중함을 잃게 되면 호의를 베푸는 사람 입장에서는 매우 당황스럽고 기분이 나쁠 수 있기도하긴하다.#@문장구분# 저는 그우리부모남은 항상 사랑으로 나를 전적으로 믿어주신다 또한 할머니도계시는데 우리 강아지 강아지 하며 항상 사랑해 주신다 이런 부모님이 안계신 다면 나는 상상도 하기싫다.#@문장구분# 앞으로 부모님과 할머니께 효도하려 노력한다.#@문장구분# 앞으로도 잊지 않고 계속 최선을 다해 효도할 수 있다면 좋겠다.#@문장구분#",
      "paragraph_len": 877,
      "paragraph_id": "001"
    }
  ],
  "score": {
    "paragraph_score": [
      {
        "paragraph_scoreT": [
          3,
          3,
          2
        ],
        "paragraph_scoreT_detail": {
          "paragraph_scoreT_exp": [
            [
              3,
              3,
              3
            ],
            [
              3,
              3,
              3
            ],
            [
              2,
              2,
              2
            ]
          ]
        },
        "paragraph_scoreT_avg": 2.6666667,
        "paragraph_id": "001"
      }
    ],
    "essay_scoreT": [
      29.5,
      29.777779,
      20.222221
    ],
    "essay_scoreT_avg": 26.5,
    "essay_scoreT_detail": {
      "essay_scoreT_org": [
        [
          3,
          3,
          3,
          3
        ],
        [
          3,
          3,
          3,
          2
        ],
        [
          2,
          2,
          2,
          3
        ]
      ],
      "essay_scoreT_cont": [
        [
          3,
          3,
          0,
          2
        ],
        [
          3,
          3,
          0,
          3
        ],
        [
          2,
          2,
          0,
          2
        ]
      ],
      "essay_scoreT_exp": [
        [
          3,
          3,
          3
        ],
        [
          3,
          3,
          3
        ],
        [
          2,
          2,
          2
        ]
      ]
    }
  },
  "student": {
    "date": "2021.12.18",
    "student_educated": true,
    "student_grade": "고등_1학년",
    "location": "063",
    "student_grade_group": "고등",
    "student_reading": 2
  },
  "rubric": {
    "essay_grade": "고등_1학년",
    "organization_weight": {
      "org_paragraph": 2,
      "org": 2,
      "org_essay": 4,
      "org_coherence": 2,
      "org_quantity": 1
    },
    "essay_type": "글짓기",
    "content_weight": {
      "con_clearance": 4,
      "con_novelty": 3,
      "con": 4,
      "con_prompt": 0,
      "con_description": 1
    },
    "essay_main_subject": "소중함을 잃었던 경험",
    "expression_weight": {
      "exp_style": 1,
      "exp_grammar": 2,
      "exp_vocab": 3,
      "exp": 4
    }
  },
  "correction": [],
  "info": {
    "essay_id": "ESSAY_72124",
    "essay_prompt": " 익숙함에 속아 소중함을 잊지 말자는 명언 (Do not get fooled by something familiar and forget what is priceless.)이 있습니다.\n\n 부모님께서 매일 해주시는 아침밥이나, 너무 친해서 매일 맛있는 간식을 사주는 친구 등 처음에는 매우 감사했지만 반복되는 호의에 우리는 소중함을 잊어가기도 합니다.\n\n 작은 소중함일지라도 그 소중함을 잃게 되면 호의를 베푸는 사람 입장에서는 매우 당황스럽고 기분이 나쁠 수 있어요.\n\n 여러분은 익숙함에 속아 소중함을 잊었던 사례와 그로 인해 상대방의 기분을 나쁘게 했던 경험이 있나요? 만약 있다면 관계를 회복하기 위해 어떤 노력을 하셨나요? 본인의 경험을 작성해주세요.\n\n 만약 그런 적이 없다면 주변의 이야기나 본인에게 소중함을 주는 사람들에 관해 설명해주세요.",
    "essay_type": "글짓기",
    "essay_level": "2",
    "essay_len": 677,
    "essay_main_subject": "소중함을 잃었던 경험"
  }
}