{
  "paragraph": [
    {
      "paragraph_txt": "우리는 살아가면서 많은것들을 경험하게 된다.#@문장구분# 살면서 한번도 겪지 못한 것, 종종 겪던 것, 항상 겪는 것들이 있는데 그중 항상 겪는 것들에 대해 이야기 할 것이다.#@문장구분# 살아가며 항상 겪던 익숙한 것 들이 어느순간 사라져 버리거나, 겪지 못하게 된 적이 있을 것이다.#@문장구분# 그제서야 우리는 익숙한 것들의 소중함을 깨닫게 된다.#@문장구분#  예를들어 매일매일 삼시세끼 챙겨먹던 우리가 밥을 먹지 못하는 상황이 생겨 굶게되거나, 시험을 칠 수 있게 도와주는 컴퓨터용 사인펜을 시험치는날, 학교에서 잃어버리거나, 옆에있어주던 사람들이 갑자기 떠난다거나 공중화장실에서 볼일을 보았는데 휴지가 없다거나 하는 상황 등등이 있다.#@문장구분# 또한 우리는 쉽게 마실 수 있는 물을 아프리카와 같은 사막이 있거나, 건조한 기후에서는 드물고, 매우 중요한 역할을 하게 되지만, 구할수 있는 물이라고는 오염된 흙탕물밖에 없는 사람들도 있고, 부모님으로부터 항상 받는 사랑을 못받는 아이들도 있다.#@문장구분#  이런 상황들이 우리에게는 사소했다고 생각했던 것들인데, 막상 사라지니 불편하거나 외롭게 되는 것이고 누구는 누리며 살아가지 못하고 있다.#@문장구분#  이를통해 알 수 있는 점은, 생텍쥐페리의 소설, '어린왕자'에 나온  \"익숙함에 속아 소중함을 잊지말자.\"#@문장구분# 이 명언을 통해 이야기 할 수 있다.#@문장구분# 우리 모두 익숙하게 사용했던 것을 당연하게 여기지 말고, 소중하게 사용할 수 있도록 마음가짐을 해야한다.#@문장구분#",
      "paragraph_len": 891,
      "paragraph_id": "001"
    }
  ],
  "score": {
    "paragraph_score": [
      {
        "paragraph_scoreT": [
          2,
          2.5,
          2
        ],
        "paragraph_scoreT_detail": {
          "paragraph_scoreT_exp": [
            [
              2,
              2,
              2
            ],
            [
              2,
              3,
              2
            ],
            [
              2,
              2,
              2
            ]
          ]
        },
        "paragraph_scoreT_avg": 2.1666667,
        "paragraph_id": "001"
      }
    ],
    "essay_scoreT": [
      21.11111,
      24.88889,
      20
    ],
    "essay_scoreT_avg": 22,
    "essay_scoreT_detail": {
      "essay_scoreT_org": [
        [
          2,
          3,
          3,
          3
        ],
        [
          3,
          2,
          2,
          2
        ],
        [
          2,
          2,
          2,
          2
        ]
      ],
      "essay_scoreT_cont": [
        [
          2,
          2,
          0,
          2
        ],
        [
          3,
          2,
          0,
          2
        ],
        [
          2,
          2,
          0,
          2
        ]
      ],
      "essay_scoreT_exp": [
        [
          2,
          2,
          2
        ],
        [
          2,
          3,
          2
        ],
        [
          2,
          2,
          2
        ]
      ]
    }
  },
  "student": {
    "date": "2021.10.01",
    "student_educated": true,
    "student_grade": "고등_1학년",
    "location": "051",
    "student_grade_group": "고등",
    "student_reading": 1
  },
  "rubric": {
    "essay_grade": "고등_1학년",
    "organization_weight": {
      "org_paragraph": 2,
      "org": 2,
      "org_essay": 4,
      "org_coherence": 2,
      "org_quantity": 1
    },
    "essay_type": "글짓기",
    "content_weight": {
      "con_clearance": 4,
      "con_novelty": 3,
      "con": 4,
      "con_prompt": 0,
      "con_description": 1
    },
    "essay_main_subject": "소중함을 잃었던 경험",
    "expression_weight": {
      "exp_style": 1,
      "exp_grammar": 2,
      "exp_vocab": 3,
      "exp": 4
    }
  },
  "correction": [],
  "info": {
    "essay_id": "ESSAY_37039",
    "essay_prompt": " 익숙함에 속아 소중함을 잊지 말자는 명언 (Do not get fooled by something familiar and forget what is priceless.)이 있습니다.\n\n 부모님께서 매일 해주시는 아침밥이나, 너무 친해서 매일 맛있는 간식을 사주는 친구 등 처음에는 매우 감사했지만 반복되는 호의에 우리는 소중함을 잊어가기도 합니다.\n\n 작은 소중함일지라도 그 소중함을 잃게 되면 호의를 베푸는 사람 입장에서는 매우 당황스럽고 기분이 나쁠 수 있어요.\n\n 여러분은 익숙함에 속아 소중함을 잊었던 사례와 그로 인해 상대방의 기분을 나쁘게 했던 경험이 있나요? 만약 있다면 관계를 회복하기 위해 어떤 노력을 하셨나요? 본인의 경험을 작성해주세요.\n\n 만약 그런 적이 없다면 주변의 이야기나 본인에게 소중함을 주는 사람들에 관해 설명해주세요.",
    "essay_type": "글짓기",
    "essay_level": "2",
    "essay_len": 692,
    "essay_main_subject": "소중함을 잃었던 경험"
  }
}