{
  "paragraph": [
    {
      "paragraph_txt": "나는 나의 소중한 부모님께 학교생활에 치여, 학원생활에 치여 받은 스트레스를 집에 오면 나를 다정하게 맞이해주는 엄마를 보고 짜증내고 신경질적으로 행동하며 홀대했던 것 같다.#@문장구분# 내가 이 생각을 하게 된 계기가 있다.#@문장구분# 여느 때처럼 학원 끝나고 집에 왔는데 항상 나를 반갑게 맞아주시던 엄마가 안 계시는 것이다. #@문장구분#11시가 넘은 늦은 밤 엄마, 아빠가 집에 안계시고 나 혼자 텅 빈 집에 있으니 정말 공허하고 무서움이 나를 맴돌았다. #@문장구분#부모님은 부부 동반 여행을 가셔서 집에 안계시는 것이었다. #@문장구분#하지만 곧 돌아오시는 부모님이지만 막상 학교와 학원을 끝마치고 집에 오니 매일 계시던 부모님이 집에 안계시니 기분이 묘하면서 외롭고 쓸쓸했다.#@문장구분#나는 이때 '익숙함에 속아 소중함을 잃어버리지 말자.' 라는 문구가 떠올랐다.#@문장구분# 즉 이 문구가 지금의 나의 상황을 대신해 설명해 주는 것이었다.#@문장구분# 나는 집에 오면 항상 나를 반갑게 맞아주는 엄마를 당연시 여겼고, 귀찮다고 생각했지만 막상 엄마가 반갑게 맞아주는 행동이 사라지니 정말 공허함이 하늘로 치솟았다. #@문장구분#그리고 '다녀왔냐?' 라는 아빠의 그 한마디가 없으니 마음이 허전함을 느꼈다.#@문장구분# 부모님이 나를 사랑하는 것, 그것을 나는 그 사랑을 당연하다는 듯이 생각하고 부모님께 짜증만 내고 귀찮아 했던 나의 행동을 반성하는 계기가 되었다.#@문장구분# 그래서 부모님이 여행에서 돌아오시는 날 정말 반갑게 맞이해드렸는데, 그 때 정말 좋아하시는 엄마, 아빠의 표정을 나는 아직도 잊지 못한다.#@문장구분# 즉 익숨하에 가려진 가장 소중한 것은 멀리있지 않고 바로 당신 옆에 있는 사람이라는 것을 잊지말고 항상 잘 한결같은 마음으로 받은 사랑을 돌려주길 바란다.#@문장구분#",
      "paragraph_len": 1073,
      "paragraph_id": "001"
    }
  ],
  "score": {
    "paragraph_score": [
      {
        "paragraph_scoreT": [
          2.8333333,
          3,
          3
        ],
        "paragraph_scoreT_detail": {
          "paragraph_scoreT_exp": [
            [
              3,
              3,
              2
            ],
            [
              3,
              3,
              3
            ],
            [
              3,
              3,
              3
            ]
          ]
        },
        "paragraph_scoreT_avg": 2.9444444,
        "paragraph_id": "001"
      }
    ],
    "essay_scoreT": [
      26.944445,
      28,
      26.5
    ],
    "essay_scoreT_avg": 27.148148,
    "essay_scoreT_detail": {
      "essay_scoreT_org": [
        [
          2,
          3,
          3,
          3
        ],
        [
          3,
          3,
          3,
          3
        ],
        [
          3,
          3,
          3,
          3
        ]
      ],
      "essay_scoreT_cont": [
        [
          3,
          2,
          0,
          3
        ],
        [
          3,
          2,
          0,
          2
        ],
        [
          2,
          2,
          0,
          3
        ]
      ],
      "essay_scoreT_exp": [
        [
          3,
          3,
          2
        ],
        [
          3,
          3,
          3
        ],
        [
          3,
          3,
          3
        ]
      ]
    }
  },
  "student": {
    "date": "2021.12.20",
    "student_educated": true,
    "student_grade": "고등_1학년",
    "location": "063",
    "student_grade_group": "고등",
    "student_reading": 2
  },
  "rubric": {
    "essay_grade": "고등_1학년",
    "organization_weight": {
      "org_paragraph": 2,
      "org": 2,
      "org_essay": 4,
      "org_coherence": 2,
      "org_quantity": 1
    },
    "essay_type": "글짓기",
    "content_weight": {
      "con_clearance": 4,
      "con_novelty": 3,
      "con": 4,
      "con_prompt": 0,
      "con_description": 1
    },
    "essay_main_subject": "소중함을 잃었던 경험",
    "expression_weight": {
      "exp_style": 1,
      "exp_grammar": 2,
      "exp_vocab": 3,
      "exp": 4
    }
  },
  "correction": [],
  "info": {
    "essay_id": "ESSAY_73784",
    "essay_prompt": " 익숙함에 속아 소중함을 잊지 말자는 명언 (Do not get fooled by something familiar and forget what is priceless.)이 있습니다.\n\n 부모님께서 매일 해주시는 아침밥이나, 너무 친해서 매일 맛있는 간식을 사주는 친구 등 처음에는 매우 감사했지만 반복되는 호의에 우리는 소중함을 잊어가기도 합니다.\n\n 작은 소중함일지라도 그 소중함을 잃게 되면 호의를 베푸는 사람 입장에서는 매우 당황스럽고 기분이 나쁠 수 있어요.\n\n 여러분은 익숙함에 속아 소중함을 잊었던 사례와 그로 인해 상대방의 기분을 나쁘게 했던 경험이 있나요? 만약 있다면 관계를 회복하기 위해 어떤 노력을 하셨나요? 본인의 경험을 작성해주세요.\n\n 만약 그런 적이 없다면 주변의 이야기나 본인에게 소중함을 주는 사람들에 관해 설명해주세요.",
    "essay_type": "글짓기",
    "essay_level": "2",
    "essay_len": 814,
    "essay_main_subject": "소중함을 잃었던 경험"
  }
}