{
  "paragraph": [
    {
      "paragraph_txt": "나는 어렸을 때부터 친구라는게 당연한 존재인 줄 알았고, 그 일이 있기 전까지는 그렇게 믿었고 친구를 소중하게 대하지 못하였다.#@문장구분# 최근에 들어서야 \"익숙함에 속아 소중함을 잊지말자\" 라는 명언이 내 마음속 한 군데에 자리 잡아 있다.#@문장구분# ",
      "paragraph_len": 170,
      "paragraph_id": "001"
    },
    {
      "paragraph_txt": "\n중3 때였다.#@문장구분# 나는 어느날처럼 친구랑 장난도 치고 놀면서 하루를 보냈다.#@문장구분# 다른 친구 앞에서 그 친구를 놀리기도 하고 심하게 장난친 것 같기도 했지만 평소에도 있던 일이라 나는 대수롭지 않게 넘겼는데 그 날 밤, 친구는 나에게 진지하게 대화를 시도했고, 나는 모든게 장난이라고 말 했지만 그 친구는 나에게 친구가 가장 소중하면서 잃기 쉬운 존재라고 말하였다.#@문장구분# 나는 그 말에 당황했고, 그 친구에게 바로 미안하다고 사과하였다.#@문장구분# 나는 익숙한 하루하루를 친구들과 보내면서 사이 좋게 지낸줄 알았지만 날이 가면 갈수록 친구라는 소중함을 잊어 가고 있었던 것이다.#@문장구분# 나는 진심으로 내가 잘못했던 것들을 되돌아보며 그 친구에게 진심담긴 사과와 내 마음을 전했다.#@문장구분# 그 친구는 나에게 '익숙함에 속아 소중함을 잊지 말자' 라고 말하며 나를 이해해주었다. #@문장구분#만약 그 친구가 나에게 그렇게 말 해주지 않았더라면 나는 아직도 친구들과 심한 장난을 치면서 서로를 헐뜯고 까내리면서 소중한 존재인 친구들을 잊어 갔을 것이다.#@문장구분# 하지만 그 친구가 나에게 진심으로 충고 해주었기 때문에 나는 나쁜 습관을 고치게 되었고 지금까지도 소중한 존재인 나의 친구들을 잘 대하고 선을 지켜가며  사이 좋게 지내고 있다.#@문장구분#  \n ",
      "paragraph_len": 786,
      "paragraph_id": "002"
    },
    {
      "paragraph_txt": " \"익숙함에 속아 소중함을 잊지말자\"#@문장구분#\n 나에게도 이런 일이 올줄은 몰랐다.#@문장구분# 소중한 것은 정말 얻기 힘들고 지켜내기 힘든게 아니라 우리 주변의 사소한 모든 것들이 소중한 것이라고 새삼 깨닫게 되었다.#@문장구분# 하루하루 익숙한 나날이 반복되면 반복될수록 우리는 소중함을 잃기 마련이지만, 우리가 조금 더 노력해서 소중함을 지켜내는 것이 우리가 이뤄야 할 과제가 아닐까 싶다.#@문장구분# 내가 말하고 싶은 것은 소중함은 얻기 힘든것이 소중함이 아니라 우리 주변의 모든 사소한 것들이 소중함이 될 수 있다는 것이다.#@문장구분# 우리는 절대 이 소중함을 잊어선 안된다#@문장구분#",
      "paragraph_len": 415,
      "paragraph_id": "003"
    }
  ],
  "score": {
    "paragraph_score": [
      {
        "paragraph_scoreT": [
          2.8333333,
          3,
          3
        ],
        "paragraph_scoreT_detail": {
          "paragraph_scoreT_exp": [
            [
              3,
              3,
              2
            ],
            [
              3,
              3,
              3
            ],
            [
              3,
              3,
              3
            ]
          ]
        },
        "paragraph_scoreT_avg": 2.9444444,
        "paragraph_id": "001"
      },
      {
        "paragraph_scoreT": [
          2.8333333,
          3,
          3
        ],
        "paragraph_scoreT_detail": {
          "paragraph_scoreT_exp": [
            [
              3,
              3,
              2
            ],
            [
              3,
              3,
              3
            ],
            [
              3,
              3,
              3
            ]
          ]
        },
        "paragraph_scoreT_avg": 2.9444444,
        "paragraph_id": "002"
      },
      {
        "paragraph_scoreT": [
          2.8333333,
          3,
          3
        ],
        "paragraph_scoreT_detail": {
          "paragraph_scoreT_exp": [
            [
              3,
              3,
              2
            ],
            [
              3,
              3,
              3
            ],
            [
              3,
              3,
              3
            ]
          ]
        },
        "paragraph_scoreT_avg": 2.9444444,
        "paragraph_id": "003"
      }
    ],
    "essay_scoreT": [
      24.5,
      25.166666,
      30
    ],
    "essay_scoreT_avg": 26.555555,
    "essay_scoreT_detail": {
      "essay_scoreT_org": [
        [
          2,
          3,
          2,
          3
        ],
        [
          2,
          2,
          3,
          3
        ],
        [
          3,
          3,
          3,
          3
        ]
      ],
      "essay_scoreT_cont": [
        [
          2,
          2,
          0,
          3
        ],
        [
          2,
          2,
          0,
          3
        ],
        [
          3,
          3,
          0,
          3
        ]
      ],
      "essay_scoreT_exp": [
        [
          3,
          3,
          2
        ],
        [
          3,
          3,
          3
        ],
        [
          3,
          3,
          3
        ]
      ]
    }
  },
  "student": {
    "date": "2021.09.29",
    "student_educated": true,
    "student_grade": "고등_1학년",
    "location": "051",
    "student_grade_group": "고등",
    "student_reading": 1
  },
  "rubric": {
    "essay_grade": "고등_1학년",
    "organization_weight": {
      "org_paragraph": 2,
      "org": 2,
      "org_essay": 4,
      "org_coherence": 2,
      "org_quantity": 1
    },
    "essay_type": "글짓기",
    "content_weight": {
      "con_clearance": 4,
      "con_novelty": 3,
      "con": 4,
      "con_prompt": 0,
      "con_description": 1
    },
    "essay_main_subject": "소중함을 잃었던 경험",
    "expression_weight": {
      "exp_style": 1,
      "exp_grammar": 2,
      "exp_vocab": 3,
      "exp": 4
    }
  },
  "correction": [],
  "info": {
    "essay_id": "ESSAY_35767",
    "essay_prompt": " 익숙함에 속아 소중함을 잊지 말자는 명언 (Do not get fooled by something familiar and forget what is priceless.)이 있습니다.\n\n 부모님께서 매일 해주시는 아침밥이나, 너무 친해서 매일 맛있는 간식을 사주는 친구 등 처음에는 매우 감사했지만 반복되는 호의에 우리는 소중함을 잊어가기도 합니다.\n\n 작은 소중함일지라도 그 소중함을 잃게 되면 호의를 베푸는 사람 입장에서는 매우 당황스럽고 기분이 나쁠 수 있어요.\n\n 여러분은 익숙함에 속아 소중함을 잊었던 사례와 그로 인해 상대방의 기분을 나쁘게 했던 경험이 있나요? 만약 있다면 관계를 회복하기 위해 어떤 노력을 하셨나요? 본인의 경험을 작성해주세요.\n\n 만약 그런 적이 없다면 주변의 이야기나 본인에게 소중함을 주는 사람들에 관해 설명해주세요.",
    "essay_type": "글짓기",
    "essay_level": "2",
    "essay_len": 1035,
    "essay_main_subject": "소중함을 잃었던 경험"
  }
}