{
  "paragraph": [
    {
      "paragraph_txt": "저희 집에는 막내 동생이 있었습니다.#@문장구분# 어릴 적 길가에 버려져 있던 강아지 쿠키입니다.#@문장구분# 평소에도 강아지를 좋아 하였기에 길가에 버려진 강아지를 보고 그냥 지나칠 수 없어서 집에 데려갔습니다.#@문장구분# 물론 부모님께서는 어디서 강아지를 데려 왔냐고 물어보시고 집에서 강아지를 키우지 못한다고 하였습니다.#@문장구분# 어린 나이에 울고불고 밥도 안 먹는다고 땡깡을 피우고 무조건 쿠키와 같이 살겠다고 했습니다.#@문장구분# 저의 등쌀에 못 이겨 부모님께서는 쿠키를 키우는 것을 허락해 주셨으며, 그 날부터 함께 침대에서 잠을 자기 시작했습니다.#@문장구분# 어린 쿠키와 함께 지내면서 부모님께서는 배변 교육을 시키고 동물병원에서 쿠키가 아픈 곳이 있는지 검사도 하며 1년이라는 시간을 보내니 어느 순간부터 부모님도 쿠키를 가족으로 받아드리면서 막내 동생이 되었습니다.#@문장구분# 그렇게 쿠키와 즐거운 시간을 보내고 있는 도중 어느 순간부터 쿠키가 함께 있는 것이 당연하게 느껴지게 되었고 산책을 나가고 같이 놀아주고 밥 주는 것에 대해서 조금씩 귀찮아 지기 시작하였습니다.#@문장구분# 공부를 해야 한다는 핑계, 학원에 가야 한다는 핑계, 친구와 놀아야 한다는 핑계가 하나 둘 씩 늘어나면서 쿠키에 대한 관심이 줄어들고 사춘기까지 겪으니 만사가 짜증나고 귀찮아지기 시작했습니다.#@문장구분# 그렇게 쿠키에 대한 관심이 줄어들게 되면서 집에 가면 무조건 있는 동생이라고 생각했는데 어느 날부터 쿠키가 아프기 시작하면서 동물병원에서는 마음의 준비를 해야 한다고 하였고 그때부터 못해준 것이 생각나 하염없이 울기 시작했습니다.#@문장구분# 결국 쿠키는 하늘나라로 갔고 쿠키에 대한 빈자리가 커서 아직도 헤어오나오기 힘든 시기를 겪고 있습니다.#@문장구분#",
      "paragraph_len": 1024,
      "paragraph_id": "001"
    }
  ],
  "score": {
    "paragraph_score": [
      {
        "paragraph_scoreT": [
          3,
          2,
          3
        ],
        "paragraph_scoreT_detail": {
          "paragraph_scoreT_exp": [
            [
              3,
              3,
              3
            ],
            [
              2,
              2,
              2
            ],
            [
              3,
              3,
              3
            ]
          ]
        },
        "paragraph_scoreT_avg": 2.6666667,
        "paragraph_id": "001"
      }
    ],
    "essay_scoreT": [
      30,
      22.222221,
      30
    ],
    "essay_scoreT_avg": 27.407408,
    "essay_scoreT_detail": {
      "essay_scoreT_org": [
        [
          3,
          3,
          3,
          3
        ],
        [
          2,
          2,
          2,
          3
        ],
        [
          3,
          3,
          3,
          3
        ]
      ],
      "essay_scoreT_cont": [
        [
          3,
          3,
          0,
          3
        ],
        [
          2,
          3,
          0,
          3
        ],
        [
          3,
          3,
          0,
          3
        ]
      ],
      "essay_scoreT_exp": [
        [
          3,
          3,
          3
        ],
        [
          2,
          2,
          2
        ],
        [
          3,
          3,
          3
        ]
      ]
    }
  },
  "student": {
    "date": "2021.12.13",
    "student_educated": true,
    "student_grade": "고등_1학년",
    "location": "063",
    "student_grade_group": "고등",
    "student_reading": 2
  },
  "rubric": {
    "essay_grade": "고등_1학년",
    "organization_weight": {
      "org_paragraph": 2,
      "org": 2,
      "org_essay": 4,
      "org_coherence": 2,
      "org_quantity": 1
    },
    "essay_type": "글짓기",
    "content_weight": {
      "con_clearance": 4,
      "con_novelty": 3,
      "con": 4,
      "con_prompt": 0,
      "con_description": 1
    },
    "essay_main_subject": "소중함을 잃었던 경험",
    "expression_weight": {
      "exp_style": 1,
      "exp_grammar": 2,
      "exp_vocab": 3,
      "exp": 4
    }
  },
  "correction": [],
  "info": {
    "essay_id": "ESSAY_60292",
    "essay_prompt": " 익숙함에 속아 소중함을 잊지 말자는 명언 (Do not get fooled by something familiar and forget what is priceless.)이 있습니다.\n\n 부모님께서 매일 해주시는 아침밥이나, 너무 친해서 매일 맛있는 간식을 사주는 친구 등 처음에는 매우 감사했지만 반복되는 호의에 우리는 소중함을 잊어가기도 합니다.\n\n 작은 소중함일지라도 그 소중함을 잃게 되면 호의를 베푸는 사람 입장에서는 매우 당황스럽고 기분이 나쁠 수 있어요.\n\n 여러분은 익숙함에 속아 소중함을 잊었던 사례와 그로 인해 상대방의 기분을 나쁘게 했던 경험이 있나요? 만약 있다면 관계를 회복하기 위해 어떤 노력을 하셨나요? 본인의 경험을 작성해주세요.\n\n 만약 그런 적이 없다면 주변의 이야기나 본인에게 소중함을 주는 사람들에 관해 설명해주세요.",
    "essay_type": "글짓기",
    "essay_level": "2",
    "essay_len": 804,
    "essay_main_subject": "소중함을 잃었던 경험"
  }
}