{
  "paragraph": [
    {
      "paragraph_txt": "어른이나 어린이들이나  내주변 가까운 사람들 익숙한 것들의 소중함을 귀함을 모른다.#@문장구분# 필요로 할 때 내 옆에 없기 저엔 말이다.#@문장구분# 사람과 사람 간의 거리가 가까울수록 그 존재에 대한 소중함은 깨닫기 힘들다.#@문장구분# 그 일은 내가 막 고등학교에 입학했을 때였다.#@문장구분# 나는 고등학교 배정을 받고 중학교 때부터 쭉 같이 다니던 친구들을 이제는 만나기 힘들다는 것을 알게 되었다.#@문장구분# 그 당시에는 그 사실이 섭섭하고 믿기 싫었지만 한편으로는 새로운 곳에, 새로운 친구를 사귀게 될 것에 기대가 되기도 했었다.#@문장구분# 그렇게 나는 설렘을 품고 고등학교에 입학했다.#@문장구분# 고등학교 생활은 적응하기가 힘들었다.#@문장구분# 새로운 친구는커녕 바뀐 새로운 환경에서의 적응은 정말 오래 걸렸다.#@문장구분# 또, 나를 제외한 다른 친구들은 벌써 적응한 것 같고 친한 친구들도 잘 지내는 것 같아 나는 불안해졌다.#@문장구분# 그래서 나도 조금 용기를 내서 친구들에게 먼저 다가가서 친해지기를 노력했다.#@문장구분# 그래서 내가 먼저 친해진 친구한테 먼저 전화를 걸기 시작했다.#@문장구분# 내가 먼저 그 친구가 했던 것처럼 전화를 계속 먼저 걸었고 그렇게 하다보니 친구가 다시 원래처럼 나한테 전화를 해서 이야기를 했다.#@문장구분# 나도 전화를 하면서 얘기를 하는 걸 엄청 좋아했고 계속 좋아하지 그런데 전화가 잘 오지 않았을 때 얼마나 소중했는지 알게 되었고 내가 노력해서 다시 소중함을 잊지 않고 생각해서 다행이라고 생각했다.#@문장구분# 이제는 익숙함에 속아 소중함을 잊지 말자를 느껴 봤으니까 소중함을 잊지 않기 위해 내가 더 노력해야한다고 생각한다.#@문장구분#",
      "paragraph_len": 1042,
      "paragraph_id": "001"
    }
  ],
  "score": {
    "paragraph_score": [
      {
        "paragraph_scoreT": [
          2.6666667,
          2.5,
          2
        ],
        "paragraph_scoreT_detail": {
          "paragraph_scoreT_exp": [
            [
              2,
              3,
              3
            ],
            [
              2,
              3,
              2
            ],
            [
              2,
              2,
              2
            ]
          ]
        },
        "paragraph_scoreT_avg": 2.388889,
        "paragraph_id": "001"
      }
    ],
    "essay_scoreT": [
      28.666668,
      26.055555,
      22.666666
    ],
    "essay_scoreT_avg": 25.796295,
    "essay_scoreT_detail": {
      "essay_scoreT_org": [
        [
          3,
          3,
          3,
          3
        ],
        [
          3,
          2,
          3,
          3
        ],
        [
          2,
          3,
          2,
          3
        ]
      ],
      "essay_scoreT_cont": [
        [
          3,
          3,
          0,
          3
        ],
        [
          3,
          2,
          0,
          3
        ],
        [
          3,
          2,
          0,
          2
        ]
      ],
      "essay_scoreT_exp": [
        [
          2,
          3,
          3
        ],
        [
          2,
          3,
          2
        ],
        [
          2,
          2,
          2
        ]
      ]
    }
  },
  "student": {
    "date": "2021.12.19",
    "student_educated": true,
    "student_grade": "고등_1학년",
    "location": "063",
    "student_grade_group": "고등",
    "student_reading": 2
  },
  "rubric": {
    "essay_grade": "고등_1학년",
    "organization_weight": {
      "org_paragraph": 2,
      "org": 2,
      "org_essay": 4,
      "org_coherence": 2,
      "org_quantity": 1
    },
    "essay_type": "글짓기",
    "content_weight": {
      "con_clearance": 4,
      "con_novelty": 3,
      "con": 4,
      "con_prompt": 0,
      "con_description": 1
    },
    "essay_main_subject": "소중함을 잃었던 경험",
    "expression_weight": {
      "exp_style": 1,
      "exp_grammar": 2,
      "exp_vocab": 3,
      "exp": 4
    }
  },
  "correction": [],
  "info": {
    "essay_id": "ESSAY_71978",
    "essay_prompt": " 익숙함에 속아 소중함을 잊지 말자는 명언 (Do not get fooled by something familiar and forget what is priceless.)이 있습니다.\n\n 부모님께서 매일 해주시는 아침밥이나, 너무 친해서 매일 맛있는 간식을 사주는 친구 등 처음에는 매우 감사했지만 반복되는 호의에 우리는 소중함을 잊어가기도 합니다.\n\n 작은 소중함일지라도 그 소중함을 잃게 되면 호의를 베푸는 사람 입장에서는 매우 당황스럽고 기분이 나쁠 수 있어요.\n\n 여러분은 익숙함에 속아 소중함을 잊었던 사례와 그로 인해 상대방의 기분을 나쁘게 했던 경험이 있나요? 만약 있다면 관계를 회복하기 위해 어떤 노력을 하셨나요? 본인의 경험을 작성해주세요.\n\n 만약 그런 적이 없다면 주변의 이야기나 본인에게 소중함을 주는 사람들에 관해 설명해주세요.",
    "essay_type": "글짓기",
    "essay_level": "2",
    "essay_len": 743,
    "essay_main_subject": "소중함을 잃었던 경험"
  }
}