{
  "paragraph": [
    {
      "paragraph_txt": "초등학교, 중학교, 고등학교에 다니면서 익숙함에 속아 소중함을 잊었던 사례는 생각을 해봐도 없는 거 같아서 저는 지금까지 살아오면서 제 인생에서 제일 소중하게 생각하는 저희 아버지에 관해서 이야기해보려고 합니다.#@문장구분# 저희 아버지는 책임감이 강하셔서 가족을 죽을 때까지 자기 힘으로 보살피시려고 합니다.#@문장구분# 그래서 가족을 먹고 살리기 위해 자기 몸이 아프고, 아무리 귀찮아도 직장을 한 번도 빠지신 적이 없으시고, 따듯한 옷, 예쁜 옷, 사고 싶은 모든 것들을 안 사고 가족의 생활비, 가족의 사고 싶은 것들을 위해 자신한테는 투자는 안 하고 저희한테 투자하십니다.#@문장구분# 이렇게 가족을 위해 사신지 벌써 20년이 넘으셨습니다.#@문장구분# 20년 동안 한 번의 흔들림 없이 열심히 달려가시는 저희 아버지는 엄청난 끈기와 책임감 하나로 모든 게 표현되시는 분입니다.#@문장구분# 그리고 자기가 아무리 바빠도 아들과 딸에게 소홀하지 않고 쉬는 날에는 저희랑 야구를 보면서 놀거나, 외식한다거나 저희랑 보내시려고 노력을 많이 하십니다.#@문장구분# 평일은 일하고 주말도 쉬지도 못하고 저희한테 투자하는 아버지를 보면 저도 나중에 저란 사람이 될 수 있을까 하는 의문 감이 듭니다.#@문장구분# 아버지라는 사람이 되면 다 저렇게 변할 수 있을까?#@문장구분# 저는 아닌 거 같습니다.#@문장구분# 어렸을 때부터 배워야 하는 책임감, 이것을 뒷받침하는 끈기와 노력을 배워야 아버지라는 사람이 되어서도 저희 아버지 같은 사람이 되는 거 같습니다.#@문장구분# 저는 그래서 저희 아버지가 세상 누구보다도 소중하십니다.#@문장구분#",
      "paragraph_len": 949,
      "paragraph_id": "001"
    }
  ],
  "score": {
    "paragraph_score": [
      {
        "paragraph_scoreT": [
          2.6666667,
          3,
          3
        ],
        "paragraph_scoreT_detail": {
          "paragraph_scoreT_exp": [
            [
              2,
              3,
              3
            ],
            [
              3,
              3,
              3
            ],
            [
              3,
              3,
              3
            ]
          ]
        },
        "paragraph_scoreT_avg": 2.888889,
        "paragraph_id": "001"
      }
    ],
    "essay_scoreT": [
      28.666668,
      28.277779,
      30
    ],
    "essay_scoreT_avg": 28.981482,
    "essay_scoreT_detail": {
      "essay_scoreT_org": [
        [
          3,
          3,
          3,
          3
        ],
        [
          3,
          3,
          3,
          2
        ],
        [
          3,
          3,
          3,
          3
        ]
      ],
      "essay_scoreT_cont": [
        [
          3,
          3,
          0,
          3
        ],
        [
          3,
          2,
          0,
          3
        ],
        [
          3,
          3,
          0,
          3
        ]
      ],
      "essay_scoreT_exp": [
        [
          2,
          3,
          3
        ],
        [
          3,
          3,
          3
        ],
        [
          3,
          3,
          3
        ]
      ]
    }
  },
  "student": {
    "date": "2021.12.13",
    "student_educated": true,
    "student_grade": "고등_1학년",
    "location": "031",
    "student_grade_group": "고등",
    "student_reading": 2
  },
  "rubric": {
    "essay_grade": "고등_1학년",
    "organization_weight": {
      "org_paragraph": 2,
      "org": 2,
      "org_essay": 4,
      "org_coherence": 2,
      "org_quantity": 1
    },
    "essay_type": "글짓기",
    "content_weight": {
      "con_clearance": 4,
      "con_novelty": 3,
      "con": 4,
      "con_prompt": 0,
      "con_description": 1
    },
    "essay_main_subject": "소중함을 잃었던 경험",
    "expression_weight": {
      "exp_style": 1,
      "exp_grammar": 2,
      "exp_vocab": 3,
      "exp": 4
    }
  },
  "correction": [],
  "info": {
    "essay_id": "ESSAY_73585",
    "essay_prompt": " 익숙함에 속아 소중함을 잊지 말자는 명언 (Do not get fooled by something familiar and forget what is priceless.)이 있습니다.\n\n 부모님께서 매일 해주시는 아침밥이나, 너무 친해서 매일 맛있는 간식을 사주는 친구 등 처음에는 매우 감사했지만 반복되는 호의에 우리는 소중함을 잊어가기도 합니다.\n\n 작은 소중함일지라도 그 소중함을 잃게 되면 호의를 베푸는 사람 입장에서는 매우 당황스럽고 기분이 나쁠 수 있어요.\n\n 여러분은 익숙함에 속아 소중함을 잊었던 사례와 그로 인해 상대방의 기분을 나쁘게 했던 경험이 있나요? 만약 있다면 관계를 회복하기 위해 어떤 노력을 하셨나요? 본인의 경험을 작성해주세요.\n\n 만약 그런 적이 없다면 주변의 이야기나 본인에게 소중함을 주는 사람들에 관해 설명해주세요.",
    "essay_type": "글짓기",
    "essay_level": "2",
    "essay_len": 729,
    "essay_main_subject": "소중함을 잃었던 경험"
  }
}