{
  "paragraph": [
    {
      "paragraph_txt": "요즘엔 소중하다라는 표현을 잘 쓰지 않는다.#@문장구분# '소중하다'보다는 '필요하다'가 더 많이 쓰인다.#@문장구분# 나도 그렇다.#@문장구분# 이것이 나에게 소중한 것이다.#@문장구분# 이것이 나에게 필요한 것이다.#@문장구분# 두 표현 다 의미는 다르지만 후자가 더 익숙하게 느껴진다.#@문장구분# 필요한 것과 소중한 것은 같은 것일까?#@문장구분# 소중한 것은 이미 내가 가지고 있는 것을 의미한다.#@문장구분# 반면에 필요한 것은 내가 현재 가지고 있지 않지만 내가 가지길 원하는 것이다.#@문장구분# 사전적 의미로 비교하면 소중하다는 '중요한 의미나 가치를 가진 상태에 있다'이고 필요하다는 '반드시 요구되는 바가 있다'이다.#@문장구분# 따라서 소중하다는 우리가 가지고 있는 것이라 해석할 수 있고 필요하다는 우리가 요구하는 것이라고 해석이 가능하다.#@문장구분# 그러면 현재 우리가 가지고 있는 것과 우리가 가지길 원하는 것 중에 우리가 무엇에 더 중요함을 느껴야 할까?#@문장구분# 가지지 않는 것에 중요함을 느끼는 것이 올바르지 않다고 본다.#@문장구분# 가지지 않은 것에 중요하다고 느끼는 것은 소유하지 않은 것에 가치를 부여하는 것이기 때문이다.#@문장구분# 물론 소유하지 않은 것에 가치를 부여해 동기 부여가 되기도 한다.#@문장구분# 예를 들어 나의 미래의 목표에 중요하다고 생각해서 동기부여가 되기도 한다.#@문장구분# 그러면 이걸 더 나아가서 우리가 가지고 있는 것보다 원하는 것, 즉, 요구하는 것에 더 중요하다고 생각하면 그것은 정말 어리석은 짓이다.#@문장구분# 현재 가지고 있는 것보다 요구하는 것에 가치를 부여하는 것이 '익숙함에 속아 소중함을 잊지말자'가 아닐까라는 생각이 든다.#@문장구분# 우리가 가지고있는것은 우리에게 익숙해져있기에 중요함을 느끼지 못한다.#@문장구분# 우리가 너무 당연하듯이 그것을 이용하거나 사용하고 있기 때문이다.#@문장구분# 그러한 것들이 만약에 우리에게 필요한 것이 된다면 즉, 가지지 못한 것이 된다면 그것이 아직까지 중요한것이 아닐까?#@문장구분# 아마도 생각이 달라질 것이다.#@문장구분# 나 또한 이러한 경험이 있다.#@문장구분# 시험 공부를 할때 나는 중요한것에 밑줄을 그으며 공부를 했었다.#@문장구분# 그 밑줄을 긋고 난 뒤에는 다시 볼때 그 밑줄 그은 부분만 보게된다.#@문장구분# 그렇게 몇번을 반복하면 완전히 그것이 공부가 되었다라는 느낌이든다.#@문장구분# 하지만 그것은 단지 그 글에 익숙해진 것일 뿐 이해했다고 보긴 힘들다.#@문장구분# 그렇지만 나는 공부가 되었다고 생각하고 시험을 보면 객관식 문제에서 오류가 많이났다.#@문장구분# 익숙함에 속아 내 소중한 객관식 문제에 점수를 잃은 것이다.#@문장구분# 이러한 경험이 꽤 있고난 뒤에는 반대로 생각해 보았다.#@문장구분# 소중함에 익숙함을 잃어보자 라고 생각해서 반대로 한 두세번을 밑줄 긋지 않고 그냥 읽는다.#@문장구분# 이해하기 위해 읽어야 한다.#@문장구분# 그렇게 하고 진짜 이해가 되었는지 확인하려면 선생님이 알려주시기 전에 먼저 연필로 내가 중요하고 생각한 것에 밑줄을 그어 본다.#@문장구분# 그러고 난 뒤에 선생님이 알려주신 것과 밑줄을 비교하여 공부하면 오류를 고칠 수 있었다.#@문장구분# 그래서 나는 항상 우리가 소중함에 대해 생각을 해야하며 혹시나 익숙함에 속았다면 반대로 소중함에 속아 익숙함을 잃어보는 것도 하나의 방법이라고 생각한다.#@문장구분# 결국 우리가 더 오랜시간 가지고 있는 것은 필요있는 것 보다는 현재 우리가 가지고 있는 것이다.#@문장구분# 그러니 우리는 소중함에 더 많은 가치를 부여해야 한다.#@문장구분#",
      "paragraph_len": 2272,
      "paragraph_id": "001"
    }
  ],
  "score": {
    "paragraph_score": [
      {
        "paragraph_scoreT": [
          3,
          3,
          3
        ],
        "paragraph_scoreT_detail": {
          "paragraph_scoreT_exp": [
            [
              3,
              3,
              3
            ],
            [
              3,
              3,
              3
            ],
            [
              3,
              3,
              3
            ]
          ]
        },
        "paragraph_scoreT_avg": 3,
        "paragraph_id": "001"
      }
    ],
    "essay_scoreT": [
      30,
      26.666666,
      30
    ],
    "essay_scoreT_avg": 28.888887,
    "essay_scoreT_detail": {
      "essay_scoreT_org": [
        [
          3,
          3,
          3,
          3
        ],
        [
          2,
          3,
          2,
          3
        ],
        [
          3,
          3,
          3,
          3
        ]
      ],
      "essay_scoreT_cont": [
        [
          3,
          3,
          0,
          3
        ],
        [
          3,
          2,
          0,
          2
        ],
        [
          3,
          3,
          0,
          3
        ]
      ],
      "essay_scoreT_exp": [
        [
          3,
          3,
          3
        ],
        [
          3,
          3,
          3
        ],
        [
          3,
          3,
          3
        ]
      ]
    }
  },
  "student": {
    "date": "2021.09.29",
    "student_educated": true,
    "student_grade": "고등_1학년",
    "location": "051",
    "student_grade_group": "고등",
    "student_reading": 1
  },
  "rubric": {
    "essay_grade": "고등_1학년",
    "organization_weight": {
      "org_paragraph": 2,
      "org": 2,
      "org_essay": 4,
      "org_coherence": 2,
      "org_quantity": 1
    },
    "essay_type": "글짓기",
    "content_weight": {
      "con_clearance": 4,
      "con_novelty": 3,
      "con": 4,
      "con_prompt": 0,
      "con_description": 1
    },
    "essay_main_subject": "소중함을 잃었던 경험",
    "expression_weight": {
      "exp_style": 1,
      "exp_grammar": 2,
      "exp_vocab": 3,
      "exp": 4
    }
  },
  "correction": [],
  "info": {
    "essay_id": "ESSAY_35798",
    "essay_prompt": " 익숙함에 속아 소중함을 잊지 말자는 명언 (Do not get fooled by something familiar and forget what is priceless.)이 있습니다.\n\n 부모님께서 매일 해주시는 아침밥이나, 너무 친해서 매일 맛있는 간식을 사주는 친구 등 처음에는 매우 감사했지만 반복되는 호의에 우리는 소중함을 잊어가기도 합니다.\n\n 작은 소중함일지라도 그 소중함을 잃게 되면 호의를 베푸는 사람 입장에서는 매우 당황스럽고 기분이 나쁠 수 있어요.\n\n 여러분은 익숙함에 속아 소중함을 잊었던 사례와 그로 인해 상대방의 기분을 나쁘게 했던 경험이 있나요? 만약 있다면 관계를 회복하기 위해 어떤 노력을 하셨나요? 본인의 경험을 작성해주세요.\n\n 만약 그런 적이 없다면 주변의 이야기나 본인에게 소중함을 주는 사람들에 관해 설명해주세요.",
    "essay_type": "글짓기",
    "essay_level": "2",
    "essay_len": 1532,
    "essay_main_subject": "소중함을 잃었던 경험"
  }
}