{
  "paragraph": [
    {
      "paragraph_txt": "나는 어릴적부터 어머니와 사이가 그리 좋진않았다.#@문장구분# 큰 문제가 있었던건 아니다, 나는 건강했고 어머니와 아버지는 자가를 소유했으며 안정적인 직장이 있었다.#@문장구분# 하지만 문제가 있었다면 그건 나였다.#@문장구분# 나는 초등학교 2학년때부터 공부를 전혀 하지 않았다.#@문장구분# 그럴때마다 어머니는 나를 혼내셨고 때로는 남들과는 다른 훈육방법으로 묵언을 사용하셨다.#@문장구분# 대화를 하지 못한다는건 다른사람들에겐 어떤의미 인지 모르겠지만 나에겐 정말 큰 공포였다.#@문장구분# 한번은 몇 달동안 제대로 된 대화를 못한적도 있었다.#@문장구분# 그런 훈육법과 함께 어머니와 나는 중학교 2학년때 까지 지냈고.#@문장구분# 지금은 어느정도 관계가 복구되고 있다, 부유하다곤 못해도 부족하다곤 하지못할 안정적인, 하지만 내 스스로 미래를 준비하지 않으면 편안한 미래를 보장할 순 없는 정도인,한마디로 그저 평범한 중산층 가정이다.#@문장구분# 여기까지가 내가 생각하는 내 집안사정과 가정사의 객관적인 정리다.#@문장구분# 나는 내가 가진것에 대해 행복해하고자 이 이전에도 노력해왔다.#@문장구분# 원래 사람이 좋은것보단 나쁜 것을 크게 받아들이는건 당연한 이치라고 생각하기에 가진것에 만족해하고자 해왔다. #@문장구분#하지만 그럼에도 만족하지못하고 불만을 가진 것은 언제나 있어왔다.#@문장구분# 바로 어머니와의 관계였다. #@문장구분#어릴때는 어머니의 사랑이 당연한것인줄로만 알았다.#@문장구분# 하지만 점점 몸과함께 머리가 커져가니 감정의 분출을 참고 어ᄄᅠᆫ 누군가에 대해 무한한 사랑으로 돌봐주는 것은 정말 힘든행위라는 것을 알았고 그렇기에 어릴 때 어머니의 심정이 이해가기 시작했다.#@문장구분# 물론 나도 사람인 이상 어머니에 대해 무한한 사랑을 드릴수는없다, 때론 원망하고 때론 증오할수도 있다.#@문장구분# 하지만 그 기본적인 천륜에 대해 알고있기에 그것을 거스르지는 않을 것이다, 절대로. #@문장구분#난 이미 너무 늦은것일수도 있는 어머니와의 관계를 긍정적으로 바꾸고싶은 마음이 가득하고. #@문장구분#그렇기에 나 스스로를 바꾸어 나가고 어머니에 대한 태도도 바꾸어가기 시작했다. #@문장구분#게임을 끊고, 규칙적인 생활과 어머니와 약간의 대화만으로도 관계는 나아지기 시작하였다.#@문장구분# 그렇게 시간이 지나자 어머니는 자신의 훈육방식에 대해 사과하기 시작하셨고 나도 내 과거의 태도들에대해 사과드리기 시작했다.#@문장구분# 서로 조금의 배려만 있어도 다시 돌아갈 수 있는 어머니와 아들이라는 관계에 대해 뭐가 그리 어렵고 다가가기 싫었는가 그것에 대해 이제는 생각해내기도 힘들다.#@문장구분# 난 나의 어머니를 사랑하고, 아껴드릴수 있는 진심에서 우러나오는 마음을 가지기 시작했으며 어머니도 나와 같을거라고 감히 생각해 본다.#@문장구분#",
      "paragraph_len": 1698,
      "paragraph_id": "001"
    }
  ],
  "score": {
    "paragraph_score": [
      {
        "paragraph_scoreT": [
          3,
          2.3333333,
          2.5
        ],
        "paragraph_scoreT_detail": {
          "paragraph_scoreT_exp": [
            [
              3,
              3,
              3
            ],
            [
              3,
              2,
              2
            ],
            [
              2,
              3,
              2
            ]
          ]
        },
        "paragraph_scoreT_avg": 2.611111,
        "paragraph_id": "001"
      }
    ],
    "essay_scoreT": [
      30,
      20,
      22.222221
    ],
    "essay_scoreT_avg": 24.074074,
    "essay_scoreT_detail": {
      "essay_scoreT_org": [
        [
          3,
          3,
          3,
          3
        ],
        [
          2,
          3,
          2,
          3
        ],
        [
          2,
          2,
          2,
          3
        ]
      ],
      "essay_scoreT_cont": [
        [
          3,
          3,
          0,
          3
        ],
        [
          1,
          2,
          0,
          2
        ],
        [
          2,
          2,
          0,
          2
        ]
      ],
      "essay_scoreT_exp": [
        [
          3,
          3,
          3
        ],
        [
          3,
          2,
          2
        ],
        [
          2,
          3,
          2
        ]
      ]
    }
  },
  "student": {
    "date": "2021.10.01",
    "student_educated": true,
    "student_grade": "고등_1학년",
    "location": "051",
    "student_grade_group": "고등",
    "student_reading": 1
  },
  "rubric": {
    "essay_grade": "고등_1학년",
    "organization_weight": {
      "org_paragraph": 2,
      "org": 2,
      "org_essay": 4,
      "org_coherence": 2,
      "org_quantity": 1
    },
    "essay_type": "글짓기",
    "content_weight": {
      "con_clearance": 4,
      "con_novelty": 3,
      "con": 4,
      "con_prompt": 0,
      "con_description": 1
    },
    "essay_main_subject": "소중함을 잃었던 경험",
    "expression_weight": {
      "exp_style": 1,
      "exp_grammar": 2,
      "exp_vocab": 3,
      "exp": 4
    }
  },
  "correction": [],
  "info": {
    "essay_id": "ESSAY_36406",
    "essay_prompt": " 익숙함에 속아 소중함을 잊지 말자는 명언 (Do not get fooled by something familiar and forget what is priceless.)이 있습니다.\n\n 부모님께서 매일 해주시는 아침밥이나, 너무 친해서 매일 맛있는 간식을 사주는 친구 등 처음에는 매우 감사했지만 반복되는 호의에 우리는 소중함을 잊어가기도 합니다.\n\n 작은 소중함일지라도 그 소중함을 잃게 되면 호의를 베푸는 사람 입장에서는 매우 당황스럽고 기분이 나쁠 수 있어요.\n\n 여러분은 익숙함에 속아 소중함을 잊었던 사례와 그로 인해 상대방의 기분을 나쁘게 했던 경험이 있나요? 만약 있다면 관계를 회복하기 위해 어떤 노력을 하셨나요? 본인의 경험을 작성해주세요.\n\n 만약 그런 적이 없다면 주변의 이야기나 본인에게 소중함을 주는 사람들에 관해 설명해주세요.",
    "essay_type": "글짓기",
    "essay_level": "2",
    "essay_len": 1218,
    "essay_main_subject": "소중함을 잃었던 경험"
  }
}