{
  "paragraph": [
    {
      "paragraph_txt": "어릴적부터 사이가 좋은 친구가 있는데, 이 친구와 몇 해 전에 겪었던 일 덕분에 항상 소중한 사람에게 감사하며 살자라는 생각을 갖게 되었고, 말로 감사함을 표현하고자 한다.#@문장구분# 하루는 이 친구가 나한테 \"나한테 불만있으면 말로 해\"라고 뜬금없이 얘기를 했다.#@문장구분# 전혀 불만이 없었는데, 무슨 얘기인건지 몰라서 \"그런거 없어\"라고 말을 했는데, 오해를 했는지 불만이 있는데 숨기고 있다는 식으로 받아들이게 된 것이다.#@문장구분#\n 그 이후로 이 친구가 거의 반년 가까이를 나를 피해다녔는데, 너무 눈에 띄게 나를 피하는 것이 나한테도 느껴져서 서러움에 같이 누가 이기나 해보자 라는 식으로 말을 안 한 적이 있다.#@문장구분# 그랬는데 부모님끼리도 친한 사이라 어쩌다보니 하루 만나게 되었다.#@문장구분# 부모님들께서도 서로 이 이야기를 알고있었는지 우리를 도와주셨는데, 긴 내용을 정리하자면 내가 실수로 어떤 행동을 했었고 사과를 하긴 했었는데 이 친구는 내가 본인한테 불만이 있어서 일부러 그런 행동을 한것이라고 전해들었다는 것이다.#@문장구분# 우리는 서로의 오해를 푼 이후에 서로 이런 일이 생기면 남의 말을 듣기보다는 서로에게 직접 이때 이런 일 있었는데 일부러 그런건지, 그랬다면 왜 그랬는지라고 직접 물어보기로 결정하였다.#@문장구분# 사실 이 친구랑 대화하지 못해서 지난 반년 정도가\n 굉장히 심심했었는데 오해를 풀고 다시 잘 지내니까 이 친구에게 가지고 있던 고마운 감정이 내 안에 가득한 것을 알 수 있었다.#@문장구분# 고등학생이 되어서는 서로 떨어지게 되었는데, 서로 하루 일과를 메세지를 하거나 전화를 하는 등 얘기하면서 서로를 다독이고 존중해주는 하루하루를 보내고 있다.#@문장구분# 빠르게 위드코로나가 적용되어서 다시 만날 수 있는 날만을 기다리고 있다.#@문장구분#",
      "paragraph_len": 1032,
      "paragraph_id": "001"
    }
  ],
  "score": {
    "paragraph_score": [
      {
        "paragraph_scoreT": [
          2.3333333,
          2,
          2
        ],
        "paragraph_scoreT_detail": {
          "paragraph_scoreT_exp": [
            [
              3,
              2,
              2
            ],
            [
              2,
              2,
              2
            ],
            [
              2,
              2,
              2
            ]
          ]
        },
        "paragraph_scoreT_avg": 2.111111,
        "paragraph_id": "001"
      }
    ],
    "essay_scoreT": [
      22,
      20,
      22.5
    ],
    "essay_scoreT_avg": 21.5,
    "essay_scoreT_detail": {
      "essay_scoreT_org": [
        [
          2,
          3,
          2,
          3
        ],
        [
          2,
          2,
          2,
          2
        ],
        [
          2,
          2,
          2,
          2
        ]
      ],
      "essay_scoreT_cont": [
        [
          2,
          2,
          0,
          2
        ],
        [
          2,
          2,
          0,
          2
        ],
        [
          3,
          2,
          0,
          3
        ]
      ],
      "essay_scoreT_exp": [
        [
          3,
          2,
          2
        ],
        [
          2,
          2,
          2
        ],
        [
          2,
          2,
          2
        ]
      ]
    }
  },
  "student": {
    "date": "2021.10.16",
    "student_educated": true,
    "student_grade": "고등_1학년",
    "location": "02",
    "student_grade_group": "고등",
    "student_reading": 2
  },
  "rubric": {
    "essay_grade": "고등_1학년",
    "organization_weight": {
      "org_paragraph": 2,
      "org": 2,
      "org_essay": 4,
      "org_coherence": 2,
      "org_quantity": 1
    },
    "essay_type": "글짓기",
    "content_weight": {
      "con_clearance": 4,
      "con_novelty": 3,
      "con": 4,
      "con_prompt": 0,
      "con_description": 1
    },
    "essay_main_subject": "소중함을 잃었던 경험",
    "expression_weight": {
      "exp_style": 1,
      "exp_grammar": 2,
      "exp_vocab": 3,
      "exp": 4
    }
  },
  "correction": [],
  "info": {
    "essay_id": "ESSAY_37022",
    "essay_prompt": " 익숙함에 속아 소중함을 잊지 말자는 명언 (Do not get fooled by something familiar and forget what is priceless.)이 있습니다.\n\n 부모님께서 매일 해주시는 아침밥이나, 너무 친해서 매일 맛있는 간식을 사주는 친구 등 처음에는 매우 감사했지만 반복되는 호의에 우리는 소중함을 잊어가기도 합니다.\n\n 작은 소중함일지라도 그 소중함을 잃게 되면 호의를 베푸는 사람 입장에서는 매우 당황스럽고 기분이 나쁠 수 있어요.\n\n 여러분은 익숙함에 속아 소중함을 잊었던 사례와 그로 인해 상대방의 기분을 나쁘게 했던 경험이 있나요? 만약 있다면 관계를 회복하기 위해 어떤 노력을 하셨나요? 본인의 경험을 작성해주세요.\n\n 만약 그런 적이 없다면 주변의 이야기나 본인에게 소중함을 주는 사람들에 관해 설명해주세요.",
    "essay_type": "글짓기",
    "essay_level": "2",
    "essay_len": 832,
    "essay_main_subject": "소중함을 잃었던 경험"
  }
}