{
  "paragraph": [
    {
      "paragraph_txt": "기억을 잃어버렸다.#@문장구분# 매일 매일 나는 기억을 잃어버린다.#@문장구분# 과거에 소중하고 재밌는 추억들이 많았던거 같은데 나이를 먹으며 하루 하루 흘려보내다 보면 기억의 샘이 점점 삭막해지는 거 같다.#@문장구분# 분명 어릴때의 소중한 추억들은 많았었다.#@문장구분# 가족과 여행을 갔던것, 친구들과 여행을 갔던것, 친척들과 명절에 모여서 이야기를 나누는것, 주말 오후에 좋아하는 티비 프로그램을 보던것, 학교에서 친구들과 있으면서 생겨나는 소소한 일상등 간직되었으면 하는 기억들이 많지만 점점 사라져간다.#@문장구분# 이젠 내가 가장 좋았을때는 언제였지 생각하면 한참을 고민해도 떠오르지가 않는다.#@문장구분# 앞으로는 더 사라질걸 생각하니 마음이 쓸쓸해진다.#@문장구분# 그래서 과거의 추억이 담겨 있는 물건들을 찬찬히 살펴 보면 기억을 되짚어 보니 무언가 따뜻해지는 느낌이다.#@문장구분# 이와 동시에 어떤 생각이 든다.#@문장구분# 바로 지금의 난 너무 무의미하게 시간을 흘려보내고 있다는것이다.#@문장구분# 그냥 아무 생각 없이 학원을 갔다 집에 와서 컴퓨터 게임을 하고 휴대폰으로 유튜브 시청을 하며 나중에 소중히 추억될수도 있는 시간을 그냥 아무 의미 없이 흘려보내고 있다.#@문장구분# 이렇게 또 시간이 지나다 보면 나중엔 아무 추억이 없을거 같아서 무섭다.#@문장구분# 시간은 금이다 라는 말이 이렇게 와닿은적이 없는데 지금은 정말 와닿는거 같다.#@문장구분# 원래 나는 주어진 시간에 최선을 다하며 무엇이든 열심히 하는 사람들을 보면 굳이 저렇게 까지 열심히? 라는 생각을 했는데 지금은 생각이 바뀐거 같다.#@문장구분# 하나를 하더라도 열중해서 열심히 해야 나에게 남는것이 있는거 같다.#@문장구분# 그러니 이제부턴 나도 모든것을 열심히 하는것은 아니더라도 내가 생각했을때 의미 있고 소중할거 같은 일들만이라도 내가 할수 있는 최선을 다해 후일에 기억에 남을수 있게 아주 열심히 할것이라고 다짐을 한다.#@문장구분#",
      "paragraph_len": 1183,
      "paragraph_id": "001"
    }
  ],
  "score": {
    "paragraph_score": [
      {
        "paragraph_scoreT": [
          3,
          3,
          2.3333333
        ],
        "paragraph_scoreT_detail": {
          "paragraph_scoreT_exp": [
            [
              3,
              3,
              3
            ],
            [
              3,
              3,
              3
            ],
            [
              3,
              2,
              2
            ]
          ]
        },
        "paragraph_scoreT_avg": 2.7777777,
        "paragraph_id": "001"
      }
    ],
    "essay_scoreT": [
      29.777779,
      26.666666,
      25.333332
    ],
    "essay_scoreT_avg": 27.259256,
    "essay_scoreT_detail": {
      "essay_scoreT_org": [
        [
          3,
          3,
          3,
          2
        ],
        [
          2,
          2,
          3,
          3
        ],
        [
          3,
          3,
          3,
          3
        ]
      ],
      "essay_scoreT_cont": [
        [
          3,
          3,
          0,
          3
        ],
        [
          3,
          2,
          0,
          2
        ],
        [
          3,
          2,
          0,
          2
        ]
      ],
      "essay_scoreT_exp": [
        [
          3,
          3,
          3
        ],
        [
          3,
          3,
          3
        ],
        [
          3,
          2,
          2
        ]
      ]
    }
  },
  "student": {
    "date": "2021.09.29",
    "student_educated": true,
    "student_grade": "고등_1학년",
    "location": "051",
    "student_grade_group": "고등",
    "student_reading": 1
  },
  "rubric": {
    "essay_grade": "고등_1학년",
    "organization_weight": {
      "org_paragraph": 2,
      "org": 2,
      "org_essay": 4,
      "org_coherence": 2,
      "org_quantity": 1
    },
    "essay_type": "글짓기",
    "content_weight": {
      "con_clearance": 4,
      "con_novelty": 3,
      "con": 4,
      "con_prompt": 0,
      "con_description": 1
    },
    "essay_main_subject": "소중함을 잃었던 경험",
    "expression_weight": {
      "exp_style": 1,
      "exp_grammar": 2,
      "exp_vocab": 3,
      "exp": 4
    }
  },
  "correction": [],
  "info": {
    "essay_id": "ESSAY_35805",
    "essay_prompt": " 익숙함에 속아 소중함을 잊지 말자는 명언 (Do not get fooled by something familiar and forget what is priceless.)이 있습니다.\n\n 부모님께서 매일 해주시는 아침밥이나, 너무 친해서 매일 맛있는 간식을 사주는 친구 등 처음에는 매우 감사했지만 반복되는 호의에 우리는 소중함을 잊어가기도 합니다.\n\n 작은 소중함일지라도 그 소중함을 잃게 되면 호의를 베푸는 사람 입장에서는 매우 당황스럽고 기분이 나쁠 수 있어요.\n\n 여러분은 익숙함에 속아 소중함을 잊었던 사례와 그로 인해 상대방의 기분을 나쁘게 했던 경험이 있나요? 만약 있다면 관계를 회복하기 위해 어떤 노력을 하셨나요? 본인의 경험을 작성해주세요.\n\n 만약 그런 적이 없다면 주변의 이야기나 본인에게 소중함을 주는 사람들에 관해 설명해주세요.",
    "essay_type": "글짓기",
    "essay_level": "2",
    "essay_len": 863,
    "essay_main_subject": "소중함을 잃었던 경험"
  }
}