{
  "paragraph": [
    {
      "paragraph_txt": "\"익숙함에 속아 소중함을 잊지 말자.\"#@문장구분# 이 말은 당시 초등학교 5학년이던 나에게 가장 와닿는 말이라고 생각한다.#@문장구분# 물론 소중한것을 잃지는 않았지만 소중한것을 잃을뻔한 기억이 너무나도 생생하기 때문이다.#@문장구분# 초등학교5학년 여름쯤 나는 집에서 밥을 먹는데 엄마가 갑자기 아프다고 한 뒤로 병원에 갔다.#@문장구분# 그리고 난 학교에 갔는데 집에 돌아오고 나니 엄마는 아직 없고, 아빠가 조금 뒤에 돌아오시더니 나에게 엄마가 수술을 해야한다고 하였다.#@문장구분# 무슨 이유로 수술을 하는지는 이야기해 주시지 않았지만 수술만 잘하면 괜찮다고 하는 말을 듣고 살짝 안심했다.#@문장구분# 그리고 얼마뒤 나는 학원을 마치고 엄마를 만나러 병원에 갔다.#@문장구분# 그때 엄마의 모습은 수술을 하고 나서의 모습이라서 그런지 건강이 조금 좋아보였다.#@문장구분# 하지만 얼마 지나지 않아 엄마가 큰병원으로 옮기는 일이 발생한다.#@문장구분# 나는 분명히 수술만 받으면 괜찮아진다고 했는데 큰병원으로 옮기더니 이번에는 조금만 늦었어도 위험했다는 이야기를 들었다.#@문장구분# 나는 이때 정말로 걱정을 했고 평소에 같이 있어서 익숙하였던 엄마를 잃을수도 있었다는 생각에 정말 기분이 이상했다.#@문장구분# 그래서 소중한 것을 잃을뻔 했던 나는 엄마에게 정말 잘해드려야겠다는 다짐을 하였고 그때 당시의 나는 대회에 나가서 상을 타고, 학교에서 상장같은 상도 많이 받는 등 행동으로 실천한것 같다.#@문장구분# 이때를 계기로 나는 익숙함에 속아 소중한것을 잃기 전에 그 익숙함에 대해 감사해야된다고 생각한것 같다.#@문장구분#",
      "paragraph_len": 974,
      "paragraph_id": "001"
    }
  ],
  "score": {
    "paragraph_score": [
      {
        "paragraph_scoreT": [
          2.8333333,
          3,
          3
        ],
        "paragraph_scoreT_detail": {
          "paragraph_scoreT_exp": [
            [
              3,
              3,
              2
            ],
            [
              3,
              3,
              3
            ],
            [
              3,
              3,
              3
            ]
          ]
        },
        "paragraph_scoreT_avg": 2.9444444,
        "paragraph_id": "001"
      }
    ],
    "essay_scoreT": [
      23.833332,
      27.777779,
      30
    ],
    "essay_scoreT_avg": 27.203705,
    "essay_scoreT_detail": {
      "essay_scoreT_org": [
        [
          2,
          2,
          2,
          2
        ],
        [
          3,
          3,
          3,
          2
        ],
        [
          3,
          3,
          3,
          3
        ]
      ],
      "essay_scoreT_cont": [
        [
          2,
          2,
          0,
          3
        ],
        [
          3,
          2,
          0,
          2
        ],
        [
          3,
          3,
          0,
          3
        ]
      ],
      "essay_scoreT_exp": [
        [
          3,
          3,
          2
        ],
        [
          3,
          3,
          3
        ],
        [
          3,
          3,
          3
        ]
      ]
    }
  },
  "student": {
    "date": "2021.09.29",
    "student_educated": true,
    "student_grade": "고등_1학년",
    "location": "051",
    "student_grade_group": "고등",
    "student_reading": 3
  },
  "rubric": {
    "essay_grade": "고등_1학년",
    "organization_weight": {
      "org_paragraph": 2,
      "org": 2,
      "org_essay": 4,
      "org_coherence": 2,
      "org_quantity": 1
    },
    "essay_type": "글짓기",
    "content_weight": {
      "con_clearance": 4,
      "con_novelty": 3,
      "con": 4,
      "con_prompt": 0,
      "con_description": 1
    },
    "essay_main_subject": "소중함을 잃었던 경험",
    "expression_weight": {
      "exp_style": 1,
      "exp_grammar": 2,
      "exp_vocab": 3,
      "exp": 4
    }
  },
  "correction": [],
  "info": {
    "essay_id": "ESSAY_35774",
    "essay_prompt": " 익숙함에 속아 소중함을 잊지 말자는 명언 (Do not get fooled by something familiar and forget what is priceless.)이 있습니다.\n\n 부모님께서 매일 해주시는 아침밥이나, 너무 친해서 매일 맛있는 간식을 사주는 친구 등 처음에는 매우 감사했지만 반복되는 호의에 우리는 소중함을 잊어가기도 합니다.\n\n 작은 소중함일지라도 그 소중함을 잃게 되면 호의를 베푸는 사람 입장에서는 매우 당황스럽고 기분이 나쁠 수 있어요.\n\n 여러분은 익숙함에 속아 소중함을 잊었던 사례와 그로 인해 상대방의 기분을 나쁘게 했던 경험이 있나요? 만약 있다면 관계를 회복하기 위해 어떤 노력을 하셨나요? 본인의 경험을 작성해주세요.\n\n 만약 그런 적이 없다면 주변의 이야기나 본인에게 소중함을 주는 사람들에 관해 설명해주세요.",
    "essay_type": "글짓기",
    "essay_level": "2",
    "essay_len": 714,
    "essay_main_subject": "소중함을 잃었던 경험"
  }
}