{
  "paragraph": [
    {
      "paragraph_txt": "익숙함에 속아 소중함을 잊지 말자라는 글귀를 듣는 순간 가장 생각나는 책은  생택쥐페리의 '어린왕자'일 것이다.#@문장구분# 그 책에서 나온 이 구절의 의미는 아주 가까운 관계에서 너무 당연하게 느껴졌던 관계가 점점 소홀해 지면서 자연스럽게 끊어지고 뒤늦게 후회나 반성을 하지 말자라는 의미로 한마디로 있을 때 더 잘 하고, 우리에게 소중한사람 일수록 그 사람의 중요성을 알고 무시하지 않고, 항상 고마운 마음을 가지고 대하여야 된다는 것이다.#@문장구분# 친구라는 익숙함에 속아 내 이익만 챙기며 바라기만 했을때 결국 소중한 것을 잃게 된다는 점을 깨달았다.#@문장구분# 또 다른 예시로는 우리는 현재 물을 당연시여기며 막 사용하고 있다.#@문장구분# 하지만 물이라는 자원은 한정된 자원이 아니며 이대로 가다간 정말 물이 부족해 질 수 있다.#@문장구분# 우리는 물이라는 자원을 막 사용하다 결국 나중에 물이 줄어들고 정말 아껴써야 할 때 그때 가서 분명히 후회할 것이다.#@문장구분# 따라서 나는 지금부터라도 물을 아껴써야된다고 생각한다.#@문장구분# 위와 같은 예시들 이외에도 우리가 정말 익숙함에 속아 막 낭비하거나 별 생각없이 사용하는 것들이 정말 많은 것 같다.#@문장구분# 자원이든 사람이든 결국 나중에 다 잃고 나서야 후회하지 말고 미리미리 익숙함에 속지말고 뭐든 소중히 생각해야 한다고 느낀다.#@문장구분# 비단 소중한게 사람만이 아닐 것이다.#@문장구분# 내주변에 내가 누릴수 있었던것에 대해서도 한번씩 생각해봤으면 좋겠다.#@문장구분#",
      "paragraph_len": 901,
      "paragraph_id": "001"
    }
  ],
  "score": {
    "paragraph_score": [
      {
        "paragraph_scoreT": [
          2.6666667,
          3,
          2.6666667
        ],
        "paragraph_scoreT_detail": {
          "paragraph_scoreT_exp": [
            [
              2,
              3,
              3
            ],
            [
              3,
              3,
              3
            ],
            [
              2,
              3,
              3
            ]
          ]
        },
        "paragraph_scoreT_avg": 2.777778,
        "paragraph_id": "001"
      }
    ],
    "essay_scoreT": [
      24.666668,
      30,
      27.333334
    ],
    "essay_scoreT_avg": 27.333334,
    "essay_scoreT_detail": {
      "essay_scoreT_org": [
        [
          3,
          3,
          3,
          3
        ],
        [
          3,
          3,
          3,
          3
        ],
        [
          2,
          2,
          3,
          3
        ]
      ],
      "essay_scoreT_cont": [
        [
          2,
          2,
          0,
          2
        ],
        [
          3,
          3,
          0,
          3
        ],
        [
          3,
          3,
          0,
          3
        ]
      ],
      "essay_scoreT_exp": [
        [
          2,
          3,
          3
        ],
        [
          3,
          3,
          3
        ],
        [
          2,
          3,
          3
        ]
      ]
    }
  },
  "student": {
    "date": "2021.12.08",
    "student_educated": true,
    "student_grade": "고등_1학년",
    "location": "063",
    "student_grade_group": "고등",
    "student_reading": 2
  },
  "rubric": {
    "essay_grade": "고등_1학년",
    "organization_weight": {
      "org_paragraph": 2,
      "org": 2,
      "org_essay": 4,
      "org_coherence": 2,
      "org_quantity": 1
    },
    "essay_type": "글짓기",
    "content_weight": {
      "con_clearance": 4,
      "con_novelty": 3,
      "con": 4,
      "con_prompt": 0,
      "con_description": 1
    },
    "essay_main_subject": "소중함을 잃었던 경험",
    "expression_weight": {
      "exp_style": 1,
      "exp_grammar": 2,
      "exp_vocab": 3,
      "exp": 4
    }
  },
  "correction": [],
  "info": {
    "essay_id": "ESSAY_60283",
    "essay_prompt": " 익숙함에 속아 소중함을 잊지 말자는 명언 (Do not get fooled by something familiar and forget what is priceless.)이 있습니다.\n\n 부모님께서 매일 해주시는 아침밥이나, 너무 친해서 매일 맛있는 간식을 사주는 친구 등 처음에는 매우 감사했지만 반복되는 호의에 우리는 소중함을 잊어가기도 합니다.\n\n 작은 소중함일지라도 그 소중함을 잃게 되면 호의를 베푸는 사람 입장에서는 매우 당황스럽고 기분이 나쁠 수 있어요.\n\n 여러분은 익숙함에 속아 소중함을 잊었던 사례와 그로 인해 상대방의 기분을 나쁘게 했던 경험이 있나요? 만약 있다면 관계를 회복하기 위해 어떤 노력을 하셨나요? 본인의 경험을 작성해주세요.\n\n 만약 그런 적이 없다면 주변의 이야기나 본인에게 소중함을 주는 사람들에 관해 설명해주세요.",
    "essay_type": "글짓기",
    "essay_level": "2",
    "essay_len": 682,
    "essay_main_subject": "소중함을 잃었던 경험"
  }
}