{
  "paragraph": [
    {
      "paragraph_txt": "작은 것이 모여 크게 된다.#@문장구분# 아직 얼마 살지 않은 인생이지만 인생을 살다보니 전에는 못 느꼈던 작은 것에 소중함을 느끼고 있다.#@문장구분# 예전에는 작은 걸 소중하게 생각하지 못했다.#@문장구분# 돈의 경우 작은 푼돈은 '이정도 모아서 뭐 얼마나 되겠어'란 생각을 많이 했다.#@문장구분# 작은 돈을 소중히 하지 않은 결과 친구들이 취미로 주식이나 비트코인을 한다는데 나는 그런걸 시도해 볼 '종잣돈'이라는 것이 없었다.#@문장구분# 그 작은 돈이 모여서 나중에는 큰 돈이 되는 건데, 작은 것을 무시했다가 이런 결과가 된것이라고 생각한다.#@문장구분# 운동도 그렇고 학업도 그렇고 뭐든 꾸준히 했으면 뭐라도 지금쯤 윤곽이 나타났을 듯 싶은데 그걸 기다리지도 못하고 중간에 포기하거나 이것해서 얼마나 되겠는가 라는 한심한 생각으로 지금 결국은 모든 면에서 다 흐지부지 되어버린 것 같다.#@문장구분# 학원선생님 추천으로 최근 읽은 책에서 푼돈은 참는 법을 가르치고 끈기를 훈련시킨다고 하는데 이부분 정말 공감하고 자책하고 후회했다.#@문장구분# 나는 그동안 매우 조급했다.#@문장구분# 조금하다가 재미가 없다고 나랑 맞지 않는 것 같다고 쉽게 포기했다.#@문장구분# 거의 모든 일들을.#@문장구분# 이 책을 읽고 작은 것의 소중함을 다시 한번 느낄 수 있었다.#@문장구분#이제부터라도 뭐든 꾸준히 해보자는 모토가 생겼다.#@문장구분# 꾸준히 한다면 꼭 내가 원하는 결과가 아니더라도 작은 무언가가 쌓이고 쌓여 어떤식으로든 성공으로 이끌어 줄 것이라고 생각한다.#@문장구분# 내가 힘들지 않고 그렇다고 썩 티가 나지도 않는 작은 변화에서 그것이 쌓이고 쌓여 기적같은 삶의 변화가 일어난다고 한다.#@문장구분# '천리길도 한걸음부터'라는 말은 처음에는 작다가 점점 커지는 크레센도가 아닌 그저 한걸음 한걸음 쌓이는 것을 말한다.#@문장구분# 작은 물방울이 모여 어느순간 구름이 되는 것처럼 누구나 할수 있는 작은 실천으로 내 삶의 큰 기적을 만들어 내야겠다고 생각했다.#@문장구분# 하루 1000원 한달 3만원씩 용돈을 모아서 내년에는 내 이름으로 주식계좌도 꼭 개설하고 지금도 늦지 않았다고 생각하고 차근차근 공부해서 원하는 진로에 꼭 성공하고 싶다.#@문장구분#",
      "paragraph_len": 1340,
      "paragraph_id": "001"
    }
  ],
  "score": {
    "paragraph_score": [
      {
        "paragraph_scoreT": [
          3,
          3,
          3
        ],
        "paragraph_scoreT_detail": {
          "paragraph_scoreT_exp": [
            [
              3,
              3,
              3
            ],
            [
              3,
              3,
              3
            ],
            [
              3,
              3,
              3
            ]
          ]
        },
        "paragraph_scoreT_avg": 3,
        "paragraph_id": "001"
      }
    ],
    "essay_scoreT": [
      30,
      30,
      30
    ],
    "essay_scoreT_avg": 30,
    "essay_scoreT_detail": {
      "essay_scoreT_org": [
        [
          3,
          3,
          3,
          3
        ],
        [
          3,
          3,
          3,
          3
        ],
        [
          3,
          3,
          3,
          3
        ]
      ],
      "essay_scoreT_cont": [
        [
          3,
          3,
          0,
          3
        ],
        [
          3,
          3,
          0,
          3
        ],
        [
          3,
          3,
          0,
          3
        ]
      ],
      "essay_scoreT_exp": [
        [
          3,
          3,
          3
        ],
        [
          3,
          3,
          3
        ],
        [
          3,
          3,
          3
        ]
      ]
    }
  },
  "student": {
    "date": "2021.11.16",
    "student_educated": true,
    "student_grade": "고등_1학년",
    "location": "063",
    "student_grade_group": "고등",
    "student_reading": 2
  },
  "rubric": {
    "essay_grade": "고등_1학년",
    "organization_weight": {
      "org_paragraph": 2,
      "org": 2,
      "org_essay": 4,
      "org_coherence": 2,
      "org_quantity": 1
    },
    "essay_type": "글짓기",
    "content_weight": {
      "con_clearance": 4,
      "con_novelty": 3,
      "con": 4,
      "con_prompt": 0,
      "con_description": 1
    },
    "essay_main_subject": "소중함을 잃었던 경험",
    "expression_weight": {
      "exp_style": 1,
      "exp_grammar": 2,
      "exp_vocab": 3,
      "exp": 4
    }
  },
  "correction": [],
  "info": {
    "essay_id": "ESSAY_47424",
    "essay_prompt": " 익숙함에 속아 소중함을 잊지 말자는 명언 (Do not get fooled by something familiar and forget what is priceless.)이 있습니다.\n\n 부모님께서 매일 해주시는 아침밥이나, 너무 친해서 매일 맛있는 간식을 사주는 친구 등 처음에는 매우 감사했지만 반복되는 호의에 우리는 소중함을 잊어가기도 합니다.\n\n 작은 소중함일지라도 그 소중함을 잃게 되면 호의를 베푸는 사람 입장에서는 매우 당황스럽고 기분이 나쁠 수 있어요.\n\n 여러분은 익숙함에 속아 소중함을 잊었던 사례와 그로 인해 상대방의 기분을 나쁘게 했던 경험이 있나요? 만약 있다면 관계를 회복하기 위해 어떤 노력을 하셨나요? 본인의 경험을 작성해주세요.\n\n 만약 그런 적이 없다면 주변의 이야기나 본인에게 소중함을 주는 사람들에 관해 설명해주세요.",
    "essay_type": "글짓기",
    "essay_level": "2",
    "essay_len": 981,
    "essay_main_subject": "소중함을 잃었던 경험"
  }
}