{
  "paragraph": [
    {
      "paragraph_txt": "삶에서 가장 소중한 게 무엇일까?#@문장구분# 사람마다 생각하는 게 전부 다르겠지만, 여기, 세상에서 가장 소중한 건 '자기 자신'이라고 외치는 사람이 있다.#@문장구분# 사실 자기 자신을 소중히 여기는 방법은 전혀 특별하지 않다.#@문장구분# 삶이 벅차다고 느낄 때마다 자신이 좋아하는 것들을, 아무리 작고 사소한 것이라도 내려놓지 않고 꾸준히 해 나가기만 하면 된다.#@문장구분# 그런 작은 것들이 모여 결국엔 짓눌린 인생을 두둥실 뜨게 하는 부력이 되고, 지친 일상에서 당신을 일으켜 세울 것이기 때문이다.#@문장구분# 글을 쓰는 것이 나의 삶의 무게를 줄여 주는 부력 중 하나가 되었거든요.#@문장구분# 덕분에 계속 쓰는 사람이 되겠다고 자신 있게 말할 수 있게 되었다.#@문장구분# 가벼워지고자 했던 결심이 저만의 부력을 찾는 데 도움이 되었다.#@문장구분# 앞으로 방송사, 잡지사 등 여러 직장에서 일하고 싶다.#@문장구분# 왜 회사에 소속되어 하던 일을 그만두어야 하는지 그 이유가 궁금하다.#@문장구분# 그것이 진정을 소중한 것들을 이루기 위한 고난의 과정이라고 나는 생각한다.#@문장구분# 이미 퇴사하신 사람들이나 남몰래 퇴사 준비 중인 '퇴준생' 분들과 별반 다르지 않은 이유이다,#@문장구분# 뭐. 회사에서 겪는 합리적이지 않은 일들, 업무의 만족도, 앞으로의 인생 계획 등을 고려해서 결정했어요.#@문장구분# 많이들 고민하지만 실행으로는 옮기기 힘든 퇴사를 그래도 사람들은 몇 번이나 하는 용기가 있는 것 같다.#@문장구분# 아니, 무모함이라고 해야 할까?#@문장구분# 그렇게 입사와 퇴사를 반복하다 마지막에 내린 결론은 오래도록 할 수 있는, 나의 일을 스스로 꾸리고 싶다는 것이다#@문장구분# 특히 여성들은 결혼 후 출산과 육아로 인해 경력이 단절되는 경험을 많이 한다.#@문장구분# 이러한 경험이 인생에서 가장 소중하게 여겼던것에 대한 경험을 하게 하는 것이다.#@문장구분# 더 늦기 전에 회사 밖에서 스스로 독립할 기반을 만들어야 한다고 생각하는 것이다.#@문장구분#",
      "paragraph_len": 1252,
      "paragraph_id": "001"
    }
  ],
  "score": {
    "paragraph_score": [
      {
        "paragraph_scoreT": [
          3,
          2,
          2.8333333
        ],
        "paragraph_scoreT_detail": {
          "paragraph_scoreT_exp": [
            [
              3,
              3,
              3
            ],
            [
              2,
              2,
              2
            ],
            [
              3,
              3,
              2
            ]
          ]
        },
        "paragraph_scoreT_avg": 2.611111,
        "paragraph_id": "001"
      }
    ],
    "essay_scoreT": [
      30,
      20.222221,
      21.333332
    ],
    "essay_scoreT_avg": 23.851852,
    "essay_scoreT_detail": {
      "essay_scoreT_org": [
        [
          3,
          3,
          3,
          3
        ],
        [
          2,
          2,
          2,
          3
        ],
        [
          3,
          3,
          3,
          3
        ]
      ],
      "essay_scoreT_cont": [
        [
          3,
          3,
          0,
          3
        ],
        [
          2,
          2,
          0,
          2
        ],
        [
          1,
          1,
          0,
          1
        ]
      ],
      "essay_scoreT_exp": [
        [
          3,
          3,
          3
        ],
        [
          2,
          2,
          2
        ],
        [
          3,
          3,
          2
        ]
      ]
    }
  },
  "student": {
    "date": "2021.12.18",
    "student_educated": true,
    "student_grade": "고등_1학년",
    "location": "063",
    "student_grade_group": "고등",
    "student_reading": 2
  },
  "rubric": {
    "essay_grade": "고등_1학년",
    "organization_weight": {
      "org_paragraph": 2,
      "org": 2,
      "org_essay": 4,
      "org_coherence": 2,
      "org_quantity": 1
    },
    "essay_type": "글짓기",
    "content_weight": {
      "con_clearance": 4,
      "con_novelty": 3,
      "con": 4,
      "con_prompt": 0,
      "con_description": 1
    },
    "essay_main_subject": "소중함을 잃었던 경험",
    "expression_weight": {
      "exp_style": 1,
      "exp_grammar": 2,
      "exp_vocab": 3,
      "exp": 4
    }
  },
  "correction": [],
  "info": {
    "essay_id": "ESSAY_65826",
    "essay_prompt": " 익숙함에 속아 소중함을 잊지 말자는 명언 (Do not get fooled by something familiar and forget what is priceless.)이 있습니다.\n\n 부모님께서 매일 해주시는 아침밥이나, 너무 친해서 매일 맛있는 간식을 사주는 친구 등 처음에는 매우 감사했지만 반복되는 호의에 우리는 소중함을 잊어가기도 합니다.\n\n 작은 소중함일지라도 그 소중함을 잃게 되면 호의를 베푸는 사람 입장에서는 매우 당황스럽고 기분이 나쁠 수 있어요.\n\n 여러분은 익숙함에 속아 소중함을 잊었던 사례와 그로 인해 상대방의 기분을 나쁘게 했던 경험이 있나요? 만약 있다면 관계를 회복하기 위해 어떤 노력을 하셨나요? 본인의 경험을 작성해주세요.\n\n 만약 그런 적이 없다면 주변의 이야기나 본인에게 소중함을 주는 사람들에 관해 설명해주세요.",
    "essay_type": "글짓기",
    "essay_level": "2",
    "essay_len": 874,
    "essay_main_subject": "소중함을 잃었던 경험"
  }
}