{
  "paragraph": [
    {
      "paragraph_txt": "익숙함에 속아 소중함을 잃었던 사례로는 저는 집안 사정으로 인하여 6학년때 경기도 성남시에서 이곳 익산시로 전학을 오게 되었는데 전학을 오기 전인 5학년 때까지만 해도 저는 친구들의 집에 놀러가서 놀고, 친구들이 놀러 오기도 하는 등 친구관계가 아주 원활했었는데 그렇기 때문에 그게 당연한 것인 줄 알고 친구들과 그 친구들과 함께 놀았던 추억에 대해 그저 일상이라고만 생각하고 그것이 소중한 줄 모르고 생각없이 살고 있었는데 집안에 뜻밖의 일이 생겨서 익산으로 와서#@소속#에 입학하자 저는 모든 것이 달라졌는데, 보통 초등학교 6학년정도 되면 같이 노는 무리들이 형성이 되어있었어서 저는 할 수 있는 것이 없었습니다.#@문장구분# 애초에 저는 적극적인 성격도 아니고 그때는 엄청 소심하고 부끄럼도 많이 타는 성격이었어서 친구들한테 말도 잘 못 걸었어서 그 때서야 제가 성남에 살았을 때 그때 그 친구들, 그리고 그 친구들과 함께했던 추억들이 너무나도 소중했다는 것을 깨닫고 소중함을 잃었다고 생각했습니다.#@문장구분#\n \n 소중함을 회복하고자 했던 노력은 그래도 어찌어찌 6학년때 적응을 하고 중학교 1학년이 되었는데, 그때부터는 다른 친구들이 나에게 말을 걸어주는 것을 바라는 것이 아니라 나부터 바뀌어서 친구들과 친해져야겠다는 생각이 들어서 적극적으로 성격을 바꾸기로 노력하였는데, 당연히 처음부터 잘 된 것은 아니었습니다.#@문장구분# 1학년 1학기까지는 아직도 친구들도 잘 못 사귀어서 자꾸 제 성격 탓만 하다보니 우울증이 생겨서 학교 상담실도 자주 다니고 보건소까지 가 보았는데 그 덕분인지 고민을 말하는 것 만으로도 마음이 편해질 수 있다는 생각이 들었고 덕분에 그 쪽으로 진로도 생각해 보게 되었고 2학기부터는 성격도 바뀌어서 친구들도 많이 사귀고 잘 놀아서 ' 친구 ' 라는 저의 소중함을 회복하게 될 수 있었던 것 같습니다.#@문장구분#",
      "paragraph_len": 991,
      "paragraph_id": "001"
    }
  ],
  "score": {
    "paragraph_score": [
      {
        "paragraph_scoreT": [
          3,
          3,
          2.6666667
        ],
        "paragraph_scoreT_detail": {
          "paragraph_scoreT_exp": [
            [
              3,
              3,
              3
            ],
            [
              3,
              3,
              3
            ],
            [
              2,
              3,
              3
            ]
          ]
        },
        "paragraph_scoreT_avg": 2.888889,
        "paragraph_id": "001"
      }
    ],
    "essay_scoreT": [
      30,
      28.055555,
      24.88889
    ],
    "essay_scoreT_avg": 27.648148,
    "essay_scoreT_detail": {
      "essay_scoreT_org": [
        [
          3,
          3,
          3,
          3
        ],
        [
          3,
          3,
          2,
          3
        ],
        [
          2,
          2,
          2,
          3
        ]
      ],
      "essay_scoreT_cont": [
        [
          3,
          3,
          0,
          3
        ],
        [
          3,
          2,
          0,
          3
        ],
        [
          2,
          3,
          0,
          3
        ]
      ],
      "essay_scoreT_exp": [
        [
          3,
          3,
          3
        ],
        [
          3,
          3,
          3
        ],
        [
          2,
          3,
          3
        ]
      ]
    }
  },
  "student": {
    "date": "2021.10.24",
    "student_educated": true,
    "student_grade": "고등_1학년",
    "location": "063",
    "student_grade_group": "고등",
    "student_reading": 2
  },
  "rubric": {
    "essay_grade": "고등_1학년",
    "organization_weight": {
      "org_paragraph": 2,
      "org": 2,
      "org_essay": 4,
      "org_coherence": 2,
      "org_quantity": 1
    },
    "essay_type": "글짓기",
    "content_weight": {
      "con_clearance": 4,
      "con_novelty": 3,
      "con": 4,
      "con_prompt": 0,
      "con_description": 1
    },
    "essay_main_subject": "소중함을 잃었던 경험",
    "expression_weight": {
      "exp_style": 1,
      "exp_grammar": 2,
      "exp_vocab": 3,
      "exp": 4
    }
  },
  "correction": [],
  "info": {
    "essay_id": "ESSAY_42725",
    "essay_prompt": " 익숙함에 속아 소중함을 잊지 말자는 명언 (Do not get fooled by something familiar and forget what is priceless.)이 있습니다.\n\n 부모님께서 매일 해주시는 아침밥이나, 너무 친해서 매일 맛있는 간식을 사주는 친구 등 처음에는 매우 감사했지만 반복되는 호의에 우리는 소중함을 잊어가기도 합니다.\n\n 작은 소중함일지라도 그 소중함을 잃게 되면 호의를 베푸는 사람 입장에서는 매우 당황스럽고 기분이 나쁠 수 있어요.\n\n 여러분은 익숙함에 속아 소중함을 잊었던 사례와 그로 인해 상대방의 기분을 나쁘게 했던 경험이 있나요? 만약 있다면 관계를 회복하기 위해 어떤 노력을 하셨나요? 본인의 경험을 작성해주세요.\n\n 만약 그런 적이 없다면 주변의 이야기나 본인에게 소중함을 주는 사람들에 관해 설명해주세요.",
    "essay_type": "글짓기",
    "essay_level": "2",
    "essay_len": 900,
    "essay_main_subject": "소중함을 잃었던 경험"
  }
}