{
  "paragraph": [
    {
      "paragraph_txt": "나에게 가장 소중한게 뭐냐고 물으면 난 나의 부모님이라고 말하고 싶다.#@문장구분# 아빠는 직장생활 열심히 하시고 우리들을 위해 늘 애쓰시고 쉬실때엔 우리 스트레스 해소하라고 드라이브도 시켜주시고 얼마전부터는 서울 근교에 있는 제빵소에가서 커피맛에 대해 알려주시고 많은 대화를 시도하신다.#@문장구분# 가끔은 했던얘기 반복해서 하실때도 있지만 아빠는 옳은 말씀만 하시기에 내가 반론을 할수가 없다.#@문장구분# 그러면서 엄마몰래 용돈도 주시고 또 술한잔 하시고 집에오시면 더 재미있어진다.#@문장구분# 농담섞인 말씀도 많이 하시고 어린아이처럼 장난도 많이하신다.#@문장구분# 어떨땐 엄마 힘들다고 저녁을 직접 포장해 오시기도한다.#@문장구분# 그럴때면 우리는 별식을 먹는다.#@문장구분# 엄마는 아침이 가장 중요하다며 절대 굶고 학교에 가지 말라면서 아침마다 따듯한 밥을 해주신다.#@문장구분# 빠르게 먹을 수 있도록 간편식을 많이 만들어 주신다.#@문장구분# 내방도 청소해주신다.#@문장구분# 내가 할테니 하지 말라고해도 너는 공부하느라 힘드니 청소도 엄마의 즐거움이라시며 가끔씩 청소해주신다.#@문장구분# 일요일엔 입고갈 교복도 깨끗하게 빨아 다려주신다.#@문장구분# 빳빳하게 다린 블라우스는 어른이 된듯한 기분이 들게한다.#@문장구분# 이렇게 나를 많이 사랑해주신다.#@문장구분# 내게 가장 소중한 분들이시다.#@문장구분# 얼마전에는 아빠가 성적표를 가져오라고 하셔서 깜짝놀랐다.#@문장구분# 성적표나온걸 아빠가 모르셨으면 했기 때문이다.#@문장구분# 성적표를 보시더니 공부는 못해도되니 하고싶은 일을 찾아 해보라고 하신다.#@문장구분# 혼날까봐 걱정했던나는 아빠가 감사했다.#@문장구분# 우리 부모님은 다른집 부모님들과는 이런부분에서는 다른것같다.#@문장구분# 나를 사랑해주시는 소중한분들을 실망시키지 않을 것이다.#@문장구분#",
      "paragraph_len": 1188,
      "paragraph_id": "001"
    }
  ],
  "score": {
    "paragraph_score": [
      {
        "paragraph_scoreT": [
          3,
          2.5,
          3
        ],
        "paragraph_scoreT_detail": {
          "paragraph_scoreT_exp": [
            [
              3,
              3,
              3
            ],
            [
              2,
              3,
              2
            ],
            [
              3,
              3,
              3
            ]
          ]
        },
        "paragraph_scoreT_avg": 2.8333333,
        "paragraph_id": "001"
      }
    ],
    "essay_scoreT": [
      30,
      25.61111,
      30
    ],
    "essay_scoreT_avg": 28.537039,
    "essay_scoreT_detail": {
      "essay_scoreT_org": [
        [
          3,
          3,
          3,
          3
        ],
        [
          3,
          2,
          2,
          3
        ],
        [
          3,
          3,
          3,
          3
        ]
      ],
      "essay_scoreT_cont": [
        [
          3,
          3,
          0,
          3
        ],
        [
          3,
          2,
          0,
          3
        ],
        [
          3,
          3,
          0,
          3
        ]
      ],
      "essay_scoreT_exp": [
        [
          3,
          3,
          3
        ],
        [
          2,
          3,
          2
        ],
        [
          3,
          3,
          3
        ]
      ]
    }
  },
  "student": {
    "date": "2021.12.15",
    "student_educated": true,
    "student_grade": "고등_1학년",
    "location": "063",
    "student_grade_group": "고등",
    "student_reading": 1
  },
  "rubric": {
    "essay_grade": "고등_1학년",
    "organization_weight": {
      "org_paragraph": 2,
      "org": 2,
      "org_essay": 4,
      "org_coherence": 2,
      "org_quantity": 1
    },
    "essay_type": "글짓기",
    "content_weight": {
      "con_clearance": 4,
      "con_novelty": 3,
      "con": 4,
      "con_prompt": 0,
      "con_description": 1
    },
    "essay_main_subject": "소중함을 잃었던 경험",
    "expression_weight": {
      "exp_style": 1,
      "exp_grammar": 2,
      "exp_vocab": 3,
      "exp": 4
    }
  },
  "correction": [],
  "info": {
    "essay_id": "ESSAY_65850",
    "essay_prompt": " 익숙함에 속아 소중함을 잊지 말자는 명언 (Do not get fooled by something familiar and forget what is priceless.)이 있습니다.\n\n 부모님께서 매일 해주시는 아침밥이나, 너무 친해서 매일 맛있는 간식을 사주는 친구 등 처음에는 매우 감사했지만 반복되는 호의에 우리는 소중함을 잊어가기도 합니다.\n\n 작은 소중함일지라도 그 소중함을 잃게 되면 호의를 베푸는 사람 입장에서는 매우 당황스럽고 기분이 나쁠 수 있어요.\n\n 여러분은 익숙함에 속아 소중함을 잊었던 사례와 그로 인해 상대방의 기분을 나쁘게 했던 경험이 있나요? 만약 있다면 관계를 회복하기 위해 어떤 노력을 하셨나요? 본인의 경험을 작성해주세요.\n\n 만약 그런 적이 없다면 주변의 이야기나 본인에게 소중함을 주는 사람들에 관해 설명해주세요.",
    "essay_type": "글짓기",
    "essay_level": "2",
    "essay_len": 768,
    "essay_main_subject": "소중함을 잃었던 경험"
  }
}