{
  "paragraph": [
    {
      "paragraph_txt": "내게 더 소중한 것은 무엇일까?#@문장구분# 그리고 이것을 잃는 경험은 무엇일까?#@문장구분# '나는 단순하게 살기로 했다'의 한 구절을 읽었다.#@문장구분# 미니멀리즘의 정의를 내리는 부분이었는데, 저자는 \"소중한 것을 위해 불필요한 것을 줄이는 것.'으로 정의했다.#@문장구분# '내게 소중한 것은 무엇일까?' 자연스럽게 내게 든 생각이었다.#@문장구분# 시간으로 봤을 때, 나는 소중한 것을 하고 있나?#@문장구분# 오늘은 하루종일 공부를 했다.#@문장구분# 내게 그것은 소중한 시간이었나?#@문장구분# 죽음 앞에서도 나는 그것을 하고 있을까?#@문장구분# 만약 죽음이 다가온다면, 차를 끌고 멀리 나갔을 것 같다.#@문장구분# 좀 더 자유로운 풍경 속에서 책을 읽고, 사랑하는 사람과 대화를 나눴을 것 같다.#@문장구분# 그렇다면 나는 공부를 중단해야 하는걸까?#@문장구분# 문제는 매일매일 하고 싶은 것만을 하면서 살 수는 없다.#@문장구분# 자동차를 끌고 싶다면 돈이 있어야 하는거고, 돈을 벌기 위해선 타인의 문제를 해결하게끔 도와줘야 대가를 얻을 수 있다.#@문장구분# 그래도 공부를 하고 있는 이유는 타인의 욕구가 아닌 나의 욕구였다.#@문장구분# 나는 대학에 가야겠다는 마음이 있었고, 거기에 도전하기 위해서 공부을 하고 있는 것이다.#@문장구분# 그 과정에서 고통스러운 순간도 있지만, 공부를 할 때 꽤 재밌다.#@문장구분# 내 궁금증을 탐구하고, 알아가고, 파헤치는 과정이 꽤나 즐겁다.#@문장구분# 그 순간이 지나가고나면 지난한 작업이 나를 기다리고 있지만 말이다.#@문장구분#그래도 다행인건, 나도 세상에 쓸모가 있을 수 있는 가능성이 있다는 것이다.#@문장구분# 내가 세상에 쓸모가 있다는 것이 내가 가장 소중하게 생각하는 것이다.#@문장구분# 만약 내가 세상에서 쓸모가 없어진다면 나는 나의 가장 소중한 것을 잃어버리게 되는 것이다.#@문장구분# 나는 이러한 현실이 너무 싫다.#@문장구분# 나의 소중한 것이 사라지게 그냥 놔두지는 않을 것이다.#@문장구분#",
      "paragraph_len": 1312,
      "paragraph_id": "001"
    }
  ],
  "score": {
    "paragraph_score": [
      {
        "paragraph_scoreT": [
          3,
          3,
          3
        ],
        "paragraph_scoreT_detail": {
          "paragraph_scoreT_exp": [
            [
              3,
              3,
              3
            ],
            [
              3,
              3,
              3
            ],
            [
              3,
              3,
              3
            ]
          ]
        },
        "paragraph_scoreT_avg": 3,
        "paragraph_id": "001"
      }
    ],
    "essay_scoreT": [
      30,
      28.5,
      26.5
    ],
    "essay_scoreT_avg": 28.333334,
    "essay_scoreT_detail": {
      "essay_scoreT_org": [
        [
          3,
          3,
          3,
          3
        ],
        [
          3,
          3,
          3,
          3
        ],
        [
          3,
          3,
          3,
          3
        ]
      ],
      "essay_scoreT_cont": [
        [
          3,
          3,
          0,
          3
        ],
        [
          3,
          2,
          0,
          3
        ],
        [
          2,
          2,
          0,
          3
        ]
      ],
      "essay_scoreT_exp": [
        [
          3,
          3,
          3
        ],
        [
          3,
          3,
          3
        ],
        [
          3,
          3,
          3
        ]
      ]
    }
  },
  "student": {
    "date": "2021.12.17",
    "student_educated": true,
    "student_grade": "고등_1학년",
    "location": "044",
    "student_grade_group": "고등",
    "student_reading": 3
  },
  "rubric": {
    "essay_grade": "고등_1학년",
    "organization_weight": {
      "org_paragraph": 2,
      "org": 2,
      "org_essay": 4,
      "org_coherence": 2,
      "org_quantity": 1
    },
    "essay_type": "글짓기",
    "content_weight": {
      "con_clearance": 4,
      "con_novelty": 3,
      "con": 4,
      "con_prompt": 0,
      "con_description": 1
    },
    "essay_main_subject": "소중함을 잃었던 경험",
    "expression_weight": {
      "exp_style": 1,
      "exp_grammar": 2,
      "exp_vocab": 3,
      "exp": 4
    }
  },
  "correction": [],
  "info": {
    "essay_id": "ESSAY_66009",
    "essay_prompt": " 익숙함에 속아 소중함을 잊지 말자는 명언 (Do not get fooled by something familiar and forget what is priceless.)이 있습니다.\n\n 부모님께서 매일 해주시는 아침밥이나, 너무 친해서 매일 맛있는 간식을 사주는 친구 등 처음에는 매우 감사했지만 반복되는 호의에 우리는 소중함을 잊어가기도 합니다.\n\n 작은 소중함일지라도 그 소중함을 잃게 되면 호의를 베푸는 사람 입장에서는 매우 당황스럽고 기분이 나쁠 수 있어요.\n\n 여러분은 익숙함에 속아 소중함을 잊었던 사례와 그로 인해 상대방의 기분을 나쁘게 했던 경험이 있나요? 만약 있다면 관계를 회복하기 위해 어떤 노력을 하셨나요? 본인의 경험을 작성해주세요.\n\n 만약 그런 적이 없다면 주변의 이야기나 본인에게 소중함을 주는 사람들에 관해 설명해주세요.",
    "essay_type": "글짓기",
    "essay_level": "2",
    "essay_len": 832,
    "essay_main_subject": "소중함을 잃었던 경험"
  }
}