{
  "paragraph": [
    {
      "paragraph_txt": "사람에게 소중한 것은 이 세상에서 몇 년을 살았느냐가 아니다.#@문장구분# 이 세상에서 얼마만큼 가치 있는 일을 하느냐 하는 것이다고 미국의 작가 오 헨리가 말했다.#@문장구분# 나는 이 세상에서 오래 살았다고 자랑하는 사람을 여태까지 살아오면서 보지 못했다.#@문장구분# 오래 사는 것이 분명 나쁜 것은 아니지만 그렇다고 오래 사는 것이 아주 가치 있다고는 판단하기 어렵다.#@문장구분# 가늘고 길게, 가치 없이 오래 살아오신 분들이 많을 수도 있기 때문이다.#@문장구분# 나는 이렇게 생각합니다.#@문장구분# 어차피 우리네 인생이 장강유수라하면 말없이 조용히 흘러가기보다 물방울이라도 한번 터뜨려 보고 흘러보자고 말이다.#@문장구분# 그리고 하루를 살더라도 굵게 살아보자고 말이다.#@문장구분# 설사 누가 아니 알아주더라도 확신에 찬 삶을 살아가자는 그 말이다.#@문장구분# 실제로 비록 짧은 삶을 살다 갔지만 오랜 세월을 산 사람보다 훨씬 많이 가치 있는 업적을 이룬 사람이 많다.#@문장구분# 어쩌면 인생이 평면이 아니라면 그 분들의 삶의 부피가 입체적인 크기로 볼 때 더 클지도 모르겠다.#@문장구분# 너무나 엄청나게 굵은 인생이기에, 너무나 큰 영향을 끼친 인생이기에 그런 생각이 들었다.#@문장구분# 인간은 정말로 소중한 것이 무엇인지 잃어 버리고서야 통감한다.#@문장구분# 우리는 살아 면서 늘 내 곁에 있어 주어서 그 소중함을 잊고 살아가고 있다는 사실이다.#@문장구분# 다시 한번 주변을 둘러보면 좋겠다.#@문장구분# 무엇이 진짜 소중한 것인지 알 수 있다.#@문장구분# 진짜 소중한 것을 찾았다면 절대 그것을 놓치지 않으면 참 좋겠다.#@문장구분# 가장 소중한 것을 지키는 방법이 변화된 우리가 거기에 있다.#@문장구분# 오랜 시간을 돌고 돌아서 다시 만나는 그 간절한 시간을 내내 달려가던 우리지만 자신이 필요한 곳에서 제대로 행동할 수 있는 선택을 한다.#@문장구분#",
      "paragraph_len": 1193,
      "paragraph_id": "001"
    }
  ],
  "score": {
    "paragraph_score": [
      {
        "paragraph_scoreT": [
          3,
          3,
          3
        ],
        "paragraph_scoreT_detail": {
          "paragraph_scoreT_exp": [
            [
              3,
              3,
              3
            ],
            [
              3,
              3,
              3
            ],
            [
              3,
              3,
              3
            ]
          ]
        },
        "paragraph_scoreT_avg": 3,
        "paragraph_id": "001"
      }
    ],
    "essay_scoreT": [
      30,
      28.5,
      22
    ],
    "essay_scoreT_avg": 26.833334,
    "essay_scoreT_detail": {
      "essay_scoreT_org": [
        [
          3,
          3,
          3,
          3
        ],
        [
          3,
          3,
          3,
          3
        ],
        [
          3,
          3,
          3,
          3
        ]
      ],
      "essay_scoreT_cont": [
        [
          3,
          3,
          0,
          3
        ],
        [
          3,
          2,
          0,
          3
        ],
        [
          1,
          1,
          0,
          1
        ]
      ],
      "essay_scoreT_exp": [
        [
          3,
          3,
          3
        ],
        [
          3,
          3,
          3
        ],
        [
          3,
          3,
          3
        ]
      ]
    }
  },
  "student": {
    "date": "2021.12.16",
    "student_educated": true,
    "student_grade": "고등_1학년",
    "location": "063",
    "student_grade_group": "고등",
    "student_reading": 2
  },
  "rubric": {
    "essay_grade": "고등_1학년",
    "organization_weight": {
      "org_paragraph": 2,
      "org": 2,
      "org_essay": 4,
      "org_coherence": 2,
      "org_quantity": 1
    },
    "essay_type": "글짓기",
    "content_weight": {
      "con_clearance": 4,
      "con_novelty": 3,
      "con": 4,
      "con_prompt": 0,
      "con_description": 1
    },
    "essay_main_subject": "소중함을 잃었던 경험",
    "expression_weight": {
      "exp_style": 1,
      "exp_grammar": 2,
      "exp_vocab": 3,
      "exp": 4
    }
  },
  "correction": [],
  "info": {
    "essay_id": "ESSAY_65837",
    "essay_prompt": " 익숙함에 속아 소중함을 잊지 말자는 명언 (Do not get fooled by something familiar and forget what is priceless.)이 있습니다.\n\n 부모님께서 매일 해주시는 아침밥이나, 너무 친해서 매일 맛있는 간식을 사주는 친구 등 처음에는 매우 감사했지만 반복되는 호의에 우리는 소중함을 잊어가기도 합니다.\n\n 작은 소중함일지라도 그 소중함을 잃게 되면 호의를 베푸는 사람 입장에서는 매우 당황스럽고 기분이 나쁠 수 있어요.\n\n 여러분은 익숙함에 속아 소중함을 잊었던 사례와 그로 인해 상대방의 기분을 나쁘게 했던 경험이 있나요? 만약 있다면 관계를 회복하기 위해 어떤 노력을 하셨나요? 본인의 경험을 작성해주세요.\n\n 만약 그런 적이 없다면 주변의 이야기나 본인에게 소중함을 주는 사람들에 관해 설명해주세요.",
    "essay_type": "글짓기",
    "essay_level": "2",
    "essay_len": 814,
    "essay_main_subject": "소중함을 잃었던 경험"
  }
}