{
  "paragraph": [
    {
      "paragraph_txt": "난 외향적인 사람이다.#@문장구분# 누구에게나 낯을 가리지 않고 다가가던 그런 사람.#@문장구분# 그만큼 발도 넓었고 모두 다같이 많은 친구를 알고 지내는 것이 좋은 것이라 생각했다.#@문장구분# 그렇다보니 깊은 관계는 없었고, 친구보다 나의 이익이 먼저였고 그건 나와 모인 친구들도 마찬가지였다.#@문장구분# 심심하면 불러서 우정이 먼저인 듯 하였고 그게 아니고선 연락조차 없었다.#@문장구분# 어느 순간 내가 정말 친구라는 존재가 필요할 때, 위로가 필요하고, 내 편이 필요할 땐 아무도 없었다.#@문장구분# 그렇게 나는 내가 원하는 삶이 마냥 처량하게 공허한 벌판에 혼자 서 있는 것 같은 느낌을 받았다.#@문장구분# 나에겐 아무것도 남은게 없었다.#@문장구분# 그 공허한 벌판에서 날 꺼내준 건 다름 아닌 나와 다른 성격을 갖고 있어 별로 친하다 생각하지 않은 친구였다.#@문장구분# 오히려 그 친구가 나를 수용해주었고 그때의 친구는 마치 공허한 벌판에 따뜻한 햇빛과도 같았으며 시원한 바람과도 같았다.#@문장구분# 그렇게 나도 따뜻한 위로를 받고 가식적으로 사람 앞에서 착한 척, 있어보이는 척, 내가 아닌 다른 사람을 연기하는 건 그만두기로 했다.#@문장구분# 마음 가는대로 살다보면 나를 찾을 수 있을 거라고 생각했고, 그렇게 그 후로 난 다양한 경험을 하려 노력했다.#@문장구분# 내가 원래하던 운동도 다른 환경에 가서 해보고 다른 운동도 해보고 혼자 배낭여행을 떠나보기도 했다.#@문장구분# 아직까지 내가 누구인가에 대한 진정한 답은 나오지 않았지만, 어린아이에서 조금은 큰 것 같은 느낌이 든다.#@문장구분# 난 친구라는 익숙함에 속아 나와 다른 친구를 잃었고 그 나와 다른 친구로 인해서 다시 친구를 얻었다.#@문장구분# 소중함이라는건 내 주위 모든 것들에게 적용되는 것 같다.#@문장구분# 친구, 가족들 까지도 전부. 모든 것을 소중히 여겨야 겠다#@문장구분#",
      "paragraph_len": 1162,
      "paragraph_id": "001"
    }
  ],
  "score": {
    "paragraph_score": [
      {
        "paragraph_scoreT": [
          2.6666667,
          2.5,
          2.6666667
        ],
        "paragraph_scoreT_detail": {
          "paragraph_scoreT_exp": [
            [
              2,
              3,
              3
            ],
            [
              2,
              3,
              2
            ],
            [
              2,
              3,
              3
            ]
          ]
        },
        "paragraph_scoreT_avg": 2.6111114,
        "paragraph_id": "001"
      }
    ],
    "essay_scoreT": [
      26.666668,
      26.055555,
      28.666668
    ],
    "essay_scoreT_avg": 27.12963,
    "essay_scoreT_detail": {
      "essay_scoreT_org": [
        [
          3,
          3,
          3,
          3
        ],
        [
          3,
          2,
          3,
          3
        ],
        [
          3,
          3,
          3,
          3
        ]
      ],
      "essay_scoreT_cont": [
        [
          2,
          3,
          0,
          3
        ],
        [
          3,
          2,
          0,
          3
        ],
        [
          3,
          3,
          0,
          3
        ]
      ],
      "essay_scoreT_exp": [
        [
          2,
          3,
          3
        ],
        [
          2,
          3,
          2
        ],
        [
          2,
          3,
          3
        ]
      ]
    }
  },
  "student": {
    "date": "2021.12.13",
    "student_educated": true,
    "student_grade": "고등_1학년",
    "location": "063",
    "student_grade_group": "고등",
    "student_reading": 1
  },
  "rubric": {
    "essay_grade": "고등_1학년",
    "organization_weight": {
      "org_paragraph": 2,
      "org": 2,
      "org_essay": 4,
      "org_coherence": 2,
      "org_quantity": 1
    },
    "essay_type": "글짓기",
    "content_weight": {
      "con_clearance": 4,
      "con_novelty": 3,
      "con": 4,
      "con_prompt": 0,
      "con_description": 1
    },
    "essay_main_subject": "소중함을 잃었던 경험",
    "expression_weight": {
      "exp_style": 1,
      "exp_grammar": 2,
      "exp_vocab": 3,
      "exp": 4
    }
  },
  "correction": [],
  "info": {
    "essay_id": "ESSAY_71934",
    "essay_prompt": " 익숙함에 속아 소중함을 잊지 말자는 명언 (Do not get fooled by something familiar and forget what is priceless.)이 있습니다.\n\n 부모님께서 매일 해주시는 아침밥이나, 너무 친해서 매일 맛있는 간식을 사주는 친구 등 처음에는 매우 감사했지만 반복되는 호의에 우리는 소중함을 잊어가기도 합니다.\n\n 작은 소중함일지라도 그 소중함을 잃게 되면 호의를 베푸는 사람 입장에서는 매우 당황스럽고 기분이 나쁠 수 있어요.\n\n 여러분은 익숙함에 속아 소중함을 잊었던 사례와 그로 인해 상대방의 기분을 나쁘게 했던 경험이 있나요? 만약 있다면 관계를 회복하기 위해 어떤 노력을 하셨나요? 본인의 경험을 작성해주세요.\n\n 만약 그런 적이 없다면 주변의 이야기나 본인에게 소중함을 주는 사람들에 관해 설명해주세요.",
    "essay_type": "글짓기",
    "essay_level": "2",
    "essay_len": 822,
    "essay_main_subject": "소중함을 잃었던 경험"
  }
}