{
  "paragraph": [
    {
      "paragraph_txt": "익숙함에 속아 소중함을 잊지 말자는 명언은 중학생 때부터 알고 있었지만, 소중한 것을 잃었던 때가 중학생때이다.#@문장구분# 중학교 2학년때 초등학교 때부터 오래알고 지낸 친구가 있었다.#@문장구분# 우연히 같은반이 되었고, 1학기는 그 친구와 평소처럼 잘 지내왔었다. #@문장구분#2학기가 시작되고 얼마지나지 않아 중간고사 시험기간이 시작되었다.#@문장구분# 난 평소처럼 그 친구와 살고있는 집이 가까웠어서 자주 만나 도서관으로 공부 하러 가고는 했다.#@문장구분# 원래 친한 친구끼리는 그 친구가 힘들 때 놀려야 진짜 친한 친구로 여겨져 왔었다.#@문장구분# 그래서 친구가 힘든일이 생겼을 때 서로 더 많이 놀렸던거 같다.#@문장구분# 그 속에서 위기가 몇 번 있긴 했지만 모두 수월하게 지나갔고, 이번 일 또한 그렇게 지나갈 줄 알았다.#@문장구분#근데 이번엔 약간 느낌이 평소와는 달랐지만, 난 그럼에도 평소처럼 친구의 속을 살살 긁었다.#@문장구분# 그때 친구가 화를 내면서 도서관을 나갔다#@문장구분# 왜 그랬는지 모르지만 쫒아가서 잡으면 자존심이 상할 거 같았다.#@문장구분# 전화를 해봤지만 역시 받지 않았고, 도서관에 나 혼자 앉아있게 되었다.#@문장구분# 다음날이 되어도 우린 서로 말을 걸지 않았고 약 3주간 지속되었다. #@문장구분#어느덧 시험 보기 1주일 전이 되었다.#@문장구분# 친구와의 문제 때문에 공부는 눈에 들어오지도 않았고, 멍하게 지냈다.#@문장구분# 이대로는 안되겠다 싶어서 몰려다니는 주변 친구들과 저녁약속을 잡아 도움을 받기로 했다.#@문장구분# 혼자 나서서 해결하지엔 자존심이 상했나 보다.#@문장구분# 10명정도 모였고 그 중 한 친구가 나와 싸운 친구를 불렀다.#@문장구분# 그 무리중에 내가 있다는 말만 빼고 불렀다.#@문장구분# 그 친구가 와보니 내가 있었고 우린 서로 서먹해져있었다.#@문장구분# 도서관에 가서 공부를 마치고 노래방에 10시까지 놀았다.#@문장구분# 물론 눈치 보느라 제대로 놀지 못했다.#@문장구분# 그리고 친구집에 가 게임을 하는데 원래 안친한 사람 둘이 피시방에 넣어놓으면 친해져서 나오는게 전통이었다.#@문장구분# 그래서 비슷한 방식으로 우린 게임을 하게되었고, 게임 한판이 끝났을 무렵엔 자연스럽게 제법 많은 말을 섞고 있었다.#@문장구분# 우리 둘다 인지하지 못했다.#@문장구분# 말하고 있었단 것을.#@문장구분# 내 잘못이 맞지만 사과하기엔 내 자존심이 따르지 않았던 나는 지금 아니면 안되겠다 싶어서 따로 불렀다.#@문장구분#친구집 근처 편의점으로 가서 내 간식과 친구 간식까지 내가 사서 어색하게 간식을 건냈다.#@문장구분# 사과를 우물쭈물 거리며 하고 그 친구가 나한테 웃으면서 이딴거 오글거리면서 이딴거 하지 말라고 욕을 하면서 말했다.#@문장구분# 욕을 들으니 마음이 편해졌다.#@문장구분# 다시 돌아온거 같아 시원한 기분을 받았고, 마음졸인 시간들이 식은땀과 함께 내려간 듯 했다.#@문장구분# 다시 친해진 우리는 일주일내내 놀았고 시험을 서로 망쳤다.#@문장구분# 근데 기분이 좋았다. #@문장구분#시험을 망친 충격보다 친구를 잃었던 3주의 충격이 더 컸던거 같다.#@문장구분# \n화해하기 위해서 게임을 해야겠다는 교훈을 얻었고, 선을 넘지 말자고 다짐했다.#@문장구분#",
      "paragraph_len": 2058,
      "paragraph_id": "001"
    }
  ],
  "score": {
    "paragraph_score": [
      {
        "paragraph_scoreT": [
          2.8333333,
          3,
          2.5
        ],
        "paragraph_scoreT_detail": {
          "paragraph_scoreT_exp": [
            [
              3,
              3,
              2
            ],
            [
              3,
              3,
              3
            ],
            [
              2,
              3,
              2
            ]
          ]
        },
        "paragraph_scoreT_avg": 2.7777777,
        "paragraph_id": "001"
      }
    ],
    "essay_scoreT": [
      25.833332,
      29.555555,
      24.222221
    ],
    "essay_scoreT_avg": 26.537035,
    "essay_scoreT_detail": {
      "essay_scoreT_org": [
        [
          3,
          3,
          3,
          3
        ],
        [
          3,
          3,
          2,
          3
        ],
        [
          2,
          2,
          2,
          3
        ]
      ],
      "essay_scoreT_cont": [
        [
          2,
          2,
          0,
          3
        ],
        [
          3,
          3,
          0,
          3
        ],
        [
          2,
          3,
          0,
          3
        ]
      ],
      "essay_scoreT_exp": [
        [
          3,
          3,
          2
        ],
        [
          3,
          3,
          3
        ],
        [
          2,
          3,
          2
        ]
      ]
    }
  },
  "student": {
    "date": "2021.10.21",
    "student_educated": true,
    "student_grade": "고등_1학년",
    "location": "063",
    "student_grade_group": "고등",
    "student_reading": 2
  },
  "rubric": {
    "essay_grade": "고등_1학년",
    "organization_weight": {
      "org_paragraph": 2,
      "org": 2,
      "org_essay": 4,
      "org_coherence": 2,
      "org_quantity": 1
    },
    "essay_type": "글짓기",
    "content_weight": {
      "con_clearance": 4,
      "con_novelty": 3,
      "con": 4,
      "con_prompt": 0,
      "con_description": 1
    },
    "essay_main_subject": "소중함을 잃었던 경험",
    "expression_weight": {
      "exp_style": 1,
      "exp_grammar": 2,
      "exp_vocab": 3,
      "exp": 4
    }
  },
  "correction": [],
  "info": {
    "essay_id": "ESSAY_42726",
    "essay_prompt": " 익숙함에 속아 소중함을 잊지 말자는 명언 (Do not get fooled by something familiar and forget what is priceless.)이 있습니다.\n\n 부모님께서 매일 해주시는 아침밥이나, 너무 친해서 매일 맛있는 간식을 사주는 친구 등 처음에는 매우 감사했지만 반복되는 호의에 우리는 소중함을 잊어가기도 합니다.\n\n 작은 소중함일지라도 그 소중함을 잃게 되면 호의를 베푸는 사람 입장에서는 매우 당황스럽고 기분이 나쁠 수 있어요.\n\n 여러분은 익숙함에 속아 소중함을 잊었던 사례와 그로 인해 상대방의 기분을 나쁘게 했던 경험이 있나요? 만약 있다면 관계를 회복하기 위해 어떤 노력을 하셨나요? 본인의 경험을 작성해주세요.\n\n 만약 그런 적이 없다면 주변의 이야기나 본인에게 소중함을 주는 사람들에 관해 설명해주세요.",
    "essay_type": "글짓기",
    "essay_level": "2",
    "essay_len": 1362,
    "essay_main_subject": "소중함을 잃었던 경험"
  }
}