{
  "paragraph": [
    {
      "paragraph_txt": "익숙함에 속아 소중함을 잊지말자 이 구절은 생택쥐페리의 어린 왕자 책의 한 구절이다.#@문장구분# 짧지만 이 쉬운 말은 연인 혹은 부모자식 관계에서 당연하게 느껴졌던 관계가 끊어졌을 때 뒤늦게 후회하지 말라는 의미로 알려져있다.#@문장구분#익숙함은 우리 모두가 가지고있고 알고있는 느낌이다.#@문장구분# 익숙함은 우리가 자주 느끼는 것을 의미하며 보통 불편하지않고 편한상태를 말한다.#@문장구분# 하지만 익숙함은 그 무엇보다 무서운 존재가 될 수 있다.#@문장구분# 내가 어렸을 적 나는 아버지에게 내 생에 가장 후회스러운 행동을 한 적 이 있다.#@문장구분# 아버지의 생일날 이었다. #@문장구분#나는 어머니에게 아버지의 선물을 준비해달라는 부탁을 받았지만 나는 대수롭게 여기지 않고 완전히 까먹고 있었다.#@문장구분#결국 선물은 준비도 하지 못한채 아버지는 일을 끝마치고 집으로 돌아왔다.#@문장구분#아버지가 돌아온 순간 나는 완전히 까먹고있던 아버지의 생일과 선물을 생각해냈고 나는 어쩔줄몰라하다 아버지가 생일 선물을 챙겼냐는 말에 나는 아무생각도 없이 당황한채로 없다고 했다.#@문장구분# 그리고 아버지는 어떻게 편지한편도 준비하지 않았냐 했고 나는 그 전에 가지고있던 섭섭함과 함께 그럼 아버지는 나에게 어떤 것을 해주었냐고 말을 순간적으로 뱉어버린 것 이다.#@문장구분# 아버지와 어머니는 그 말에 화가 나셨는지 나를 혼내키고 벌을 주었다.#@문장구분# 그럴만도 하다.#@문장구분# 아버지와 어머니는 내게 키워주며 생일도 챙겨주고 사랑도 해주셨기에 화가 날 만도 했다.#@문장구분# 하지만 나는 그런 생각도 하지 못하고 그만 그런 말을 내뱉은 것 이다.#@문장구분# 그 후로 아버지와의 관계는 어색한 관계로 이틀 정도만 지속되었고 점차 어색함이 사라지며 다시 일상으로 돌아왔다.#@문장구분# 하지만 이 일로인해 그 이틀간은 너무 후회스럽고 슬펐고 고통스러웠다.#@문장구분#하지만 이 일로인해 아직도 아버지의 생일이 다가오면 이 일이 갑작스럽게 생각나기도 하며 후회를 다시 하기도 하고 작년엔 아버지의 생일 케이크를 직접구매해 가기도하였다.#@문장구분#이 일은 매일 나를 사랑해주던 아버지의 익숙함에 속아 소중한 아버지와의 관계를 부쉈고 지금은 괜찮지만 이 일이 생각날때마다 후회스럽다.#@문장구분# 만일 지금이라도 돌아가서 제대로 선물을 드릴 수 있다면 무조건 편지한장이라도 정성을 담아 쓸 것 이다.#@문장구분# 익숙함에 속아 소중함을 잃는 일 그것은 무엇보다도 내가 느낀 가장 고통스러운 일 이었고 다시는 일어나질 않길 바라는 일이다.#@문장구분#",
      "paragraph_len": 1539,
      "paragraph_id": "001"
    }
  ],
  "score": {
    "paragraph_score": [
      {
        "paragraph_scoreT": [
          3,
          3,
          2.8333333
        ],
        "paragraph_scoreT_detail": {
          "paragraph_scoreT_exp": [
            [
              3,
              3,
              3
            ],
            [
              3,
              3,
              3
            ],
            [
              3,
              3,
              2
            ]
          ]
        },
        "paragraph_scoreT_avg": 2.9444444,
        "paragraph_id": "001"
      }
    ],
    "essay_scoreT": [
      30,
      29.555555,
      27.333332
    ],
    "essay_scoreT_avg": 28.962961,
    "essay_scoreT_detail": {
      "essay_scoreT_org": [
        [
          3,
          3,
          3,
          3
        ],
        [
          3,
          3,
          2,
          3
        ],
        [
          3,
          3,
          3,
          3
        ]
      ],
      "essay_scoreT_cont": [
        [
          3,
          3,
          0,
          3
        ],
        [
          3,
          3,
          0,
          3
        ],
        [
          2,
          3,
          0,
          3
        ]
      ],
      "essay_scoreT_exp": [
        [
          3,
          3,
          3
        ],
        [
          3,
          3,
          3
        ],
        [
          3,
          3,
          2
        ]
      ]
    }
  },
  "student": {
    "date": "2021.10.24",
    "student_educated": true,
    "student_grade": "고등_1학년",
    "location": "063",
    "student_grade_group": "고등",
    "student_reading": 1
  },
  "rubric": {
    "essay_grade": "고등_1학년",
    "organization_weight": {
      "org_paragraph": 2,
      "org": 2,
      "org_essay": 4,
      "org_coherence": 2,
      "org_quantity": 1
    },
    "essay_type": "글짓기",
    "content_weight": {
      "con_clearance": 4,
      "con_novelty": 3,
      "con": 4,
      "con_prompt": 0,
      "con_description": 1
    },
    "essay_main_subject": "소중함을 잃었던 경험",
    "expression_weight": {
      "exp_style": 1,
      "exp_grammar": 2,
      "exp_vocab": 3,
      "exp": 4
    }
  },
  "correction": [],
  "info": {
    "essay_id": "ESSAY_42721",
    "essay_prompt": " 익숙함에 속아 소중함을 잊지 말자는 명언 (Do not get fooled by something familiar and forget what is priceless.)이 있습니다.\n\n 부모님께서 매일 해주시는 아침밥이나, 너무 친해서 매일 맛있는 간식을 사주는 친구 등 처음에는 매우 감사했지만 반복되는 호의에 우리는 소중함을 잊어가기도 합니다.\n\n 작은 소중함일지라도 그 소중함을 잃게 되면 호의를 베푸는 사람 입장에서는 매우 당황스럽고 기분이 나쁠 수 있어요.\n\n 여러분은 익숙함에 속아 소중함을 잊었던 사례와 그로 인해 상대방의 기분을 나쁘게 했던 경험이 있나요? 만약 있다면 관계를 회복하기 위해 어떤 노력을 하셨나요? 본인의 경험을 작성해주세요.\n\n 만약 그런 적이 없다면 주변의 이야기나 본인에게 소중함을 주는 사람들에 관해 설명해주세요.",
    "essay_type": "글짓기",
    "essay_level": "2",
    "essay_len": 1124,
    "essay_main_subject": "소중함을 잃었던 경험"
  }
}