{
  "paragraph": [
    {
      "paragraph_txt": "요즘 사회가 점점 핵가족화되고 1인 가구가 늘어가면서 외로워지고 개인주의 사회가 되다보니 그래서인지 모르겠으나 반려견을 키우고 내 자식처럼 키우게 되는 가정이 늘어나고 있다.#@문장구분# 반려견이란 또는 애완견은 한 가족처럼 사람과 더불어 살아가는 개를 가리킨다.#@문장구분# 반려견은 보호자와의 정서적 교류를 위해 함께 생활하는 개이다.#@문장구분# 반려견은 보호자와의 관계에서 서로 이해를 바탕으로 사회성 교육을 받아 가정에서뿐만아니라 산책,반려견놀이터등에서 사회적 활동을 할 수 있도록 학습한다.#@문장구분# 심리학에서뿐만아니라 사회학적으로도 반려견을 가족의 구성원으로 인정하고 있다는 추세이다.#@문장구분# 자식보다 더한 존재로 귀하게 여기고 키우는 가정이 늘어나고 있다.#@문장구분# 하지만 일부에서는 반려견이라는 단어에 대해 반대하기도 한다.#@문장구분# 인간과 개나 기타 동물은 반려라고 불릴만한 동급의 존재가 아니고 서로간 완전한 의사소통과 교감을 하고 의식을 완전히 공유 하기에는 무리가 있다는 점이다.#@문장구분# 즉 반려라는 개념을 대입하기엔 무리가 있다는 시각도 존재하는 것이다.#@문장구분# 강아지나 기타 다른 동물을 키우는 동기원인이 다양하게 존재하지만 그 중 인간의 만족을 위해 선택되어 사육되는 동물에 지나지 않는다는 이유에서 근거하여 반려견이라는 표현에 대해 반대 하는 의견도 소수 존재하기도 한다.#@문장구분# 나도 어릴 적 외할머니집에서 자랐을때 잠시 키우던 강아지가 있었는데, 꽤나 친해게 지냈던 기억이 있다.#@문장구분# 그런데 이제 집으로 돌아오면서 그 강아지와 일상을 함께 했던 기억이나 추억들이 지금 생각해보면 친구나 다름없이 친하게 지냈었는데라고 생각하며 갑자기 그리워진다.#@문장구분#",
      "paragraph_len": 1013,
      "paragraph_id": "001"
    }
  ],
  "score": {
    "paragraph_score": [
      {
        "paragraph_scoreT": [
          2.6666667,
          2.6666667,
          2.1666667
        ],
        "paragraph_scoreT_detail": {
          "paragraph_scoreT_exp": [
            [
              2,
              3,
              3
            ],
            [
              2,
              3,
              3
            ],
            [
              2,
              2,
              3
            ]
          ]
        },
        "paragraph_scoreT_avg": 2.5,
        "paragraph_id": "001"
      }
    ],
    "essay_scoreT": [
      24.666668,
      25.777779,
      25.777779
    ],
    "essay_scoreT_avg": 25.40741,
    "essay_scoreT_detail": {
      "essay_scoreT_org": [
        [
          3,
          3,
          3,
          3
        ],
        [
          2,
          3,
          3,
          3
        ],
        [
          2,
          3,
          3,
          3
        ]
      ],
      "essay_scoreT_cont": [
        [
          2,
          2,
          0,
          2
        ],
        [
          2,
          3,
          0,
          3
        ],
        [
          3,
          3,
          0,
          3
        ]
      ],
      "essay_scoreT_exp": [
        [
          2,
          3,
          3
        ],
        [
          2,
          3,
          3
        ],
        [
          2,
          2,
          3
        ]
      ]
    }
  },
  "student": {
    "date": "2021.12.21",
    "student_educated": true,
    "student_grade": "고등_1학년",
    "location": "063",
    "student_grade_group": "고등",
    "student_reading": 2
  },
  "rubric": {
    "essay_grade": "고등_1학년",
    "organization_weight": {
      "org_paragraph": 2,
      "org": 2,
      "org_essay": 4,
      "org_coherence": 2,
      "org_quantity": 1
    },
    "essay_type": "글짓기",
    "content_weight": {
      "con_clearance": 4,
      "con_novelty": 3,
      "con": 4,
      "con_prompt": 0,
      "con_description": 1
    },
    "essay_main_subject": "소중함을 잃었던 경험",
    "expression_weight": {
      "exp_style": 1,
      "exp_grammar": 2,
      "exp_vocab": 3,
      "exp": 4
    }
  },
  "correction": [],
  "info": {
    "essay_id": "ESSAY_72096",
    "essay_prompt": " 익숙함에 속아 소중함을 잊지 말자는 명언 (Do not get fooled by something familiar and forget what is priceless.)이 있습니다.\n\n 부모님께서 매일 해주시는 아침밥이나, 너무 친해서 매일 맛있는 간식을 사주는 친구 등 처음에는 매우 감사했지만 반복되는 호의에 우리는 소중함을 잊어가기도 합니다.\n\n 작은 소중함일지라도 그 소중함을 잃게 되면 호의를 베푸는 사람 입장에서는 매우 당황스럽고 기분이 나쁠 수 있어요.\n\n 여러분은 익숙함에 속아 소중함을 잊었던 사례와 그로 인해 상대방의 기분을 나쁘게 했던 경험이 있나요? 만약 있다면 관계를 회복하기 위해 어떤 노력을 하셨나요? 본인의 경험을 작성해주세요.\n\n 만약 그런 적이 없다면 주변의 이야기나 본인에게 소중함을 주는 사람들에 관해 설명해주세요.",
    "essay_type": "글짓기",
    "essay_level": "2",
    "essay_len": 773,
    "essay_main_subject": "소중함을 잃었던 경험"
  }
}