{
  "paragraph": [
    {
      "paragraph_txt": "중학교때 봉사활동으로 보육원에 간 적이 있습니다.#@문장구분# 보육원은 어린 아이들이 부모님의 보호를 받지 못하기때문에 기관의 보호를 받는 곳으로 어린 갓난아기들이 있는 방부터 초등학생 들이 있는 곳까지 있었습니다.#@문장구분# 중학생인 제가 할수 있는 봉사는 어린 아이들과 놀아주고 갓난 아기들을 안아주거나 방을 정리하는 청소를 도와주는 등 간단한 일밖에 할일이 없었습니다.#@문장구분# 봉사활동을 갔을 때가 겨울이었는데 이상하게도 그곳은 더 춥게 느껴졌습니다.#@문장구분# 유치원 아이들의 손을 잡았는데 유난히 차게 느껴져서 두손으로 꼭 잡아주었습니다.#@문장구분# 어떤 친구는 이상하게 발이 시럽다며 자기 양말을 벗어서 유치원 아이에게 신겨주고 왔습니다.#@문장구분# 그런데 지금 생각해 보니 그 기관이 추운것이 아니라 어린마음에 우리보다 조금 어린 아이들이 부모의 돌봄을 받지 못하고 그곳에 버려져 있다는 사실에 마음이 시린것은 아니었을까 하는 생각이 듭니다.#@문장구분# 요즈음은 코로나로 인해서 봉사활동 자체가 모두 자유롭지 못한 현실에 처해 있습니다.#@문장구분# 엄마께서도 봉사활동 단체에서 활동하시면서 노인분들 봉사를 다니는데 요새 통 봉사를 나가지 못한다고 말씀하십니다.#@문장구분# 자원봉사활동은 국가에서 해결되지 않는 복지 사각지대의 사람들에게 조금이나마 힘이 되어 드리는 활동이라고 생각합니다.#@문장구분# 봉사 받는 사람은 힘이 되고 봉사하는 사람은 보람과 행복감을 느낄 수 있는 나자신을 위한 일이라고 생각합니다.#@문장구분# 그리고 봉사활동을 함으로써 우리네 삶의 소중함을 일깨워주며 내 삶을 재확인하는 기회를 만들어주는 행동입니다.#@문장구분# 코로나 이전 일상생활로 돌아가게 된다면 저는 엄마와 봉사활동을 더 적극적으로 나갈 것입니다.#@문장구분# 그리고 소외계층에게 따뜻한 손길이 되어줄수 있도록 그들에게 조금이나 힘이 되어줄수 있도록 참여하도록 할것입니다.#@문장구분#",
      "paragraph_len": 1136,
      "paragraph_id": "001"
    }
  ],
  "score": {
    "paragraph_score": [
      {
        "paragraph_scoreT": [
          2.5,
          2.6666667,
          3
        ],
        "paragraph_scoreT_detail": {
          "paragraph_scoreT_exp": [
            [
              2,
              3,
              2
            ],
            [
              2,
              3,
              3
            ],
            [
              3,
              3,
              3
            ]
          ]
        },
        "paragraph_scoreT_avg": 2.7222223,
        "paragraph_id": "001"
      }
    ],
    "essay_scoreT": [
      26.5,
      27.166668,
      30
    ],
    "essay_scoreT_avg": 27.888891,
    "essay_scoreT_detail": {
      "essay_scoreT_org": [
        [
          3,
          3,
          3,
          3
        ],
        [
          3,
          3,
          3,
          3
        ],
        [
          3,
          3,
          3,
          3
        ]
      ],
      "essay_scoreT_cont": [
        [
          3,
          2,
          0,
          3
        ],
        [
          3,
          2,
          0,
          3
        ],
        [
          3,
          3,
          0,
          3
        ]
      ],
      "essay_scoreT_exp": [
        [
          2,
          3,
          2
        ],
        [
          2,
          3,
          3
        ],
        [
          3,
          3,
          3
        ]
      ]
    }
  },
  "student": {
    "date": "2021.12.15",
    "student_educated": true,
    "student_grade": "고등_1학년",
    "location": "063",
    "student_grade_group": "고등",
    "student_reading": 2
  },
  "rubric": {
    "essay_grade": "고등_1학년",
    "organization_weight": {
      "org_paragraph": 2,
      "org": 2,
      "org_essay": 4,
      "org_coherence": 2,
      "org_quantity": 1
    },
    "essay_type": "글짓기",
    "content_weight": {
      "con_clearance": 4,
      "con_novelty": 3,
      "con": 4,
      "con_prompt": 0,
      "con_description": 1
    },
    "essay_main_subject": "소중함을 잃었던 경험",
    "expression_weight": {
      "exp_style": 1,
      "exp_grammar": 2,
      "exp_vocab": 3,
      "exp": 4
    }
  },
  "correction": [],
  "info": {
    "essay_id": "ESSAY_62964",
    "essay_prompt": " 익숙함에 속아 소중함을 잊지 말자는 명언 (Do not get fooled by something familiar and forget what is priceless.)이 있습니다.\n\n 부모님께서 매일 해주시는 아침밥이나, 너무 친해서 매일 맛있는 간식을 사주는 친구 등 처음에는 매우 감사했지만 반복되는 호의에 우리는 소중함을 잊어가기도 합니다.\n\n 작은 소중함일지라도 그 소중함을 잃게 되면 호의를 베푸는 사람 입장에서는 매우 당황스럽고 기분이 나쁠 수 있어요.\n\n 여러분은 익숙함에 속아 소중함을 잊었던 사례와 그로 인해 상대방의 기분을 나쁘게 했던 경험이 있나요? 만약 있다면 관계를 회복하기 위해 어떤 노력을 하셨나요? 본인의 경험을 작성해주세요.\n\n 만약 그런 적이 없다면 주변의 이야기나 본인에게 소중함을 주는 사람들에 관해 설명해주세요.",
    "essay_type": "글짓기",
    "essay_level": "2",
    "essay_len": 856,
    "essay_main_subject": "소중함을 잃었던 경험"
  }
}