{
  "paragraph": [
    {
      "paragraph_txt": "코로나 19로 인하여 나에게는 너무나도 당연해버렸던 일상이 사라져버렸다.#@문장구분# 코로나 19이전 나에게 너무 익숙하였던 일상이 익숙하지 않게 된 것이다. #@문장구분#지금 거의 3년째 코로나 19가 지속되어 코로나 사태 이전의 삶도 어떻게 살았는지 거의 기억나지 않고 코로나 이전에는 학교가는 것 하교이후에 친구들과 같이 피시방에 가는것도 너무 익숙해져있었고 당연했는데 이제는 그것이 그렇지 않게 된 것이였다.#@문장구분# 그때서야 내 머릿속에 한가지 생각이 들었다.#@문장구분# 아 내가 너무 익숙함에 속아서 자유로웠던 일상, 학교가는것에 대하여 소중함을 잃고 살게 되었구나 라는 생각이 들었다.#@문장구분# 그럴 수밖에 없는 것이 사람들을 만나는 것을 좋아하는 나로써는 코로나 시국 이후에 집안에만 틀어박혀있는 것이 정말이지 고통스러웠다.#@문장구분# 이것이 내 인생중 제일까진 아니지만 그래도 많이 힘들었을때가 코로나 시국이지 않나 라는 생각을 했다.#@문장구분# 일상에서 얻을 수 있는 자유가 당연하다고 생각하면서 살아가니 이렇게 된거 같다.#@문장구분# 코로나 19가 언제쯤 끝날지는 아직 모르겠지만 만약 다시 원래 일상을 되찾는다면 일상의 소중함을 몸으로 느끼면서 살고싶다.#@문장구분# 물론 시간이 흐르면서 그 일상의 소중함을 다시 잊을수도 있을거다. #@문장구분#하지만 이 글을 쓴 기억은 남아있고 이 기억을 토대로 이후에도 평범한 일상의 소중함에대해 잊지 않도록 노력할 것이다.#@문장구분#",
      "paragraph_len": 877,
      "paragraph_id": "001"
    }
  ],
  "score": {
    "paragraph_score": [
      {
        "paragraph_scoreT": [
          2.8333333,
          3,
          2.6666667
        ],
        "paragraph_scoreT_detail": {
          "paragraph_scoreT_exp": [
            [
              3,
              3,
              2
            ],
            [
              3,
              3,
              3
            ],
            [
              2,
              3,
              3
            ]
          ]
        },
        "paragraph_scoreT_avg": 2.8333333,
        "paragraph_id": "001"
      }
    ],
    "essay_scoreT": [
      26.722221,
      28,
      26.666668
    ],
    "essay_scoreT_avg": 27.12963,
    "essay_scoreT_detail": {
      "essay_scoreT_org": [
        [
          2,
          3,
          3,
          2
        ],
        [
          3,
          3,
          3,
          3
        ],
        [
          3,
          3,
          3,
          3
        ]
      ],
      "essay_scoreT_cont": [
        [
          3,
          2,
          0,
          3
        ],
        [
          3,
          2,
          0,
          2
        ],
        [
          2,
          3,
          0,
          3
        ]
      ],
      "essay_scoreT_exp": [
        [
          3,
          3,
          2
        ],
        [
          3,
          3,
          3
        ],
        [
          2,
          3,
          3
        ]
      ]
    }
  },
  "student": {
    "date": "2021.12.21",
    "student_educated": true,
    "student_grade": "고등_1학년",
    "location": "051",
    "student_grade_group": "고등",
    "student_reading": 2
  },
  "rubric": {
    "essay_grade": "고등_1학년",
    "organization_weight": {
      "org_paragraph": 2,
      "org": 2,
      "org_essay": 4,
      "org_coherence": 2,
      "org_quantity": 1
    },
    "essay_type": "글짓기",
    "content_weight": {
      "con_clearance": 4,
      "con_novelty": 3,
      "con": 4,
      "con_prompt": 0,
      "con_description": 1
    },
    "essay_main_subject": "소중함을 잃었던 경험",
    "expression_weight": {
      "exp_style": 1,
      "exp_grammar": 2,
      "exp_vocab": 3,
      "exp": 4
    }
  },
  "correction": [],
  "info": {
    "essay_id": "ESSAY_75428",
    "essay_prompt": " 익숙함에 속아 소중함을 잊지 말자는 명언 (Do not get fooled by something familiar and forget what is priceless.)이 있습니다.\n\n 부모님께서 매일 해주시는 아침밥이나, 너무 친해서 매일 맛있는 간식을 사주는 친구 등 처음에는 매우 감사했지만 반복되는 호의에 우리는 소중함을 잊어가기도 합니다.\n\n 작은 소중함일지라도 그 소중함을 잃게 되면 호의를 베푸는 사람 입장에서는 매우 당황스럽고 기분이 나쁠 수 있어요.\n\n 여러분은 익숙함에 속아 소중함을 잊었던 사례와 그로 인해 상대방의 기분을 나쁘게 했던 경험이 있나요? 만약 있다면 관계를 회복하기 위해 어떤 노력을 하셨나요? 본인의 경험을 작성해주세요.\n\n 만약 그런 적이 없다면 주변의 이야기나 본인에게 소중함을 주는 사람들에 관해 설명해주세요.",
    "essay_type": "글짓기",
    "essay_level": "2",
    "essay_len": 657,
    "essay_main_subject": "소중함을 잃었던 경험"
  }
}