{
  "paragraph": [
    {
      "paragraph_txt": "인생에서 가장 소중한 것에 우리는 감사하며 살아야 합니다..#@문장구분# 이것을 잃어버리면 그 상실감은 정말 크다.#@문장구분# 사람들의 상실감을 잘 보여주는 것은 완전한 자유박탈의 상황에 갇힌 사람들의 감정상태입니다.#@문장구분# 그들의 감사는 환경을 뛰어넘는 그 어떤 것이었습니다.#@문장구분# 2차 세계대전 당시 나치의 강제수용소에서 살아남은 정신과 의사 빅터 프랭클은 인간에게 있는 가장 고귀한 자유는 '반응할 수 있는 자유'라고 말했습니다.#@문장구분# 그의 말대로 어떤 극한의 환경 속에서도 감사라는 반응을 할 수 있는 자유가 인간에게는 있습니다.#@문장구분# 멘토들의 이야기도 프랭클의 말과 비슷했습니다.#@문장구분# 한 박사는 과거 독재정권 시대에 민주화 운동을 하면서 감옥살이도 했습니다.#@문장구분# 감방에서 그는 희망이야말로 인간을 존재하게 만드는 원동력이라고 생각했답니다.#@문장구분# 그러다 점차 인생을 살아가면서 희망보다 더 중요한 것이 자기를 비워 낼 수 있는 사랑이라는 사실을 깨달았습니다.#@문장구분# 사랑이야말로 모든 희망의 기초며 죽음보다 강하다는 것을 체험적으로 알게 된 것입니다.#@문장구분# 그런 그가 마지막으로 이야기한 것이 바로 감사입니다.#@문장구분# 인생의 모든 것이 결국은 감사로 귀결된다는 겁니다.#@문장구분# 한 시인은 빙판에 넘어져 고관절을 다친 이후 평생 지팡이를 짚고 다녀야 했습니다.#@문장구분# 지팡이를 의지해 위태롭게 몸을 움직이는 것과 같이 인생길도 결코 평탄치만은 않았습니다.#@문장구분# 부모의 이별, 아버지의 죽음, 오빠와 동생의 짧은 생 등등.#@문장구분# '불같은 사랑' 끝에 결혼했지만 부부는 바빴고, 삶은 언제나 고달팠습니다.#@문장구분# 그럼에도 그는 감사한다고 말했습니다.#@문장구분# 고통속에서 가장 소중한 것을 알게 되었다는 것입니다.#@문장구분#",
      "paragraph_len": 1160,
      "paragraph_id": "001"
    }
  ],
  "score": {
    "paragraph_score": [
      {
        "paragraph_scoreT": [
          2.6666667,
          3,
          3
        ],
        "paragraph_scoreT_detail": {
          "paragraph_scoreT_exp": [
            [
              2,
              3,
              3
            ],
            [
              3,
              3,
              3
            ],
            [
              3,
              3,
              3
            ]
          ]
        },
        "paragraph_scoreT_avg": 2.888889,
        "paragraph_id": "001"
      }
    ],
    "essay_scoreT": [
      24.666668,
      28.5,
      26.5
    ],
    "essay_scoreT_avg": 26.555557,
    "essay_scoreT_detail": {
      "essay_scoreT_org": [
        [
          3,
          3,
          3,
          3
        ],
        [
          3,
          3,
          3,
          3
        ],
        [
          3,
          3,
          3,
          3
        ]
      ],
      "essay_scoreT_cont": [
        [
          2,
          2,
          0,
          2
        ],
        [
          3,
          2,
          0,
          3
        ],
        [
          2,
          2,
          0,
          3
        ]
      ],
      "essay_scoreT_exp": [
        [
          2,
          3,
          3
        ],
        [
          3,
          3,
          3
        ],
        [
          3,
          3,
          3
        ]
      ]
    }
  },
  "student": {
    "date": "2021.12.16",
    "student_educated": true,
    "student_grade": "고등_1학년",
    "location": "041",
    "student_grade_group": "고등",
    "student_reading": 1
  },
  "rubric": {
    "essay_grade": "고등_1학년",
    "organization_weight": {
      "org_paragraph": 2,
      "org": 2,
      "org_essay": 4,
      "org_coherence": 2,
      "org_quantity": 1
    },
    "essay_type": "글짓기",
    "content_weight": {
      "con_clearance": 4,
      "con_novelty": 3,
      "con": 4,
      "con_prompt": 0,
      "con_description": 1
    },
    "essay_main_subject": "소중함을 잃었던 경험",
    "expression_weight": {
      "exp_style": 1,
      "exp_grammar": 2,
      "exp_vocab": 3,
      "exp": 4
    }
  },
  "correction": [],
  "info": {
    "essay_id": "ESSAY_66137",
    "essay_prompt": " 익숙함에 속아 소중함을 잊지 말자는 명언 (Do not get fooled by something familiar and forget what is priceless.)이 있습니다.\n\n 부모님께서 매일 해주시는 아침밥이나, 너무 친해서 매일 맛있는 간식을 사주는 친구 등 처음에는 매우 감사했지만 반복되는 호의에 우리는 소중함을 잊어가기도 합니다.\n\n 작은 소중함일지라도 그 소중함을 잃게 되면 호의를 베푸는 사람 입장에서는 매우 당황스럽고 기분이 나쁠 수 있어요.\n\n 여러분은 익숙함에 속아 소중함을 잊었던 사례와 그로 인해 상대방의 기분을 나쁘게 했던 경험이 있나요? 만약 있다면 관계를 회복하기 위해 어떤 노력을 하셨나요? 본인의 경험을 작성해주세요.\n\n 만약 그런 적이 없다면 주변의 이야기나 본인에게 소중함을 주는 사람들에 관해 설명해주세요.",
    "essay_type": "글짓기",
    "essay_level": "2",
    "essay_len": 780,
    "essay_main_subject": "소중함을 잃었던 경험"
  }
}