{
  "paragraph": [
    {
      "paragraph_txt": "정말 소중한 것은 잃어버리고 난 뒤에야 알게 되는 것이라고 합니다.#@문장구분# 내 손안에 있을 때는 그것의 귀함을 알 수가 없고 그것이 없어지고 나면 그제야 '아 있었으면 좋을 텐데라고 그렇게 아쉬움이 남는 것이랍니다.#@문장구분# 무엇인가 소중한 것을 잃고 난 뒤에야 아쉬움을 느껴보신 일이 있으십니까?#@문장구분# 그 때 그냥 둘 것을 하면서 후회해 본 일이 있으십니까?#@문장구분# 사람이란 그런 것이지요.#@문장구분# 항상 손 닿는 곳에 있을 때는 모르고 있다가 내 손을 떠나고 나면 그렇게나 큰 미련으로 하염없이 아쉬워 하는 그런 것이 그것이 바로 사람의 모습이지요.#@문장구분# 내 주위에 있는 이젠 없어도 될 것 같은 것들 이젠 더 이상 쓸모도 없고 없어도 그다지 아쉽지 않을 것 같은 그런것들의 가치는 어느 정도일까요?#@문장구분# 혹시나 그것들을 잃고 나서야 후회하게 되면 어떻게 할까요?#@문장구분# 가끔은 한발짝 떨어져서 바라봐 줄 필요가 있는 겁니다.#@문장구분# 책을 읽을 적에 너무 눈앞에 바싹대면 무슨 글씨인지 알 수도 없듯이 소중한 것들도 너무나 가까이 있기에 느끼지 못한 것이 아닐까요?#@문장구분# 때로는 내 주위의 모두를 잠시 한발짝 떨어져서 바라보는 시각이 필요한 것 같습니다.#@문장구분# 그래야 잃고 난 뒤에 아쉬운 미련에 매달리는 그런 모습 조금이나마 덜 겪어도 되겠지요.#@문장구분# 모든 것은 너무 가까이에 있을 때는 잘 알지 못한다고 합니다.#@문장구분# 우리는 그러한 경우를 많이 경험했습니다.#@문장구분# 지금도 하고 있구요.#@문장구분# 가까이에 있는 가장 소중한 것을 사랑합시다.#@문장구분#",
      "paragraph_len": 1018,
      "paragraph_id": "001"
    }
  ],
  "score": {
    "paragraph_score": [
      {
        "paragraph_scoreT": [
          3,
          2.1666667,
          3
        ],
        "paragraph_scoreT_detail": {
          "paragraph_scoreT_exp": [
            [
              3,
              3,
              3
            ],
            [
              2,
              2,
              3
            ],
            [
              3,
              3,
              3
            ]
          ]
        },
        "paragraph_scoreT_avg": 2.7222223,
        "paragraph_id": "001"
      }
    ],
    "essay_scoreT": [
      30,
      25.333334,
      30
    ],
    "essay_scoreT_avg": 28.444445,
    "essay_scoreT_detail": {
      "essay_scoreT_org": [
        [
          3,
          3,
          3,
          3
        ],
        [
          2,
          2,
          3,
          3
        ],
        [
          3,
          3,
          3,
          3
        ]
      ],
      "essay_scoreT_cont": [
        [
          3,
          3,
          0,
          3
        ],
        [
          3,
          3,
          0,
          3
        ],
        [
          3,
          3,
          0,
          3
        ]
      ],
      "essay_scoreT_exp": [
        [
          3,
          3,
          3
        ],
        [
          2,
          2,
          3
        ],
        [
          3,
          3,
          3
        ]
      ]
    }
  },
  "student": {
    "date": "2021.12.16",
    "student_educated": true,
    "student_grade": "고등_1학년",
    "location": "041",
    "student_grade_group": "고등",
    "student_reading": 1
  },
  "rubric": {
    "essay_grade": "고등_1학년",
    "organization_weight": {
      "org_paragraph": 2,
      "org": 2,
      "org_essay": 4,
      "org_coherence": 2,
      "org_quantity": 1
    },
    "essay_type": "글짓기",
    "content_weight": {
      "con_clearance": 4,
      "con_novelty": 3,
      "con": 4,
      "con_prompt": 0,
      "con_description": 1
    },
    "essay_main_subject": "소중함을 잃었던 경험",
    "expression_weight": {
      "exp_style": 1,
      "exp_grammar": 2,
      "exp_vocab": 3,
      "exp": 4
    }
  },
  "correction": [],
  "info": {
    "essay_id": "ESSAY_66118",
    "essay_prompt": " 익숙함에 속아 소중함을 잊지 말자는 명언 (Do not get fooled by something familiar and forget what is priceless.)이 있습니다.\n\n 부모님께서 매일 해주시는 아침밥이나, 너무 친해서 매일 맛있는 간식을 사주는 친구 등 처음에는 매우 감사했지만 반복되는 호의에 우리는 소중함을 잊어가기도 합니다.\n\n 작은 소중함일지라도 그 소중함을 잃게 되면 호의를 베푸는 사람 입장에서는 매우 당황스럽고 기분이 나쁠 수 있어요.\n\n 여러분은 익숙함에 속아 소중함을 잊었던 사례와 그로 인해 상대방의 기분을 나쁘게 했던 경험이 있나요? 만약 있다면 관계를 회복하기 위해 어떤 노력을 하셨나요? 본인의 경험을 작성해주세요.\n\n 만약 그런 적이 없다면 주변의 이야기나 본인에게 소중함을 주는 사람들에 관해 설명해주세요.",
    "essay_type": "글짓기",
    "essay_level": "2",
    "essay_len": 698,
    "essay_main_subject": "소중함을 잃었던 경험"
  }
}