{
  "paragraph": [
    {
      "paragraph_txt": "얼마전 나는 영화를 검색하다 오랜전 영화 '2009 로스트메모리즈'라는 영화를 보게 되었다.#@문장구분# 영화의 줄거리는 과거 우리는 일본으로부터 독립을 하지 못한 상황이라면이라는 가정하에 시작된다 동아시아 일대는 일본제국이라는 이름하에 조선은 지구상 어디에서도 자취를 찾을 수 없었고 서울은 일본의 식민지로 전락하여 일본의 한 도시로 존재하고 있으며 서울 반정부 레지스탕스 후레이센진과 일본 거물급 인사들의 싸움이 일어나는 시기이다.#@문장구분# 이런 시기에 후레이센진을 주축으로한 반정부테로가 발생하고 이 테러 사건을 재조사 하는 과정에서 조센징의 후예이지만 본인이 일본국민임을 자부하며 살던 한 경찰이 이 사건에 휘말리면서 국가가 없는 민족이 어떻게 되는지를 처절하게 보여주는 영화였다. #@문장구분#이 경찰은 다시 과거 재국주의 시대로 타임슬립을 하게되고 다시금 조선이 독립을 할수 있을지 없을지 기로에 서게 될 때 평생을 일본국민임을 자부하고 살던 이 조선인 태생 경찰은 나라 잃은 국민의 처절함을 알고 다시 과거바꿔 삼일운동과 독립운동을 성공적으로 이끌게되어 현재를 바꾼다는 이야기이다.#@문장구분#  별생각없이 보게된 이영화는 나에게 큰 충격을 주었다.#@문장구분# 대한민국의 국민으로 태어나 자유롭게 한평생을 살면서 국가에 대한 불만이 클 수밖에 없었다.#@문장구분# 항상 강대국의 눈치를 보는 우리나라를 탓하며 군대가기 싫어 커서는 외국으로 이민갈까도 생각해본 나였다.#@문장구분# 하지만 국가라는 존재가 없는 우리에게 얼마나 큰 울타리가 되어주고 우리를 지켜주는지 다시한번 생각하게 된 영화였다.#@문장구분# 그냥 책속에만 존재하는 국가라는 말은 우리 조상들이 우리를 위해 지켜내기위해 얼마나 큰 희생을 치렀는지 다시한번 알게 되었다.#@문장구분# 나라없는 국민의 설움을 후손들에게 물려주지 않기 위해 얼마나 많은 평범한 사람들이 희생을 치렀고 일본에 대항했는지 다시 한번 알아보게 되는 계기가 되었다.#@문장구분# 대한민국의 국민임을 새삼 자랑스럽고 다행스럽게 여기게 되었다.#@문장구분#",
      "paragraph_len": 1155,
      "paragraph_id": "001"
    }
  ],
  "score": {
    "paragraph_score": [
      {
        "paragraph_scoreT": [
          3,
          3,
          2.6666667
        ],
        "paragraph_scoreT_detail": {
          "paragraph_scoreT_exp": [
            [
              3,
              3,
              3
            ],
            [
              3,
              3,
              3
            ],
            [
              2,
              3,
              3
            ]
          ]
        },
        "paragraph_scoreT_avg": 2.888889,
        "paragraph_id": "001"
      }
    ],
    "essay_scoreT": [
      25.61111,
      24,
      25.166668
    ],
    "essay_scoreT_avg": 24.925926,
    "essay_scoreT_detail": {
      "essay_scoreT_org": [
        [
          2,
          3,
          3,
          3
        ],
        [
          3,
          3,
          3,
          3
        ],
        [
          3,
          3,
          3,
          3
        ]
      ],
      "essay_scoreT_cont": [
        [
          2,
          2,
          0,
          3
        ],
        [
          1,
          2,
          0,
          2
        ],
        [
          2,
          2,
          0,
          3
        ]
      ],
      "essay_scoreT_exp": [
        [
          3,
          3,
          3
        ],
        [
          3,
          3,
          3
        ],
        [
          2,
          3,
          3
        ]
      ]
    }
  },
  "student": {
    "date": "2021.12.22",
    "student_educated": true,
    "student_grade": "고등_1학년",
    "location": "063",
    "student_grade_group": "고등",
    "student_reading": 1
  },
  "rubric": {
    "essay_grade": "고등_1학년",
    "organization_weight": {
      "org_paragraph": 2,
      "org": 2,
      "org_essay": 4,
      "org_coherence": 2,
      "org_quantity": 1
    },
    "essay_type": "글짓기",
    "content_weight": {
      "con_clearance": 4,
      "con_novelty": 3,
      "con": 4,
      "con_prompt": 0,
      "con_description": 1
    },
    "essay_main_subject": "소중함을 잃었던 경험",
    "expression_weight": {
      "exp_style": 1,
      "exp_grammar": 2,
      "exp_vocab": 3,
      "exp": 4
    }
  },
  "correction": [],
  "info": {
    "essay_id": "ESSAY_75452",
    "essay_prompt": " 익숙함에 속아 소중함을 잊지 말자는 명언 (Do not get fooled by something familiar and forget what is priceless.)이 있습니다.\n\n 부모님께서 매일 해주시는 아침밥이나, 너무 친해서 매일 맛있는 간식을 사주는 친구 등 처음에는 매우 감사했지만 반복되는 호의에 우리는 소중함을 잊어가기도 합니다.\n\n 작은 소중함일지라도 그 소중함을 잃게 되면 호의를 베푸는 사람 입장에서는 매우 당황스럽고 기분이 나쁠 수 있어요.\n\n 여러분은 익숙함에 속아 소중함을 잊었던 사례와 그로 인해 상대방의 기분을 나쁘게 했던 경험이 있나요? 만약 있다면 관계를 회복하기 위해 어떤 노력을 하셨나요? 본인의 경험을 작성해주세요.\n\n 만약 그런 적이 없다면 주변의 이야기나 본인에게 소중함을 주는 사람들에 관해 설명해주세요.",
    "essay_type": "글짓기",
    "essay_level": "2",
    "essay_len": 937,
    "essay_main_subject": "소중함을 잃었던 경험"
  }
}