{
  "paragraph": [
    {
      "paragraph_txt": "위드 코로나로 인해서 이제 좀 잠잠해 지나 싶었던 코로나 바이러스가 변이로 인해서 다시 확산되고 있습니다.#@문장구분# 사회적 거리두기가 생활속 거리두기로 바뀌면서 조금은 일상으로 복귀가 가능할 줄 알았는데 다시 사회적 거리두기를 해야 한다는 전문가들이 나오고 있다는 뉴스를 접하자 한숨만 나오는 지경입니다.#@문장구분# 코로나로 인해서 우리 생활에 이제 필수요소가 된 것이 있습니다.#@문장구분# 바로 마스크 입니다.#@문장구분# 마스크는 예전에 겨울에 보온을 위하여 착용하거나 감기에 걸려서 기침이 많이 나올때 착용하기만 했지 일상생활 속에게 이렇게 모든 사람이 착용하고 다니지 않았습니다.#@문장구분# 하지만 코로나 시기에는 마스크를 착용하지 않은 사람이 이상해 보이는 현상을 보이고 있습니다.#@문장구분# 주말에 부모님과 모악산 등산을 갔습니다.#@문장구분# 코로나로 실내활동은 불가능 하기 때문에 야외활동을 하자는 부모님의 권유로 같이 등산을 하는데 등산하는 사람들이 많이 있었습니다.#@문장구분# 등산시에도 마스크는 착용은 필수였습니다.#@문장구분# 그런데 마스크를 쓰고 등산을 하려니 땀도 너무 많이 나고 숨이차서 조금가다 쉬고 조금가다 쉬고를 반복하게 되었습니다.#@문장구분# 사람에게 산소가 이렇게 소중한 것이 였구나.#@문장구분# 숨쉬는 것은 의식하지 않고 쉬기 때문에 산소의 소중함을 모르고 살아가고 있었던 것입니다.#@문장구분# 산소가 없으면 사람은 죽게됩니다.#@문장구분# 뇌에 산소가 부족하게 전달되면 뇌가 죽어서 뇌사상태가 되기도 합니다.#@문장구분# 이렇듯 산소는 매우 중요한 역활을 하는데 우리는 자연이 주는 깨끗한 공기를 너무 당연히 여기고 사는게 아니었나 생각됩니다.#@문장구분# 세상의 모든 것에 소중함을 다시 한번 느끼며 감사하며 살아가도록 하겠습니다.#@문장구분#",
      "paragraph_len": 1105,
      "paragraph_id": "001"
    }
  ],
  "score": {
    "paragraph_score": [
      {
        "paragraph_scoreT": [
          3,
          3,
          2.5
        ],
        "paragraph_scoreT_detail": {
          "paragraph_scoreT_exp": [
            [
              3,
              3,
              3
            ],
            [
              3,
              3,
              3
            ],
            [
              3,
              2,
              3
            ]
          ]
        },
        "paragraph_scoreT_avg": 2.8333333,
        "paragraph_id": "001"
      }
    ],
    "essay_scoreT": [
      30,
      27.38889,
      23.166666
    ],
    "essay_scoreT_avg": 26.851852,
    "essay_scoreT_detail": {
      "essay_scoreT_org": [
        [
          3,
          3,
          3,
          3
        ],
        [
          2,
          3,
          3,
          2
        ],
        [
          2,
          3,
          2,
          3
        ]
      ],
      "essay_scoreT_cont": [
        [
          3,
          3,
          0,
          3
        ],
        [
          3,
          2,
          0,
          3
        ],
        [
          2,
          2,
          0,
          3
        ]
      ],
      "essay_scoreT_exp": [
        [
          3,
          3,
          3
        ],
        [
          3,
          3,
          3
        ],
        [
          3,
          2,
          3
        ]
      ]
    }
  },
  "student": {
    "date": "2021.12.16",
    "student_educated": true,
    "student_grade": "고등_1학년",
    "location": "063",
    "student_grade_group": "고등",
    "student_reading": 2
  },
  "rubric": {
    "essay_grade": "고등_1학년",
    "organization_weight": {
      "org_paragraph": 2,
      "org": 2,
      "org_essay": 4,
      "org_coherence": 2,
      "org_quantity": 1
    },
    "essay_type": "글짓기",
    "content_weight": {
      "con_clearance": 4,
      "con_novelty": 3,
      "con": 4,
      "con_prompt": 0,
      "con_description": 1
    },
    "essay_main_subject": "소중함을 잃었던 경험",
    "expression_weight": {
      "exp_style": 1,
      "exp_grammar": 2,
      "exp_vocab": 3,
      "exp": 4
    }
  },
  "correction": [],
  "info": {
    "essay_id": "ESSAY_65719",
    "essay_prompt": " 익숙함에 속아 소중함을 잊지 말자는 명언 (Do not get fooled by something familiar and forget what is priceless.)이 있습니다.\n\n 부모님께서 매일 해주시는 아침밥이나, 너무 친해서 매일 맛있는 간식을 사주는 친구 등 처음에는 매우 감사했지만 반복되는 호의에 우리는 소중함을 잊어가기도 합니다.\n\n 작은 소중함일지라도 그 소중함을 잃게 되면 호의를 베푸는 사람 입장에서는 매우 당황스럽고 기분이 나쁠 수 있어요.\n\n 여러분은 익숙함에 속아 소중함을 잊었던 사례와 그로 인해 상대방의 기분을 나쁘게 했던 경험이 있나요? 만약 있다면 관계를 회복하기 위해 어떤 노력을 하셨나요? 본인의 경험을 작성해주세요.\n\n 만약 그런 적이 없다면 주변의 이야기나 본인에게 소중함을 주는 사람들에 관해 설명해주세요.",
    "essay_type": "글짓기",
    "essay_level": "2",
    "essay_len": 785,
    "essay_main_subject": "소중함을 잃었던 경험"
  }
}