{
  "paragraph": [
    {
      "paragraph_txt": "우리는 평소에 소중한 것에 대해 잘 생각하지 않는다.#@문장구분# 잠이 오지 않아 부모님댁 거실에 나와 있었다.#@문장구분# TV 옆의 장식장, 그리고 그 안의 물건들이 눈에 들어왔다.#@문장구분# 대단한 가치가 있어 보이지는 않았다.#@문장구분# 아버지가 젊을 때 아프리카 가서 사오신 무슨 장식품 같은 건 그래도 어느 옛날 사은품으로 받은 싸구려 장식품까지 한 자리 차지하고 있었으니.#@문장구분# 허나 여러 번의 이사에도 살아남은 것들이니 부모님께는 나름의 의미가 있는 물건이지 않을까 하는 생각이 들었다.#@문장구분# 동생의 물건을 정리하고 있는 아버지의 모습이 상상되었다.#@문장구분# 아마도 그 대부분의 물건들은 그냥 버려졌으리라.#@문장구분# 부모님이 돌아가시면 아마 나도 그럴 거라 싶었다.#@문장구분# 대단한 가치가 있어 보이진 않고, 무슨 의미가 있다 한들 내가 어찌 알겠는가.#@문장구분# 이 물건들을 정리하고 있는 내 모습이 떠올랐다.#@문장구분# 그래... 아마도 대부분 버려질 물건들이 분명했다.#@문장구분# 탁자 하나가 눈에 띄었다.#@문장구분# 난 아마 꽤 많은 비용을 치루더라도 이 탁자를 간직하고자 할 것이다.#@문장구분# 이 탁자를 보면 내 행복했던 어린 시절이 떠오른다.#@문장구분# 구체적으로 생각나는 것들은 많지 않다.#@문장구분# 허나 할아버지 할머니 아래에서 보호받고 행복했던 그 느낌이 내게 힘을 준다.#@문장구분# 나에게 진정 소중한 것은 이런 기억들이고 이 기억을 떠올리게 하는 물건들이야 말로 진정 소중한 물건, 의미가 있는 물건이 아닌가 싶다.#@문장구분# 스티브 잡스가 유언에서 이런 말을 했던 것 같다.#@문장구분# 마지막까지 본인에게 남은 것은 사랑했던 추억이라고 말이다.#@문장구분# 내 거실이 내게 행복했던 기억을 떠올리는 물건으로 가득하다면 어느 정도는 잘 살았다고 말할 수 있을 것 같다.#@문장구분# 소중한 물건을 통해 소중한 사람들을 떠올리게 된다.#@문장구분#",
      "paragraph_len": 1254,
      "paragraph_id": "001"
    }
  ],
  "score": {
    "paragraph_score": [
      {
        "paragraph_scoreT": [
          3,
          3,
          3
        ],
        "paragraph_scoreT_detail": {
          "paragraph_scoreT_exp": [
            [
              3,
              3,
              3
            ],
            [
              3,
              3,
              3
            ],
            [
              3,
              3,
              3
            ]
          ]
        },
        "paragraph_scoreT_avg": 3,
        "paragraph_id": "001"
      }
    ],
    "essay_scoreT": [
      30,
      28,
      27.11111
    ],
    "essay_scoreT_avg": 28.37037,
    "essay_scoreT_detail": {
      "essay_scoreT_org": [
        [
          3,
          3,
          3,
          3
        ],
        [
          3,
          3,
          3,
          3
        ],
        [
          2,
          3,
          3,
          3
        ]
      ],
      "essay_scoreT_cont": [
        [
          3,
          3,
          0,
          3
        ],
        [
          2,
          3,
          0,
          3
        ],
        [
          2,
          3,
          0,
          3
        ]
      ],
      "essay_scoreT_exp": [
        [
          3,
          3,
          3
        ],
        [
          3,
          3,
          3
        ],
        [
          3,
          3,
          3
        ]
      ]
    }
  },
  "student": {
    "date": "2021.12.16",
    "student_educated": true,
    "student_grade": "고등_1학년",
    "location": "041",
    "student_grade_group": "고등",
    "student_reading": 2
  },
  "rubric": {
    "essay_grade": "고등_1학년",
    "organization_weight": {
      "org_paragraph": 2,
      "org": 2,
      "org_essay": 4,
      "org_coherence": 2,
      "org_quantity": 1
    },
    "essay_type": "글짓기",
    "content_weight": {
      "con_clearance": 4,
      "con_novelty": 3,
      "con": 4,
      "con_prompt": 0,
      "con_description": 1
    },
    "essay_main_subject": "소중함을 잃었던 경험",
    "expression_weight": {
      "exp_style": 1,
      "exp_grammar": 2,
      "exp_vocab": 3,
      "exp": 4
    }
  },
  "correction": [],
  "info": {
    "essay_id": "ESSAY_66132",
    "essay_prompt": " 익숙함에 속아 소중함을 잊지 말자는 명언 (Do not get fooled by something familiar and forget what is priceless.)이 있습니다.\n\n 부모님께서 매일 해주시는 아침밥이나, 너무 친해서 매일 맛있는 간식을 사주는 친구 등 처음에는 매우 감사했지만 반복되는 호의에 우리는 소중함을 잊어가기도 합니다.\n\n 작은 소중함일지라도 그 소중함을 잃게 되면 호의를 베푸는 사람 입장에서는 매우 당황스럽고 기분이 나쁠 수 있어요.\n\n 여러분은 익숙함에 속아 소중함을 잊었던 사례와 그로 인해 상대방의 기분을 나쁘게 했던 경험이 있나요? 만약 있다면 관계를 회복하기 위해 어떤 노력을 하셨나요? 본인의 경험을 작성해주세요.\n\n 만약 그런 적이 없다면 주변의 이야기나 본인에게 소중함을 주는 사람들에 관해 설명해주세요.",
    "essay_type": "글짓기",
    "essay_level": "2",
    "essay_len": 814,
    "essay_main_subject": "소중함을 잃었던 경험"
  }
}