{
  "paragraph": [
    {
      "paragraph_txt": "저의 본가는 전북 진안의 두메 산골입니다.#@문장구분# 그러다 보니 학업을 하려고 고등학교 진학을 해서 전주로 나오게 되었습니다.#@문장구분# 전주에 친척도 없고 연고가 하나도 없어서 부모님은 학교 근처에 투룸을 구해 주셨습니다.#@문장구분# 한마디로 진안에서 전주로 유학을 오게 된 것입니다.#@문장구분# 처음에는 너무 무섭기도 하고 조금 기대되기도 하였습니다.#@문장구분# 부모님에게서 독립해서 나만의 공간을 가지게 되었고 나혼자 살게 되었다는 그런 기대도 되기도 하고 나혼자 어떻게 살지 라는 걱정도 되었습니다. #@문장구분#집에 있을때는 아침에 엄마가 깨워주시고 옷도 다빨아주시고 밥과 간식까지 다 챙겨주시고 학교에 등교할때는 아빠가 태워다 주시기까지 했는데 이제부터는 저혼자 다 알아서 다 해야 할 것을 생각하니 걱정이 앞서기만 했습니다.#@문장구분# 엄마는 걱정말라며 엄마가 자주 왔다갔다 할거라고 하십니다.#@문장구분# 그리고 이런 독립생활을 시작한지 1년이 지나갑니다.#@문장구분# 부모님의 그늘이 얼마나 따뜻하고 포근하고 편안하였는지 그 그늘안의 소중함을 새삼 느끼고 있습니다.#@문장구분# 교복세탁부터 다림질도 제가 해야 하고 아침에 배가 고파서 포스트라도 챙겨먹고 싶은데 우유가 다 떨어진 날도 있었습니다.#@문장구분# 엄마가 주 2회 오시는데 오시지 않은 날은 집이 엉망진창이되길 일쑤입니다.#@문장구분# 어지르고 다니지도 않는데 빨래는 왜이리 널고 개키고 해야하는지 쓰레기는 왜케 많이 나오는지 모르겠습니다.#@문장구분# 그동안은 이런것을 한번도 생각하지 않고 살아온 것이 부모님의 소중함일것입니다.#@문장구분# 아무 걱정이나 신경쓰는 것 없이 그동안 살아온 것에 대해 감사하고 앞으로도 부모님의 소중함을 잊지 않고 감사하는 마음으로 살것입니다.#@문장구분#",
      "paragraph_len": 1080,
      "paragraph_id": "001"
    }
  ],
  "score": {
    "paragraph_score": [
      {
        "paragraph_scoreT": [
          2.6666667,
          2.6666667,
          2.1666667
        ],
        "paragraph_scoreT_detail": {
          "paragraph_scoreT_exp": [
            [
              2,
              3,
              3
            ],
            [
              2,
              3,
              3
            ],
            [
              2,
              2,
              3
            ]
          ]
        },
        "paragraph_scoreT_avg": 2.5,
        "paragraph_id": "001"
      }
    ],
    "essay_scoreT": [
      27.166668,
      27.166668,
      26.666668
    ],
    "essay_scoreT_avg": 27,
    "essay_scoreT_detail": {
      "essay_scoreT_org": [
        [
          3,
          3,
          3,
          3
        ],
        [
          3,
          3,
          3,
          3
        ],
        [
          3,
          3,
          3,
          3
        ]
      ],
      "essay_scoreT_cont": [
        [
          3,
          2,
          0,
          3
        ],
        [
          3,
          2,
          0,
          3
        ],
        [
          3,
          3,
          0,
          3
        ]
      ],
      "essay_scoreT_exp": [
        [
          2,
          3,
          3
        ],
        [
          2,
          3,
          3
        ],
        [
          2,
          2,
          3
        ]
      ]
    }
  },
  "student": {
    "date": "2021.12.15",
    "student_educated": true,
    "student_grade": "고등_1학년",
    "location": "063",
    "student_grade_group": "고등",
    "student_reading": 2
  },
  "rubric": {
    "essay_grade": "고등_1학년",
    "organization_weight": {
      "org_paragraph": 2,
      "org": 2,
      "org_essay": 4,
      "org_coherence": 2,
      "org_quantity": 1
    },
    "essay_type": "글짓기",
    "content_weight": {
      "con_clearance": 4,
      "con_novelty": 3,
      "con": 4,
      "con_prompt": 0,
      "con_description": 1
    },
    "essay_main_subject": "소중함을 잃었던 경험",
    "expression_weight": {
      "exp_style": 1,
      "exp_grammar": 2,
      "exp_vocab": 3,
      "exp": 4
    }
  },
  "correction": [],
  "info": {
    "essay_id": "ESSAY_62953",
    "essay_prompt": " 익숙함에 속아 소중함을 잊지 말자는 명언 (Do not get fooled by something familiar and forget what is priceless.)이 있습니다.\n\n 부모님께서 매일 해주시는 아침밥이나, 너무 친해서 매일 맛있는 간식을 사주는 친구 등 처음에는 매우 감사했지만 반복되는 호의에 우리는 소중함을 잊어가기도 합니다.\n\n 작은 소중함일지라도 그 소중함을 잃게 되면 호의를 베푸는 사람 입장에서는 매우 당황스럽고 기분이 나쁠 수 있어요.\n\n 여러분은 익숙함에 속아 소중함을 잊었던 사례와 그로 인해 상대방의 기분을 나쁘게 했던 경험이 있나요? 만약 있다면 관계를 회복하기 위해 어떤 노력을 하셨나요? 본인의 경험을 작성해주세요.\n\n 만약 그런 적이 없다면 주변의 이야기나 본인에게 소중함을 주는 사람들에 관해 설명해주세요.",
    "essay_type": "글짓기",
    "essay_level": "2",
    "essay_len": 780,
    "essay_main_subject": "소중함을 잃었던 경험"
  }
}