{
  "paragraph": [
    {
      "paragraph_txt": "나는 익숙함에 속아서 소중함을 잃은 사례가 있었는데 그것은 내가 중학생때 까지는 집에서 등하교를 하였는데 고등학교에 올라오면서부터 기숙사 생활을 하게 되었는데 이때 가족과 집의 소중함을 알게 되었다.#@문장구분# 기숙사생활을 하기 전에는 학교가 끝나면 집으로와서 휴식을 취하며 크게 걱정없이 생활했지만 기숙사에 오게 되면서 학교가 끝나면 열람실로 가서 다시 공부를 더 하였다.#@문장구분# 그래서 나만의 자유시간이나 휴식시간등이 사라져서 조금 힘들었다.#@문장구분# 또한 집에 있을때는 부모님이 나를 많이 챙겨주고 지지해주셔서 마음의 위안이나 버팀목이 되어주셨는데 기숙사 생활을 하다보니 집에 갈 기회가 주말 빼고는 없어져서 그러지 못하게 되었다.#@문장구분# 중학생때 집에 있었을 때는 집에 있는 것이 당연하고 부모님이 나를 챙겨주시는 것도 당연하다는 생각을 하게 되어서 소중한 것을 느끼지 못했던 예시가 아닐까 싶다.#@문장구분# 그래서 내가 회복하고자 한 행동이 부모님께 더 잘해드리자는 것이다.#@문장구분# 왜냐하면 내가 기숙사 생활을 하며 부모님이 집에서는 대신 해주시던 일을 스스로 해보니까 얼마나 힘들고 고된 일인지 알게 되었다.#@문장구분# 그래서 나는 부모님의 빈자리를 느끼고 부모님이 평소에 나한테 해주신 일에 대하여 감사한마음이 생겨서 주말이나 특별한 사유로 집에 갔을 때 부모님께 더 잘해드리고 같이 있는 시간을 늘렸다.#@문장구분# 기숙사 생활을 하면서 느낀 것은 집과 가족의 빈자리가 크다는 것을 느꼈다.#@문장구분# 소중한 것을 평소에 잘 느끼지 못하는 나를 되돌아 보고 또 소중한 것에 대하여 감사하며 살아야겠다고 생각을 했다.#@문장구분# 소중한 것을 잃었을 때 비로소 그것의 가치를 느낀다는 것이 슬프기도 하면서 부정할수 없는 사실 같기도 하였다.#@문장구분#",
      "paragraph_len": 1034,
      "paragraph_id": "001"
    }
  ],
  "score": {
    "paragraph_score": [
      {
        "paragraph_scoreT": [
          2.6666667,
          3,
          2.5
        ],
        "paragraph_scoreT_detail": {
          "paragraph_scoreT_exp": [
            [
              2,
              3,
              3
            ],
            [
              3,
              3,
              3
            ],
            [
              3,
              2,
              3
            ]
          ]
        },
        "paragraph_scoreT_avg": 2.7222223,
        "paragraph_id": "001"
      }
    ],
    "essay_scoreT": [
      28.666668,
      30,
      25.555555
    ],
    "essay_scoreT_avg": 28.074074,
    "essay_scoreT_detail": {
      "essay_scoreT_org": [
        [
          3,
          3,
          3,
          3
        ],
        [
          3,
          3,
          3,
          3
        ],
        [
          3,
          2,
          3,
          3
        ]
      ],
      "essay_scoreT_cont": [
        [
          3,
          3,
          0,
          3
        ],
        [
          3,
          3,
          0,
          3
        ],
        [
          3,
          2,
          0,
          2
        ]
      ],
      "essay_scoreT_exp": [
        [
          2,
          3,
          3
        ],
        [
          3,
          3,
          3
        ],
        [
          3,
          2,
          3
        ]
      ]
    }
  },
  "student": {
    "date": "2021.10.24",
    "student_educated": true,
    "student_grade": "고등_1학년",
    "location": "063",
    "student_grade_group": "고등",
    "student_reading": 1
  },
  "rubric": {
    "essay_grade": "고등_1학년",
    "organization_weight": {
      "org_paragraph": 2,
      "org": 2,
      "org_essay": 4,
      "org_coherence": 2,
      "org_quantity": 1
    },
    "essay_type": "글짓기",
    "content_weight": {
      "con_clearance": 4,
      "con_novelty": 3,
      "con": 4,
      "con_prompt": 0,
      "con_description": 1
    },
    "essay_main_subject": "소중함을 잃었던 경험",
    "expression_weight": {
      "exp_style": 1,
      "exp_grammar": 2,
      "exp_vocab": 3,
      "exp": 4
    }
  },
  "correction": [],
  "info": {
    "essay_id": "ESSAY_42738",
    "essay_prompt": " 익숙함에 속아 소중함을 잊지 말자는 명언 (Do not get fooled by something familiar and forget what is priceless.)이 있습니다.\n\n 부모님께서 매일 해주시는 아침밥이나, 너무 친해서 매일 맛있는 간식을 사주는 친구 등 처음에는 매우 감사했지만 반복되는 호의에 우리는 소중함을 잊어가기도 합니다.\n\n 작은 소중함일지라도 그 소중함을 잃게 되면 호의를 베푸는 사람 입장에서는 매우 당황스럽고 기분이 나쁠 수 있어요.\n\n 여러분은 익숙함에 속아 소중함을 잊었던 사례와 그로 인해 상대방의 기분을 나쁘게 했던 경험이 있나요? 만약 있다면 관계를 회복하기 위해 어떤 노력을 하셨나요? 본인의 경험을 작성해주세요.\n\n 만약 그런 적이 없다면 주변의 이야기나 본인에게 소중함을 주는 사람들에 관해 설명해주세요.",
    "essay_type": "글짓기",
    "essay_level": "2",
    "essay_len": 814,
    "essay_main_subject": "소중함을 잃었던 경험"
  }
}