{
  "paragraph": [
    {
      "paragraph_txt": "얼마 전 KT통신망의 오류로 인해서 카카오톡이나 인터넷 접속등이 마비되는 사건이 있었습니다.#@문장구분# 현대의 우리나라는 과학기술이 매우 급속도로 발전되었고 빠른 인터넷 속도에 익숙해져 조금이라도 로딩시간이 길어지면 답답함을 느낍니다.#@문장구분# 그런데 몇시간에 걸쳐 인터넷이 접속되지 않고 우리가 수시로 사용하는 카카오톡도 되지 않자 많은 사람들이 불만을 호소했습니다.#@문장구분# 평소에 우리가 인터넷이나 카카오톡을 사용할 때는 그 편리함을 당연하다 여겨왔습니다.#@문장구분# 하지만 당연하다 여겼던 것들이 실행되지 않으니 그때야 그 소중함을 알게 되는 것 같습니다.#@문장구분# 우리 생활에 얼마나 깊숙이 들어와 있고 당연하게 생각해 왔는지 그 소중함을 우리는 다시 한번 생각해 보아야 할 것입니다.#@문장구분# 세상 어느 곳에도 당연한 것은 없습니다.#@문장구분# 이러한 기술을 현재까지 발전시켜 오는 동안에도 수많은 사람들의 노력과 비용이 포함되었을 것입니다.#@문장구분# 하지만 우리는 너무나 당연하듯 모든 것을 누려온 것은 아닌지 그것들에 대한 감사함은 생각지 못하고 이러한 서비스들이 사라졌을 때 불평만을 늘어놓는 것은 아닌지 자신을 스스로 반성해 보아야 합니다.#@문장구분# 우리의 주변에는 그동안 우리가 관심을 기울이지 않았던 소중한 것들이 많이 있습니다.#@문장구분# 당연해 보이지만 없어서는 안될 것들에 대해 관심을 가지고 아끼고 감사하는 마음을 가져야 할 것입니다.#@문장구분#",
      "paragraph_len": 873,
      "paragraph_id": "001"
    }
  ],
  "score": {
    "paragraph_score": [
      {
        "paragraph_scoreT": [
          3,
          2.1666667,
          2.6666667
        ],
        "paragraph_scoreT_detail": {
          "paragraph_scoreT_exp": [
            [
              3,
              3,
              3
            ],
            [
              2,
              2,
              3
            ],
            [
              2,
              3,
              3
            ]
          ]
        },
        "paragraph_scoreT_avg": 2.6111114,
        "paragraph_id": "001"
      }
    ],
    "essay_scoreT": [
      26,
      25.777779,
      28.666668
    ],
    "essay_scoreT_avg": 26.814814,
    "essay_scoreT_detail": {
      "essay_scoreT_org": [
        [
          3,
          3,
          3,
          3
        ],
        [
          2,
          3,
          3,
          3
        ],
        [
          3,
          3,
          3,
          3
        ]
      ],
      "essay_scoreT_cont": [
        [
          2,
          2,
          0,
          2
        ],
        [
          3,
          3,
          0,
          3
        ],
        [
          3,
          3,
          0,
          3
        ]
      ],
      "essay_scoreT_exp": [
        [
          3,
          3,
          3
        ],
        [
          2,
          2,
          3
        ],
        [
          2,
          3,
          3
        ]
      ]
    }
  },
  "student": {
    "date": "2021.12.17",
    "student_educated": true,
    "student_grade": "고등_1학년",
    "location": "063",
    "student_grade_group": "고등",
    "student_reading": 1
  },
  "rubric": {
    "essay_grade": "고등_1학년",
    "organization_weight": {
      "org_paragraph": 2,
      "org": 2,
      "org_essay": 4,
      "org_coherence": 2,
      "org_quantity": 1
    },
    "essay_type": "글짓기",
    "content_weight": {
      "con_clearance": 4,
      "con_novelty": 3,
      "con": 4,
      "con_prompt": 0,
      "con_description": 1
    },
    "essay_main_subject": "소중함을 잃었던 경험",
    "expression_weight": {
      "exp_style": 1,
      "exp_grammar": 2,
      "exp_vocab": 3,
      "exp": 4
    }
  },
  "correction": [],
  "info": {
    "essay_id": "ESSAY_72004",
    "essay_prompt": " 익숙함에 속아 소중함을 잊지 말자는 명언 (Do not get fooled by something familiar and forget what is priceless.)이 있습니다.\n\n 부모님께서 매일 해주시는 아침밥이나, 너무 친해서 매일 맛있는 간식을 사주는 친구 등 처음에는 매우 감사했지만 반복되는 호의에 우리는 소중함을 잊어가기도 합니다.\n\n 작은 소중함일지라도 그 소중함을 잃게 되면 호의를 베푸는 사람 입장에서는 매우 당황스럽고 기분이 나쁠 수 있어요.\n\n 여러분은 익숙함에 속아 소중함을 잊었던 사례와 그로 인해 상대방의 기분을 나쁘게 했던 경험이 있나요? 만약 있다면 관계를 회복하기 위해 어떤 노력을 하셨나요? 본인의 경험을 작성해주세요.\n\n 만약 그런 적이 없다면 주변의 이야기나 본인에게 소중함을 주는 사람들에 관해 설명해주세요.",
    "essay_type": "글짓기",
    "essay_level": "2",
    "essay_len": 653,
    "essay_main_subject": "소중함을 잃었던 경험"
  }
}