{
  "paragraph": [
    {
      "paragraph_txt": "흔히 사람들은 '익숙함에 속아 소중함을 잊지말자'라는 명언을 연애 중 찾아오는 권태기에 사용하곤 한다.#@문장구분# 그 상황에 대입해 본다면 연인이 오래 만나고 편해지다보면 상대방이 너무 익숙하여 연락도 뜸해지고 귀찮아 질 수 있지만 그러한 익숙함 속에 상대방의 소중함을 잃 지 말라는 의미이다.#@문장구분# 하지만 이 말은 우리 더욱 당연하게 여기는 것들에도 적용할 수 있다.#@문장구분# 예를 들어 우리가 당연한듯이 함께하고있는 부모님이 있다.#@문장구분# 우리에겐 우리의 뜻을 존중해 주고 지원해주시고 생계를 책임져주시는 부모님이 너무나도 당연하지만, 어떤 부모님들은 일을 하지 못하는 상황에 있어 아이들이 직접 생계를 유지해 나가야하는 상황도 있고, 더 한 것은 아동학대처럼 아이를 사랑하지 못할 망정 폭력을 가하는 부모도 있다.#@문장구분# 이러한 부 모가 정상이란 것은 아니지만, 우리를 사랑해주고 도와주시는 부모님에 대한 감사함과 소 중함을 잃어서는 않된다.#@문장구분# 더욱 당연한 예를 들어보자면 우리가 숨쉬는 것이다.#@문장구분# 우리는 흔 히 숨쉬는것에 대해 크게 고민해 본 적이 없을것이다.#@문장구분# 그 이유는 우리에게 숨쉬는 것은 고 민할 이유없이 매우 당연한 것이기 때문이다.#@문장구분# 하지만 어떤 사람들은 심장병이 있어 과호흡 이 일어나는 경우 가슴이 답답하고 숨쉬기어려워지기도 한다.#@문장구분# 숨을 정상적으로 쉴 수 있는 사람이 대부분이지만 이러한 예를 드는 것은 우리에게 주어져 우리가 당연한 듯이 누리고 있는 것들이 결코 모두에게 당연한 것은 아니란 것이다.#@문장구분# 우리는 이에 대해 항상 감사해\n          (Do not get fooled by something familiar and forget what is priceless.)  .                        .(600  1000    )야하고 소중함을 잃지 않아야 한다.#@문장구분# 앞서 이야기한 연인관계 또는 죽음은 예상할 수 없기 에 우리가 너무나도 당연한듯이 여겨 소중한 말 한마디 못해준 사람이 하루아침에 내가 사는 세상에서 사라지는 것이 우리가 생활하며 가장 쉽게 이 말을 이해할 수 있는 사례일 것 같다.#@문장구분# 우리가 이러한 소중함을 깨우치기 위해선 하루하루 감사한 것들을 적어보는 방 법이 있다.#@문장구분# 하루의 끝에 그날을 마무리하며 그날을 되돌아보며 사소한것 하나까지도 감 사하는 습관은 소중함을 깨우칠 뿐만아니라 나를 좀 더 긍정적으로 만들어줄 수 있다.#@문장구분#",
      "paragraph_len": 1442,
      "paragraph_id": "001"
    }
  ],
  "score": {
    "paragraph_score": [
      {
        "paragraph_scoreT": [
          3,
          3,
          1.6666666
        ],
        "paragraph_scoreT_detail": {
          "paragraph_scoreT_exp": [
            [
              3,
              3,
              3
            ],
            [
              3,
              3,
              3
            ],
            [
              1,
              2,
              2
            ]
          ]
        },
        "paragraph_scoreT_avg": 2.5555556,
        "paragraph_id": "001"
      }
    ],
    "essay_scoreT": [
      30,
      29.11111,
      21.833332
    ],
    "essay_scoreT_avg": 26.981482,
    "essay_scoreT_detail": {
      "essay_scoreT_org": [
        [
          3,
          3,
          3,
          3
        ],
        [
          2,
          3,
          3,
          3
        ],
        [
          2,
          2,
          3,
          3
        ]
      ],
      "essay_scoreT_cont": [
        [
          3,
          3,
          0,
          3
        ],
        [
          3,
          3,
          0,
          3
        ],
        [
          3,
          2,
          0,
          3
        ]
      ],
      "essay_scoreT_exp": [
        [
          3,
          3,
          3
        ],
        [
          3,
          3,
          3
        ],
        [
          1,
          2,
          2
        ]
      ]
    }
  },
  "student": {
    "date": "2021.09.06",
    "student_educated": true,
    "student_grade": "고등_1학년",
    "location": "051",
    "student_grade_group": "고등",
    "student_reading": 1
  },
  "rubric": {
    "essay_grade": "고등_1학년",
    "organization_weight": {
      "org_paragraph": 2,
      "org": 2,
      "org_essay": 4,
      "org_coherence": 2,
      "org_quantity": 1
    },
    "essay_type": "글짓기",
    "content_weight": {
      "con_clearance": 4,
      "con_novelty": 3,
      "con": 4,
      "con_prompt": 0,
      "con_description": 1
    },
    "essay_main_subject": "소중함을 잃었던 경험",
    "expression_weight": {
      "exp_style": 1,
      "exp_grammar": 2,
      "exp_vocab": 3,
      "exp": 4
    }
  },
  "correction": [],
  "info": {
    "essay_id": "ESSAY_34376",
    "essay_prompt": " 익숙함에 속아 소중함을 잊지 말자는 명언 (Do not get fooled by something familiar and forget what is priceless.)이 있습니다.\n\n 부모님께서 매일 해주시는 아침밥이나, 너무 친해서 매일 맛있는 간식을 사주는 친구 등 처음에는 매우 감사했지만 반복되는 호의에 우리는 소중함을 잊어가기도 합니다.\n\n 작은 소중함일지라도 그 소중함을 잃게 되면 호의를 베푸는 사람 입장에서는 매우 당황스럽고 기분이 나쁠 수 있어요.\n\n 여러분은 익숙함에 속아 소중함을 잊었던 사례와 그로 인해 상대방의 기분을 나쁘게 했던 경험이 있나요? 만약 있다면 관계를 회복하기 위해 어떤 노력을 하셨나요? 본인의 경험을 작성해주세요.\n\n 만약 그런 적이 없다면 주변의 이야기나 본인에게 소중함을 주는 사람들에 관해 설명해주세요.",
    "essay_type": "글짓기",
    "essay_level": "2",
    "essay_len": 1144,
    "essay_main_subject": "소중함을 잃었던 경험"
  }
}