{
  "paragraph": [
    {
      "paragraph_txt": "제 아버지께는 형제분들이 많아 명절이 되면 항상 사람들로 큰집이 북적였습니다.#@문장구분# 부모님께서 늦게 결혼하신 탓에 사촌 중 동갑내기가 없었던 저희 남매들과 유일한 또래가 막내 작은아버지 쪽 사촌들이었습니다.#@문장구분#요리사셨던 작은아버지께서는 음식을 잘 하셔서 명절요리도 도와주셨고 또래 사촌들과 저를 데리고 돌아다니며 근처 구경도 시켜주셨습니다.#@문장구분# 유일한 동갑내기인데다 명절 때마다 함께 다니니 그들과는 사이가 각별했고 밤마다 무서운 이야기를 하며 즐거운 추억을 쌓았습니다.#@문장구분# 그러던 어느날 제가 7살 때쯤 잠결에 일어났는데 울고 있는 오빠를 보았습니다.#@문장구분# 어머니께서 작은아버지가 암으로 돌아가셨다고 말씀하셨습니다.#@문장구분# 다음날 곧바로 장례식장에 가신다는 부모님을 저도 따라가고 싶었지만 너무 어리다며 저를 데려가시길 한사코 거부하셨습니다.#@문장구분# 그 이후 친척들 간에 불화가 있었던 것인지 작은 아버지 쪽과는 아예 연락이 끊겨 버렸고 오랜 시간동안 그 가족들을 볼 수 없었습니다. #@문장구분#11살 때 잠깐 어머니와 함께 만난 적이 있는데 제가 알던 모습과는 많이 달라져 있었습니다.#@문장구분# 항상 활기차 보였던 작은 어머니께서는 그날따라 더 위축되어 보이셨고 사촌들도 주눅들어 보였습니다.#@문장구분# 그 때 한 번 본 것이 마지막이었고 지금까지 다시보지 못햇습니다. #@문장구분#유일하게 친하다고 할 수 있었던 친척들과 그렇게 헤어지니 상당히 찝찝했습니다. #@문장구분#",
      "paragraph_len": 909,
      "paragraph_id": "001"
    }
  ],
  "score": {
    "paragraph_score": [
      {
        "paragraph_scoreT": [
          2.6666667,
          2.8333333,
          2
        ],
        "paragraph_scoreT_detail": {
          "paragraph_scoreT_exp": [
            [
              2,
              3,
              3
            ],
            [
              3,
              3,
              2
            ],
            [
              2,
              2,
              2
            ]
          ]
        },
        "paragraph_scoreT_avg": 2.5,
        "paragraph_id": "001"
      }
    ],
    "essay_scoreT": [
      23.11111,
      26.88889,
      22.222221
    ],
    "essay_scoreT_avg": 24.074074,
    "essay_scoreT_detail": {
      "essay_scoreT_org": [
        [
          2,
          2,
          3,
          2
        ],
        [
          3,
          3,
          2,
          3
        ],
        [
          2,
          2,
          2,
          3
        ]
      ],
      "essay_scoreT_cont": [
        [
          2,
          2,
          0,
          2
        ],
        [
          3,
          2,
          0,
          2
        ],
        [
          3,
          2,
          0,
          2
        ]
      ],
      "essay_scoreT_exp": [
        [
          2,
          3,
          3
        ],
        [
          3,
          3,
          2
        ],
        [
          2,
          2,
          2
        ]
      ]
    }
  },
  "student": {
    "date": "2021.12.08",
    "student_educated": true,
    "student_grade": "고등_1학년",
    "location": "063",
    "student_grade_group": "고등",
    "student_reading": 2
  },
  "rubric": {
    "essay_grade": "고등_1학년",
    "organization_weight": {
      "org_paragraph": 2,
      "org": 2,
      "org_essay": 4,
      "org_coherence": 2,
      "org_quantity": 1
    },
    "essay_type": "글짓기",
    "content_weight": {
      "con_clearance": 4,
      "con_novelty": 3,
      "con": 4,
      "con_prompt": 0,
      "con_description": 1
    },
    "essay_main_subject": "소중함을 잃었던 경험",
    "expression_weight": {
      "exp_style": 1,
      "exp_grammar": 2,
      "exp_vocab": 3,
      "exp": 4
    }
  },
  "correction": [],
  "info": {
    "essay_id": "ESSAY_57014",
    "essay_prompt": " 익숙함에 속아 소중함을 잊지 말자는 명언 (Do not get fooled by something familiar and forget what is priceless.)이 있습니다.\n\n 부모님께서 매일 해주시는 아침밥이나, 너무 친해서 매일 맛있는 간식을 사주는 친구 등 처음에는 매우 감사했지만 반복되는 호의에 우리는 소중함을 잊어가기도 합니다.\n\n 작은 소중함일지라도 그 소중함을 잃게 되면 호의를 베푸는 사람 입장에서는 매우 당황스럽고 기분이 나쁠 수 있어요.\n\n 여러분은 익숙함에 속아 소중함을 잊었던 사례와 그로 인해 상대방의 기분을 나쁘게 했던 경험이 있나요? 만약 있다면 관계를 회복하기 위해 어떤 노력을 하셨나요? 본인의 경험을 작성해주세요.\n\n 만약 그런 적이 없다면 주변의 이야기나 본인에게 소중함을 주는 사람들에 관해 설명해주세요.",
    "essay_type": "글짓기",
    "essay_level": "2",
    "essay_len": 665,
    "essay_main_subject": "소중함을 잃었던 경험"
  }
}