{
  "paragraph": [
    {
      "paragraph_txt": "인생에서 가장 소중한 것을 잃는 경험은 아프다.#@문장구분# 할머니 집에 다녀오는 길에 걸어가면서 나는 머릿속으로 온통 내 조카 #@이름#를 그렸다.#@문장구분# #@이름#가 나를 쳐다보면서 방긋 방긋 웃었던 표정,뒤집기를 하는 모습,침을 푸 하고 밷어서 우리를 다 웃게 만들었던 순간, 나만의 세상 속에 빠져있는 사람처럼 걸으면서도 웃음이 새어나왔다.#@문장구분# 중간 중간 신호등을 기다릴 때면 그 틈을 놓치지 않고 아기의 사진을 보고 영상을 보았다.#@문장구분# 단단히 빠졌다. #@문장구분#내가 짝사랑을 해보았지만 이렇게까지 생각한 적은 없었다.#@문장구분# 엄마을 좋아할 때도 이렇게까지 생각해본적이 없었고, 엄마를 소중히 여긴다해도 이렇게까지 엄마를 생각해본적도 없으니 그래서 내리사랑, 자식 사랑이 가장 크다고 하는 것인가 보다.#@문장구분# 그건 아빠도 마찬가지다.#@문장구분# 둘이서 #@이름# 이야기를 하며 웃는 시간이 많아졌다.#@문장구분# 아기라서 너무 귀여워서 그런건가?#@문장구분# 자식이라면 평생 그런것인가?#@문장구분# 물론 당연히 평생 사랑하겠지만 이렇게 강렬한 사랑이 지속되는거냔 말이다.#@문장구분# 우리 엄마도 유튜브 영상을 열심히 보는 걸 보면 아기때만 그런 것은 아닌 것 같기도 하다.#@문장구분# 당연한 것은 없는데 지금 우리가 선율이와 함께 시간을 보낼 수 있다는 것, 이 아기가 자라는 모습을 하나 하나 지켜볼 수 있다는 것, 우리가 다 같이 보내는 시간등을 이런 당연하지 않은 소중한 것들에 감사해야한다고 느낀다.#@문장구분# 매일 매일 변화하고 달라지는 아기의 모습을 보는 것이 큰 기쁨이고 앞으로 아기가 걷는 모습이나 말하는 모습을 볼 수 있다고 생각하면 벌써부터 기대가 된다.#@문장구분# 이러한 작은 기쁨이지만 소중한 기쁨을 잃고 싶지 않다.#@문장구분# 소중한 것을 잃는 것은 너무 가슴아픈 경험이다.#@문장구분#",
      "paragraph_len": 1194,
      "paragraph_id": "001"
    }
  ],
  "score": {
    "paragraph_score": [
      {
        "paragraph_scoreT": [
          3,
          2.5,
          2.3333333
        ],
        "paragraph_scoreT_detail": {
          "paragraph_scoreT_exp": [
            [
              3,
              3,
              3
            ],
            [
              2,
              3,
              2
            ],
            [
              3,
              2,
              2
            ]
          ]
        },
        "paragraph_scoreT_avg": 2.611111,
        "paragraph_id": "001"
      }
    ],
    "essay_scoreT": [
      30,
      25.38889,
      22.5
    ],
    "essay_scoreT_avg": 25.962961,
    "essay_scoreT_detail": {
      "essay_scoreT_org": [
        [
          3,
          3,
          3,
          3
        ],
        [
          2,
          3,
          3,
          2
        ],
        [
          2,
          3,
          2,
          3
        ]
      ],
      "essay_scoreT_cont": [
        [
          3,
          3,
          0,
          3
        ],
        [
          3,
          2,
          0,
          3
        ],
        [
          2,
          2,
          0,
          3
        ]
      ],
      "essay_scoreT_exp": [
        [
          3,
          3,
          3
        ],
        [
          2,
          3,
          2
        ],
        [
          3,
          2,
          2
        ]
      ]
    }
  },
  "student": {
    "date": "2021.12.13",
    "student_educated": true,
    "student_grade": "고등_1학년",
    "location": "041",
    "student_grade_group": "고등",
    "student_reading": 1
  },
  "rubric": {
    "essay_grade": "고등_1학년",
    "organization_weight": {
      "org_paragraph": 2,
      "org": 2,
      "org_essay": 4,
      "org_coherence": 2,
      "org_quantity": 1
    },
    "essay_type": "글짓기",
    "content_weight": {
      "con_clearance": 4,
      "con_novelty": 3,
      "con": 4,
      "con_prompt": 0,
      "con_description": 1
    },
    "essay_main_subject": "소중함을 잃었던 경험",
    "expression_weight": {
      "exp_style": 1,
      "exp_grammar": 2,
      "exp_vocab": 3,
      "exp": 4
    }
  },
  "correction": [],
  "info": {
    "essay_id": "ESSAY_65857",
    "essay_prompt": " 익숙함에 속아 소중함을 잊지 말자는 명언 (Do not get fooled by something familiar and forget what is priceless.)이 있습니다.\n\n 부모님께서 매일 해주시는 아침밥이나, 너무 친해서 매일 맛있는 간식을 사주는 친구 등 처음에는 매우 감사했지만 반복되는 호의에 우리는 소중함을 잊어가기도 합니다.\n\n 작은 소중함일지라도 그 소중함을 잃게 되면 호의를 베푸는 사람 입장에서는 매우 당황스럽고 기분이 나쁠 수 있어요.\n\n 여러분은 익숙함에 속아 소중함을 잊었던 사례와 그로 인해 상대방의 기분을 나쁘게 했던 경험이 있나요? 만약 있다면 관계를 회복하기 위해 어떤 노력을 하셨나요? 본인의 경험을 작성해주세요.\n\n 만약 그런 적이 없다면 주변의 이야기나 본인에게 소중함을 주는 사람들에 관해 설명해주세요.",
    "essay_type": "글짓기",
    "essay_level": "2",
    "essay_len": 809,
    "essay_main_subject": "소중함을 잃었던 경험"
  }
}