{
  "paragraph": [
    {
      "paragraph_txt": "나는소중한게사라져본적은없지만 그사람들에 기분은이상하게알것같다.#@문장구분#\n자기 주변에사람들과애완동물, 물건들이사람마다 다르겠지만 어떤사람은 추억이담아있는물건추억소중하게여길수잇다. #@문장구분#우리에게가족이존재한다.#@문장구분#\n좋은부모님, 나쁜부모님이라도사라진다면 부모님이라는가치알 수 있다.#@문장구분#\n아침밥을해주는부모님이하루아침에혼자 부모님집에서아침밥을먹으면\n아무것아니던게 소중해진다.#@문장구분# 왜냐하면아무로치아난는데 이상하게 슬퍼질거야.#@문장구분#\n왜하면부모님이사라진다것자체얼마나슬프알거야 태어난때마다 같치있어준사람이사라진다면\n남운인생이얼마나슬플가 소중한 것매우 중요하고 가치가 있다.#@문장구분#\n이게바로우리매우중요한물건매중요사람있다. #@문장구분#무것도아니던기억그냥넘어가지말고한번더생각하면서인생을살라가면엄마나\n멋진인생일까그냥흔한것이라도 소중하게다루다가 사라지면 얼마나기분이않좋을까?#@문장구분#\n이렇게 자기소중한것을계속잃어보면후회많이할 것이다.#@문장구분#\n자기더잘해줘다면아직살아있거나않이저벌렸을텐데.#@문장구분#\n자기소중한 것을 지키면서 인생응사라보자.#@문장구분#",
      "paragraph_len": 707,
      "paragraph_id": "001"
    }
  ],
  "score": {
    "paragraph_score": [
      {
        "paragraph_scoreT": [
          1.8333334,
          1.1666666,
          1.8333334
        ],
        "paragraph_scoreT_detail": {
          "paragraph_scoreT_exp": [
            [
              2,
              2,
              1
            ],
            [
              1,
              1,
              2
            ],
            [
              2,
              2,
              1
            ]
          ]
        },
        "paragraph_scoreT_avg": 1.6111112,
        "paragraph_id": "001"
      }
    ],
    "essay_scoreT": [
      19.833334,
      14.388889,
      17.555555
    ],
    "essay_scoreT_avg": 17.25926,
    "essay_scoreT_detail": {
      "essay_scoreT_org": [
        [
          2,
          2,
          2,
          2
        ],
        [
          1,
          1,
          1,
          2
        ],
        [
          1,
          1,
          1,
          2
        ]
      ],
      "essay_scoreT_cont": [
        [
          2,
          2,
          0,
          3
        ],
        [
          2,
          2,
          0,
          1
        ],
        [
          2,
          2,
          0,
          2
        ]
      ],
      "essay_scoreT_exp": [
        [
          2,
          2,
          1
        ],
        [
          1,
          1,
          2
        ],
        [
          2,
          2,
          1
        ]
      ]
    }
  },
  "student": {
    "date": "2021.11.01",
    "student_educated": true,
    "student_grade": "고등_1학년",
    "location": "054",
    "student_grade_group": "고등",
    "student_reading": 2
  },
  "rubric": {
    "essay_grade": "고등_1학년",
    "organization_weight": {
      "org_paragraph": 2,
      "org": 2,
      "org_essay": 4,
      "org_coherence": 2,
      "org_quantity": 1
    },
    "essay_type": "글짓기",
    "content_weight": {
      "con_clearance": 4,
      "con_novelty": 3,
      "con": 4,
      "con_prompt": 0,
      "con_description": 1
    },
    "essay_main_subject": "소중함을 잃었던 경험",
    "expression_weight": {
      "exp_style": 1,
      "exp_grammar": 2,
      "exp_vocab": 3,
      "exp": 4
    }
  },
  "correction": [],
  "info": {
    "essay_id": "ESSAY_44880",
    "essay_prompt": " 익숙함에 속아 소중함을 잊지 말자는 명언 (Do not get fooled by something familiar and forget what is priceless.)이 있습니다.\n\n 부모님께서 매일 해주시는 아침밥이나, 너무 친해서 매일 맛있는 간식을 사주는 친구 등 처음에는 매우 감사했지만 반복되는 호의에 우리는 소중함을 잊어가기도 합니다.\n\n 작은 소중함일지라도 그 소중함을 잃게 되면 호의를 베푸는 사람 입장에서는 매우 당황스럽고 기분이 나쁠 수 있어요.\n\n 여러분은 익숙함에 속아 소중함을 잊었던 사례와 그로 인해 상대방의 기분을 나쁘게 했던 경험이 있나요? 만약 있다면 관계를 회복하기 위해 어떤 노력을 하셨나요? 본인의 경험을 작성해주세요.\n\n 만약 그런 적이 없다면 주변의 이야기나 본인에게 소중함을 주는 사람들에 관해 설명해주세요.",
    "essay_type": "글짓기",
    "essay_level": "2",
    "essay_len": 467,
    "essay_main_subject": "소중함을 잃었던 경험"
  }
}