{
  "paragraph": [
    {
      "paragraph_txt": "인생에서 가장 소중한 것이 무엇인지, 그리고 이것을 잃어버리면 어떤 결과가 나오는지는 인생에서 어느정도 성공을 한 사람들의 경험을 들어보는 것이 좋을 것 같습니다.#@문장구분# 산다는 것은 무언가에 목마른 일, 외로운 일, 두려운 일, 그리고 앞이 불확실한 일이겠지요.#@문장구분# 하여 삶의 귀감이 되는 멘토의 깊은 인생 이야기에 귀 기울이고, 삶의 지평을 넓히려고 하는 것이겠지요.#@문장구분# 한 기자가 '인생'이라는 화두로 우리 시대 멘토 17인과 마주했습니다.#@문장구분# 비록 활자를 통해서지만 만남의 설렘 같은 게 느껴집니다.#@문장구분# 혜민스님은 이렇게 말합니다.#@문장구분# \"﻿사람 한 명 한 명을 난로 다루듯이 해야 합니다. 너무 가깝지도, 너무 멀지도 않아야 합니다. 아무리 관계가 좋다고 하더라도 사람과 찰싹 달라붙으면 결국은 지겨워집니다. 아무리 좋아도 여운이 남아야 그리워집니다.\"#@문장구분# 서울대학교의 한 교수는 이렇게 말합니다.#@문장구분# \"다 지나간다! 생각하면 할수록 정말 깊이 있는 말입니다. 이 말을 깨달으면 인생의 무게가 가벼워집니다. 지금부터라도 이 말을 마음에 새기고 살아 보세요. 코페르니쿠스적 대전환을 하게 될 것입니다.\"#@문장구분# 또 다른 교수는 이렇게 말합니다.#@문장구분# \"친구의 사망 소식이 들려올 때마다 아련해집니다. 하지만 그게 인생입니다. 노년에는 그것을 견뎌야 해요. 건강하고 씩씩하게 살아 있을 때 좋은 친구를 많이 만드세요. 그러기 위해서는 먼저 좋은 친구가 되세요. 그것이 행복의 비결입니다.\"#@문장구분# 한 전직장관도 이렇게 말합니다.#@문장구분# \"나는 삶에서 우연성을 강조하는 편입니다. 삶은 우연에서 새로운 필연을 만들어내는 과정입니다. 인생의 불행마저 행복으로 역전시키는 데 삶의 묘미가 있습니다.\"#@문장구분# 이렇게 여러사람들은 여러 가지 다른 소중한 의미를 인생에 부여하고 그것을 잃는 상실감도 다 다른 것 같습니다.#@문장구분#",
      "paragraph_len": 1147,
      "paragraph_id": "001"
    }
  ],
  "score": {
    "paragraph_score": [
      {
        "paragraph_scoreT": [
          3,
          3,
          3
        ],
        "paragraph_scoreT_detail": {
          "paragraph_scoreT_exp": [
            [
              3,
              3,
              3
            ],
            [
              3,
              3,
              3
            ],
            [
              3,
              3,
              3
            ]
          ]
        },
        "paragraph_scoreT_avg": 3,
        "paragraph_id": "001"
      }
    ],
    "essay_scoreT": [
      30,
      30,
      30
    ],
    "essay_scoreT_avg": 30,
    "essay_scoreT_detail": {
      "essay_scoreT_org": [
        [
          3,
          3,
          3,
          3
        ],
        [
          3,
          3,
          3,
          3
        ],
        [
          3,
          3,
          3,
          3
        ]
      ],
      "essay_scoreT_cont": [
        [
          3,
          3,
          0,
          3
        ],
        [
          3,
          3,
          0,
          3
        ],
        [
          3,
          3,
          0,
          3
        ]
      ],
      "essay_scoreT_exp": [
        [
          3,
          3,
          3
        ],
        [
          3,
          3,
          3
        ],
        [
          3,
          3,
          3
        ]
      ]
    }
  },
  "student": {
    "date": "2021.12.16",
    "student_educated": true,
    "student_grade": "고등_1학년",
    "location": "041",
    "student_grade_group": "고등",
    "student_reading": 2
  },
  "rubric": {
    "essay_grade": "고등_1학년",
    "organization_weight": {
      "org_paragraph": 2,
      "org": 2,
      "org_essay": 4,
      "org_coherence": 2,
      "org_quantity": 1
    },
    "essay_type": "글짓기",
    "content_weight": {
      "con_clearance": 4,
      "con_novelty": 3,
      "con": 4,
      "con_prompt": 0,
      "con_description": 1
    },
    "essay_main_subject": "소중함을 잃었던 경험",
    "expression_weight": {
      "exp_style": 1,
      "exp_grammar": 2,
      "exp_vocab": 3,
      "exp": 4
    }
  },
  "correction": [],
  "info": {
    "essay_id": "ESSAY_66144",
    "essay_prompt": " 익숙함에 속아 소중함을 잊지 말자는 명언 (Do not get fooled by something familiar and forget what is priceless.)이 있습니다.\n\n 부모님께서 매일 해주시는 아침밥이나, 너무 친해서 매일 맛있는 간식을 사주는 친구 등 처음에는 매우 감사했지만 반복되는 호의에 우리는 소중함을 잊어가기도 합니다.\n\n 작은 소중함일지라도 그 소중함을 잃게 되면 호의를 베푸는 사람 입장에서는 매우 당황스럽고 기분이 나쁠 수 있어요.\n\n 여러분은 익숙함에 속아 소중함을 잊었던 사례와 그로 인해 상대방의 기분을 나쁘게 했던 경험이 있나요? 만약 있다면 관계를 회복하기 위해 어떤 노력을 하셨나요? 본인의 경험을 작성해주세요.\n\n 만약 그런 적이 없다면 주변의 이야기나 본인에게 소중함을 주는 사람들에 관해 설명해주세요.",
    "essay_type": "글짓기",
    "essay_level": "2",
    "essay_len": 867,
    "essay_main_subject": "소중함을 잃었던 경험"
  }
}