{
  "paragraph": [
    {
      "paragraph_txt": "\"익숙함에 속아 소중함을 잃지 말자\"라는 명언은 어렸을 때부터 누가 말했는지는 모르지만 자주 듣던 명언이다.#@문장구분# 이 말처럼 인간은 처음에는 소중하다가도 점차 편해지면서 그 소중함은 잃고 익숙해져 결국 익숙함과 소중함 모두 잃어버린다.#@문장구분# 처음에는 풋풋했던 연인들도 100일, 200일을 같이 지내면서 서로가 편해지고 익숙해지면서 소중함을 잃고 권태기를 겪고 난 후 해어지고 세상에서 제일 소중한 가족들을 소중한지 모르고 남보다 못한 사이가 돼버리거나 가족보다 친구들을 우선시하면서 가족들과의 시간을 거의 보내지 않는다.#@문장구분# 나는 요즘 후자와 같은 일을 겪고 있다.#@문장구분# 나와 형은 사소한 일 때문에 여러 번 크게 다퉈 진짜로 남보다 못한 사이가 되었고 친구들과 노는 거에 시간 가는 줄 모르고 노느라 항상 집에 10시, 11시쯤에 들어가고 부모님께 신경질적으로 행동하면서 부모님께서 뭔 말만 하시면 짜증을 내거나 부정적으로 듣게 된다.#@문장구분# 또 형은 부모님께 말실수를 하였고 누나는 부모님께 큰 실수를 하였다.#@문장구분# 나는 내가 형 누나처럼 부모님께 실수하지는 않을까?#@문장구분# 또 그냥 편해서 했던 행동이 부모님 가슴에 못을 박는 행동은 아니었을까라는 생각을 자주 하게 된다.#@문장구분# 내가 가족에 대한 소중함을 잃고 익숙하다는 것을 내세우며 한 행동이 결국 소중함과 익숙함 모두 잃어버릴 수 있다는 것을 깨닫고 익숙하더라도 그 안에 들어있는 작은 소중함이라도 찾아내어 한 번 더 생각하여 행동하고 가족들과 더 많은 소중한 시간을 보낼 것이다.#@문장구분#",
      "paragraph_len": 907,
      "paragraph_id": "001"
    }
  ],
  "score": {
    "paragraph_score": [
      {
        "paragraph_scoreT": [
          2.5,
          3,
          3
        ],
        "paragraph_scoreT_detail": {
          "paragraph_scoreT_exp": [
            [
              3,
              2,
              3
            ],
            [
              3,
              3,
              3
            ],
            [
              3,
              3,
              3
            ]
          ]
        },
        "paragraph_scoreT_avg": 2.8333333,
        "paragraph_id": "001"
      }
    ],
    "essay_scoreT": [
      28,
      28.5,
      28.277779
    ],
    "essay_scoreT_avg": 28.25926,
    "essay_scoreT_detail": {
      "essay_scoreT_org": [
        [
          3,
          3,
          3,
          3
        ],
        [
          3,
          3,
          3,
          3
        ],
        [
          3,
          3,
          3,
          2
        ]
      ],
      "essay_scoreT_cont": [
        [
          3,
          3,
          0,
          3
        ],
        [
          3,
          2,
          0,
          3
        ],
        [
          3,
          2,
          0,
          3
        ]
      ],
      "essay_scoreT_exp": [
        [
          3,
          2,
          3
        ],
        [
          3,
          3,
          3
        ],
        [
          3,
          3,
          3
        ]
      ]
    }
  },
  "student": {
    "date": "2021.10.24",
    "student_educated": true,
    "student_grade": "고등_1학년",
    "location": "063",
    "student_grade_group": "고등",
    "student_reading": 1
  },
  "rubric": {
    "essay_grade": "고등_1학년",
    "organization_weight": {
      "org_paragraph": 2,
      "org": 2,
      "org_essay": 4,
      "org_coherence": 2,
      "org_quantity": 1
    },
    "essay_type": "글짓기",
    "content_weight": {
      "con_clearance": 4,
      "con_novelty": 3,
      "con": 4,
      "con_prompt": 0,
      "con_description": 1
    },
    "essay_main_subject": "소중함을 잃었던 경험",
    "expression_weight": {
      "exp_style": 1,
      "exp_grammar": 2,
      "exp_vocab": 3,
      "exp": 4
    }
  },
  "correction": [],
  "info": {
    "essay_id": "ESSAY_42734",
    "essay_prompt": " 익숙함에 속아 소중함을 잊지 말자는 명언 (Do not get fooled by something familiar and forget what is priceless.)이 있습니다.\n\n 부모님께서 매일 해주시는 아침밥이나, 너무 친해서 매일 맛있는 간식을 사주는 친구 등 처음에는 매우 감사했지만 반복되는 호의에 우리는 소중함을 잊어가기도 합니다.\n\n 작은 소중함일지라도 그 소중함을 잃게 되면 호의를 베푸는 사람 입장에서는 매우 당황스럽고 기분이 나쁠 수 있어요.\n\n 여러분은 익숙함에 속아 소중함을 잊었던 사례와 그로 인해 상대방의 기분을 나쁘게 했던 경험이 있나요? 만약 있다면 관계를 회복하기 위해 어떤 노력을 하셨나요? 본인의 경험을 작성해주세요.\n\n 만약 그런 적이 없다면 주변의 이야기나 본인에게 소중함을 주는 사람들에 관해 설명해주세요.",
    "essay_type": "글짓기",
    "essay_level": "2",
    "essay_len": 727,
    "essay_main_subject": "소중함을 잃었던 경험"
  }
}