{
  "paragraph": [
    {
      "paragraph_txt": "저는 자유의 소중함에 대해 이야기 해보겠습니다.#@문장구분# 우리나라는 자유 민주주의 국가입니다.#@문장구분# 이 말은 모든 국민이 자신의 의지와 생각에 의해 생활하는 민주주의 국가라는 의미겠지요.#@문장구분# 이제까지 살아오면서 국가나 기관으로부터 저의 자유를 억압을 받았다거나 제제를 받았던 적은 한번도 없었습니다.#@문장구분# 한밤중에 나가서 어묵을 사먹도 누가 머라고 하지 않았고 찜질방에서 잠을자다가 집에오고 싶으면 새벽 2시 3시라도 그냥 집에 오면 되었습니다.#@문장구분# 교회에 가거나 절에 가거나 모두 본인의 의사에 따른 것이지 누구도 강요할 수 없는 일입니다.#@문장구분# 하지만 최근 코로나 바이러스로 인하여 전세계가 펜더믹 현상까지 다다르자 우리의 자유는 억압되었습니다.#@문장구분# 여행도 다니지 못하게 되었습니다.#@문장구분# 해외여행시 입국 금지 국가가 발생하기도 하고 입국시 검역을 통해 바로 집으로 가지도 못하고 2주동안 외출이 금지되는 자가격리 시설에 들어가서 격리되어있다가 검사후 집에 돌아가는 자유가 억압된 현상이 나타났습니다.#@문장구분# 게다가 정부에서는 마스크를 쓰지 않으면 공공시설 출입 금지 라든가 공중교통을 이용할수 없게 만들기도 하였고 이제 예방접종을 하지 않으면 체육시설, 학원등에 들어가지 못하는 백신패스라는 제도까지 생겨나게 됩니다.#@문장구분# 이런 상황에서 우리가 얼마나 자유롭게 살아왔는지 그자유의 소중함도 모른채 살아왔다는 것을 새삼 깨닫게 됩니다.#@문장구분# 하지만 지금 이 상황을 이겨내고 헤쳐 나가기 위해서는 모든 국민이 적극적으로 동참하여야 될것입니다.#@문장구분# 하기 싫지만 하지 않으면 않되는 일이 있듯이 지금 상황에 정부 정책에 적극 참여하여 코로나를 이겨내고 다시 자유롭게 여행하고 자유롭게 돌아다니고 내맘대로 살수 있는 시대를 만들자고 사람들에게 말하고 싶습니다.#@문장구분#",
      "paragraph_len": 1096,
      "paragraph_id": "001"
    }
  ],
  "score": {
    "paragraph_score": [
      {
        "paragraph_scoreT": [
          2.6666667,
          2.6666667,
          3
        ],
        "paragraph_scoreT_detail": {
          "paragraph_scoreT_exp": [
            [
              2,
              3,
              3
            ],
            [
              2,
              3,
              3
            ],
            [
              3,
              3,
              3
            ]
          ]
        },
        "paragraph_scoreT_avg": 2.777778,
        "paragraph_id": "001"
      }
    ],
    "essay_scoreT": [
      27.166668,
      27.166668,
      30
    ],
    "essay_scoreT_avg": 28.111113,
    "essay_scoreT_detail": {
      "essay_scoreT_org": [
        [
          3,
          3,
          3,
          3
        ],
        [
          3,
          3,
          3,
          3
        ],
        [
          3,
          3,
          3,
          3
        ]
      ],
      "essay_scoreT_cont": [
        [
          3,
          2,
          0,
          3
        ],
        [
          3,
          2,
          0,
          3
        ],
        [
          3,
          3,
          0,
          3
        ]
      ],
      "essay_scoreT_exp": [
        [
          2,
          3,
          3
        ],
        [
          2,
          3,
          3
        ],
        [
          3,
          3,
          3
        ]
      ]
    }
  },
  "student": {
    "date": "2021.12.15",
    "student_educated": true,
    "student_grade": "고등_1학년",
    "location": "063",
    "student_grade_group": "고등",
    "student_reading": 2
  },
  "rubric": {
    "essay_grade": "고등_1학년",
    "organization_weight": {
      "org_paragraph": 2,
      "org": 2,
      "org_essay": 4,
      "org_coherence": 2,
      "org_quantity": 1
    },
    "essay_type": "글짓기",
    "content_weight": {
      "con_clearance": 4,
      "con_novelty": 3,
      "con": 4,
      "con_prompt": 0,
      "con_description": 1
    },
    "essay_main_subject": "소중함을 잃었던 경험",
    "expression_weight": {
      "exp_style": 1,
      "exp_grammar": 2,
      "exp_vocab": 3,
      "exp": 4
    }
  },
  "correction": [],
  "info": {
    "essay_id": "ESSAY_62954",
    "essay_prompt": " 익숙함에 속아 소중함을 잊지 말자는 명언 (Do not get fooled by something familiar and forget what is priceless.)이 있습니다.\n\n 부모님께서 매일 해주시는 아침밥이나, 너무 친해서 매일 맛있는 간식을 사주는 친구 등 처음에는 매우 감사했지만 반복되는 호의에 우리는 소중함을 잊어가기도 합니다.\n\n 작은 소중함일지라도 그 소중함을 잃게 되면 호의를 베푸는 사람 입장에서는 매우 당황스럽고 기분이 나쁠 수 있어요.\n\n 여러분은 익숙함에 속아 소중함을 잊었던 사례와 그로 인해 상대방의 기분을 나쁘게 했던 경험이 있나요? 만약 있다면 관계를 회복하기 위해 어떤 노력을 하셨나요? 본인의 경험을 작성해주세요.\n\n 만약 그런 적이 없다면 주변의 이야기나 본인에게 소중함을 주는 사람들에 관해 설명해주세요.",
    "essay_type": "글짓기",
    "essay_level": "2",
    "essay_len": 836,
    "essay_main_subject": "소중함을 잃었던 경험"
  }
}