{
  "paragraph": [
    {
      "paragraph_txt": "옛날 영화였는데 워터월드 라는 영화가 있었습니다.#@문장구분# 이 영화는 자연이 파괴되고 빙하가 다 녹아서 해수면이 상승하여 육지들이 모두 바다에 잠기게 되면서 인류는 바다위에서 배를 타고 다니며 생활하게 되는 모습을 보입니다.#@문장구분# 다시 원시 시대로 돌아간 듯한 옷차림과 머리스타일 등 문명의 흔적은 다 사라지고 영화속 인물들에게는 본능에 충실한 삶이 나오고 있었습니다.#@문장구분# 해수면이 높아지고 육지가 다 바다속으로 잠기게 되자 흙 한줌, 신선한 야채 이런 것들이 비싼 돈에 팔리게 되고 사람들이 만들어 놓은 인공섬은 인구가 과밀집되어서 쓰레기와 사람이 엉켜서 지저분한 모습이었습니다.#@문장구분# 이런 모습은 영화속의 모습이지만 앞으로 몇십년후 우리의 모습이 될수도 있습니다.#@문장구분# 지금 우리가 누리고 있는 항상 누려왔던 깨끗한 물과 신선한 공기와 건강한 식재료가 풍성하게 자라나게 해주는 땅 이런 자연의 모든 것을 우리는 소중히 여기고 아껴야 합니다.#@문장구분# 자연과 환경을 보호하지 않고 무분별하게 개발하고 함부로 대한다면 우리는 영화속 모습처럼 살아야 할지 모를 일입니다.#@문장구분# 흙의 소중함이 얼마나 큰지 영화에서 나옵니다.#@문장구분# 온통 물천지 세상에서 화분속 흙 한줌에 사람들은 감탄을 하는 모습이 나왔는데 정말 중요한 요소로써 다루어집니다.#@문장구분# 우리가 매일 밟고 다니는 흙은 우리 생명의 원천이고 기원임을 알아야 할것입니다.#@문장구분# 식물이 자라서 동물들이 식물을 먹고 우리가 동물을 잡아먹습니다.#@문장구분# 돌고돌아가는 생태계에서 우리가 지금은 최상위계층에 존재하지만 앞으로 자연이라는 커다란 최상위 계층에게 크게 혼날수 있으니 우리는 지금부터라도 자연을 소중히 여기고 환경을 보호해서 우리 지구가 다시 건강하게 될수 있도록 노력해야 할 것입니다.#@문장구분#",
      "paragraph_len": 1066,
      "paragraph_id": "001"
    }
  ],
  "score": {
    "paragraph_score": [
      {
        "paragraph_scoreT": [
          3,
          3,
          2.6666667
        ],
        "paragraph_scoreT_detail": {
          "paragraph_scoreT_exp": [
            [
              3,
              3,
              3
            ],
            [
              3,
              3,
              3
            ],
            [
              2,
              3,
              3
            ]
          ]
        },
        "paragraph_scoreT_avg": 2.888889,
        "paragraph_id": "001"
      }
    ],
    "essay_scoreT": [
      28.5,
      28.5,
      28.666668
    ],
    "essay_scoreT_avg": 28.555557,
    "essay_scoreT_detail": {
      "essay_scoreT_org": [
        [
          3,
          3,
          3,
          3
        ],
        [
          3,
          3,
          3,
          3
        ],
        [
          3,
          3,
          3,
          3
        ]
      ],
      "essay_scoreT_cont": [
        [
          3,
          2,
          0,
          3
        ],
        [
          3,
          2,
          0,
          3
        ],
        [
          3,
          3,
          0,
          3
        ]
      ],
      "essay_scoreT_exp": [
        [
          3,
          3,
          3
        ],
        [
          3,
          3,
          3
        ],
        [
          2,
          3,
          3
        ]
      ]
    }
  },
  "student": {
    "date": "2021.12.15",
    "student_educated": true,
    "student_grade": "고등_1학년",
    "location": "063",
    "student_grade_group": "고등",
    "student_reading": 2
  },
  "rubric": {
    "essay_grade": "고등_1학년",
    "organization_weight": {
      "org_paragraph": 2,
      "org": 2,
      "org_essay": 4,
      "org_coherence": 2,
      "org_quantity": 1
    },
    "essay_type": "글짓기",
    "content_weight": {
      "con_clearance": 4,
      "con_novelty": 3,
      "con": 4,
      "con_prompt": 0,
      "con_description": 1
    },
    "essay_main_subject": "소중함을 잃었던 경험",
    "expression_weight": {
      "exp_style": 1,
      "exp_grammar": 2,
      "exp_vocab": 3,
      "exp": 4
    }
  },
  "correction": [],
  "info": {
    "essay_id": "ESSAY_62948",
    "essay_prompt": " 익숙함에 속아 소중함을 잊지 말자는 명언 (Do not get fooled by something familiar and forget what is priceless.)이 있습니다.\n\n 부모님께서 매일 해주시는 아침밥이나, 너무 친해서 매일 맛있는 간식을 사주는 친구 등 처음에는 매우 감사했지만 반복되는 호의에 우리는 소중함을 잊어가기도 합니다.\n\n 작은 소중함일지라도 그 소중함을 잃게 되면 호의를 베푸는 사람 입장에서는 매우 당황스럽고 기분이 나쁠 수 있어요.\n\n 여러분은 익숙함에 속아 소중함을 잊었던 사례와 그로 인해 상대방의 기분을 나쁘게 했던 경험이 있나요? 만약 있다면 관계를 회복하기 위해 어떤 노력을 하셨나요? 본인의 경험을 작성해주세요.\n\n 만약 그런 적이 없다면 주변의 이야기나 본인에게 소중함을 주는 사람들에 관해 설명해주세요.",
    "essay_type": "글짓기",
    "essay_level": "2",
    "essay_len": 826,
    "essay_main_subject": "소중함을 잃었던 경험"
  }
}