{
  "paragraph": [
    {
      "paragraph_txt": "익숙함에 속아 소중함을 잃는 대표적인 사례는 가족인 것 같다.#@문장구분# 우리는 가족을 사랑한다고 말하지만 실제로는 가족끼리의 대화도 많이 없고 오히려 서로에게 짜증을 낼때가 많다.#@문장구분# 실제로 내가 가족의 소중함을 느꼈던 때는 가족끼리 이탈리아 여행을 갔을 때이다. #@문장구분#그 때의 계절은 여름이었기 때문에 이탈리아에 있는 내내 너무 더웠다.#@문장구분# 그러던 중에 나는 혼자 길을 잃어버렸었다. #@문장구분#나는 이탈리아 말도 할 줄 모르고, 내가 어디에 있는줄도 몰랐다.#@문장구분# 때문에 전화를 통해 주변의 모습을 설명하는 방법밖에 없었다.#@문장구분# 날씨는 너무 덥고, 목도 말라서 그 때 당시에 너무 무서웠다.#@문장구분# 떨면서 그 자리에 얼어서 서 있는동안 캐릭터 탈을 쓴 사람이 와서 사진을 찍었다. #@문장구분#그런데 그 사람이 나보고 뭐라고 했는데, 돈을 달라고 하는것 같았다. #@문장구분#하지만 나는 돈이 없었다. #@문장구분#그래서 그 사람이 소리를 지르며 화를 냈다. #@문장구분#계속 그 사람이 나보고 소리를 지르며 화를 내자 나는 아무런 생각도 들지않고 빨리 엄마와 아빠가 와줬으면 했다.#@문장구분# 이 일이 있고 그때 나는 항상 내 곁에 있어줘서 익숙했지만 소중했던 엄마와 아빠의 존재를 알게되었다.#@문장구분# 그렇게 되자 나는 엄마와 아빠의 소중함을 알고 나를 대신해서 그 사람에게 돈을 주고 나에게 괜찮냐고 물어보던 엄마와 아빠를 보고 안도감과 고마움, 그리고 엄마와 아빠가 오기 전까지 무서웠던 감정 때문에 눈물이 살짝 났다.#@문장구분# 그 뒤로 우리 가족은 즐겁게 이탈리아에서 여행을 즐겼다.#@문장구분# '나도 어른이 되면 좋은 아빠나 남편이 될 수 있을까?' 라는 생각을 이 글을 쓰면서 할 수 있었고, 소중함을 돌아보는 계기가 되어서 좋았던 것 같다. #@문장구분#앞으로는 소중함을 잃지 않아야겠다.#@문장구분#",
      "paragraph_len": 1175,
      "paragraph_id": "001"
    }
  ],
  "score": {
    "paragraph_score": [
      {
        "paragraph_scoreT": [
          3,
          3,
          2
        ],
        "paragraph_scoreT_detail": {
          "paragraph_scoreT_exp": [
            [
              3,
              3,
              3
            ],
            [
              3,
              3,
              3
            ],
            [
              2,
              2,
              2
            ]
          ]
        },
        "paragraph_scoreT_avg": 2.6666667,
        "paragraph_id": "001"
      }
    ],
    "essay_scoreT": [
      30,
      28.277779,
      18.555555
    ],
    "essay_scoreT_avg": 25.611113,
    "essay_scoreT_detail": {
      "essay_scoreT_org": [
        [
          3,
          3,
          3,
          3
        ],
        [
          3,
          3,
          3,
          2
        ],
        [
          2,
          1,
          2,
          2
        ]
      ],
      "essay_scoreT_cont": [
        [
          3,
          3,
          0,
          3
        ],
        [
          3,
          2,
          0,
          3
        ],
        [
          2,
          1,
          0,
          3
        ]
      ],
      "essay_scoreT_exp": [
        [
          3,
          3,
          3
        ],
        [
          3,
          3,
          3
        ],
        [
          2,
          2,
          2
        ]
      ]
    }
  },
  "student": {
    "date": "2021.09.02",
    "student_educated": true,
    "student_grade": "고등_1학년",
    "location": "051",
    "student_grade_group": "고등",
    "student_reading": 1
  },
  "rubric": {
    "essay_grade": "고등_1학년",
    "organization_weight": {
      "org_paragraph": 2,
      "org": 2,
      "org_essay": 4,
      "org_coherence": 2,
      "org_quantity": 1
    },
    "essay_type": "글짓기",
    "content_weight": {
      "con_clearance": 4,
      "con_novelty": 3,
      "con": 4,
      "con_prompt": 0,
      "con_description": 1
    },
    "essay_main_subject": "소중함을 잃었던 경험",
    "expression_weight": {
      "exp_style": 1,
      "exp_grammar": 2,
      "exp_vocab": 3,
      "exp": 4
    }
  },
  "correction": [],
  "info": {
    "essay_id": "ESSAY_34086",
    "essay_prompt": " 익숙함에 속아 소중함을 잊지 말자는 명언 (Do not get fooled by something familiar and forget what is priceless.)이 있습니다.\n\n 부모님께서 매일 해주시는 아침밥이나, 너무 친해서 매일 맛있는 간식을 사주는 친구 등 처음에는 매우 감사했지만 반복되는 호의에 우리는 소중함을 잊어가기도 합니다.\n\n 작은 소중함일지라도 그 소중함을 잃게 되면 호의를 베푸는 사람 입장에서는 매우 당황스럽고 기분이 나쁠 수 있어요.\n\n 여러분은 익숙함에 속아 소중함을 잊었던 사례와 그로 인해 상대방의 기분을 나쁘게 했던 경험이 있나요? 만약 있다면 관계를 회복하기 위해 어떤 노력을 하셨나요? 본인의 경험을 작성해주세요.\n\n 만약 그런 적이 없다면 주변의 이야기나 본인에게 소중함을 주는 사람들에 관해 설명해주세요.",
    "essay_type": "글짓기",
    "essay_level": "2",
    "essay_len": 816,
    "essay_main_subject": "소중함을 잃었던 경험"
  }
}