{
  "paragraph": [
    {
      "paragraph_txt": "저에게는 강아지 한 마리가 있습니다.#@문장구분# 제가 5살 되던 해부터 키워온 반려견입니다.#@문장구분# 종은 포메리안이며 이름은 럭키입니다.#@문장구분# 우리 가족 모든 삶에 행운이 가득하기를 바란다는 마음으로 럭키라고 이름을 지었습니다.#@문장구분# 그래서인지 아이가 들어온 날부터 우리 가족은 더 없이 화목하였습니다.#@문장구분# 항상 웃음이 끊이질 않았고 강아지를 싫어하시던 아버지가 퇴근 후 바로 럭키를 찾을 만큼 아마도 우리 가족 구성원 중 가장 많은 사랑을 받고 있지 않나 싶습니다.#@문장구분# 어머니와 저 그리고 제 동생이 아닌, 그렇지만 서운함은 전혀 못느끼고 있습니다.#@문장구분# 왜냐하면 럭키는 정말 우리 가족의 사랑이기 때문입니다.#@문장구분# 중학교 진학 후 럭키가 우리집에 들어온 이유를 알게 되었습니다.#@문장구분# 저의 동생을 원했던 부모님께서 많은 노력을 했음에도 아이가 생기지 않자 홀로 있을 저의 외로움을 달래고자 럭키를 데려왔던 것입니다.#@문장구분# 그런데 럭키를 데려온 그 해 저의 동생이 생겼습니다.#@문장구분# 아주 우연치 않게 말입니다.#@문장구분# 우연한 일이지만 부모님께서는 럭키가 우리집의 복덩이라고 생각하여 많은 관심과 사랑을 주셨고 저와 제 동생 역시 그 누구보다 소중한 존재로 럭키를 인식하고 있습니다.#@문장구분# 나의럭키가 편안하고 우리와 함께 오래오래 같이 하기 위해서 나는 이웃들에게 피해를 주지 않도록 많읜 노력을 해야 할 것이며 그러기 위해서 럭키과 규칙을 지키며 생활을 해야 할 것이다.#@문장구분#",
      "paragraph_len": 950,
      "paragraph_id": "001"
    }
  ],
  "score": {
    "paragraph_score": [
      {
        "paragraph_scoreT": [
          3,
          2.6666667,
          2.6666667
        ],
        "paragraph_scoreT_detail": {
          "paragraph_scoreT_exp": [
            [
              3,
              3,
              3
            ],
            [
              2,
              3,
              3
            ],
            [
              2,
              3,
              3
            ]
          ]
        },
        "paragraph_scoreT_avg": 2.777778,
        "paragraph_id": "001"
      }
    ],
    "essay_scoreT": [
      30,
      26.666668,
      26.666668
    ],
    "essay_scoreT_avg": 27.777779,
    "essay_scoreT_detail": {
      "essay_scoreT_org": [
        [
          3,
          3,
          3,
          3
        ],
        [
          3,
          3,
          3,
          3
        ],
        [
          3,
          3,
          3,
          3
        ]
      ],
      "essay_scoreT_cont": [
        [
          3,
          3,
          0,
          3
        ],
        [
          2,
          3,
          0,
          3
        ],
        [
          2,
          3,
          0,
          3
        ]
      ],
      "essay_scoreT_exp": [
        [
          3,
          3,
          3
        ],
        [
          2,
          3,
          3
        ],
        [
          2,
          3,
          3
        ]
      ]
    }
  },
  "student": {
    "date": "2021.12.10",
    "student_educated": true,
    "student_grade": "고등_1학년",
    "location": "044",
    "student_grade_group": "고등",
    "student_reading": 1
  },
  "rubric": {
    "essay_grade": "고등_1학년",
    "organization_weight": {
      "org_paragraph": 2,
      "org": 2,
      "org_essay": 4,
      "org_coherence": 2,
      "org_quantity": 1
    },
    "essay_type": "글짓기",
    "content_weight": {
      "con_clearance": 4,
      "con_novelty": 3,
      "con": 4,
      "con_prompt": 0,
      "con_description": 1
    },
    "essay_main_subject": "소중함을 잃었던 경험",
    "expression_weight": {
      "exp_style": 1,
      "exp_grammar": 2,
      "exp_vocab": 3,
      "exp": 4
    }
  },
  "correction": [],
  "info": {
    "essay_id": "ESSAY_66003",
    "essay_prompt": " 익숙함에 속아 소중함을 잊지 말자는 명언 (Do not get fooled by something familiar and forget what is priceless.)이 있습니다.\n\n 부모님께서 매일 해주시는 아침밥이나, 너무 친해서 매일 맛있는 간식을 사주는 친구 등 처음에는 매우 감사했지만 반복되는 호의에 우리는 소중함을 잊어가기도 합니다.\n\n 작은 소중함일지라도 그 소중함을 잃게 되면 호의를 베푸는 사람 입장에서는 매우 당황스럽고 기분이 나쁠 수 있어요.\n\n 여러분은 익숙함에 속아 소중함을 잊었던 사례와 그로 인해 상대방의 기분을 나쁘게 했던 경험이 있나요? 만약 있다면 관계를 회복하기 위해 어떤 노력을 하셨나요? 본인의 경험을 작성해주세요.\n\n 만약 그런 적이 없다면 주변의 이야기나 본인에게 소중함을 주는 사람들에 관해 설명해주세요.",
    "essay_type": "글짓기",
    "essay_level": "2",
    "essay_len": 670,
    "essay_main_subject": "소중함을 잃었던 경험"
  }
}