{
  "paragraph": [
    {
      "paragraph_txt": "저는 익숙함에 속아 소중함을 잊었던 사례 하면 떠오르는 게 한 가지 있습니다.#@문장구분# 바로 예전 여자친구가 생각이 나는데요.#@문장구분# 그때 생각하면 진짜 슬프고 힘들었지만, 생각해보면 내가 익숙함에 속아 너무 편하게 말을 해 소중한 여자친구를 잃었다는 생각이 들었습니다.#@문장구분# 제가 100일 정도 만난 여자친구가 있었습니다.#@문장구분# 같은 학교 같은 반이어서 매일매일 등하교도 같이하고, 반에서 하라는 공부는 안 하고 항상 붙어 있으면서 장난치고 놀면서 친구 같은 연애를 하고 있었습니다.#@문장구분# 그러다 보니 여자친구 같다가 어떨 때 보면 친구인 거 같아서 서로 심한 장난도 많이 쳐서 서운하거나, 삐지거나 그런 일들이 좀 많았습니다. #@문장구분#그렇게 한 만난 지 100일 정도가 되었을 때 평소와 다름없이 여자친구와 서로 장난치면서 시간을 보내고 있었습니다.#@문장구분# 그러다가 저는 평소랑 똑같은 장난을 쳤지만, 여자친구는 진심으로 서운함을 느끼고 저한테 표현했지만 저는 그게 장난인 줄 알고 아무 일도 아닌 듯이 대수롭지 않게 넘어갔습니다.#@문장구분# 그렇게 시간이 지나도 전 사과를 하지 않았고 달래주지도 않았습니다.#@문장구분# 당연히 여자친구로선 매우 화가 났고 저한테 헤어지자고 했죠.#@문장구분# 저는 여자친구의 입장을 너무 늦게 알아버렸고 아무리 사과와 집착을 해봐도 지나간 버스는 돌아오지 않았죠. #@문장구분#익숙한 감정이 어떻게 보면 정말 무섭습니다. #@문장구분#소중한 사람을 지키고 싶다면 아무리 익숙해도 까먹지 않고 챙기고 신경 쓰는 사람이 되어야 하는 거 같습니다.#@문장구분#",
      "paragraph_len": 974,
      "paragraph_id": "001"
    }
  ],
  "score": {
    "paragraph_score": [
      {
        "paragraph_scoreT": [
          3,
          2.8333333,
          3
        ],
        "paragraph_scoreT_detail": {
          "paragraph_scoreT_exp": [
            [
              3,
              3,
              3
            ],
            [
              3,
              3,
              2
            ],
            [
              3,
              3,
              3
            ]
          ]
        },
        "paragraph_scoreT_avg": 2.9444444,
        "paragraph_id": "001"
      }
    ],
    "essay_scoreT": [
      30,
      26.722221,
      27.61111
    ],
    "essay_scoreT_avg": 28.111109,
    "essay_scoreT_detail": {
      "essay_scoreT_org": [
        [
          3,
          3,
          3,
          3
        ],
        [
          2,
          3,
          3,
          2
        ],
        [
          3,
          2,
          2,
          3
        ]
      ],
      "essay_scoreT_cont": [
        [
          3,
          3,
          0,
          3
        ],
        [
          3,
          2,
          0,
          3
        ],
        [
          3,
          2,
          0,
          3
        ]
      ],
      "essay_scoreT_exp": [
        [
          3,
          3,
          3
        ],
        [
          3,
          3,
          2
        ],
        [
          3,
          3,
          3
        ]
      ]
    }
  },
  "student": {
    "date": "2021.12.16",
    "student_educated": true,
    "student_grade": "고등_1학년",
    "location": "031",
    "student_grade_group": "고등",
    "student_reading": 2
  },
  "rubric": {
    "essay_grade": "고등_1학년",
    "organization_weight": {
      "org_paragraph": 2,
      "org": 2,
      "org_essay": 4,
      "org_coherence": 2,
      "org_quantity": 1
    },
    "essay_type": "글짓기",
    "content_weight": {
      "con_clearance": 4,
      "con_novelty": 3,
      "con": 4,
      "con_prompt": 0,
      "con_description": 1
    },
    "essay_main_subject": "소중함을 잃었던 경험",
    "expression_weight": {
      "exp_style": 1,
      "exp_grammar": 2,
      "exp_vocab": 3,
      "exp": 4
    }
  },
  "correction": [],
  "info": {
    "essay_id": "ESSAY_65656",
    "essay_prompt": " 익숙함에 속아 소중함을 잊지 말자는 명언 (Do not get fooled by something familiar and forget what is priceless.)이 있습니다.\n\n 부모님께서 매일 해주시는 아침밥이나, 너무 친해서 매일 맛있는 간식을 사주는 친구 등 처음에는 매우 감사했지만 반복되는 호의에 우리는 소중함을 잊어가기도 합니다.\n\n 작은 소중함일지라도 그 소중함을 잃게 되면 호의를 베푸는 사람 입장에서는 매우 당황스럽고 기분이 나쁠 수 있어요.\n\n 여러분은 익숙함에 속아 소중함을 잊었던 사례와 그로 인해 상대방의 기분을 나쁘게 했던 경험이 있나요? 만약 있다면 관계를 회복하기 위해 어떤 노력을 하셨나요? 본인의 경험을 작성해주세요.\n\n 만약 그런 적이 없다면 주변의 이야기나 본인에게 소중함을 주는 사람들에 관해 설명해주세요.",
    "essay_type": "글짓기",
    "essay_level": "2",
    "essay_len": 714,
    "essay_main_subject": "소중함을 잃었던 경험"
  }
}