{
  "paragraph": [
    {
      "paragraph_txt": "가까이 있으면 소중함을 느끼지 못한다고 하는 말이 있습니다.#@문장구분# 바로 부모님이 그런 경우 같습니다.#@문장구분# 부모님은 저희를 사랑으로 낳으시고 정성으로 길러 주십니다.#@문장구분# 하지만 우리는 부모님의 소중함을 알지 못하고 커가면서 자신의 행복을 찾아 부모님을 밀어내고 떠나버리고 마는 경우가 다반사 입니다.#@문장구분# 사춘기가 되면서 부모님과 많은 트러블이 발생하는 친구들도 매우 많이 존재합니다.#@문장구분# 그들의 이야기를 들어보면 부모님은 친구를 걱정하고 잘되라고 하는 마음으로 이런 저런 간섭을 하시는데 사춘기에 자유롭고 싶은 친구는 그런 부모님의 간섭과 기대가 부담되고 싫기 때문에 엇나가기 일쑤고 둘의 사이가 매우 나빠지고 심지어 가출에 얼굴을 보지 않는 경우도 발생하게 됩니다.#@문장구분# 그런데 우리는 주변에서 흔히 듣는 말이 있습니다.#@문장구분# 부모님이 살아계실때 잘해드려야 한다며 엄마 아빠게 따뜻하게 한마디라도 건네드리고 전화도 자주 드리고 하라는 말을 듣습니다.#@문장구분# 이글을 쓰기 전에 아빠에게 살갑게 한마디 해보았습니다.#@문장구분# 아빠는 어리둥절한 얼굴로 대답하셨지만 이내 기분이 매우 좋아보이십니다.#@문장구분# 엄마에게도 요새 살이 빠진것 같다며 칭찬을 해드리자 집안에 웃음꽃이 피어납니다.#@문장구분# 아직 부모님이 나이가 많진 않으시지만 자녀의 정감어린 한마디에 부모님의 기분은 하늘높이 날아가는 것 같습니다.#@문장구분# 우리는 항상 우리를 돌봐주시고 자신을 희생하여 우리를 키워주시는 부모님의 소중함을 잊으면 않됩니다.#@문장구분# 뒤돌아 보면 옆만 보면 든든하게 자리를 지켜주시는 부모님이기에 소중함을 모르고 넘어가는 친구들이 많이 있는데 그 누구보다 가족에게 사랑을 표현하고 감사하는 마음을 표현해야 합니다.#@문장구분# 그러면 소중한 우리 가족들의 얼굴에 웃음꽃이 피게 될것입니다.#@문장구분#",
      "paragraph_len": 1128,
      "paragraph_id": "001"
    }
  ],
  "score": {
    "paragraph_score": [
      {
        "paragraph_scoreT": [
          3,
          3,
          3
        ],
        "paragraph_scoreT_detail": {
          "paragraph_scoreT_exp": [
            [
              3,
              3,
              3
            ],
            [
              3,
              3,
              3
            ],
            [
              3,
              3,
              3
            ]
          ]
        },
        "paragraph_scoreT_avg": 3,
        "paragraph_id": "001"
      }
    ],
    "essay_scoreT": [
      28.5,
      28.5,
      30
    ],
    "essay_scoreT_avg": 29,
    "essay_scoreT_detail": {
      "essay_scoreT_org": [
        [
          3,
          3,
          3,
          3
        ],
        [
          3,
          3,
          3,
          3
        ],
        [
          3,
          3,
          3,
          3
        ]
      ],
      "essay_scoreT_cont": [
        [
          3,
          2,
          0,
          3
        ],
        [
          3,
          2,
          0,
          3
        ],
        [
          3,
          3,
          0,
          3
        ]
      ],
      "essay_scoreT_exp": [
        [
          3,
          3,
          3
        ],
        [
          3,
          3,
          3
        ],
        [
          3,
          3,
          3
        ]
      ]
    }
  },
  "student": {
    "date": "2021.12.15",
    "student_educated": true,
    "student_grade": "고등_1학년",
    "location": "063",
    "student_grade_group": "고등",
    "student_reading": 1
  },
  "rubric": {
    "essay_grade": "고등_1학년",
    "organization_weight": {
      "org_paragraph": 2,
      "org": 2,
      "org_essay": 4,
      "org_coherence": 2,
      "org_quantity": 1
    },
    "essay_type": "글짓기",
    "content_weight": {
      "con_clearance": 4,
      "con_novelty": 3,
      "con": 4,
      "con_prompt": 0,
      "con_description": 1
    },
    "essay_main_subject": "소중함을 잃었던 경험",
    "expression_weight": {
      "exp_style": 1,
      "exp_grammar": 2,
      "exp_vocab": 3,
      "exp": 4
    }
  },
  "correction": [],
  "info": {
    "essay_id": "ESSAY_62949",
    "essay_prompt": " 익숙함에 속아 소중함을 잊지 말자는 명언 (Do not get fooled by something familiar and forget what is priceless.)이 있습니다.\n\n 부모님께서 매일 해주시는 아침밥이나, 너무 친해서 매일 맛있는 간식을 사주는 친구 등 처음에는 매우 감사했지만 반복되는 호의에 우리는 소중함을 잊어가기도 합니다.\n\n 작은 소중함일지라도 그 소중함을 잃게 되면 호의를 베푸는 사람 입장에서는 매우 당황스럽고 기분이 나쁠 수 있어요.\n\n 여러분은 익숙함에 속아 소중함을 잊었던 사례와 그로 인해 상대방의 기분을 나쁘게 했던 경험이 있나요? 만약 있다면 관계를 회복하기 위해 어떤 노력을 하셨나요? 본인의 경험을 작성해주세요.\n\n 만약 그런 적이 없다면 주변의 이야기나 본인에게 소중함을 주는 사람들에 관해 설명해주세요.",
    "essay_type": "글짓기",
    "essay_level": "2",
    "essay_len": 828,
    "essay_main_subject": "소중함을 잃었던 경험"
  }
}