{
  "paragraph": [
    {
      "paragraph_txt": "제 이야기를 해보겠습니다.#@문장구분# 저는 초등학교때 이런일이 있었습니다. #@문장구분#친구들과 하교 수업이 끝나고 친구들을 모아서 운동장에 남아 축구를 했습니다.#@문장구분# 하지만 학원을 가야 하는 날 이였습니다.#@문장구분# 어머니는 저에게 공부를 시키기 위해 학원을 보내주시는 호의를 베풀었지만 저는 축구를 하는 것이 너무 신나고 공부보다 재미있다고 느꼈기 때문에 학원을 가지 않는 일이 있었습니다.#@문장구분# 따라서 저의 어머니와 학원선생님께서는 저에게 믿음이 깨지셨습니다. #@문장구분#저는 귀가한후 엄청난 반성을 하며 착원선생님께 연락을 드려 사과를 드렸스빈다. #@문장구분#또한 관계를 풀어나가기 위해 공부를 평소에 하던것에 두배는 더 노력하겠다고 다짐하고 학교 시험 성적을 우수한 성적을 거두게 되는 노력을 했습니다. #@문장구분#따라서 학업에 충실하게 활동한 후 우수한 성적을 거둔 날 학원을 갔을 때 학원 선생님 께서는 미소를 지어주셨습니다.#@문장구분# 학원이 끝나고 귀가한 후 어머니의 표정 또한 미소를 지어주시며 반겨주셨습니다.#@문장구분# 저는 이 일이 있고 난후에 어머니께서 익숙하게 챙겨주시는것에 대해 알게되었고 그 소중함을 잃지 않기 위해서는 평소에 잘해야한다는 것을 깨달았습니다. #@문장구분#그리고 저는 익숙함에 속아 소중함을 잊지 말자는 명언을 되새기면서 항상 살아가기로 마음먹고 앞으로 있을 인연도 소중하게 다뤄서 소중함을 잃지 않기로 마음먹었습니다.#@문장구분# 이상입니다.#@문장구분#",
      "paragraph_len": 914,
      "paragraph_id": "001"
    }
  ],
  "score": {
    "paragraph_score": [
      {
        "paragraph_scoreT": [
          2.6666667,
          3,
          3
        ],
        "paragraph_scoreT_detail": {
          "paragraph_scoreT_exp": [
            [
              2,
              3,
              3
            ],
            [
              3,
              3,
              3
            ],
            [
              3,
              3,
              3
            ]
          ]
        },
        "paragraph_scoreT_avg": 2.888889,
        "paragraph_id": "001"
      }
    ],
    "essay_scoreT": [
      23.555555,
      28,
      26.5
    ],
    "essay_scoreT_avg": 26.018518,
    "essay_scoreT_detail": {
      "essay_scoreT_org": [
        [
          2,
          3,
          3,
          2
        ],
        [
          3,
          3,
          3,
          3
        ],
        [
          3,
          3,
          3,
          3
        ]
      ],
      "essay_scoreT_cont": [
        [
          2,
          2,
          0,
          2
        ],
        [
          3,
          2,
          0,
          2
        ],
        [
          2,
          2,
          0,
          3
        ]
      ],
      "essay_scoreT_exp": [
        [
          2,
          3,
          3
        ],
        [
          3,
          3,
          3
        ],
        [
          3,
          3,
          3
        ]
      ]
    }
  },
  "student": {
    "date": "2021.12.21",
    "student_educated": true,
    "student_grade": "고등_1학년",
    "location": "051",
    "student_grade_group": "고등",
    "student_reading": 2
  },
  "rubric": {
    "essay_grade": "고등_1학년",
    "organization_weight": {
      "org_paragraph": 2,
      "org": 2,
      "org_essay": 4,
      "org_coherence": 2,
      "org_quantity": 1
    },
    "essay_type": "글짓기",
    "content_weight": {
      "con_clearance": 4,
      "con_novelty": 3,
      "con": 4,
      "con_prompt": 0,
      "con_description": 1
    },
    "essay_main_subject": "소중함을 잃었던 경험",
    "expression_weight": {
      "exp_style": 1,
      "exp_grammar": 2,
      "exp_vocab": 3,
      "exp": 4
    }
  },
  "correction": [],
  "info": {
    "essay_id": "ESSAY_75427",
    "essay_prompt": " 익숙함에 속아 소중함을 잊지 말자는 명언 (Do not get fooled by something familiar and forget what is priceless.)이 있습니다.\n\n 부모님께서 매일 해주시는 아침밥이나, 너무 친해서 매일 맛있는 간식을 사주는 친구 등 처음에는 매우 감사했지만 반복되는 호의에 우리는 소중함을 잊어가기도 합니다.\n\n 작은 소중함일지라도 그 소중함을 잃게 되면 호의를 베푸는 사람 입장에서는 매우 당황스럽고 기분이 나쁠 수 있어요.\n\n 여러분은 익숙함에 속아 소중함을 잊었던 사례와 그로 인해 상대방의 기분을 나쁘게 했던 경험이 있나요? 만약 있다면 관계를 회복하기 위해 어떤 노력을 하셨나요? 본인의 경험을 작성해주세요.\n\n 만약 그런 적이 없다면 주변의 이야기나 본인에게 소중함을 주는 사람들에 관해 설명해주세요.",
    "essay_type": "글짓기",
    "essay_level": "2",
    "essay_len": 654,
    "essay_main_subject": "소중함을 잃었던 경험"
  }
}