{
  "paragraph": [
    {
      "paragraph_txt": "익숙함에 속아 소중함을 잊지말자라는 명언은 매우 유명한 명언이다.#@문장구분# 난 이 명언의 내용과 같은 것을 겪은 적이있다.#@문장구분# 중학교 때였다.#@문장구분# 초등학교때부터 알고 지내였던 7년 지기 친구가 있었다.#@문장구분# 이 친구와는 중학교도 같이 올라와 계속 같이 다녔다.#@문장구분# 이 친구와 둘이서만 다닌 것이 아니라 한8명 정도가 같이 다녔다.#@문장구분# 근데 난 이친구와 가장 친하고 이 친구가 가장 소중하였지만 다른 친구들과 더 많이 놀고, 7년 동안 이 친구와 다녔어서 익숙했다.#@문장구분# 이 친구에게는 짜증을 더 많이 내었고, 분풀이도 하곤 했던 것 같다.#@문장구분# 그래서 많이 싸웠던 것 같다.#@문장구분# 그리고 이 친구의 성격을 너무 잘알아서 내가 고민을 말해도 답은 정해져 있었다.#@문장구분# 그래서 그랬던 것이였던건지..#@문장구분# 다른 친구에게 더욱 더 내 속마음을 잘 털어놓게 되었고, 내 7년지기친구는 나의 속마음들을 잘 알지 못했다.#@문장구분# 그래서 다른 친구와 7년지기 친구가 같이 있었는데 7년 지기 친구만 모르는 이야기여서 그 친구가 서운해 했던 적도 있었다.#@문장구분# 그리고 어느날 7년 지기 친구가 나에게 다른 친구의 뒷담화를 하였다.#@문장구분# 그 친구는 날 너무 믿어서 말해 주었겠지만 나는 다른 친구와도 친했던 사이이고, 7년지기 친구는 날 다 이해해줄꺼라는 잘못된 생각으로 그 친구가 한 말들을 다른 친구에게 하고 말았다.#@문장구분# 그래서 그 친구는 다른사람도 아닌 7년지기인 내가 말했기 때문에 더 배신감이 들었을테고 상처도 더 많이 받았을 것이다.#@문장구분# 이 사건을 통해 그 친구와 멀어지게 되었다.#@문장구분# 난 이 사건을 겪고 익숙함에 속아 소중함을 잊지말자는 명언에 공감하게 되었다.#@문장구분# 그리고 그 친구의 소중함을 까닭과 다시 다가가기위해 사과도 해보고 지금까지 나와 친구가 주고 받았던 편지 대화내용을 되새겼다.#@문장구분# 그래서 그 친구의 소중함을 난 찾았고, 그 친구에게 내 진심을 전달하고 사과하여 다시 잘 지낼 수 있었다.#@문장구분#",
      "paragraph_len": 1300,
      "paragraph_id": "001"
    }
  ],
  "score": {
    "paragraph_score": [
      {
        "paragraph_scoreT": [
          2.8333333,
          2,
          2.8333333
        ],
        "paragraph_scoreT_detail": {
          "paragraph_scoreT_exp": [
            [
              3,
              3,
              2
            ],
            [
              2,
              2,
              2
            ],
            [
              3,
              3,
              2
            ]
          ]
        },
        "paragraph_scoreT_avg": 2.5555553,
        "paragraph_id": "001"
      }
    ],
    "essay_scoreT": [
      27.38889,
      22.666666,
      25.555555
    ],
    "essay_scoreT_avg": 25.203705,
    "essay_scoreT_detail": {
      "essay_scoreT_org": [
        [
          3,
          2,
          3,
          3
        ],
        [
          2,
          2,
          3,
          3
        ],
        [
          2,
          2,
          2,
          3
        ]
      ],
      "essay_scoreT_cont": [
        [
          3,
          2,
          0,
          3
        ],
        [
          3,
          2,
          0,
          2
        ],
        [
          3,
          2,
          0,
          2
        ]
      ],
      "essay_scoreT_exp": [
        [
          3,
          3,
          2
        ],
        [
          2,
          2,
          2
        ],
        [
          3,
          3,
          2
        ]
      ]
    }
  },
  "student": {
    "date": "2021.09.13",
    "student_educated": true,
    "student_grade": "고등_1학년",
    "location": "051",
    "student_grade_group": "고등",
    "student_reading": 1
  },
  "rubric": {
    "essay_grade": "고등_1학년",
    "organization_weight": {
      "org_paragraph": 2,
      "org": 2,
      "org_essay": 4,
      "org_coherence": 2,
      "org_quantity": 1
    },
    "essay_type": "글짓기",
    "content_weight": {
      "con_clearance": 4,
      "con_novelty": 3,
      "con": 4,
      "con_prompt": 0,
      "con_description": 1
    },
    "essay_main_subject": "소중함을 잃었던 경험",
    "expression_weight": {
      "exp_style": 1,
      "exp_grammar": 2,
      "exp_vocab": 3,
      "exp": 4
    }
  },
  "correction": [],
  "info": {
    "essay_id": "ESSAY_33982",
    "essay_prompt": " 익숙함에 속아 소중함을 잊지 말자는 명언 (Do not get fooled by something familiar and forget what is priceless.)이 있습니다.\n\n 부모님께서 매일 해주시는 아침밥이나, 너무 친해서 매일 맛있는 간식을 사주는 친구 등 처음에는 매우 감사했지만 반복되는 호의에 우리는 소중함을 잊어가기도 합니다.\n\n 작은 소중함일지라도 그 소중함을 잃게 되면 호의를 베푸는 사람 입장에서는 매우 당황스럽고 기분이 나쁠 수 있어요.\n\n 여러분은 익숙함에 속아 소중함을 잊었던 사례와 그로 인해 상대방의 기분을 나쁘게 했던 경험이 있나요? 만약 있다면 관계를 회복하기 위해 어떤 노력을 하셨나요? 본인의 경험을 작성해주세요.\n\n 만약 그런 적이 없다면 주변의 이야기나 본인에게 소중함을 주는 사람들에 관해 설명해주세요.",
    "essay_type": "글짓기",
    "essay_level": "2",
    "essay_len": 900,
    "essay_main_subject": "소중함을 잃었던 경험"
  }
}