{
  "paragraph": [
    {
      "paragraph_txt": "우리 친할머니는 하루도 빠짐없이 나에게 삼시 세끼를 다 챙겨주셨고 친절하게 웃으면서 대해주셨다.#@문장구분# 그런 할머니에게 나는 종종 짜증을 낸다.#@문장구분# 다른 감정적인 요소로 인해 가족에게 괜히 짜증을 낼 수도 있기 때문이다.#@문장구분# 일단 첫째는 자기 감정제어를 잘하고 자기를 자기 자신이 관리를 잘할 수 있어야 주변 사람들 에게도 소홀해지지 않고 더욱 그에 대한 소중함을 느낄 수 있는 것 같다 .#@문장구분# 할머니에게 조금 더 잘하기 위해서 매일 매일 머릿속으로 되새김질하였다.#@문장구분# 그럴수록 행동이 조금씩 바뀌었는데 행동은 바뀌었지만 지금 내가 예전에 비하면 정말 할머니의 소중함을 정말 모르는 게 나 자신도 느껴지는 게 마음이 아프다#@문장구분# 그렇게 할머니와 떨어지기 싫어하던 나였는데 그 이후로 난 고마움과 미안함 등의 감정을 직접 나타내려 노력하였고, 작은 물건 하나를 쓸 때도 할머니를 생각하며 지내왔다.#@문장구분# 이렇게 지내오면서 느낀 점은 삶이 뜻깊어진다는 것이다.#@문장구분# 세상에서 쓸모가 없는 것은 없다는 것을 깊게 느낄 수 있었다.#@문장구분# 또한 줄어드는 큰 장점이 있었다.#@문장구분# 결국 바라보는 시각에 따라 삶의 의미가 달라진다는 것을 느낄 수 있었다.#@문장구분# 오늘 하루는 이때까지의 익숙함에 대해 돌아보고 항상 곁에 있었던 주변 사람들에게 고마움을 표현하고 앞으로는 어떤 방식으로 주변 사람들에게 좋은 행동을 보여야 할지 돌이켜봐도 되는 밤이다.#@문장구분#  나도 오늘 고마운 사람들과 어떤 말을 해야될지 생각해보고 자야겠다.#@문장구분#",
      "paragraph_len": 960,
      "paragraph_id": "001"
    }
  ],
  "score": {
    "paragraph_score": [
      {
        "paragraph_scoreT": [
          3,
          2.5,
          3
        ],
        "paragraph_scoreT_detail": {
          "paragraph_scoreT_exp": [
            [
              3,
              3,
              3
            ],
            [
              2,
              3,
              2
            ],
            [
              3,
              3,
              3
            ]
          ]
        },
        "paragraph_scoreT_avg": 2.8333333,
        "paragraph_id": "001"
      }
    ],
    "essay_scoreT": [
      30,
      26.055555,
      27.5
    ],
    "essay_scoreT_avg": 27.851852,
    "essay_scoreT_detail": {
      "essay_scoreT_org": [
        [
          3,
          3,
          3,
          3
        ],
        [
          3,
          2,
          3,
          3
        ],
        [
          3,
          3,
          3,
          3
        ]
      ],
      "essay_scoreT_cont": [
        [
          3,
          3,
          0,
          3
        ],
        [
          3,
          2,
          0,
          3
        ],
        [
          2,
          3,
          0,
          2
        ]
      ],
      "essay_scoreT_exp": [
        [
          3,
          3,
          3
        ],
        [
          2,
          3,
          2
        ],
        [
          3,
          3,
          3
        ]
      ]
    }
  },
  "student": {
    "date": "2021.12.19",
    "student_educated": true,
    "student_grade": "고등_1학년",
    "location": "063",
    "student_grade_group": "고등",
    "student_reading": 1
  },
  "rubric": {
    "essay_grade": "고등_1학년",
    "organization_weight": {
      "org_paragraph": 2,
      "org": 2,
      "org_essay": 4,
      "org_coherence": 2,
      "org_quantity": 1
    },
    "essay_type": "글짓기",
    "content_weight": {
      "con_clearance": 4,
      "con_novelty": 3,
      "con": 4,
      "con_prompt": 0,
      "con_description": 1
    },
    "essay_main_subject": "소중함을 잃었던 경험",
    "expression_weight": {
      "exp_style": 1,
      "exp_grammar": 2,
      "exp_vocab": 3,
      "exp": 4
    }
  },
  "correction": [],
  "info": {
    "essay_id": "ESSAY_71976",
    "essay_prompt": " 익숙함에 속아 소중함을 잊지 말자는 명언 (Do not get fooled by something familiar and forget what is priceless.)이 있습니다.\n\n 부모님께서 매일 해주시는 아침밥이나, 너무 친해서 매일 맛있는 간식을 사주는 친구 등 처음에는 매우 감사했지만 반복되는 호의에 우리는 소중함을 잊어가기도 합니다.\n\n 작은 소중함일지라도 그 소중함을 잃게 되면 호의를 베푸는 사람 입장에서는 매우 당황스럽고 기분이 나쁠 수 있어요.\n\n 여러분은 익숙함에 속아 소중함을 잊었던 사례와 그로 인해 상대방의 기분을 나쁘게 했던 경험이 있나요? 만약 있다면 관계를 회복하기 위해 어떤 노력을 하셨나요? 본인의 경험을 작성해주세요.\n\n 만약 그런 적이 없다면 주변의 이야기나 본인에게 소중함을 주는 사람들에 관해 설명해주세요.",
    "essay_type": "글짓기",
    "essay_level": "2",
    "essay_len": 700,
    "essay_main_subject": "소중함을 잃었던 경험"
  }
}