{
  "paragraph": [
    {
      "paragraph_txt": "가족이란 늘 가까이에서 마주 보며, 함께 생활하는 사람인지라 흔히 소중함을 잊고 지냅니다.#@문장구분# 하지만, 어느 순간 자신의 아내나 남편이, 곁에 없는 삶을 상상하면 눈앞이 캄캄해짐을 느낍니다.#@문장구분# 서로 바라보고 지켜주며 마음의 의지가 되는 사람이 없다면, 세상 속에 홀로인 것처럼 외롭고 공허할 뿐만 아니라 살아야 할 의미가 사라지는 것입니다.#@문장구분# 사랑하는 가족이 없다면 많은 재물을 모으고, 부귀와 영화를 누린다 한들무슨 의미가 있으며 즐거움이 있을까요?#@문장구분# 비록 무심하고 뚝뚝한 남편이나 바가지와 잔소리꾼의 아내라 할지라도, 서로에게 보이지 않는 그늘이자 마음의 버팀목인 아내와 남편이란 이름은, 세상 속에서 당신이 꿋꿋하고, 당당하게 살아갈 수 있게 하는 힘의 원천입니다.#@문장구분# 곁에 있기에 소중함을 잊고 사는 사람, 당신의 아내와 남편 그리고 가족들에게 한 세상 다하는 마지막 순간까지 마음을 다해 사랑하세요. 가족보다 소중한 것은 없습니다.#@문장구분# 당신이 꿈을 꾸며 살아야 하는 이유는 바로 가족입니다.#@문장구분# 꿈과 소망을 함께 키우며 사랑의 동반자로 함께 가는 세상에, 둘도 없는 소중한 내 사람 바로 당신의 남편과 아내 그리고 가족입니다.#@문장구분# 내 등에 짐이 없었다면 나는 세상을 바로 살지 못했을 것이다.#@문장구분# 내 등에 있는 짐 때문에 늘 조심하면서 바르게 성실하게 살아왔습니다.#@문장구분# 이제 보니 내 등의 짐은 나를 바르게 살도록 한 귀한 선물이었습니다.#@문장구분# 내등의 짐은 바로 나의 가족입니다.#@문장구분# 가장 소중한 가족을 잃는 슬픔은 없어야겠습니다.#@문장구분#",
      "paragraph_len": 988,
      "paragraph_id": "001"
    }
  ],
  "score": {
    "paragraph_score": [
      {
        "paragraph_scoreT": [
          3,
          3,
          3
        ],
        "paragraph_scoreT_detail": {
          "paragraph_scoreT_exp": [
            [
              3,
              3,
              3
            ],
            [
              3,
              3,
              3
            ],
            [
              3,
              3,
              3
            ]
          ]
        },
        "paragraph_scoreT_avg": 3,
        "paragraph_id": "001"
      }
    ],
    "essay_scoreT": [
      30,
      28,
      28
    ],
    "essay_scoreT_avg": 28.666666,
    "essay_scoreT_detail": {
      "essay_scoreT_org": [
        [
          3,
          3,
          3,
          3
        ],
        [
          3,
          3,
          3,
          3
        ],
        [
          3,
          3,
          3,
          3
        ]
      ],
      "essay_scoreT_cont": [
        [
          3,
          3,
          0,
          3
        ],
        [
          2,
          3,
          0,
          3
        ],
        [
          2,
          3,
          0,
          3
        ]
      ],
      "essay_scoreT_exp": [
        [
          3,
          3,
          3
        ],
        [
          3,
          3,
          3
        ],
        [
          3,
          3,
          3
        ]
      ]
    }
  },
  "student": {
    "date": "2021.12.17",
    "student_educated": true,
    "student_grade": "고등_1학년",
    "location": "044",
    "student_grade_group": "고등",
    "student_reading": 2
  },
  "rubric": {
    "essay_grade": "고등_1학년",
    "organization_weight": {
      "org_paragraph": 2,
      "org": 2,
      "org_essay": 4,
      "org_coherence": 2,
      "org_quantity": 1
    },
    "essay_type": "글짓기",
    "content_weight": {
      "con_clearance": 4,
      "con_novelty": 3,
      "con": 4,
      "con_prompt": 0,
      "con_description": 1
    },
    "essay_main_subject": "소중함을 잃었던 경험",
    "expression_weight": {
      "exp_style": 1,
      "exp_grammar": 2,
      "exp_vocab": 3,
      "exp": 4
    }
  },
  "correction": [],
  "info": {
    "essay_id": "ESSAY_66012",
    "essay_prompt": " 익숙함에 속아 소중함을 잊지 말자는 명언 (Do not get fooled by something familiar and forget what is priceless.)이 있습니다.\n\n 부모님께서 매일 해주시는 아침밥이나, 너무 친해서 매일 맛있는 간식을 사주는 친구 등 처음에는 매우 감사했지만 반복되는 호의에 우리는 소중함을 잊어가기도 합니다.\n\n 작은 소중함일지라도 그 소중함을 잃게 되면 호의를 베푸는 사람 입장에서는 매우 당황스럽고 기분이 나쁠 수 있어요.\n\n 여러분은 익숙함에 속아 소중함을 잊었던 사례와 그로 인해 상대방의 기분을 나쁘게 했던 경험이 있나요? 만약 있다면 관계를 회복하기 위해 어떤 노력을 하셨나요? 본인의 경험을 작성해주세요.\n\n 만약 그런 적이 없다면 주변의 이야기나 본인에게 소중함을 주는 사람들에 관해 설명해주세요.",
    "essay_type": "글짓기",
    "essay_level": "2",
    "essay_len": 728,
    "essay_main_subject": "소중함을 잃었던 경험"
  }
}