{
  "paragraph": [
    {
      "paragraph_txt": "하와이섬(하와이 제도 중 가장 큰 섬의 정식 이름)은 화산 폭발로 생겨난 독특한 특성 때문에 검은 모래 해변이 많습니다. #@문장구분#그러나 때로 유난히 하얀 모래가 반짝이는 해변을 볼 수 있는데 해변의 모래를 자세히 살펴보면 돌이 깨어져 만들어진 광물질이 아니라 산호 부스러기임을 알 수 있습니다.#@문장구분# 그런 해변을 걷다보면 가장자리에는 아직 제법 온전한 형체를 지니고 있는 산호들도 꽤 많이 있습니다.#@문장구분# 하와이 주민들에게는 대수롭지 않은 산호조각이지만 산호를 보기 어려운 한국인 여행자에게 산호 조각은 흥미로운 것이었습니다.#@문장구분# 모양이 좋고 예쁜 산호를 하나 둘 줍다보니 어느새 양손에는 산호들로 가득해서 더 이상 산호를 주울 수 없게 되었습니다.#@문장구분# 손에 들고 있던 산호를 모두 바닥에 내려놓고 하나씩 살펴보면서 그중 가장 예쁜 것 하나만 골라 호주머니에 넣어왔습니다.#@문장구분# 그러나 워낙 많은 산호가 끝없이 깔려있는 산호 해변이라 가장 모양이 온전하고 색깔도 예쁜 한 개만 나의 선택을 받을 수 있었습니다.#@문장구분# 수천 수만 개의 산호 조각 중 내게 선택된 단 하나를 제외한 나머지는 그냥 해변에 버려져있는 의미 없는 무기물에 불과합니다.#@문장구분# 우리의 일상은 늘 선택의 순간들이 이어집니다.#@문장구분# 여럿 중 단 하나를 선택해야 할 때 사람들은 고민하고 다른 사람의 조언도 들어보면서 심사숙고해서 신중하게 결정합니다.#@문장구분# 인생에서 가장 중요한 것 딱 한 가지를 선택한다면 그것은 무엇일까요.#@문장구분# 그리고 그 소중한 것이 사라지는 경험을 한다면 마음이 정말 아플겁니다.#@문장구분#",
      "paragraph_len": 973,
      "paragraph_id": "001"
    }
  ],
  "score": {
    "paragraph_score": [
      {
        "paragraph_scoreT": [
          3,
          3,
          3
        ],
        "paragraph_scoreT_detail": {
          "paragraph_scoreT_exp": [
            [
              3,
              3,
              3
            ],
            [
              3,
              3,
              3
            ],
            [
              3,
              3,
              3
            ]
          ]
        },
        "paragraph_scoreT_avg": 3,
        "paragraph_id": "001"
      }
    ],
    "essay_scoreT": [
      30,
      26.5,
      26
    ],
    "essay_scoreT_avg": 27.5,
    "essay_scoreT_detail": {
      "essay_scoreT_org": [
        [
          3,
          3,
          3,
          3
        ],
        [
          3,
          3,
          3,
          3
        ],
        [
          3,
          3,
          3,
          3
        ]
      ],
      "essay_scoreT_cont": [
        [
          3,
          3,
          0,
          3
        ],
        [
          2,
          2,
          0,
          3
        ],
        [
          2,
          2,
          0,
          2
        ]
      ],
      "essay_scoreT_exp": [
        [
          3,
          3,
          3
        ],
        [
          3,
          3,
          3
        ],
        [
          3,
          3,
          3
        ]
      ]
    }
  },
  "student": {
    "date": "2021.12.16",
    "student_educated": true,
    "student_grade": "고등_1학년",
    "location": "041",
    "student_grade_group": "고등",
    "student_reading": 2
  },
  "rubric": {
    "essay_grade": "고등_1학년",
    "organization_weight": {
      "org_paragraph": 2,
      "org": 2,
      "org_essay": 4,
      "org_coherence": 2,
      "org_quantity": 1
    },
    "essay_type": "글짓기",
    "content_weight": {
      "con_clearance": 4,
      "con_novelty": 3,
      "con": 4,
      "con_prompt": 0,
      "con_description": 1
    },
    "essay_main_subject": "소중함을 잃었던 경험",
    "expression_weight": {
      "exp_style": 1,
      "exp_grammar": 2,
      "exp_vocab": 3,
      "exp": 4
    }
  },
  "correction": [],
  "info": {
    "essay_id": "ESSAY_66128",
    "essay_prompt": " 익숙함에 속아 소중함을 잊지 말자는 명언 (Do not get fooled by something familiar and forget what is priceless.)이 있습니다.\n\n 부모님께서 매일 해주시는 아침밥이나, 너무 친해서 매일 맛있는 간식을 사주는 친구 등 처음에는 매우 감사했지만 반복되는 호의에 우리는 소중함을 잊어가기도 합니다.\n\n 작은 소중함일지라도 그 소중함을 잃게 되면 호의를 베푸는 사람 입장에서는 매우 당황스럽고 기분이 나쁠 수 있어요.\n\n 여러분은 익숙함에 속아 소중함을 잊었던 사례와 그로 인해 상대방의 기분을 나쁘게 했던 경험이 있나요? 만약 있다면 관계를 회복하기 위해 어떤 노력을 하셨나요? 본인의 경험을 작성해주세요.\n\n 만약 그런 적이 없다면 주변의 이야기나 본인에게 소중함을 주는 사람들에 관해 설명해주세요.",
    "essay_type": "글짓기",
    "essay_level": "2",
    "essay_len": 733,
    "essay_main_subject": "소중함을 잃었던 경험"
  }
}