{
  "paragraph": [
    {
      "paragraph_txt": "생텍쥐페리의 소설 어린 왕자는 어느 사막 한가운데에 불시착한 조종사가 행성 B612호에 사는 어린 왕자를 만나 왕자가 살던 행성의 이야기들을 나누게 되는 내용이다.#@문장구분# 그런데 생텍쥐페리는 어린왕자를 집필하기 전 소설속 주인공과 비슷한 일화를 겪었다고 한다.#@문장구분# 실제로 생텍쥐페리는 비행기 조종사였는데 그가 어느날 비행기를 몰고 상공을 날다가 기체결함으로 리비아 사막에 불시착했지만 5일만에 기적적 구조됐었다.#@문장구분# 생존에 필요한 절대 요소들이 결핍된 사막에서 어떻게 버틸수 있었던 것인지 궁금했던 기자들이 생텍쥐페리에게 물었다.#@문장구분# \"당신은 아무것도 없는 사막 한가운데서 어떻게 살아남았나요?#@문장구분# 당신을 살아남게 한 것이 무엇입니까?\"#@문장구분# 이 물음에 생텍쥐페리는 이렇게 대답하였다고 한다.#@문장구분# \"그건 바로 가족입니다.#@문장구분# 가족을 생각하며 최악의 상황을 버텼습니다.\" #@문장구분#소중한 사람과 보내는 시간을 얼마나 가지고 나는 살고 있는가?#@문장구분# 나도 우리가족을 너무나 사랑하고 아낀다.#@문장구분# 하지만 요샌 부모님과 여행보다 친구들와 카페에서 수다떠는 것이 더 재미있고 저녁식사후 부모님과 디저트를 먹으며 이야기 나누는 것보다 친구들과 SNS를 하며 시간 보내는 것이 더 중요시되어지고 있다.#@문장구분# 내가 방문을 닫고 친구들과 소통하고 있을 때 부모님들이 닫힌 방문이나 핸드폰을 보며 고개숙인 나의 정수리를 얼마나 마음 아프게 안타깝게 바라보셨을까 라고 생각하니 죄송스럽기 한이 없다.#@문장구분# 부모님은 항상 내 옆에서 나를 지지해주시고 언제든지 도움을 요청하면 달려와 주시고 나에게 부족함이 없는지 계속 살펴주시는 정말 소중한 존재임에도 나는 그들이 너무 가까이에 있어서 소중함을 모르고 너무 사랑해서 표현해야 할 필요성을 못 느끼고, 언제나 함께여서 영원할 것이라고 착각하며 살아가고 있지는 않은가?#@문장구분# 지금이라고 나는 가까이 있는 소중한 부모님에게 \"감사합니다\"\"사랑합니다\"라고 말을 해야겠다.#@문장구분# 그리고 앞으로 그들과의 익숙하지만 소중한 시간을 나누어 행복은 공유해야 겠다.#@문장구분# 이글을 쓴 이시간이 나의 삶의 우선순위를 깨우쳐 주는 중요한 스승이 되고 소소한 행복을 찾는 기회를 주었다.#@문장구분#",
      "paragraph_len": 1354,
      "paragraph_id": "001"
    }
  ],
  "score": {
    "paragraph_score": [
      {
        "paragraph_scoreT": [
          3,
          3,
          3
        ],
        "paragraph_scoreT_detail": {
          "paragraph_scoreT_exp": [
            [
              3,
              3,
              3
            ],
            [
              3,
              3,
              3
            ],
            [
              3,
              3,
              3
            ]
          ]
        },
        "paragraph_scoreT_avg": 3,
        "paragraph_id": "001"
      }
    ],
    "essay_scoreT": [
      28.5,
      30,
      30
    ],
    "essay_scoreT_avg": 29.5,
    "essay_scoreT_detail": {
      "essay_scoreT_org": [
        [
          3,
          3,
          3,
          3
        ],
        [
          3,
          3,
          3,
          3
        ],
        [
          3,
          3,
          3,
          3
        ]
      ],
      "essay_scoreT_cont": [
        [
          3,
          2,
          0,
          3
        ],
        [
          3,
          3,
          0,
          3
        ],
        [
          3,
          3,
          0,
          3
        ]
      ],
      "essay_scoreT_exp": [
        [
          3,
          3,
          3
        ],
        [
          3,
          3,
          3
        ],
        [
          3,
          3,
          3
        ]
      ]
    }
  },
  "student": {
    "date": "2021.11.16",
    "student_educated": true,
    "student_grade": "고등_1학년",
    "location": "063",
    "student_grade_group": "고등",
    "student_reading": 2
  },
  "rubric": {
    "essay_grade": "고등_1학년",
    "organization_weight": {
      "org_paragraph": 2,
      "org": 2,
      "org_essay": 4,
      "org_coherence": 2,
      "org_quantity": 1
    },
    "essay_type": "글짓기",
    "content_weight": {
      "con_clearance": 4,
      "con_novelty": 3,
      "con": 4,
      "con_prompt": 0,
      "con_description": 1
    },
    "essay_main_subject": "소중함을 잃었던 경험",
    "expression_weight": {
      "exp_style": 1,
      "exp_grammar": 2,
      "exp_vocab": 3,
      "exp": 4
    }
  },
  "correction": [],
  "info": {
    "essay_id": "ESSAY_47430",
    "essay_prompt": " 익숙함에 속아 소중함을 잊지 말자는 명언 (Do not get fooled by something familiar and forget what is priceless.)이 있습니다.\n\n 부모님께서 매일 해주시는 아침밥이나, 너무 친해서 매일 맛있는 간식을 사주는 친구 등 처음에는 매우 감사했지만 반복되는 호의에 우리는 소중함을 잊어가기도 합니다.\n\n 작은 소중함일지라도 그 소중함을 잃게 되면 호의를 베푸는 사람 입장에서는 매우 당황스럽고 기분이 나쁠 수 있어요.\n\n 여러분은 익숙함에 속아 소중함을 잊었던 사례와 그로 인해 상대방의 기분을 나쁘게 했던 경험이 있나요? 만약 있다면 관계를 회복하기 위해 어떤 노력을 하셨나요? 본인의 경험을 작성해주세요.\n\n 만약 그런 적이 없다면 주변의 이야기나 본인에게 소중함을 주는 사람들에 관해 설명해주세요.",
    "essay_type": "글짓기",
    "essay_level": "2",
    "essay_len": 1014,
    "essay_main_subject": "소중함을 잃었던 경험"
  }
}