{
  "paragraph": [
    {
      "paragraph_txt": "한 1년 전 쯤 이었다.#@문장구분# 나는 학원에서 공부를 마치고 집에 3~4시에 도착했었다.#@문장구분# 집에 와서 바로 방에 들어가서 학교 과제를 했다.#@문장구분# 그러나 방에 불을 환하게 켜 놓고 과제에 혼신을 다하고 있었을 때였다. #@문장구분#갑자기 원인을 알 수 없이 방에 불이 꺼져버리게 됐다.#@문장구분# 나는 혹시 우리 집 전기 회로에 문제가 있나 하고 확인을 하러 집 밖 복도로 나왔다.#@문장구분# 하지만 복도에서 한창 열일을 하고 있어야할 엘리베이터도 운행을 하지 않고 있었다.#@문장구분# 그때에서야 나는 정전이라는 사실을 알아차리게 되었다.#@문장구분#정전 사건의 전말을 알고 보니 사거리에서 자동차가 빠른 속도로 달려와 인도에 있는 발전함을 박아서 영등동 일대의 전기가 모조리 끊기게 되었던 것이었다.#@문장구분# 더군다나 정전이 일어났던 시간대가 저녁을 먹고 샤워을 해야하는, 즉 전기가 꼭 필요한 일을 해야 하는 시간대였다.#@문장구분# 일단 나는 하는 수 없이 방에 촛불을 키고 과제를 마무리해 갔다.#@문장구분# 과제를 끝마쳤을 때 쯤, 학원에 갔던 동생, 그리고 회사에 다녀오신 부모님도 집에 오셨다.#@문장구분# 과제를 끝내고 안심하고 있던 나는 가족들이 모두 모이니 저녁도 먹어야 하고 씻기도 해야 하고 등의 일이 남아있다는 것을 인지하게 되었다.#@문장구분# 먼저 전기가 들어오지 않으니 인덕션을 사용하는 우리 집에서는 찌개를 데우거나 간단한 라면도 끓여먹지 못하였다.#@문장구분# 또한 밥솥이 되지 않는 상태에다가 밥도 남아있지 않아서 직접 냄비에 밥을 했어야 했다.#@문장구분# 그래서 우리 가족은 집에 있던 가스 버너를 이용해서 밥을 짓고, 그 후에 찌개를 끓여서 저녁식사를 준비 했었다.#@문장구분# 그때까지도 사고 처리가 되고 있지 않아 생각보다 오랫동안 전기 복구가 되고 있지 않고 있는 상황이었다.#@문장구분# 어쩔 수 없이 우리 가족은 불편하게 식탁 등도 켜지지 않는 상황에서 촛불 몇 개에 의지해서 저녁 식사를 끝마쳤다.#@문장구분# 하지만 아직도 하나의 큰 고난이 남아 있었다.#@문장구분# 바로 네 식구가 샤워를 해야 하는 것이었다.#@문장구분# 전기가 들어오지 않아 보일러도 작동하지 않았을 뿐더러 화장실에 불이 켜지지 않으니 말 그대로 씻을 수가 없는 상황이었다.#@문장구분# 별 수 없이 우리 가족은 생각보다 무거운 욕실 용품을 바리바리 싸서 근처에 있는 목욕탕에 가서 씻었었다.#@문장구분# 그리고 집을 나가고 들어올 때는 엘리베이터가 작동하지 않으니 10층에 위치한 우리 집까지 계단으로 걸어야만 했었다.#@문장구분# 이러한 고난이 지겨워질 때 즈음인 10시에 정전 복구와 사고 처리가 완료되어 다시 전등을 킬 수 있었고, 보일러와 가스레인지, 그리고 밥솥 등도 다시 사용할 수 있게 되었다.#@문장구분# ",
      "paragraph_len": 1699,
      "paragraph_id": "001"
    },
    {
      "paragraph_txt": " 나를 포함한 우리 모두는 아마 일상에서 항상 쓰이는 전기와 그 전기 공급의 소중함과 중요함을 잊어버리고 살고 있을 것이다.#@문장구분# 왜냐하면 언제든지 스위치를 누르면 불이 켜지고, 충전기를 콘센트에 꽂으면 폰이 충전되니까.#@문장구분# 하지만 이 정전 사건을 통해 나는 전기가 잠시 하루도 아닌 몇 시간 동안만이라도 공급되지 않으면 평소에는 당연하게 여겼던 불을 키고 과제를 하는 활동조차도 촛불을 키고 해야 하는 아주 불편하고 한 번 하기도 힘든 일이 되어버린다는, 즉 우리의 편안한 일상이 갑자기 불편한 생활로 바뀌게 된다는 사실을 깨닫게 되었다.#@문장구분# 그래서 이 사건을 계기로 전기의 소중함을 회복하고자 전기를 사용할 때마다 불이 켜지고 폰이 충전되는 것을 당연한 것으로 생각하는 것이 아니라 곁에서 우리의 생활을 편안하게 해주어서 감사하고 소중한 것으로 생각하는 정신적인 습관을 들이게 되었다.#@문장구분# 또한 꼭 그 전자제품이 필요한 상황이 아니라면, 그리고 전자제품을 지금 당장 사용하고 있지 않는다면 전기 콘센트를 뽑아 놓고 전자 제품의 전원을 꼭 꺼서 보관하여 전기 낭비를 최소한도로 하는 습관을 가지게 되었다.#@문장구분# 이로 인해 1년이 지난 지금은 정확하진 않지만, 노트북 세 대를 동시에 충전 할 수 있는 양의 전기를 절약하게 되었다.#@문장구분#",
      "paragraph_len": 741,
      "paragraph_id": "002"
    }
  ],
  "score": {
    "paragraph_score": [
      {
        "paragraph_scoreT": [
          2.1666667,
          3,
          3
        ],
        "paragraph_scoreT_detail": {
          "paragraph_scoreT_exp": [
            [
              2,
              2,
              3
            ],
            [
              3,
              3,
              3
            ],
            [
              3,
              3,
              3
            ]
          ]
        },
        "paragraph_scoreT_avg": 2.7222223,
        "paragraph_id": "001"
      },
      {
        "paragraph_scoreT": [
          3,
          3,
          3
        ],
        "paragraph_scoreT_detail": {
          "paragraph_scoreT_exp": [
            [
              3,
              3,
              3
            ],
            [
              3,
              3,
              3
            ],
            [
              3,
              3,
              3
            ]
          ]
        },
        "paragraph_scoreT_avg": 3,
        "paragraph_id": "002"
      }
    ],
    "essay_scoreT": [
      26.666668,
      30,
      29.11111
    ],
    "essay_scoreT_avg": 28.592592,
    "essay_scoreT_detail": {
      "essay_scoreT_org": [
        [
          3,
          3,
          3,
          3
        ],
        [
          3,
          3,
          3,
          3
        ],
        [
          2,
          3,
          3,
          3
        ]
      ],
      "essay_scoreT_cont": [
        [
          3,
          3,
          0,
          3
        ],
        [
          3,
          3,
          0,
          3
        ],
        [
          3,
          3,
          0,
          3
        ]
      ],
      "essay_scoreT_exp": [
        [
          2,
          2,
          3
        ],
        [
          3,
          3,
          3
        ],
        [
          3,
          3,
          3
        ]
      ]
    }
  },
  "student": {
    "date": "2021.10.23",
    "student_educated": true,
    "student_grade": "고등_1학년",
    "location": "063",
    "student_grade_group": "고등",
    "student_reading": 2
  },
  "rubric": {
    "essay_grade": "고등_1학년",
    "organization_weight": {
      "org_paragraph": 2,
      "org": 2,
      "org_essay": 4,
      "org_coherence": 2,
      "org_quantity": 1
    },
    "essay_type": "글짓기",
    "content_weight": {
      "con_clearance": 4,
      "con_novelty": 3,
      "con": 4,
      "con_prompt": 0,
      "con_description": 1
    },
    "essay_main_subject": "소중함을 잃었던 경험",
    "expression_weight": {
      "exp_style": 1,
      "exp_grammar": 2,
      "exp_vocab": 3,
      "exp": 4
    }
  },
  "correction": [],
  "info": {
    "essay_id": "ESSAY_42729",
    "essay_prompt": " 익숙함에 속아 소중함을 잊지 말자는 명언 (Do not get fooled by something familiar and forget what is priceless.)이 있습니다.\n\n 부모님께서 매일 해주시는 아침밥이나, 너무 친해서 매일 맛있는 간식을 사주는 친구 등 처음에는 매우 감사했지만 반복되는 호의에 우리는 소중함을 잊어가기도 합니다.\n\n 작은 소중함일지라도 그 소중함을 잃게 되면 호의를 베푸는 사람 입장에서는 매우 당황스럽고 기분이 나쁠 수 있어요.\n\n 여러분은 익숙함에 속아 소중함을 잊었던 사례와 그로 인해 상대방의 기분을 나쁘게 했던 경험이 있나요? 만약 있다면 관계를 회복하기 위해 어떤 노력을 하셨나요? 본인의 경험을 작성해주세요.\n\n 만약 그런 적이 없다면 주변의 이야기나 본인에게 소중함을 주는 사람들에 관해 설명해주세요.",
    "essay_type": "글짓기",
    "essay_level": "2",
    "essay_len": 1843,
    "essay_main_subject": "소중함을 잃었던 경험"
  }
}