{
  "paragraph": [
    {
      "paragraph_txt": "제가 소중함을 잃었던 것은 친구인데요.#@문장구분# 이 친구랑은 죽마고우였던 친구인데 저의 한번의 실수로 인하여 친구를 잃었었던 일인데 그날은 저희가 학교 끝나고 축구를 하고나서 학교 기숙사에 가서 친구 방에서 놀고 있었습니다.#@문장구분# 그런데 침대 옆에 악력기가 있었는데 제가 그걸 가져가다가 친구한테 잡혀서 실랑이를 벌이다가 친구에 옷을 찢어 버린 겁니다.#@문장구분# 그래서 제가 사과를 해도 받아주지도 않고 제가 물어준다고 해도 마음이 속상했는지 꺼지라고 욕을 하면서 손절 한다고 하고 더 이상 저랑 말을 섞지 않았습니다.#@문장구분# 저의 한번의 실수로 친구를 잃은 것입니다.#@문장구분# 저는 이 일을 계기로 다른 친구들한테는 잘 대해주고 교우 관계도 원만해졌습니다.#@문장구분# 하지만 저는 소중한 친구를 잃었단 것에 더 마음이 아프고 다시는 이런 실수로 안하겠다는 계기로 삼았습니다.#@문장구분#",
      "paragraph_len": 546,
      "paragraph_id": "001"
    },
    {
      "paragraph_txt": "그래서 과거의 경험을 토대로 앞으로 미래에 일어날 일들에 대해 잘 대처하기로 했습니다.#@문장구분#",
      "paragraph_len": 68,
      "paragraph_id": "002"
    },
    {
      "paragraph_txt": "소중함을 잊지 않고 말이죠.#@문장구분# 제시문에 나온 속담에도 써 있듯이 익숙함에 속아 소중함을 잊지 않기로 다짐했습니다.#@문장구분# 앞으로는 나에게 소중한 사람들에게 최선을 다하는 내가 되어 변화하는 모습을 보여주어야 겠습니다.#@문장구분# 소중한 사람들을 잊지 않고 생활하며 소중한 사람들에게 항상 헌신하고 봉사하는 사람이 되도록 노력하겠습니다.#@문장구분# 우리 모두 소중한 것들에게 소중하게 대하는 사람이 되도록 노력합시다.#@문장구분#",
      "paragraph_len": 315,
      "paragraph_id": "003"
    }
  ],
  "score": {
    "paragraph_score": [
      {
        "paragraph_scoreT": [
          2.5,
          2.1666667,
          2.3333333
        ],
        "paragraph_scoreT_detail": {
          "paragraph_scoreT_exp": [
            [
              2,
              3,
              2
            ],
            [
              2,
              2,
              3
            ],
            [
              3,
              2,
              2
            ]
          ]
        },
        "paragraph_scoreT_avg": 2.3333333,
        "paragraph_id": "001"
      },
      {
        "paragraph_scoreT": [
          2.5,
          3,
          3
        ],
        "paragraph_scoreT_detail": {
          "paragraph_scoreT_exp": [
            [
              2,
              3,
              2
            ],
            [
              3,
              3,
              3
            ],
            [
              3,
              3,
              3
            ]
          ]
        },
        "paragraph_scoreT_avg": 2.8333333,
        "paragraph_id": "002"
      },
      {
        "paragraph_scoreT": [
          2.5,
          2.1666667,
          2.3333333
        ],
        "paragraph_scoreT_detail": {
          "paragraph_scoreT_exp": [
            [
              2,
              3,
              2
            ],
            [
              2,
              2,
              3
            ],
            [
              3,
              2,
              2
            ]
          ]
        },
        "paragraph_scoreT_avg": 2.3333333,
        "paragraph_id": "003"
      }
    ],
    "essay_scoreT": [
      25.944445,
      26.666668,
      21.555555
    ],
    "essay_scoreT_avg": 24.722223,
    "essay_scoreT_detail": {
      "essay_scoreT_org": [
        [
          2,
          2,
          3,
          2
        ],
        [
          3,
          3,
          3,
          3
        ],
        [
          2,
          2,
          2,
          3
        ]
      ],
      "essay_scoreT_cont": [
        [
          3,
          3,
          0,
          2
        ],
        [
          3,
          3,
          0,
          3
        ],
        [
          2,
          2,
          0,
          2
        ]
      ],
      "essay_scoreT_exp": [
        [
          2,
          3,
          2
        ],
        [
          2,
          2,
          3
        ],
        [
          3,
          2,
          2
        ]
      ]
    }
  },
  "student": {
    "date": "2021.11.12",
    "student_educated": true,
    "student_grade": "고등_1학년",
    "location": "054",
    "student_grade_group": "고등",
    "student_reading": 3
  },
  "rubric": {
    "essay_grade": "고등_1학년",
    "organization_weight": {
      "org_paragraph": 2,
      "org": 2,
      "org_essay": 4,
      "org_coherence": 2,
      "org_quantity": 1
    },
    "essay_type": "글짓기",
    "content_weight": {
      "con_clearance": 4,
      "con_novelty": 3,
      "con": 4,
      "con_prompt": 0,
      "con_description": 1
    },
    "essay_main_subject": "소중함을 잃었던 경험",
    "expression_weight": {
      "exp_style": 1,
      "exp_grammar": 2,
      "exp_vocab": 3,
      "exp": 4
    }
  },
  "correction": [],
  "info": {
    "essay_id": "ESSAY_44884",
    "essay_prompt": " 익숙함에 속아 소중함을 잊지 말자는 명언 (Do not get fooled by something familiar and forget what is priceless.)이 있습니다.\n\n 부모님께서 매일 해주시는 아침밥이나, 너무 친해서 매일 맛있는 간식을 사주는 친구 등 처음에는 매우 감사했지만 반복되는 호의에 우리는 소중함을 잊어가기도 합니다.\n\n 작은 소중함일지라도 그 소중함을 잃게 되면 호의를 베푸는 사람 입장에서는 매우 당황스럽고 기분이 나쁠 수 있어요.\n\n 여러분은 익숙함에 속아 소중함을 잊었던 사례와 그로 인해 상대방의 기분을 나쁘게 했던 경험이 있나요? 만약 있다면 관계를 회복하기 위해 어떤 노력을 하셨나요? 본인의 경험을 작성해주세요.\n\n 만약 그런 적이 없다면 주변의 이야기나 본인에게 소중함을 주는 사람들에 관해 설명해주세요.",
    "essay_type": "글짓기",
    "essay_level": "2",
    "essay_len": 673,
    "essay_main_subject": "소중함을 잃었던 경험"
  }
}