{
  "paragraph": [
    {
      "paragraph_txt": "익숙함에 속아 소중함을 잊지 말자 라는 명언을 솔직히 나는 오늘 처음 들어보았다. #@문장구분#인터넷에 찾아보니 소설 어린 왕자에 나오는 한 구절인 것 같던데 어렸을 때 소설 어린 왕자를 네다섯번 쯤 읽어 보았음에도 기억이 안 나는 건지 어렸을 때 나에게는그다지 인상 깊었던 구절이 아니였던 것 같다.#@문장구분# 그런데도 내가 글쓰기 주제로 이 것을 택한 이유는 이 구절을 계속 읽으며 뜻을 파헤쳐 볼수록 생각나는 사람이 있었기 때문이다.#@문장구분# 그 사람은 바로 나의 외할머니이다.#@문장구분# 나의 외할머니는 내가 태어났을 때부터 초등학교 때까지 같이 살았으며 중학생이 된 이후에도 부모님이 평일이나 주말에 출장을 가실 때마다 걸어서 우리 집에 와서 같이 있어주시곤 했다.#@문장구분# (외할머니 집과 우리 집은 동 수는 다르지만 같은 아파트이다) 할머니와 떨어져 살게 된 초반에는 학교에서돌아 오면 나를 반겨 주시던 할머니의 빈자리가 매우 크게 느껴져 매일 전화도 하고 할머니 집에 놀러 가기도 했다. #@문장구분#하지만 중학교 1학년 2학기 후반에 스마트폰이 생기고 여러가지 게임을 하다 보면서 할머니의 빈자리가 조금씩 게임으로 메워지기 시작했다.#@문장구분# 그러다가 할머니가 아파서 3주 정도 병원에 입원해 있었을 때 나는 덜컥 겁이 나기 시작했다.#@문장구분# 내가 성인이 되어서 할머니께 받은 은혜와 고마움을 진정으로 표현하기 전에 할머니가 돌아가실 까봐 불안했다.#@문장구분# 그때가 내가 할머니에 대한 진정한 소중함을 느끼기 시작한 때인 것 같다.#@문장구분# 내가 생각해도 참 철이 늦게 든 것 같다.#@문장구분# 내가 고등학교에 입학하고 나서 쯤 이었나 할머니의 건강이 전보다 매우 쇠약해지셨고 나는 시간이 될 때마다 할머니 집에 방문하여 할머니의 말동무가 되어드리곤 했다.#@문장구분# 다행인건 할머니가 고양이를 키우면서 조금 더 밝아지셨고 덜 외로워 하신다는 점이었다.#@문장구분# 이 글을 쓰면서 할머니가 나를 돌봐주고 키워주는 것을 당연하게 생각했던 과거의 나를 반성하고 다시 한번 할머니에 대한 고마움과 소중함을 되새긴 것 같다.#@문장구분# 지금 내가 할머니께 바라는 점이 있다면 내가 성인이 되어서 할머니에게 진정한 효도를 할 때 까지 건강하시는 것이다.#@문장구분# 앞으로 삶을 살아 가면서 익숙함에 속아 소중함을 잊지 말자 라는 말을 가슴 속에 새기면서 살아야 겠다.#@문장구분#",
      "paragraph_len": 1396,
      "paragraph_id": "001"
    }
  ],
  "score": {
    "paragraph_score": [
      {
        "paragraph_scoreT": [
          3,
          3,
          3
        ],
        "paragraph_scoreT_detail": {
          "paragraph_scoreT_exp": [
            [
              3,
              3,
              3
            ],
            [
              3,
              3,
              3
            ],
            [
              3,
              3,
              3
            ]
          ]
        },
        "paragraph_scoreT_avg": 3,
        "paragraph_id": "001"
      }
    ],
    "essay_scoreT": [
      30,
      30,
      30
    ],
    "essay_scoreT_avg": 30,
    "essay_scoreT_detail": {
      "essay_scoreT_org": [
        [
          3,
          3,
          3,
          3
        ],
        [
          3,
          3,
          3,
          3
        ],
        [
          3,
          3,
          3,
          3
        ]
      ],
      "essay_scoreT_cont": [
        [
          3,
          3,
          0,
          3
        ],
        [
          3,
          3,
          0,
          3
        ],
        [
          3,
          3,
          0,
          3
        ]
      ],
      "essay_scoreT_exp": [
        [
          3,
          3,
          3
        ],
        [
          3,
          3,
          3
        ],
        [
          3,
          3,
          3
        ]
      ]
    }
  },
  "student": {
    "date": "2021.10.24",
    "student_educated": true,
    "student_grade": "고등_1학년",
    "location": "063",
    "student_grade_group": "고등",
    "student_reading": 2
  },
  "rubric": {
    "essay_grade": "고등_1학년",
    "organization_weight": {
      "org_paragraph": 2,
      "org": 2,
      "org_essay": 4,
      "org_coherence": 2,
      "org_quantity": 1
    },
    "essay_type": "글짓기",
    "content_weight": {
      "con_clearance": 4,
      "con_novelty": 3,
      "con": 4,
      "con_prompt": 0,
      "con_description": 1
    },
    "essay_main_subject": "소중함을 잃었던 경험",
    "expression_weight": {
      "exp_style": 1,
      "exp_grammar": 2,
      "exp_vocab": 3,
      "exp": 4
    }
  },
  "correction": [],
  "info": {
    "essay_id": "ESSAY_42720",
    "essay_prompt": " 익숙함에 속아 소중함을 잊지 말자는 명언 (Do not get fooled by something familiar and forget what is priceless.)이 있습니다.\n\n 부모님께서 매일 해주시는 아침밥이나, 너무 친해서 매일 맛있는 간식을 사주는 친구 등 처음에는 매우 감사했지만 반복되는 호의에 우리는 소중함을 잊어가기도 합니다.\n\n 작은 소중함일지라도 그 소중함을 잃게 되면 호의를 베푸는 사람 입장에서는 매우 당황스럽고 기분이 나쁠 수 있어요.\n\n 여러분은 익숙함에 속아 소중함을 잊었던 사례와 그로 인해 상대방의 기분을 나쁘게 했던 경험이 있나요? 만약 있다면 관계를 회복하기 위해 어떤 노력을 하셨나요? 본인의 경험을 작성해주세요.\n\n 만약 그런 적이 없다면 주변의 이야기나 본인에게 소중함을 주는 사람들에 관해 설명해주세요.",
    "essay_type": "글짓기",
    "essay_level": "2",
    "essay_len": 1076,
    "essay_main_subject": "소중함을 잃었던 경험"
  }
}