{
  "paragraph": [
    {
      "paragraph_txt": "사람들은 좋은 것만 있을 때는 결코 그것이 좋은 것인지 알지 못하고 살아갑니다.#@문장구분# 사랑을 할 때는 사랑을 모르고 이별을 할 때는 이별을 모르고 무엇이든지 있을 때는 모르다가 없어지거나 없고나면 후회가 되고 그리워지고 그것의 소중함을 다시금 느끼며 후회하며 살아가고 있는 것이 지금의 우리들의 모습일 것입니다.#@문장구분# 엄마는 우리에게 너무나 소중하고 없어서는 않되는 존재이기도 하지만 매일 눈을 뜨면 뒤만 돌면 존재하는 사람이고 항상 나를 위해 대가없는 희생을 해 주시는 사람이기에 그 사람의 중요성이나 소중함을 모르고 우리는 살아가고 있습니다.#@문장구분# 얼마전 엄마가 갑자기 입원을 하시게 되었습니다.#@문장구분# 갑작스레 아프셔서 아무런 준비도 없이 입원을 하시는 통에 엄마의 소중함을 알게 되는 계기가 되었습니다.#@문장구분# 엄마가 3주 동안 집안에 계시지 않자 집은 엉망진창으로 변해가고 있었습니다.#@문장구분# 아무리 아빠가 엄마 대신 저희를 돌봐주신다고 하지만 엄마가 계실때처럼 집안이 깔끔하거나 식탁이 풍성하지도 않았고 세탁물들도 엉망진창 뒤죽박죽이었습니다.#@문장구분# 아빠를 도와 저도 노력해 봤지만 엄마의 빈자리는 메꿔지질 않았습니다.#@문장구분# 동생은 엄마 없는 표시가 너무나 많이 나서 제가 봐도 안쓰럽다는 생각이 들 정도였습니다.#@문장구분# 저는 엄마가 퇴원해서 돌아오셨을때 엄마를 꼭 안아드리고 다시는 아프지 말고 어디 가지말고 꼭 우리곁에 있어달라고 말했습니다.#@문장구분# 엄마는 감동받으셨는지 눈물을 보이셨고 저를 꼭 안아주셨습니다.#@문장구분# 엄마가 없는 3주동안 엄마의 소중함을 절실히 느끼고 엄마를 많이 도와드리고 더 사랑하기로 마음먹게되었습니다.#@문장구분# 나중에 없어지고 후회하지말고 있을때 잘하고 존재할때 소중함을 지킬수 있는 사람이 되어야 겠습니다.#@문장구분#",
      "paragraph_len": 1082,
      "paragraph_id": "001"
    }
  ],
  "score": {
    "paragraph_score": [
      {
        "paragraph_scoreT": [
          3,
          3,
          2.6666667
        ],
        "paragraph_scoreT_detail": {
          "paragraph_scoreT_exp": [
            [
              3,
              3,
              3
            ],
            [
              3,
              3,
              3
            ],
            [
              2,
              3,
              3
            ]
          ]
        },
        "paragraph_scoreT_avg": 2.888889,
        "paragraph_id": "001"
      }
    ],
    "essay_scoreT": [
      30,
      27.38889,
      25.722221
    ],
    "essay_scoreT_avg": 27.703705,
    "essay_scoreT_detail": {
      "essay_scoreT_org": [
        [
          3,
          3,
          3,
          3
        ],
        [
          2,
          3,
          3,
          2
        ],
        [
          3,
          3,
          2,
          3
        ]
      ],
      "essay_scoreT_cont": [
        [
          3,
          3,
          0,
          3
        ],
        [
          3,
          2,
          0,
          3
        ],
        [
          2,
          3,
          0,
          2
        ]
      ],
      "essay_scoreT_exp": [
        [
          3,
          3,
          3
        ],
        [
          3,
          3,
          3
        ],
        [
          2,
          3,
          3
        ]
      ]
    }
  },
  "student": {
    "date": "2021.12.16",
    "student_educated": true,
    "student_grade": "고등_1학년",
    "location": "063",
    "student_grade_group": "고등",
    "student_reading": 1
  },
  "rubric": {
    "essay_grade": "고등_1학년",
    "organization_weight": {
      "org_paragraph": 2,
      "org": 2,
      "org_essay": 4,
      "org_coherence": 2,
      "org_quantity": 1
    },
    "essay_type": "글짓기",
    "content_weight": {
      "con_clearance": 4,
      "con_novelty": 3,
      "con": 4,
      "con_prompt": 0,
      "con_description": 1
    },
    "essay_main_subject": "소중함을 잃었던 경험",
    "expression_weight": {
      "exp_style": 1,
      "exp_grammar": 2,
      "exp_vocab": 3,
      "exp": 4
    }
  },
  "correction": [],
  "info": {
    "essay_id": "ESSAY_65707",
    "essay_prompt": " 익숙함에 속아 소중함을 잊지 말자는 명언 (Do not get fooled by something familiar and forget what is priceless.)이 있습니다.\n\n 부모님께서 매일 해주시는 아침밥이나, 너무 친해서 매일 맛있는 간식을 사주는 친구 등 처음에는 매우 감사했지만 반복되는 호의에 우리는 소중함을 잊어가기도 합니다.\n\n 작은 소중함일지라도 그 소중함을 잃게 되면 호의를 베푸는 사람 입장에서는 매우 당황스럽고 기분이 나쁠 수 있어요.\n\n 여러분은 익숙함에 속아 소중함을 잊었던 사례와 그로 인해 상대방의 기분을 나쁘게 했던 경험이 있나요? 만약 있다면 관계를 회복하기 위해 어떤 노력을 하셨나요? 본인의 경험을 작성해주세요.\n\n 만약 그런 적이 없다면 주변의 이야기나 본인에게 소중함을 주는 사람들에 관해 설명해주세요.",
    "essay_type": "글짓기",
    "essay_level": "2",
    "essay_len": 822,
    "essay_main_subject": "소중함을 잃었던 경험"
  }
}