{
  "paragraph": [
    {
      "paragraph_txt": "익숙함에 속아 소중함을 잊지 말자!'라는 말을 보았을 때 가장 먼저 생각난 지금은 이 세상에서 가장 반짝이는 별이 되신 저의 할머니의 이야기를 해볼까 합니다.#@문장구분# 할머니는 돌아가시기 10년 전부터 치매를 앓고 계셨습니다.#@문장구분#어렸을 적부터 부모님의 맞벌이로 인해 저와 친언니는 할머니의 손에 길러졌습니다.#@문장구분# 그렇기에 할머니와 저희 자매는 너무나도 각별하고 애틋한 사이였죠. #@문장구분#언니와 학원 끝나고 집으로 달려오면 할머니는 우리들의 밥부터 챙기기 바빴습니다.#@문장구분# 뙤약볕이 따가운 여름에는 시원한 수박을, 손이 시린 추운 겨울에는 따뜻한 내복으로 갈아입혀 주셨던 어린 나에게 너무나도 큰 품을 가지신 할머니였죠.#@문장구분# 하지만 점차 시간이 흐를수록 할머니는 치매가 심해지셨고 우리들의 이름 하나 제대로 부르지 못하시며, 방금 같이 라면을 먹었는데 또 반복해서 끼니를 찾으시는 할머니로 변해있었습니다.#@문장구분# 이와 동시에, 저도 나쁜 아이로 변해있었습니다.#@문장구분# 길을 헤매 우리 집도 스스로 찾아오시지 못하는 할머니와 매번 동행하는 것이 어느새 나에겐 귀찮음이 되어버렸고, 똑같은 말을 반복하는 할머니의 말들에 대답해주기 싫다며 이어폰을 찾고 있는 아주아주 나쁜 아이로 말이죠. #@문장구분#그렇게 나에게 할머니는 그저 '짐'이라는 존재로 바뀌어 있었습니다.#@문장구분# 어쩌면 제가 바꾼 것이라는 말이 가장 맞겠죠.#@문장구분# 당시에는 생각이 나지 않았던 할머니와의 추억들이 할머니가 돌아가시고 난 후에야, 그때가 되어서야 소중했고 값졌다는 것을 깨닫게 되었습니다#@문장구분# '익숙함에 속아 소중함을 잊지 말자!'라는 말처럼 항상 매 순간을 소중하고 또 소중히 여겨야 한다는 마음을 절대로 잊지 말고 꼭 지켜야 한다는 것이 가장 중요합니다.#@문장구분#",
      "paragraph_len": 1073,
      "paragraph_id": "001"
    }
  ],
  "score": {
    "paragraph_score": [
      {
        "paragraph_scoreT": [
          3,
          2.8333333,
          2.8333333
        ],
        "paragraph_scoreT_detail": {
          "paragraph_scoreT_exp": [
            [
              3,
              3,
              3
            ],
            [
              3,
              3,
              2
            ],
            [
              3,
              3,
              2
            ]
          ]
        },
        "paragraph_scoreT_avg": 2.8888886,
        "paragraph_id": "001"
      }
    ],
    "essay_scoreT": [
      30,
      28.444445,
      26.88889
    ],
    "essay_scoreT_avg": 28.444443,
    "essay_scoreT_detail": {
      "essay_scoreT_org": [
        [
          3,
          3,
          3,
          3
        ],
        [
          2,
          3,
          3,
          3
        ],
        [
          3,
          2,
          3,
          3
        ]
      ],
      "essay_scoreT_cont": [
        [
          3,
          3,
          0,
          3
        ],
        [
          3,
          3,
          0,
          3
        ],
        [
          2,
          3,
          0,
          3
        ]
      ],
      "essay_scoreT_exp": [
        [
          3,
          3,
          3
        ],
        [
          3,
          3,
          2
        ],
        [
          3,
          3,
          2
        ]
      ]
    }
  },
  "student": {
    "date": "2021.12.16",
    "student_educated": true,
    "student_grade": "고등_1학년",
    "location": "031",
    "student_grade_group": "고등",
    "student_reading": 1
  },
  "rubric": {
    "essay_grade": "고등_1학년",
    "organization_weight": {
      "org_paragraph": 2,
      "org": 2,
      "org_essay": 4,
      "org_coherence": 2,
      "org_quantity": 1
    },
    "essay_type": "글짓기",
    "content_weight": {
      "con_clearance": 4,
      "con_novelty": 3,
      "con": 4,
      "con_prompt": 0,
      "con_description": 1
    },
    "essay_main_subject": "소중함을 잃었던 경험",
    "expression_weight": {
      "exp_style": 1,
      "exp_grammar": 2,
      "exp_vocab": 3,
      "exp": 4
    }
  },
  "correction": [],
  "info": {
    "essay_id": "ESSAY_65658",
    "essay_prompt": " 익숙함에 속아 소중함을 잊지 말자는 명언 (Do not get fooled by something familiar and forget what is priceless.)이 있습니다.\n\n 부모님께서 매일 해주시는 아침밥이나, 너무 친해서 매일 맛있는 간식을 사주는 친구 등 처음에는 매우 감사했지만 반복되는 호의에 우리는 소중함을 잊어가기도 합니다.\n\n 작은 소중함일지라도 그 소중함을 잃게 되면 호의를 베푸는 사람 입장에서는 매우 당황스럽고 기분이 나쁠 수 있어요.\n\n 여러분은 익숙함에 속아 소중함을 잊었던 사례와 그로 인해 상대방의 기분을 나쁘게 했던 경험이 있나요? 만약 있다면 관계를 회복하기 위해 어떤 노력을 하셨나요? 본인의 경험을 작성해주세요.\n\n 만약 그런 적이 없다면 주변의 이야기나 본인에게 소중함을 주는 사람들에 관해 설명해주세요.",
    "essay_type": "글짓기",
    "essay_level": "2",
    "essay_len": 814,
    "essay_main_subject": "소중함을 잃었던 경험"
  }
}