{
  "paragraph": [
    {
      "paragraph_txt": "사람들은 익숙함에 속아 소중함을 잊지 말자는 말을 쓴다고 생각한다.#@문장구분# 우리의 삶 주변에는 이러한 소중함이 매우 많다.#@문장구분# 사람, 물건, 식물 등 세상에 있는 모든 것은 소중하다고 생각한다.#@문장구분# 다만 우리는 그에 대한 가치를 잊고 산다.#@문장구분#예를 하나 더 들자면, 한창 에어팟이 유명할 때 난 유선 이어폰을 쓰고 있었다.#@문장구분# 부모님께 부탁해 에어팟을 샀었는데 음악을 자주 듣는 나에게는 삶의 질을 올릴 만큼의 물건이었다.#@문장구분# 하지만 며칠이 지나고 난 에어팟을 소중히 대하지 않았다.#@문장구분# 모서리에 긁혀 흠집이 나도 신경을 쓰지 않고 살았다.#@문장구분# 하루는 에어팟 케이스를 끼우려고 에어팟을 연 순간 더러워져 있는 내부가 눈에 띄었다.#@문장구분# 후회와 함께 난 잠시 생각했다.#@문장구분# 익숙함을 매번 새롭고 가치 있게 여기려면 어떻게 해야 할까?'#@문장구분# 어느 순간 이렇게 변해버린 거 같아서 죄송하기도 하고 마음이 아프다#@문장구분# 주변에 있는 소중한 것들을 놓치고 나서 후회하는 건 정말 바보 같은 짓인걸 모두가 다 알고 있겠지만 실천하지 않는다.#@문장구분# 이것을 항상 머릿속에 되새김질하면서 지금 내 주변에 소중한 사람, 소중한 물건 무엇인지 생각해보고 옆에 있는 그 순간 최고로 최선을 다하며 매일 그것을 실천할 수 없겠지만 이 소중한 사람이나 물건이 나에게 얼마나 중요하며 나에게 이 사람이 주는 사랑의 크기를 알고만 있다면 자연스럽게 대하는 건 달라지게 돼 있다#@문장구분# 그 소중함을 회복하는 건 크고 힘든일이 아니다 .#@문장구분# 그 소중함의 가치를 항상 마음속에 넣고 다니면 된다.#@문장구분#",
      "paragraph_len": 1044,
      "paragraph_id": "001"
    }
  ],
  "score": {
    "paragraph_score": [
      {
        "paragraph_scoreT": [
          2,
          2.6666667,
          2.8333333
        ],
        "paragraph_scoreT_detail": {
          "paragraph_scoreT_exp": [
            [
              2,
              2,
              2
            ],
            [
              2,
              3,
              3
            ],
            [
              3,
              3,
              2
            ]
          ]
        },
        "paragraph_scoreT_avg": 2.5,
        "paragraph_id": "001"
      }
    ],
    "essay_scoreT": [
      24.666666,
      26.277779,
      27.833332
    ],
    "essay_scoreT_avg": 26.259256,
    "essay_scoreT_detail": {
      "essay_scoreT_org": [
        [
          2,
          2,
          3,
          3
        ],
        [
          3,
          2,
          2,
          3
        ],
        [
          3,
          3,
          3,
          3
        ]
      ],
      "essay_scoreT_cont": [
        [
          3,
          3,
          0,
          3
        ],
        [
          3,
          2,
          0,
          3
        ],
        [
          3,
          2,
          0,
          3
        ]
      ],
      "essay_scoreT_exp": [
        [
          2,
          2,
          2
        ],
        [
          2,
          3,
          3
        ],
        [
          3,
          3,
          2
        ]
      ]
    }
  },
  "student": {
    "date": "2021.12.19",
    "student_educated": true,
    "student_grade": "고등_1학년",
    "location": "063",
    "student_grade_group": "고등",
    "student_reading": 2
  },
  "rubric": {
    "essay_grade": "고등_1학년",
    "organization_weight": {
      "org_paragraph": 2,
      "org": 2,
      "org_essay": 4,
      "org_coherence": 2,
      "org_quantity": 1
    },
    "essay_type": "글짓기",
    "content_weight": {
      "con_clearance": 4,
      "con_novelty": 3,
      "con": 4,
      "con_prompt": 0,
      "con_description": 1
    },
    "essay_main_subject": "소중함을 잃었던 경험",
    "expression_weight": {
      "exp_style": 1,
      "exp_grammar": 2,
      "exp_vocab": 3,
      "exp": 4
    }
  },
  "correction": [],
  "info": {
    "essay_id": "ESSAY_71977",
    "essay_prompt": " 익숙함에 속아 소중함을 잊지 말자는 명언 (Do not get fooled by something familiar and forget what is priceless.)이 있습니다.\n\n 부모님께서 매일 해주시는 아침밥이나, 너무 친해서 매일 맛있는 간식을 사주는 친구 등 처음에는 매우 감사했지만 반복되는 호의에 우리는 소중함을 잊어가기도 합니다.\n\n 작은 소중함일지라도 그 소중함을 잃게 되면 호의를 베푸는 사람 입장에서는 매우 당황스럽고 기분이 나쁠 수 있어요.\n\n 여러분은 익숙함에 속아 소중함을 잊었던 사례와 그로 인해 상대방의 기분을 나쁘게 했던 경험이 있나요? 만약 있다면 관계를 회복하기 위해 어떤 노력을 하셨나요? 본인의 경험을 작성해주세요.\n\n 만약 그런 적이 없다면 주변의 이야기나 본인에게 소중함을 주는 사람들에 관해 설명해주세요.",
    "essay_type": "글짓기",
    "essay_level": "2",
    "essay_len": 725,
    "essay_main_subject": "소중함을 잃었던 경험"
  }
}