{
  "paragraph": [
    {
      "paragraph_txt": "초등학생 때 저는 이렇다 할 친구가 없었습니다.#@문장구분# 따돌림을 당하는 것은 아니었지만 같이 놀기만 하면 친구라고 생각했기 때문에 단짝 친구라고 할 것도 없었습니다.#@문장구분# 그러던 중 5학년 때 마니또 활동으로 친한 친구가 생겼고 그 친구 덕에 친구 사귀는 법을 배웠습니다.#@문장구분# 중학교가 서로 달라도 가끔 연락하는 사이었던 그 친구와는 고등학교에 들어오면서 아예 연락이 두절되었습니다. #@문장구분#그런데 같이 놀던 친구에게서 전화가 왔습니다.#@문장구분# 그 친구가 자살을 해서 장례식이 있으니 참석하라고 말했습니다.#@문장구분# 장난전화인 줄 알았지만 그날은 만우절이 아니었고 곧 현실을 깨달았습니다. #@문장구분#저는 급하게 다른 친구들에게도 연락을 돌리기 시작했습니다.#@문장구분# 금방 알겠다고 하는 친구도 있었고 믿기 어려워하며 재차 확인하는 친구도 있었습니다.#@문장구분# 그런 친구들이 있을 때마다 저는 내심 안도했습니다.#@문장구분# 나만 그런 게 아니었다는 걸 느껴서였습니다.#@문장구분# 하지만 장례식장에 방문한 다른 친구들이 눈물을 흘릴 때 혼자만 그러지 못하는 제 모습이 너무 이질적이어서 혼란스러워졌습니다.#@문장구분# 나름 친했다고 생각했는데 그 죽음에 울지도 않는 게 정말 친구가 맞는 지 하는 의문이 들었습니다.#@문장구분# 가끔씩 그 친구 생각이 날 때마다 후회가 밀려옵니다.#@문장구분# 만약 연락처가 날아갔을 때 번호를 한 번이라도 물어봤더라면 연락을 해서 살릴 수 있었을 지도 모른다는 생각이 듭니다.#@문장구분#",
      "paragraph_len": 962,
      "paragraph_id": "001"
    }
  ],
  "score": {
    "paragraph_score": [
      {
        "paragraph_scoreT": [
          2.6666667,
          2.5,
          2
        ],
        "paragraph_scoreT_detail": {
          "paragraph_scoreT_exp": [
            [
              2,
              3,
              3
            ],
            [
              2,
              3,
              2
            ],
            [
              2,
              2,
              2
            ]
          ]
        },
        "paragraph_scoreT_avg": 2.388889,
        "paragraph_id": "001"
      }
    ],
    "essay_scoreT": [
      23.61111,
      27.555555,
      25.555555
    ],
    "essay_scoreT_avg": 25.574074,
    "essay_scoreT_detail": {
      "essay_scoreT_org": [
        [
          2,
          2,
          3,
          2
        ],
        [
          3,
          3,
          2,
          3
        ],
        [
          3,
          3,
          2,
          3
        ]
      ],
      "essay_scoreT_cont": [
        [
          2,
          2,
          0,
          3
        ],
        [
          3,
          3,
          0,
          3
        ],
        [
          3,
          3,
          0,
          3
        ]
      ],
      "essay_scoreT_exp": [
        [
          2,
          3,
          3
        ],
        [
          2,
          3,
          2
        ],
        [
          2,
          2,
          2
        ]
      ]
    }
  },
  "student": {
    "date": "2021.12.08",
    "student_educated": true,
    "student_grade": "고등_1학년",
    "location": "063",
    "student_grade_group": "고등",
    "student_reading": 2
  },
  "rubric": {
    "essay_grade": "고등_1학년",
    "organization_weight": {
      "org_paragraph": 2,
      "org": 2,
      "org_essay": 4,
      "org_coherence": 2,
      "org_quantity": 1
    },
    "essay_type": "글짓기",
    "content_weight": {
      "con_clearance": 4,
      "con_novelty": 3,
      "con": 4,
      "con_prompt": 0,
      "con_description": 1
    },
    "essay_main_subject": "소중함을 잃었던 경험",
    "expression_weight": {
      "exp_style": 1,
      "exp_grammar": 2,
      "exp_vocab": 3,
      "exp": 4
    }
  },
  "correction": [],
  "info": {
    "essay_id": "ESSAY_57013",
    "essay_prompt": " 익숙함에 속아 소중함을 잊지 말자는 명언 (Do not get fooled by something familiar and forget what is priceless.)이 있습니다.\n\n 부모님께서 매일 해주시는 아침밥이나, 너무 친해서 매일 맛있는 간식을 사주는 친구 등 처음에는 매우 감사했지만 반복되는 호의에 우리는 소중함을 잊어가기도 합니다.\n\n 작은 소중함일지라도 그 소중함을 잃게 되면 호의를 베푸는 사람 입장에서는 매우 당황스럽고 기분이 나쁠 수 있어요.\n\n 여러분은 익숙함에 속아 소중함을 잊었던 사례와 그로 인해 상대방의 기분을 나쁘게 했던 경험이 있나요? 만약 있다면 관계를 회복하기 위해 어떤 노력을 하셨나요? 본인의 경험을 작성해주세요.\n\n 만약 그런 적이 없다면 주변의 이야기나 본인에게 소중함을 주는 사람들에 관해 설명해주세요.",
    "essay_type": "글짓기",
    "essay_level": "2",
    "essay_len": 662,
    "essay_main_subject": "소중함을 잃었던 경험"
  }
}