{
  "paragraph": [
    {
      "paragraph_txt": "친구와 간만에 보훈병원역 근처를 걸었다.#@문장구분# 늘 그렇듯 목적지가 없었다.#@문장구분# 어디로 가자!#@문장구분# 말을 하면 발걸음이 빨라지는 것 같아 여유로움이 사그라든 느낌이 드는데, 갈래길이 나올 때마다 어디로 가든 좋다고 말해주니 더 이 친구와의 산책이 기분 좋은 것일지도 모르겠다.#@문장구분# 힘든 과정 속에 남겨둔 소소한 추억들을 되돌이켜 보게 되는 똑같은 거리에서 지금 사뭇 다른 의미로 다가왔다.#@문장구분# 봄날에 카모메 근처의 벚꽃을 보기 위해 노곤한 날씨에 맞춰 걸었던 우리가, 나뭇가지 말고는 남은 것이 없는 겨울을 헤치며 걸었다.#@문장구분# 마냥 나쁘다고 혹은 마냥 좋다고 하긴 애매하지만, 그저 그 순간 소소한 기쁨은 마냥 특별한 날도 아닌 아무 시간에 만나 걸으며 아주 작은 일상들을 서스럼없이 말할 수 있는 것.#@문장구분# 얘나 나나 그 즈음은 식욕이 많이 줄어 그저 걷기만 했는데, 카모메 근처에 가면 하나쯤은 먹어도 좋지 않을까 생각을 했지만 그 사이 카모메는 폐업을 했는지 텅 비어있었다.#@문장구분# 겨울을 버티며 앙상한 가지에 초록빛 꽃같은 새싹이 올라오는 것을 조용히 창가에서 바라보며 밥알을 아주 오래 씹었었는데. 뭔가 헛헛한 마음이 들었다.#@문장구분# 힘든 시기 나에게 힘이 되었던, 가게에 크게 쓰여진 '이곳에서는 모든 일이 잘 풀릴 것 같아요' 함께 걷고 있던 친구에게도, 또 나에게도, 한치 앞을 알기 어렵다는 걸 실감하게 되는 나이지만 그래도 내년은 모든 일이 잘 풀릴 수 있길, 또 소중한 것은 언제든 쉽게 사라질 수 있기에 작고 소중한 것들에 더 감사할 수 있길 무거운 발걸음에 꾹꾹 눌러담아 걸었다.#@문장구분# 나에게 소중한 것은 이러한 소소한 것들이다.#@문장구분# 왜 우리는 이러한 소소한 소중한 것을 버리고 살까 하는 생각이 든다.#@문장구분#",
      "paragraph_len": 1063,
      "paragraph_id": "001"
    }
  ],
  "score": {
    "paragraph_score": [
      {
        "paragraph_scoreT": [
          3,
          2,
          2
        ],
        "paragraph_scoreT_detail": {
          "paragraph_scoreT_exp": [
            [
              3,
              3,
              3
            ],
            [
              2,
              2,
              2
            ],
            [
              2,
              2,
              2
            ]
          ]
        },
        "paragraph_scoreT_avg": 2.3333333,
        "paragraph_id": "001"
      }
    ],
    "essay_scoreT": [
      30,
      20.222221,
      22.166666
    ],
    "essay_scoreT_avg": 24.12963,
    "essay_scoreT_detail": {
      "essay_scoreT_org": [
        [
          3,
          3,
          3,
          3
        ],
        [
          2,
          2,
          2,
          3
        ],
        [
          2,
          2,
          3,
          3
        ]
      ],
      "essay_scoreT_cont": [
        [
          3,
          3,
          0,
          3
        ],
        [
          2,
          2,
          0,
          2
        ],
        [
          2,
          3,
          0,
          2
        ]
      ],
      "essay_scoreT_exp": [
        [
          3,
          3,
          3
        ],
        [
          2,
          2,
          2
        ],
        [
          2,
          2,
          2
        ]
      ]
    }
  },
  "student": {
    "date": "2021.12.16",
    "student_educated": true,
    "student_grade": "고등_1학년",
    "location": "041",
    "student_grade_group": "고등",
    "student_reading": 1
  },
  "rubric": {
    "essay_grade": "고등_1학년",
    "organization_weight": {
      "org_paragraph": 2,
      "org": 2,
      "org_essay": 4,
      "org_coherence": 2,
      "org_quantity": 1
    },
    "essay_type": "글짓기",
    "content_weight": {
      "con_clearance": 4,
      "con_novelty": 3,
      "con": 4,
      "con_prompt": 0,
      "con_description": 1
    },
    "essay_main_subject": "소중함을 잃었던 경험",
    "expression_weight": {
      "exp_style": 1,
      "exp_grammar": 2,
      "exp_vocab": 3,
      "exp": 4
    }
  },
  "correction": [],
  "info": {
    "essay_id": "ESSAY_66123",
    "essay_prompt": " 익숙함에 속아 소중함을 잊지 말자는 명언 (Do not get fooled by something familiar and forget what is priceless.)이 있습니다.\n\n 부모님께서 매일 해주시는 아침밥이나, 너무 친해서 매일 맛있는 간식을 사주는 친구 등 처음에는 매우 감사했지만 반복되는 호의에 우리는 소중함을 잊어가기도 합니다.\n\n 작은 소중함일지라도 그 소중함을 잃게 되면 호의를 베푸는 사람 입장에서는 매우 당황스럽고 기분이 나쁠 수 있어요.\n\n 여러분은 익숙함에 속아 소중함을 잊었던 사례와 그로 인해 상대방의 기분을 나쁘게 했던 경험이 있나요? 만약 있다면 관계를 회복하기 위해 어떤 노력을 하셨나요? 본인의 경험을 작성해주세요.\n\n 만약 그런 적이 없다면 주변의 이야기나 본인에게 소중함을 주는 사람들에 관해 설명해주세요.",
    "essay_type": "글짓기",
    "essay_level": "2",
    "essay_len": 823,
    "essay_main_subject": "소중함을 잃었던 경험"
  }
}