{
  "paragraph": [
    {
      "paragraph_txt": "저에게도 소중한 무언가가 확실하게 존재합니다.#@문장구분# 언제나 저에게 사랑을 주시고 지금까지 키워주셨으며 언제나 따뜻한 밥을 먹을 수 있게 해주셨던 어머니와 언제나 애교를 부리고 사랑스러움을 독차지 하는 제 동생. 언제나 함께 있어 느낌이 강하진 않지만 서로 떨어져 있을 때 그 무엇보다 생각나는 가족들이 저에게 있어서 그 무엇보다 소중한 존재죠.#@문장구분# 제가 사춘기가 오고 가족에게 조금씩 짜증을 내기도 했지만 그 이후로 더욱 사이가 좋아지고 안 그러던 저도 어머니께 가끔 애교를 부리죠.#@문장구분# 저에게 있어 이 둘은 그 무엇보다 소중한 존재들입니다.#@문장구분# 이 글을 쓰면서 가족의 소중함을 다시한번 상기시키는 좋은 기회가 되었던 것 같습니다.#@문장구분# 앞으로는 가족들의 소중함을 받아 저도 가족들에게 소중함을 주는 사람이 되도록 노력하겠습니다.#@문장구분# 나 하나 쯤이야 라는 생각을 버리고 나부터 라는 생각을 하면서 실천하는 삶을 살도록 하겠습니다.#@문장구분# 또한 요즘  코로나 시대가 시작된 이후 우리나라의 의료체계를 더욱 소중히 여기게 되었다. #@문장구분#아프면 당연히 병원을 가고, 돈을 지불한 만큼 일종의 '서비스'를 받는 것인 줄로만 알았던 의료 치료들은 더 이상 함부로 여겨야 할 것이 아닌, 소중하게 여겨야 한다는 것을 깨달았다.#@문장구분# 대한민국 국민들의 건강과 사회 완전을 위해서 기꺼이 자신을 희생하여 오늘도 대한민국의 방역체계가 뚫리지 않게 노력하는 의료진들과 의료서비스는 더 이상 '익숙한 것'이 아닌 '소중한 것'으로 정의되어야 할 것이다. #@문장구분#우리의 사소한 행동들 하나로 큰 변화를 불러일으킬 수 있다.#@문장구분# 불편함을 조금만 더 참고, 늘 긴장을 늦추지 않는다면, 정말로 모두의 염원처럼 '코로나 종말'을 맞이할 수도 있을 것이라고 생각한다.#@문장구분#",
      "paragraph_len": 1071,
      "paragraph_id": "001"
    }
  ],
  "score": {
    "paragraph_score": [
      {
        "paragraph_scoreT": [
          3,
          2.6666667,
          2.6666667
        ],
        "paragraph_scoreT_detail": {
          "paragraph_scoreT_exp": [
            [
              3,
              3,
              3
            ],
            [
              2,
              3,
              3
            ],
            [
              2,
              3,
              3
            ]
          ]
        },
        "paragraph_scoreT_avg": 2.777778,
        "paragraph_id": "001"
      }
    ],
    "essay_scoreT": [
      30,
      28.666668,
      26.666668
    ],
    "essay_scoreT_avg": 28.444445,
    "essay_scoreT_detail": {
      "essay_scoreT_org": [
        [
          3,
          3,
          3,
          3
        ],
        [
          3,
          3,
          3,
          3
        ],
        [
          3,
          3,
          3,
          3
        ]
      ],
      "essay_scoreT_cont": [
        [
          3,
          3,
          0,
          3
        ],
        [
          3,
          3,
          0,
          3
        ],
        [
          2,
          3,
          0,
          3
        ]
      ],
      "essay_scoreT_exp": [
        [
          3,
          3,
          3
        ],
        [
          2,
          3,
          3
        ],
        [
          2,
          3,
          3
        ]
      ]
    }
  },
  "student": {
    "date": "2021.12.18",
    "student_educated": true,
    "student_grade": "고등_1학년",
    "location": "063",
    "student_grade_group": "고등",
    "student_reading": 2
  },
  "rubric": {
    "essay_grade": "고등_1학년",
    "organization_weight": {
      "org_paragraph": 2,
      "org": 2,
      "org_essay": 4,
      "org_coherence": 2,
      "org_quantity": 1
    },
    "essay_type": "글짓기",
    "content_weight": {
      "con_clearance": 4,
      "con_novelty": 3,
      "con": 4,
      "con_prompt": 0,
      "con_description": 1
    },
    "essay_main_subject": "소중함을 잃었던 경험",
    "expression_weight": {
      "exp_style": 1,
      "exp_grammar": 2,
      "exp_vocab": 3,
      "exp": 4
    }
  },
  "correction": [],
  "info": {
    "essay_id": "ESSAY_73398",
    "essay_prompt": " 익숙함에 속아 소중함을 잊지 말자는 명언 (Do not get fooled by something familiar and forget what is priceless.)이 있습니다.\n\n 부모님께서 매일 해주시는 아침밥이나, 너무 친해서 매일 맛있는 간식을 사주는 친구 등 처음에는 매우 감사했지만 반복되는 호의에 우리는 소중함을 잊어가기도 합니다.\n\n 작은 소중함일지라도 그 소중함을 잃게 되면 호의를 베푸는 사람 입장에서는 매우 당황스럽고 기분이 나쁠 수 있어요.\n\n 여러분은 익숙함에 속아 소중함을 잊었던 사례와 그로 인해 상대방의 기분을 나쁘게 했던 경험이 있나요? 만약 있다면 관계를 회복하기 위해 어떤 노력을 하셨나요? 본인의 경험을 작성해주세요.\n\n 만약 그런 적이 없다면 주변의 이야기나 본인에게 소중함을 주는 사람들에 관해 설명해주세요.",
    "essay_type": "글짓기",
    "essay_level": "2",
    "essay_len": 832,
    "essay_main_subject": "소중함을 잃었던 경험"
  }
}