{
  "paragraph": [
    {
      "paragraph_txt": "엄마는 항상 내옆에 내편으로 내옆에 계신다.#@문장구분# 익숙하여 소중함을 모르고 엄마에게 짜증내거나 다투다보니 가끔 서로 맞지 않아서 다투는 것이 많아 사이가 나쁜 경우가 있는데 그런 경우 먼저 화해하거나 서로 사과해서 해결합니다.#@문장구분# 또한 저는 해결을 위해 먼저 나서고 마찰을 일으키지 않기 위해 조심하도록 노력합니다.#@문장구분# 싸우고 학교에 갔습니다.#@문장구분# 그런데 학교 끝날 무렵 비가 왔습니다.#@문장구분# 저는 아침에 학교올 때 비가 안와서 우산을 안 가져 와서 비맞으면서 집에 가야하나 하고 생각하고 있었습니다.#@문장구분# 그런데 학교 끝나고 엄마에게 전화가 와서 자기가 학교 정문에서 기달리고 있다고 얼른 나오라고 했습니다.#@문장구분# 저는 그 때 아침에 엄마에게 화를 냈던 나 자신이 부끄러워졌습니다.#@문장구분# 그래서 엄마에게 가서 아침에 화를 냈던것에 대해 사과를 했습니다.#@문장구분# 엄마도 저에게 사과를 했습니다.#@문장구분# 저는 이 일 이후로 엄마가 나를 정말 사랑하는구나 라고 느꼈습니다.#@문장구분# 그래서 제시문에 있는 명언인 '익숙함에 속아 소중함을 잊지 말자'라는 말이 더더욱 마음 깊이 새겨졌습니다.#@문장구분# 앞으로 이 경험을 잊지 않고 엄마 이외에도 나에게 소중한 사람들에게 그 소중함을 익숙히 여기지 않고 최선을 다해 나도 소중히 여겨주는 사람이 되도록 노력하겠습니다.#@문장구분# 지금이라도 먼저 소중한 사람들에게 안부를 묻는 것이 어떨까 생각해봅니다.#@문장구분# 내 옆에 있는 사람이 가장 소중한 사람인거 같다.#@문장구분# 잃기전에 마음을 보여햐 한다 생각합니다.#@문장구분#",
      "paragraph_len": 1021,
      "paragraph_id": "001"
    }
  ],
  "score": {
    "paragraph_score": [
      {
        "paragraph_scoreT": [
          3,
          2.5,
          2.8333333
        ],
        "paragraph_scoreT_detail": {
          "paragraph_scoreT_exp": [
            [
              3,
              3,
              3
            ],
            [
              2,
              3,
              2
            ],
            [
              3,
              3,
              2
            ]
          ]
        },
        "paragraph_scoreT_avg": 2.7777777,
        "paragraph_id": "001"
      }
    ],
    "essay_scoreT": [
      30,
      24.88889,
      26.444445
    ],
    "essay_scoreT_avg": 27.111113,
    "essay_scoreT_detail": {
      "essay_scoreT_org": [
        [
          3,
          3,
          3,
          3
        ],
        [
          2,
          3,
          3,
          2
        ],
        [
          2,
          3,
          3,
          3
        ]
      ],
      "essay_scoreT_cont": [
        [
          3,
          3,
          0,
          3
        ],
        [
          3,
          2,
          0,
          2
        ],
        [
          3,
          2,
          0,
          2
        ]
      ],
      "essay_scoreT_exp": [
        [
          3,
          3,
          3
        ],
        [
          2,
          3,
          2
        ],
        [
          3,
          3,
          2
        ]
      ]
    }
  },
  "student": {
    "date": "2021.12.13",
    "student_educated": true,
    "student_grade": "고등_1학년",
    "location": "063",
    "student_grade_group": "고등",
    "student_reading": 2
  },
  "rubric": {
    "essay_grade": "고등_1학년",
    "organization_weight": {
      "org_paragraph": 2,
      "org": 2,
      "org_essay": 4,
      "org_coherence": 2,
      "org_quantity": 1
    },
    "essay_type": "글짓기",
    "content_weight": {
      "con_clearance": 4,
      "con_novelty": 3,
      "con": 4,
      "con_prompt": 0,
      "con_description": 1
    },
    "essay_main_subject": "소중함을 잃었던 경험",
    "expression_weight": {
      "exp_style": 1,
      "exp_grammar": 2,
      "exp_vocab": 3,
      "exp": 4
    }
  },
  "correction": [],
  "info": {
    "essay_id": "ESSAY_62715",
    "essay_prompt": " 익숙함에 속아 소중함을 잊지 말자는 명언 (Do not get fooled by something familiar and forget what is priceless.)이 있습니다.\n\n 부모님께서 매일 해주시는 아침밥이나, 너무 친해서 매일 맛있는 간식을 사주는 친구 등 처음에는 매우 감사했지만 반복되는 호의에 우리는 소중함을 잊어가기도 합니다.\n\n 작은 소중함일지라도 그 소중함을 잃게 되면 호의를 베푸는 사람 입장에서는 매우 당황스럽고 기분이 나쁠 수 있어요.\n\n 여러분은 익숙함에 속아 소중함을 잊었던 사례와 그로 인해 상대방의 기분을 나쁘게 했던 경험이 있나요? 만약 있다면 관계를 회복하기 위해 어떤 노력을 하셨나요? 본인의 경험을 작성해주세요.\n\n 만약 그런 적이 없다면 주변의 이야기나 본인에게 소중함을 주는 사람들에 관해 설명해주세요.",
    "essay_type": "글짓기",
    "essay_level": "2",
    "essay_len": 701,
    "essay_main_subject": "소중함을 잃었던 경험"
  }
}