{
  "paragraph": [
    {
      "paragraph_txt": "여러분의 인생에서 가장 소중한 것은 무엇인가요?#@문장구분# 진부하기도 하고 몹시 뻔하기도 한 위의 질문은 살아가면서 자주 접하지는 않는 질문입니다. #@문장구분#우리는 가끔 예상치 못한 순간에 '말문이 막히는 인생에 대한 질문'을 마주하곤 합니다.#@문장구분# 인생에서 가장 소중한 것. #@문장구분#가족, 연인, 친구, 반려동물 등등 내 주변을 함께하는 소중한 사람들부터 집, 차, 재산 등 물질적인 것까지 내 인생을 감싸고 있는 소중한 것들은 많습니다. #@문장구분#순간적으로 생각나는 소중한 것에 대해 말할 수도 있지만 저는 살아가면서 가장 소중한 것은 '나 자신'이라고 생각합니다.#@문장구분# 내가 없으면 가족도, 친구도, 연인도, 반려동물도, 집도, 차도 존재하지 않습니다.#@문장구분#그래서 살면서 '나 자신'이 가장 중요하지요.#@문장구분# 그렇다면, '나 자신'은 무엇일까요? #@문장구분#나는 누구일까요?#@문장구분# 우리는 생각함으로써 내가 존재함을 느낄 수 있습니다. #@문장구분#우리의 생각은 여태껏 살아오면서 겪은 많은 사람, 사물, 상황들을 통해 만들어졌습니다.#@문장구분# 지금 내가 갖고 있는 나의 생각이 곧 나이며, 과거가 축적된 모습이 바로 '지금의 나'인 것이지요.#@문장구분# 다름은 아니구요,#@문장구분# 과거의 내가 쌓여 지금의 내가 만들어졌으니 미래의 나 역시 내가 만들어갈 수 있다는 희망적인 소식을 대뜸 이야기하고 싶었습니다. #@문장구분#그래도 바쁜 현실 속에 살다 보면 '내 손으로 내 미래를 만들 수 있다'라는 사실을 잊고 살기도 합니다.#@문장구분# 우리는 하루하루 미래를 향해 나아가고 있습니다.#@문장구분#하루하루는 큰 변화가 없게 보여도, 지금의 나를 만든 과거가 존재하듯 나의 모든 순간은 미래를 만드는 주춧돌이 될 것입니다. #@문장구분#지금 나의 모든 순간은 가장 소중한 것입니다. #@문장구분#이 순간을 잃는 경험은 고되고 힘습니다.#@문장구분#",
      "paragraph_len": 1219,
      "paragraph_id": "001"
    }
  ],
  "score": {
    "paragraph_score": [
      {
        "paragraph_scoreT": [
          2.6666667,
          3,
          3
        ],
        "paragraph_scoreT_detail": {
          "paragraph_scoreT_exp": [
            [
              2,
              3,
              3
            ],
            [
              3,
              3,
              3
            ],
            [
              3,
              3,
              3
            ]
          ]
        },
        "paragraph_scoreT_avg": 2.888889,
        "paragraph_id": "001"
      }
    ],
    "essay_scoreT": [
      23.777779,
      28,
      26.5
    ],
    "essay_scoreT_avg": 26.092592,
    "essay_scoreT_detail": {
      "essay_scoreT_org": [
        [
          2,
          3,
          3,
          3
        ],
        [
          3,
          3,
          3,
          3
        ],
        [
          3,
          3,
          3,
          3
        ]
      ],
      "essay_scoreT_cont": [
        [
          2,
          2,
          0,
          2
        ],
        [
          3,
          2,
          0,
          2
        ],
        [
          2,
          2,
          0,
          3
        ]
      ],
      "essay_scoreT_exp": [
        [
          2,
          3,
          3
        ],
        [
          3,
          3,
          3
        ],
        [
          3,
          3,
          3
        ]
      ]
    }
  },
  "student": {
    "date": "2021.12.17",
    "student_educated": true,
    "student_grade": "고등_1학년",
    "location": "041",
    "student_grade_group": "고등",
    "student_reading": 1
  },
  "rubric": {
    "essay_grade": "고등_1학년",
    "organization_weight": {
      "org_paragraph": 2,
      "org": 2,
      "org_essay": 4,
      "org_coherence": 2,
      "org_quantity": 1
    },
    "essay_type": "글짓기",
    "content_weight": {
      "con_clearance": 4,
      "con_novelty": 3,
      "con": 4,
      "con_prompt": 0,
      "con_description": 1
    },
    "essay_main_subject": "소중함을 잃었던 경험",
    "expression_weight": {
      "exp_style": 1,
      "exp_grammar": 2,
      "exp_vocab": 3,
      "exp": 4
    }
  },
  "correction": [],
  "info": {
    "essay_id": "ESSAY_73799",
    "essay_prompt": " 익숙함에 속아 소중함을 잊지 말자는 명언 (Do not get fooled by something familiar and forget what is priceless.)이 있습니다.\n\n 부모님께서 매일 해주시는 아침밥이나, 너무 친해서 매일 맛있는 간식을 사주는 친구 등 처음에는 매우 감사했지만 반복되는 호의에 우리는 소중함을 잊어가기도 합니다.\n\n 작은 소중함일지라도 그 소중함을 잃게 되면 호의를 베푸는 사람 입장에서는 매우 당황스럽고 기분이 나쁠 수 있어요.\n\n 여러분은 익숙함에 속아 소중함을 잊었던 사례와 그로 인해 상대방의 기분을 나쁘게 했던 경험이 있나요? 만약 있다면 관계를 회복하기 위해 어떤 노력을 하셨나요? 본인의 경험을 작성해주세요.\n\n 만약 그런 적이 없다면 주변의 이야기나 본인에게 소중함을 주는 사람들에 관해 설명해주세요.",
    "essay_type": "글짓기",
    "essay_level": "2",
    "essay_len": 820,
    "essay_main_subject": "소중함을 잃었던 경험"
  }
}