{
  "paragraph": [
    {
      "paragraph_txt": "요즘 코로나 바이러스 때문에 우리는 평범했던 일상들을 잃어가고 있다.#@문장구분# 더운 여름에도 답답한 마스크를 쓰고 장시간 외출을 하거나 실내에서도 마스크를 쓰고 있어야 하는 사태가 벌어졌다.#@문장구분# 학교는 학생들과 선생님 수 백명이 밀집 되어있는 공간이다 보니 등교수업을 전면 중단하고 온라인 강의로 대체를 하여 이로 인해 학생들의 학업 성취도나 흥미가 급격히 감소한다.#@문장구분# 거리두기 단계가 높아질수록 집합금지 또는 음식점들은 정해진 시간에 문을 닫아야하니 사람들의 방문이 없어 폐업을 하는 식당들이 아주 많다.#@문장구분# 폐업뿐만 아니라 간신히 운영하고 있는 가게들은 매달 적자가 나고있다.#@문장구분# 코로나 바이러스가 처음 유행할 당시 집에서만 여가시간을 보내고 답답한 마스크를 쓰고 다니는 것이 이제는 익숙해져서 평범한 일상이 되어버렸다.#@문장구분# 코로나 전 우리가 아무 생각없이 평범하게 생각하고 지내던 일상들이 언제 다시 돌아갈 수 있을지도 모르는 날들이 되어 버렸다.#@문장구분# 당연했던 함께했던 일상들이 이제는 대부분의 일들을 혼자 해내야 하는 일상들로  바뀌면서, 우리는 생각이 많아진다.#@문장구분# 코로나로 인해 바뀌어버린 익숙해져가는 삶들에 속아 소중했던 우리의 일상들을 잃지말자.#@문장구분# 나는 이렇게 생각한다.#@문장구분# 코로나가 우리에게 익숙함에 속아 소중함을 잃지말자를 알려주고 있는 건 아닐까.#@문장구분#",
      "paragraph_len": 852,
      "paragraph_id": "001"
    }
  ],
  "score": {
    "paragraph_score": [
      {
        "paragraph_scoreT": [
          2.8333333,
          3,
          2.5
        ],
        "paragraph_scoreT_detail": {
          "paragraph_scoreT_exp": [
            [
              3,
              3,
              2
            ],
            [
              3,
              3,
              3
            ],
            [
              2,
              3,
              2
            ]
          ]
        },
        "paragraph_scoreT_avg": 2.7777777,
        "paragraph_id": "001"
      }
    ],
    "essay_scoreT": [
      27.11111,
      29.777779,
      24.722221
    ],
    "essay_scoreT_avg": 27.203705,
    "essay_scoreT_detail": {
      "essay_scoreT_org": [
        [
          3,
          3,
          3,
          2
        ],
        [
          3,
          3,
          3,
          2
        ],
        [
          2,
          2,
          2,
          3
        ]
      ],
      "essay_scoreT_cont": [
        [
          3,
          2,
          0,
          2
        ],
        [
          3,
          3,
          0,
          3
        ],
        [
          3,
          2,
          0,
          3
        ]
      ],
      "essay_scoreT_exp": [
        [
          3,
          3,
          2
        ],
        [
          3,
          3,
          3
        ],
        [
          2,
          3,
          2
        ]
      ]
    }
  },
  "student": {
    "date": "2021.09.13",
    "student_educated": true,
    "student_grade": "고등_1학년",
    "location": "051",
    "student_grade_group": "고등",
    "student_reading": 1
  },
  "rubric": {
    "essay_grade": "고등_1학년",
    "organization_weight": {
      "org_paragraph": 2,
      "org": 2,
      "org_essay": 4,
      "org_coherence": 2,
      "org_quantity": 1
    },
    "essay_type": "글짓기",
    "content_weight": {
      "con_clearance": 4,
      "con_novelty": 3,
      "con": 4,
      "con_prompt": 0,
      "con_description": 1
    },
    "essay_main_subject": "소중함을 잃었던 경험",
    "expression_weight": {
      "exp_style": 1,
      "exp_grammar": 2,
      "exp_vocab": 3,
      "exp": 4
    }
  },
  "correction": [],
  "info": {
    "essay_id": "ESSAY_34001",
    "essay_prompt": " 익숙함에 속아 소중함을 잊지 말자는 명언 (Do not get fooled by something familiar and forget what is priceless.)이 있습니다.\n\n 부모님께서 매일 해주시는 아침밥이나, 너무 친해서 매일 맛있는 간식을 사주는 친구 등 처음에는 매우 감사했지만 반복되는 호의에 우리는 소중함을 잊어가기도 합니다.\n\n 작은 소중함일지라도 그 소중함을 잃게 되면 호의를 베푸는 사람 입장에서는 매우 당황스럽고 기분이 나쁠 수 있어요.\n\n 여러분은 익숙함에 속아 소중함을 잊었던 사례와 그로 인해 상대방의 기분을 나쁘게 했던 경험이 있나요? 만약 있다면 관계를 회복하기 위해 어떤 노력을 하셨나요? 본인의 경험을 작성해주세요.\n\n 만약 그런 적이 없다면 주변의 이야기나 본인에게 소중함을 주는 사람들에 관해 설명해주세요.",
    "essay_type": "글짓기",
    "essay_level": "2",
    "essay_len": 632,
    "essay_main_subject": "소중함을 잃었던 경험"
  }
}