{
  "paragraph": [
    {
      "paragraph_txt": "소중함을 생각하면 가장 먼저 떠오르는 것이 가족입니다.#@문장구분# 길지 않은 삶이지만 지금까지 건강하게 키워주시고 누구보다 제일 먼저 저의 편에 서주시며 지지해 주는 가족이 현재 가장 소중한 존재이고 앞으로도 그럴 것입니다.#@문장구분# 아직까지 무엇인가 큰 잘못이나 행동으로 인핸 가족에서 실망을 준 경험은 없지만, 때때로 무뚝뚝한 성격으로 인해 부모님 특히 엄마에게 좀 더 친숙한, 애틋한, 살가운 자식으로 다가가지 못하는 것이 아쉬울 때가 있습니다.#@문장구분# 예를 들면 부모님에 대한 존경의 표현, 사랑의 표현 등을 하지 못해 섭섭함을 느낀다는 말을 들을 때가 있습니다.#@문장구분# 그렇다고 그들에 대한 사랑이 없는건 당연히 아님에도 표현을 하지 않기에서 오는 서운함이라고 생각합니다.#@문장구분# 저 자신도 인정하는 부분이며 이를 고치기 위해 일정부분 노력하고 있으나 쉽지 않은 것도 사실입니다.#@문장구분# 언제 어떻게 누군가 혹은 무엇인가 지금 이 순간 가장 소중한 부분들이 사라질지 모르는 현실에 더욱 애정표현, 존경의 표현, 고마움, 사랑 등의 표현에 익숙해지는 것이 소중함의 소중함을 말할 수 있는 용기이며 당연한 것일겁니다.#@문장구분# 편안한 사이일 수록 내가 그들에게 말과 행동을 함부러 하지 않았다 다시 한번 생각하고 먼져 내 옆에 사람들의 소중함을 알고 그들에게 나의 불편한 행동에 대해 반성하게 된다.#@문장구분# 그러기 위해서 나는 무엇을 할지 생각을 하게 되는것 갔다.#@문장구분#",
      "paragraph_len": 855,
      "paragraph_id": "001"
    }
  ],
  "score": {
    "paragraph_score": [
      {
        "paragraph_scoreT": [
          3,
          3,
          3
        ],
        "paragraph_scoreT_detail": {
          "paragraph_scoreT_exp": [
            [
              3,
              3,
              3
            ],
            [
              3,
              3,
              3
            ],
            [
              3,
              3,
              3
            ]
          ]
        },
        "paragraph_scoreT_avg": 3,
        "paragraph_id": "001"
      }
    ],
    "essay_scoreT": [
      30,
      27.555555,
      27.11111
    ],
    "essay_scoreT_avg": 28.222223,
    "essay_scoreT_detail": {
      "essay_scoreT_org": [
        [
          3,
          3,
          3,
          3
        ],
        [
          3,
          2,
          3,
          3
        ],
        [
          2,
          3,
          3,
          3
        ]
      ],
      "essay_scoreT_cont": [
        [
          3,
          3,
          0,
          3
        ],
        [
          2,
          3,
          0,
          3
        ],
        [
          2,
          3,
          0,
          3
        ]
      ],
      "essay_scoreT_exp": [
        [
          3,
          3,
          3
        ],
        [
          3,
          3,
          3
        ],
        [
          3,
          3,
          3
        ]
      ]
    }
  },
  "student": {
    "date": "2021.12.10",
    "student_educated": true,
    "student_grade": "고등_1학년",
    "location": "044",
    "student_grade_group": "고등",
    "student_reading": 3
  },
  "rubric": {
    "essay_grade": "고등_1학년",
    "organization_weight": {
      "org_paragraph": 2,
      "org": 2,
      "org_essay": 4,
      "org_coherence": 2,
      "org_quantity": 1
    },
    "essay_type": "글짓기",
    "content_weight": {
      "con_clearance": 4,
      "con_novelty": 3,
      "con": 4,
      "con_prompt": 0,
      "con_description": 1
    },
    "essay_main_subject": "소중함을 잃었던 경험",
    "expression_weight": {
      "exp_style": 1,
      "exp_grammar": 2,
      "exp_vocab": 3,
      "exp": 4
    }
  },
  "correction": [],
  "info": {
    "essay_id": "ESSAY_66001",
    "essay_prompt": " 익숙함에 속아 소중함을 잊지 말자는 명언 (Do not get fooled by something familiar and forget what is priceless.)이 있습니다.\n\n 부모님께서 매일 해주시는 아침밥이나, 너무 친해서 매일 맛있는 간식을 사주는 친구 등 처음에는 매우 감사했지만 반복되는 호의에 우리는 소중함을 잊어가기도 합니다.\n\n 작은 소중함일지라도 그 소중함을 잃게 되면 호의를 베푸는 사람 입장에서는 매우 당황스럽고 기분이 나쁠 수 있어요.\n\n 여러분은 익숙함에 속아 소중함을 잊었던 사례와 그로 인해 상대방의 기분을 나쁘게 했던 경험이 있나요? 만약 있다면 관계를 회복하기 위해 어떤 노력을 하셨나요? 본인의 경험을 작성해주세요.\n\n 만약 그런 적이 없다면 주변의 이야기나 본인에게 소중함을 주는 사람들에 관해 설명해주세요.",
    "essay_type": "글짓기",
    "essay_level": "2",
    "essay_len": 675,
    "essay_main_subject": "소중함을 잃었던 경험"
  }
}