{
  "paragraph": [
    {
      "paragraph_txt": "저는 학교에서와 집에서의 모습이 조금다른 편입니다.#@문장구분# 학교에서는 친구들과 재잘재잘 이야기도 잘 하고 잘 웃고 밝은 모습입니다.#@문장구분# 하지만 이러한 모습이 저의 솔직한 모습인지는 잘 모르겠습니다.#@문장구분# 바깥에서의 내 이미지에 신경을 쓴 만들어진 모습은 아닐까 생각도 해봅니다.#@문장구분# 이러한 생각을 하게되는 이유는 집 안에서의 저의 모습 때문입니다.#@문장구분# 학교에서 친구들과 대화할 때는 즐겁고 재미있는 이야기만 하게 되는 반면 집에 발을 내딛는 순간 저는 조금 우울해집니다.#@문장구분# 왜냐하면 엄하신 아버지와 저만 보면 잔소리를 쏟아내시는 어머니의 등살을 견디기에 저는 조금 힘이 듭니다.#@문장구분# 그렇게 서로 맞지 않는 의곁 탓에 다툼이 여러번 있었고 그 이후로 저는 가족들과 많은 대화를 하지 않습니다.#@문장구분# 정말 필요에 의한 대화만 할 뿐입니다.#@문장구분# 그런데 저에게 가장 소중한 것이 무엇이냐 물으신다면 저는 사실 친구보다 가족이 더욱 소중합니다.#@문장구분# 저를 낳아주시고 길러주신 부모님이기 때문입니다.#@문장구분# 그런데 서로의 소통의 문제로 인해 대화가 단절되다 보니 오해는 더욱 쌓여가고 가족들과의 어색해진 분위기가 제 탓인것만 같아 요즘은 마음이 좋지 않습니다.#@문장구분# 다시 예전의 화목했던 때로 돌아가고 싶지만 그것이 쉽지가 않습니다.#@문장구분# 부모님께서 저의 마음을 조금만 더 이해해 주시고 기다려 주시면 좋을 것 같습니다.#@문장구분# 저도 마음을 조금 열어 부모님과 대화하는 시간을 조금 늘려보도록 노력하겠습니다.#@문장구분#",
      "paragraph_len": 988,
      "paragraph_id": "001"
    }
  ],
  "score": {
    "paragraph_score": [
      {
        "paragraph_scoreT": [
          3,
          2.6666667,
          2.6666667
        ],
        "paragraph_scoreT_detail": {
          "paragraph_scoreT_exp": [
            [
              3,
              3,
              3
            ],
            [
              2,
              3,
              3
            ],
            [
              2,
              3,
              3
            ]
          ]
        },
        "paragraph_scoreT_avg": 2.777778,
        "paragraph_id": "001"
      }
    ],
    "essay_scoreT": [
      26,
      27.777779,
      27.777779
    ],
    "essay_scoreT_avg": 27.185186,
    "essay_scoreT_detail": {
      "essay_scoreT_org": [
        [
          3,
          3,
          3,
          3
        ],
        [
          2,
          3,
          3,
          3
        ],
        [
          2,
          3,
          3,
          3
        ]
      ],
      "essay_scoreT_cont": [
        [
          2,
          2,
          0,
          2
        ],
        [
          3,
          3,
          0,
          3
        ],
        [
          3,
          3,
          0,
          3
        ]
      ],
      "essay_scoreT_exp": [
        [
          3,
          3,
          3
        ],
        [
          2,
          3,
          3
        ],
        [
          2,
          3,
          3
        ]
      ]
    }
  },
  "student": {
    "date": "2021.12.17",
    "student_educated": true,
    "student_grade": "고등_1학년",
    "location": "063",
    "student_grade_group": "고등",
    "student_reading": 2
  },
  "rubric": {
    "essay_grade": "고등_1학년",
    "organization_weight": {
      "org_paragraph": 2,
      "org": 2,
      "org_essay": 4,
      "org_coherence": 2,
      "org_quantity": 1
    },
    "essay_type": "글짓기",
    "content_weight": {
      "con_clearance": 4,
      "con_novelty": 3,
      "con": 4,
      "con_prompt": 0,
      "con_description": 1
    },
    "essay_main_subject": "소중함을 잃었던 경험",
    "expression_weight": {
      "exp_style": 1,
      "exp_grammar": 2,
      "exp_vocab": 3,
      "exp": 4
    }
  },
  "correction": [],
  "info": {
    "essay_id": "ESSAY_72017",
    "essay_prompt": " 익숙함에 속아 소중함을 잊지 말자는 명언 (Do not get fooled by something familiar and forget what is priceless.)이 있습니다.\n\n 부모님께서 매일 해주시는 아침밥이나, 너무 친해서 매일 맛있는 간식을 사주는 친구 등 처음에는 매우 감사했지만 반복되는 호의에 우리는 소중함을 잊어가기도 합니다.\n\n 작은 소중함일지라도 그 소중함을 잃게 되면 호의를 베푸는 사람 입장에서는 매우 당황스럽고 기분이 나쁠 수 있어요.\n\n 여러분은 익숙함에 속아 소중함을 잊었던 사례와 그로 인해 상대방의 기분을 나쁘게 했던 경험이 있나요? 만약 있다면 관계를 회복하기 위해 어떤 노력을 하셨나요? 본인의 경험을 작성해주세요.\n\n 만약 그런 적이 없다면 주변의 이야기나 본인에게 소중함을 주는 사람들에 관해 설명해주세요.",
    "essay_type": "글짓기",
    "essay_level": "2",
    "essay_len": 688,
    "essay_main_subject": "소중함을 잃었던 경험"
  }
}