{
  "paragraph": [
    {
      "paragraph_txt": "나에게 소중한 것은 세가지가 있습니다.#@문장구분# 소중한 것들 중 하나는 이 블로그에요.#@문장구분# 전 애니도 좋아하고, 성우들도 좋아하고, 게임도 좋아하지만 세가지 다 현실에서 사람들의 인식이 좋지 않기 때문에 혼자 즐길뿐, 다른 사람과의 교류가 거의 없었어요.#@문장구분# 거기다 상품을 모은다거나하는 수집욕도 거의 없었기 때문에 제 머리 속에 쌓여가는 기억 외에는 딱히 남는게 없더라고요.#@문장구분# 그렇게 생각하니 뭔가 시간을 헛쓰는 것 같아서 아쉽다고 잠깐이나마 생각한 적이 있네요.#@문장구분# 블로그를 시작하기 전에 힘든 시기를 겪었어요.#@문장구분# 덕분에 가족과 친척, 친구들을 걱정시키기도 했었는데 우연히 시작하게 된 블로그 덕분에 다른 사람들과 애니에 대해, 게임에 대해, 공부에 대해 소통할 수 있는 기회가 생겨서 좋았고, 부정적인 마인드를 긍정적으로 바꾸는데 큰 도움이 되었네요.#@문장구분# 거기다 지금 생각하면 참 웃기지만 안 좋은 일이 생기면 블로그에 글을 못쓰니 참자라고 생각한 적도 있네요.#@문장구분# 블로그를 시작하면서 많은 사람들과 이야기하게 되었고, 저보다 나이가 많은 분들이 훨씬 많지만 방문해주시는 분들에게 배운 점이 참 많아요.#@문장구분# 그렇기에 블로그는 시작한지 1년이 조금 넘었지만 저에겐 정말 소중한 공간이 되었고 블로그를 꾸미고, 글을 쓰고, 다른 사람들과 소통하는 것이 제 생활의 즐거움이 되었네요.#@문장구분# 미래는 아무도 모르지만 전 꽤 오랫동안 블로그를 취미 생활로 삼을 거란 생각이 드네요.#@문장구분# 이 소중한 블로그를 이제는 접어야 할 것 같은 생각이 듭니다.#@문장구분# 왜냐하면 공부를 해야 하기 때문입니다.#@문장구분# 이 소중한 것을 잃어야 한다니 벌써부터 고민도 많아지고 스트레스도 커집니다.#@문장구분#",
      "paragraph_len": 1072,
      "paragraph_id": "001"
    }
  ],
  "score": {
    "paragraph_score": [
      {
        "paragraph_scoreT": [
          3,
          2,
          2
        ],
        "paragraph_scoreT_detail": {
          "paragraph_scoreT_exp": [
            [
              3,
              3,
              3
            ],
            [
              2,
              2,
              2
            ],
            [
              2,
              2,
              2
            ]
          ]
        },
        "paragraph_scoreT_avg": 2.3333333,
        "paragraph_id": "001"
      }
    ],
    "essay_scoreT": [
      30,
      23.11111,
      25.11111
    ],
    "essay_scoreT_avg": 26.074074,
    "essay_scoreT_detail": {
      "essay_scoreT_org": [
        [
          3,
          3,
          3,
          3
        ],
        [
          2,
          3,
          3,
          3
        ],
        [
          2,
          3,
          3,
          3
        ]
      ],
      "essay_scoreT_cont": [
        [
          3,
          3,
          0,
          3
        ],
        [
          2,
          3,
          0,
          3
        ],
        [
          3,
          3,
          0,
          3
        ]
      ],
      "essay_scoreT_exp": [
        [
          3,
          3,
          3
        ],
        [
          2,
          2,
          2
        ],
        [
          2,
          2,
          2
        ]
      ]
    }
  },
  "student": {
    "date": "2021.12.16",
    "student_educated": true,
    "student_grade": "고등_1학년",
    "location": "041",
    "student_grade_group": "고등",
    "student_reading": 1
  },
  "rubric": {
    "essay_grade": "고등_1학년",
    "organization_weight": {
      "org_paragraph": 2,
      "org": 2,
      "org_essay": 4,
      "org_coherence": 2,
      "org_quantity": 1
    },
    "essay_type": "글짓기",
    "content_weight": {
      "con_clearance": 4,
      "con_novelty": 3,
      "con": 4,
      "con_prompt": 0,
      "con_description": 1
    },
    "essay_main_subject": "소중함을 잃었던 경험",
    "expression_weight": {
      "exp_style": 1,
      "exp_grammar": 2,
      "exp_vocab": 3,
      "exp": 4
    }
  },
  "correction": [],
  "info": {
    "essay_id": "ESSAY_66135",
    "essay_prompt": " 익숙함에 속아 소중함을 잊지 말자는 명언 (Do not get fooled by something familiar and forget what is priceless.)이 있습니다.\n\n 부모님께서 매일 해주시는 아침밥이나, 너무 친해서 매일 맛있는 간식을 사주는 친구 등 처음에는 매우 감사했지만 반복되는 호의에 우리는 소중함을 잊어가기도 합니다.\n\n 작은 소중함일지라도 그 소중함을 잃게 되면 호의를 베푸는 사람 입장에서는 매우 당황스럽고 기분이 나쁠 수 있어요.\n\n 여러분은 익숙함에 속아 소중함을 잊었던 사례와 그로 인해 상대방의 기분을 나쁘게 했던 경험이 있나요? 만약 있다면 관계를 회복하기 위해 어떤 노력을 하셨나요? 본인의 경험을 작성해주세요.\n\n 만약 그런 적이 없다면 주변의 이야기나 본인에게 소중함을 주는 사람들에 관해 설명해주세요.",
    "essay_type": "글짓기",
    "essay_level": "2",
    "essay_len": 792,
    "essay_main_subject": "소중함을 잃었던 경험"
  }
}