{
  "paragraph": [
    {
      "paragraph_txt": "부모님은 항상 절 응원해 주시고 제가 뭘 하고싶다 라고 말하면 긴말없이 시켜주시는 부모님 이였습니다.#@문장구분# 어릴적에 저는 어리석게도 당연하다 라고 생각했었습니다.#@문장구분# 그러다가 학교에서 열리는 과학 경진대회가 있었습니다.#@문장구분# 내용은 공장을 비롯한 생산시설에서 배출되는 오염물질을 해결할수 있는 방법이나 기계를 조금의 상상을 더해서 창작을 하는 대회였습니다.#@문장구분# 삼일을 노력해서 준비해 당일날 발표를 하게 되었는데, 제가 생각했던 아이디어는 저보다 발표 순서가 빨랐던 아이와 겹치게 되었고 그 순간에 자신감을 잃어 버리게 되었습니다.#@문장구분# 제 발표 순서가 되었을때에 어머니가 큰소리로 저에게 응원을 해주셨는데 당시엔 제가 많이 부끄러웠습니다.#@문장구분# 부모님이 댓가없이 제게 주신 사랑을 저는 부끄럽다고 생각한 것입니다.#@문장구분# 그 탓인지 발표도 많이 어색하게 마무리 되었고 집에 가서는 오히려 제가 어머니께 큰소리를 내어 버렸습니다.#@문장구분# 지금은 이랬던 제가 부끄럽지만 당시에 제게 주셨던 부모님의 사랑을 당연하다고 생각하다 못해 부끄럽다고 생각한 제가 참 고통스럽습니다.#@문장구분# 현재로써는 과거의 멍청한 저를 생각하면서 늘 부모님께 효도하면서 살아가고 있지만 앞으로도 죽을때까지 쭉 부모님께 더욱 효도해야 겠습니다.#@문장구분# 그럼에도 제 부모님은 항상 절 응원해 주시고 제가 뭘 하고싶다 라고 말하면 긴말없이 시켜주시는 부모님 이였습니다.#@문장구분# 어릴적에 저는 어리석게도 당연하다 라고 생각했었습니다.#@문장구분#",
      "paragraph_len": 931,
      "paragraph_id": "001"
    }
  ],
  "score": {
    "paragraph_score": [
      {
        "paragraph_scoreT": [
          3,
          2.8333333,
          2.1666667
        ],
        "paragraph_scoreT_detail": {
          "paragraph_scoreT_exp": [
            [
              3,
              3,
              3
            ],
            [
              3,
              3,
              2
            ],
            [
              2,
              2,
              3
            ]
          ]
        },
        "paragraph_scoreT_avg": 2.6666667,
        "paragraph_id": "001"
      }
    ],
    "essay_scoreT": [
      30,
      26.222221,
      25.722221
    ],
    "essay_scoreT_avg": 27.314814,
    "essay_scoreT_detail": {
      "essay_scoreT_org": [
        [
          3,
          3,
          3,
          3
        ],
        [
          2,
          3,
          3,
          2
        ],
        [
          3,
          3,
          2,
          3
        ]
      ],
      "essay_scoreT_cont": [
        [
          3,
          3,
          0,
          3
        ],
        [
          3,
          2,
          0,
          2
        ],
        [
          3,
          3,
          0,
          2
        ]
      ],
      "essay_scoreT_exp": [
        [
          3,
          3,
          3
        ],
        [
          3,
          3,
          2
        ],
        [
          2,
          2,
          3
        ]
      ]
    }
  },
  "student": {
    "date": "2021.12.12",
    "student_educated": true,
    "student_grade": "고등_1학년",
    "location": "063",
    "student_grade_group": "고등",
    "student_reading": 2
  },
  "rubric": {
    "essay_grade": "고등_1학년",
    "organization_weight": {
      "org_paragraph": 2,
      "org": 2,
      "org_essay": 4,
      "org_coherence": 2,
      "org_quantity": 1
    },
    "essay_type": "글짓기",
    "content_weight": {
      "con_clearance": 4,
      "con_novelty": 3,
      "con": 4,
      "con_prompt": 0,
      "con_description": 1
    },
    "essay_main_subject": "소중함을 잃었던 경험",
    "expression_weight": {
      "exp_style": 1,
      "exp_grammar": 2,
      "exp_vocab": 3,
      "exp": 4
    }
  },
  "correction": [],
  "info": {
    "essay_id": "ESSAY_62711",
    "essay_prompt": " 익숙함에 속아 소중함을 잊지 말자는 명언 (Do not get fooled by something familiar and forget what is priceless.)이 있습니다.\n\n 부모님께서 매일 해주시는 아침밥이나, 너무 친해서 매일 맛있는 간식을 사주는 친구 등 처음에는 매우 감사했지만 반복되는 호의에 우리는 소중함을 잊어가기도 합니다.\n\n 작은 소중함일지라도 그 소중함을 잃게 되면 호의를 베푸는 사람 입장에서는 매우 당황스럽고 기분이 나쁠 수 있어요.\n\n 여러분은 익숙함에 속아 소중함을 잊었던 사례와 그로 인해 상대방의 기분을 나쁘게 했던 경험이 있나요? 만약 있다면 관계를 회복하기 위해 어떤 노력을 하셨나요? 본인의 경험을 작성해주세요.\n\n 만약 그런 적이 없다면 주변의 이야기나 본인에게 소중함을 주는 사람들에 관해 설명해주세요.",
    "essay_type": "글짓기",
    "essay_level": "2",
    "essay_len": 693,
    "essay_main_subject": "소중함을 잃었던 경험"
  }
}