{
  "paragraph": [
    {
      "paragraph_txt": "우리는 살아가면서 온갖 일들은 겪는데요.#@문장구분# 예를 들자면 즐거운 생일날에 어머니가 헨드폰을 사줄 때 즐겁다 못해 날뛰면서 좋아했을 경험을 했을 사람들도 있을 겁니다.#@문장구분# 헨드폰을 계속해서 사용하다 보면 가끔은 이런 생각을 하실 때도 있을 겁니다.#@문장구분# '왜 내 폰만 이렇게 인 거야?'#@문장구분# 네?#@문장구분# 그런 적이 없으시다고요?#@문장구분# 네, 사실은 저의 이야기입니다.#@문장구분# 저는 아버지가 열심히 일을 해서 사주신 휴대폰을 남들 보다 성능이 는 이유로 바꾸고 싶다는 생각을 하였는 데요.#@문장구분# 그럴 때 마다 저는 생각을 합니다.#@문장구분# '그래도 헨드폰이 없던 나를 위해 사주셨는데 내가 뭐라고 할 처지인가?'#@문장구분# 남들보다 면 어떻습니까.#@문장구분# 부모님이 여러분들을 위해 돈을 아끼지 않고 투자를 하는걸요!#@문장구분# 여러분들은 태어날 때 부터 부모님의 사랑을 마음껏 받으며 행복하신 삶을 살아갔을 겁니다.#@문장구분# 여러분들이 부모님의 사랑에 보답하는 방법은 학교에서 말썽을 피우지 말고, 모범적이며, 성실하고 공부를 열심히 해서 좋은 대학교, 또는 회사에 취업을 하는 겁니다.#@문장구분# 좋은 회사에 취업을 해서 얻는 월급의 반을 부모님에게 드리는 것은 어떤가요?#@문장구분# 이것은 오로지 자기만족을 위해 하는 것이지만, 당신의 마음을 깨끗하게 해주는 것입니다.#@문장구분# 당신은 일을 하다보면 힘들고, 지치고, 포기하고 싶을 때 가 있을 겁니다.#@문장구분# 그럴 때 마다 부모님의 품에 안겨 마음을 치유하는 것은 어떤가요?#@문장구분# 여러분들은 자신의 소중한 감정을 잘 지켜내고 있습니까?#@문장구분# 아니면 이미 그 소중한 감정이 사라지셨습니까?#@문장구분# 지금 당장이라도 자신이 소중했던 무언가를 찾는건 어떠신가요?#@문장구분#",
      "paragraph_len": 1221,
      "paragraph_id": "001"
    }
  ],
  "score": {
    "paragraph_score": [
      {
        "paragraph_scoreT": [
          2.3333333,
          2.6666667,
          3
        ],
        "paragraph_scoreT_detail": {
          "paragraph_scoreT_exp": [
            [
              3,
              2,
              2
            ],
            [
              2,
              3,
              3
            ],
            [
              3,
              3,
              3
            ]
          ]
        },
        "paragraph_scoreT_avg": 2.6666667,
        "paragraph_id": "001"
      }
    ],
    "essay_scoreT": [
      17.833332,
      28.666668,
      30
    ],
    "essay_scoreT_avg": 25.5,
    "essay_scoreT_detail": {
      "essay_scoreT_org": [
        [
          2,
          2,
          2,
          2
        ],
        [
          3,
          3,
          3,
          3
        ],
        [
          3,
          3,
          3,
          3
        ]
      ],
      "essay_scoreT_cont": [
        [
          1,
          1,
          0,
          2
        ],
        [
          3,
          3,
          0,
          3
        ],
        [
          3,
          3,
          0,
          3
        ]
      ],
      "essay_scoreT_exp": [
        [
          3,
          2,
          2
        ],
        [
          2,
          3,
          3
        ],
        [
          3,
          3,
          3
        ]
      ]
    }
  },
  "student": {
    "date": "2021.11.08",
    "student_educated": true,
    "student_grade": "고등_1학년",
    "location": "054",
    "student_grade_group": "고등",
    "student_reading": 1
  },
  "rubric": {
    "essay_grade": "고등_1학년",
    "organization_weight": {
      "org_paragraph": 2,
      "org": 2,
      "org_essay": 4,
      "org_coherence": 2,
      "org_quantity": 1
    },
    "essay_type": "글짓기",
    "content_weight": {
      "con_clearance": 4,
      "con_novelty": 3,
      "con": 4,
      "con_prompt": 0,
      "con_description": 1
    },
    "essay_main_subject": "소중함을 잃었던 경험",
    "expression_weight": {
      "exp_style": 1,
      "exp_grammar": 2,
      "exp_vocab": 3,
      "exp": 4
    }
  },
  "correction": [],
  "info": {
    "essay_id": "ESSAY_40865",
    "essay_prompt": " 익숙함에 속아 소중함을 잊지 말자는 명언 (Do not get fooled by something familiar and forget what is priceless.)이 있습니다.\n\n 부모님께서 매일 해주시는 아침밥이나, 너무 친해서 매일 맛있는 간식을 사주는 친구 등 처음에는 매우 감사했지만 반복되는 호의에 우리는 소중함을 잊어가기도 합니다.\n\n 작은 소중함일지라도 그 소중함을 잃게 되면 호의를 베푸는 사람 입장에서는 매우 당황스럽고 기분이 나쁠 수 있어요.\n\n 여러분은 익숙함에 속아 소중함을 잊었던 사례와 그로 인해 상대방의 기분을 나쁘게 했던 경험이 있나요? 만약 있다면 관계를 회복하기 위해 어떤 노력을 하셨나요? 본인의 경험을 작성해주세요.\n\n 만약 그런 적이 없다면 주변의 이야기나 본인에게 소중함을 주는 사람들에 관해 설명해주세요.",
    "essay_type": "글짓기",
    "essay_level": "2",
    "essay_len": 770,
    "essay_main_subject": "소중함을 잃었던 경험"
  }
}