{
  "paragraph": [
    {
      "paragraph_txt": "얼마전 우리아파트에는 정말 전쟁아닌 전쟁이 일어났다.#@문장구분# 재활용수거용차가 일주일째 쓰레기를 치우지 않았기 때문이다.#@문장구분# 나는 그때 알았다#@문장구분# 집집 마다 정말 너무 많은 쓰레기를 매일매일 내놓고 있다는 것을 말이다.#@문장구분# 매일 아침과 저녁에는 관리실에서 쓰레기 분리배출에 관련된 방송이 흘러 나왔고 쓰레기 배출장소는 정말 매일같이 쓰레기가 산더미 처럼 쌓이기 시작했다.#@문장구분# 정말 이러다가 우리집 만큼 쓰레기가 올라오는 것이아닐까 싶기도 할 정도이니 말다했다고 할 수 있다.#@문장구분# 나는 그전에는 몰랐다.#@문장구분# 한번씩 엄마 심부름으로 재활용쓰레기를 버리러 갈때도 그냥 쓰레기장에 쓰레기를 분류만 해서 놓고 오면 되었기 때문이다.#@문장구분# 하지만 이번 쓰레기 대란으로 인해 알게 되었다.#@문장구분# 우리아파트 청소를 해주시는 이모님이 항상 보이지 않게 쓰레기를 정리해 주시고 있었다는 것을 말이다.#@문장구분# 내가 갔을 때는 안계셔서 난 우리아파트 사람들이 정말 깔끔하고 잘 쓰레기 분리를 하는 줄 알았다.#@문장구분# 그런데 그런것이 아니라 우리아파트 청소이모님이 보이지 않게 매일매일 쓰레기를 정리하고 청소를 해주고 계셨던 것이다.#@문장구분# 이번일로 이모님은 쉬지도 못하시고 쓰레기장을 떠나지도 못하고 밀려오는 쓰레기를 정리하고 계셨다. #@문장구분#우리가 이렇게 편하게 사는데에는 많은 분들의 보이지 않는 노력과 수고가 있었음을 새삼 깨닫게되었다.#@문장구분# 앞으로는 감사한 마음을 가지고 살아야겠다.#@문장구분#",
      "paragraph_len": 968,
      "paragraph_id": "001"
    }
  ],
  "score": {
    "paragraph_score": [
      {
        "paragraph_scoreT": [
          3,
          3,
          3
        ],
        "paragraph_scoreT_detail": {
          "paragraph_scoreT_exp": [
            [
              3,
              3,
              3
            ],
            [
              3,
              3,
              3
            ],
            [
              3,
              3,
              3
            ]
          ]
        },
        "paragraph_scoreT_avg": 3,
        "paragraph_id": "001"
      }
    ],
    "essay_scoreT": [
      28.88889,
      26,
      30
    ],
    "essay_scoreT_avg": 28.296295,
    "essay_scoreT_detail": {
      "essay_scoreT_org": [
        [
          2,
          3,
          3,
          2
        ],
        [
          3,
          3,
          3,
          3
        ],
        [
          3,
          3,
          3,
          3
        ]
      ],
      "essay_scoreT_cont": [
        [
          3,
          3,
          0,
          3
        ],
        [
          2,
          2,
          0,
          2
        ],
        [
          3,
          3,
          0,
          3
        ]
      ],
      "essay_scoreT_exp": [
        [
          3,
          3,
          3
        ],
        [
          3,
          3,
          3
        ],
        [
          3,
          3,
          3
        ]
      ]
    }
  },
  "student": {
    "date": "2021.12.22",
    "student_educated": true,
    "student_grade": "고등_1학년",
    "location": "063",
    "student_grade_group": "고등",
    "student_reading": 1
  },
  "rubric": {
    "essay_grade": "고등_1학년",
    "organization_weight": {
      "org_paragraph": 2,
      "org": 2,
      "org_essay": 4,
      "org_coherence": 2,
      "org_quantity": 1
    },
    "essay_type": "글짓기",
    "content_weight": {
      "con_clearance": 4,
      "con_novelty": 3,
      "con": 4,
      "con_prompt": 0,
      "con_description": 1
    },
    "essay_main_subject": "소중함을 잃었던 경험",
    "expression_weight": {
      "exp_style": 1,
      "exp_grammar": 2,
      "exp_vocab": 3,
      "exp": 4
    }
  },
  "correction": [],
  "info": {
    "essay_id": "ESSAY_75446",
    "essay_prompt": " 익숙함에 속아 소중함을 잊지 말자는 명언 (Do not get fooled by something familiar and forget what is priceless.)이 있습니다.\n\n 부모님께서 매일 해주시는 아침밥이나, 너무 친해서 매일 맛있는 간식을 사주는 친구 등 처음에는 매우 감사했지만 반복되는 호의에 우리는 소중함을 잊어가기도 합니다.\n\n 작은 소중함일지라도 그 소중함을 잃게 되면 호의를 베푸는 사람 입장에서는 매우 당황스럽고 기분이 나쁠 수 있어요.\n\n 여러분은 익숙함에 속아 소중함을 잊었던 사례와 그로 인해 상대방의 기분을 나쁘게 했던 경험이 있나요? 만약 있다면 관계를 회복하기 위해 어떤 노력을 하셨나요? 본인의 경험을 작성해주세요.\n\n 만약 그런 적이 없다면 주변의 이야기나 본인에게 소중함을 주는 사람들에 관해 설명해주세요.",
    "essay_type": "글짓기",
    "essay_level": "2",
    "essay_len": 668,
    "essay_main_subject": "소중함을 잃었던 경험"
  }
}