{
  "paragraph": [
    {
      "paragraph_txt": "소중함이란 무엇일까?#@문장구분# 어떻게 생각하느냐에 따라 달라질것이다.#@문장구분# 나는 지금 내가 하고 있는 모든것이 소중함이라고 생각하고 있다.#@문장구분# 누군가는 자신의 물건이 소중하다고 느끼고 어떤 사람은 자신이 중요하다고 생각할것이다.#@문장구분#나도 이렇게 생각하지만 우리가 하고 있는 모든것이 소중하다고 말할수 있고 우리가 어떤것을 할 수 있다는 것을 우리가 살아있기 때문에 모든것을 할 수가 있다.#@문장구분# 즉 우리의 생명이 소중하다고도 말할 수 있다.#@문장구분# 우리의 생명을 가장 소중하게 여겨야한다.#@문장구분# 생명은 우리의 부모님이 주신것이고 부모님이 가장 소중하다고 할 수 있다.#@문장구분# 우리는 이런 소중함을 모르고 물질만을 소중하게 여기는 경우가 많다.#@문장구분# 우리는 물질적으로만 소중하게 여기지 말고 모든것에 대하여 소중하게 여기자 지금 생각하니 부모님과의 갈등도 내가 소중하게 생각을 안했던거 같다.#@문장구분# 앞으로는 소중함의 의미를 다시 깨닫고 부모님을 항상 가장 소중한것으로 여기고 말을 잘 듣고 생활해야겠다고 느꼈다.#@문장구분# \n앞으로는 부모님에 대해서 소중하게 여기는것을 회복을 하기 위해서 열심히 노력을 해야겠다.#@문장구분# 그리고 다른 소중함이라도 익숙함때문에 소중함을 잃지 않기 위해서 열심히 노력을 하며 살아가야겠다고 느꼈다.#@문장구분# 이 글을 쓰면서 소중함의 의미에 대해서 다시 느끼게 되었다.#@문장구분#",
      "paragraph_len": 901,
      "paragraph_id": "001"
    }
  ],
  "score": {
    "paragraph_score": [
      {
        "paragraph_scoreT": [
          2,
          2.5,
          3
        ],
        "paragraph_scoreT_detail": {
          "paragraph_scoreT_exp": [
            [
              2,
              2,
              2
            ],
            [
              3,
              2,
              3
            ],
            [
              3,
              3,
              3
            ]
          ]
        },
        "paragraph_scoreT_avg": 2.5,
        "paragraph_id": "001"
      }
    ],
    "essay_scoreT": [
      20.5,
      27.055555,
      30
    ],
    "essay_scoreT_avg": 25.851852,
    "essay_scoreT_detail": {
      "essay_scoreT_org": [
        [
          2,
          2,
          2,
          2
        ],
        [
          3,
          2,
          3,
          3
        ],
        [
          3,
          3,
          3,
          3
        ]
      ],
      "essay_scoreT_cont": [
        [
          2,
          2,
          0,
          3
        ],
        [
          3,
          3,
          0,
          2
        ],
        [
          3,
          3,
          0,
          3
        ]
      ],
      "essay_scoreT_exp": [
        [
          2,
          2,
          2
        ],
        [
          3,
          2,
          3
        ],
        [
          3,
          3,
          3
        ]
      ]
    }
  },
  "student": {
    "date": "2021.09.29",
    "student_educated": true,
    "student_grade": "고등_1학년",
    "location": "051",
    "student_grade_group": "고등",
    "student_reading": 1
  },
  "rubric": {
    "essay_grade": "고등_1학년",
    "organization_weight": {
      "org_paragraph": 2,
      "org": 2,
      "org_essay": 4,
      "org_coherence": 2,
      "org_quantity": 1
    },
    "essay_type": "글짓기",
    "content_weight": {
      "con_clearance": 4,
      "con_novelty": 3,
      "con": 4,
      "con_prompt": 0,
      "con_description": 1
    },
    "essay_main_subject": "소중함을 잃었던 경험",
    "expression_weight": {
      "exp_style": 1,
      "exp_grammar": 2,
      "exp_vocab": 3,
      "exp": 4
    }
  },
  "correction": [],
  "info": {
    "essay_id": "ESSAY_35766",
    "essay_prompt": " 익숙함에 속아 소중함을 잊지 말자는 명언 (Do not get fooled by something familiar and forget what is priceless.)이 있습니다.\n\n 부모님께서 매일 해주시는 아침밥이나, 너무 친해서 매일 맛있는 간식을 사주는 친구 등 처음에는 매우 감사했지만 반복되는 호의에 우리는 소중함을 잊어가기도 합니다.\n\n 작은 소중함일지라도 그 소중함을 잃게 되면 호의를 베푸는 사람 입장에서는 매우 당황스럽고 기분이 나쁠 수 있어요.\n\n 여러분은 익숙함에 속아 소중함을 잊었던 사례와 그로 인해 상대방의 기분을 나쁘게 했던 경험이 있나요? 만약 있다면 관계를 회복하기 위해 어떤 노력을 하셨나요? 본인의 경험을 작성해주세요.\n\n 만약 그런 적이 없다면 주변의 이야기나 본인에게 소중함을 주는 사람들에 관해 설명해주세요.",
    "essay_type": "글짓기",
    "essay_level": "2",
    "essay_len": 621,
    "essay_main_subject": "소중함을 잃었던 경험"
  }
}