{
  "paragraph": [
    {
      "paragraph_txt": "나는 얼마전 11월 8일 나에게 가장 소중한 사람이었던 외할머니를 떠나 보내드렸다.#@문장구분# 학교 방과후 시간 담임 선생님을 통해 할머니가 돌아가셨다는 소식을 전해들었다.#@문장구분# 할머니가 아프셨기 때문에 마음의 준비를 하고 있었지만 나에겐 큰 충격으로 다가왔다.#@문장구분# 장례식장으로 향하는 차 안 엄마가 훌쩍이는 소리가 들려왔다.#@문장구분# 엄마의 아픈 마음을 내가 위로해 주고 싶었지만 그 고통을 내가 어떻게 알겠는가.#@문장구분#결국 나는 아무런 말을 하지 못했다.#@문장구분# 엄마께 위로의 말 한마디 못드린게 아직까지 너무나 죄송하다.#@문장구분# 눈물을 꾹꾹 눌러 담고 장례식장에 들어갔지만 할머니의 영정 사진을 본 순간 나는 눈물을 참지 못했다. 초등학교 시절 집에 혼자 있는 나를 돌봐주시러 기차로 2시간을 달려오시던 할머니가 더이상 계시지 않다는 것이 너무 두려웠다.#@문장구분# 장례식 2째날 할머니는 입관을 하게되신다.#@문장구분# 가지런히 누워계신 할머니를 보니 어떤 생각도 할 겨를없이 눈물이 쏟아져나왔다.#@문장구분# 아파서 병원에 계신 동안 멀리산다는 핑계로 단 한번도 찾아가지 못한 내가 너무 한심하게 느껴졌다.#@문장구분# 가지런한 모습으로 그 작은 관속에 들어가시는 할머니의 모습이 내가 본 할머니의 마지막 모습이다.#@문장구분# 장례 3일차 화장을 하러 들어가는 할머니의 관을 보며 많은 생각이 들었다. #@문장구분#마지막으로 할머니와 하는 작별인사였다.#@문장구분# 지금 할머니는 작은 납골당에 들어가계신다.#@문장구분# 생전에 새아파트에 들어가 사는게 꿈이라던 우리 할머니, 새 아파트에 찾아 들어가셨다.#@문장구분# 할머니가 내 꿈에 나오셔서 윗층 할머니와 친해졌다는 말 한마디 해주신다면 또다른 소원이 없을 것이다.#@문장구분# 열일곱이라는 나이에 겪은 첫 작별, 나에겐 큰 슬픔이고 큰 아픔이다.#@문장구분# 하지만 내가 힘들어하는 만큼 할머니가 걱정하실 거다.#@문장구분# 내가 잘 이겨내는 만큼 할머니도 맘 편히 떠나실 수 있을 거라고 믿는다.#@문장구분#",
      "paragraph_len": 1277,
      "paragraph_id": "001"
    }
  ],
  "score": {
    "paragraph_score": [
      {
        "paragraph_scoreT": [
          3,
          3,
          3
        ],
        "paragraph_scoreT_detail": {
          "paragraph_scoreT_exp": [
            [
              3,
              3,
              3
            ],
            [
              3,
              3,
              3
            ],
            [
              3,
              3,
              3
            ]
          ]
        },
        "paragraph_scoreT_avg": 3,
        "paragraph_id": "001"
      }
    ],
    "essay_scoreT": [
      30,
      28.277779,
      28.5
    ],
    "essay_scoreT_avg": 28.925926,
    "essay_scoreT_detail": {
      "essay_scoreT_org": [
        [
          3,
          3,
          3,
          3
        ],
        [
          3,
          3,
          3,
          2
        ],
        [
          3,
          3,
          3,
          3
        ]
      ],
      "essay_scoreT_cont": [
        [
          3,
          3,
          0,
          3
        ],
        [
          3,
          2,
          0,
          3
        ],
        [
          3,
          2,
          0,
          3
        ]
      ],
      "essay_scoreT_exp": [
        [
          3,
          3,
          3
        ],
        [
          3,
          3,
          3
        ],
        [
          3,
          3,
          3
        ]
      ]
    }
  },
  "student": {
    "date": "2021.11.29",
    "student_educated": true,
    "student_grade": "고등_1학년",
    "location": "041",
    "student_grade_group": "고등",
    "student_reading": 1
  },
  "rubric": {
    "essay_grade": "고등_1학년",
    "organization_weight": {
      "org_paragraph": 2,
      "org": 2,
      "org_essay": 4,
      "org_coherence": 2,
      "org_quantity": 1
    },
    "essay_type": "글짓기",
    "content_weight": {
      "con_clearance": 4,
      "con_novelty": 3,
      "con": 4,
      "con_prompt": 0,
      "con_description": 1
    },
    "essay_main_subject": "소중함을 잃었던 경험",
    "expression_weight": {
      "exp_style": 1,
      "exp_grammar": 2,
      "exp_vocab": 3,
      "exp": 4
    }
  },
  "correction": [],
  "info": {
    "essay_id": "ESSAY_66801",
    "essay_prompt": " 익숙함에 속아 소중함을 잊지 말자는 명언 (Do not get fooled by something familiar and forget what is priceless.)이 있습니다.\n\n 부모님께서 매일 해주시는 아침밥이나, 너무 친해서 매일 맛있는 간식을 사주는 친구 등 처음에는 매우 감사했지만 반복되는 호의에 우리는 소중함을 잊어가기도 합니다.\n\n 작은 소중함일지라도 그 소중함을 잃게 되면 호의를 베푸는 사람 입장에서는 매우 당황스럽고 기분이 나쁠 수 있어요.\n\n 여러분은 익숙함에 속아 소중함을 잊었던 사례와 그로 인해 상대방의 기분을 나쁘게 했던 경험이 있나요? 만약 있다면 관계를 회복하기 위해 어떤 노력을 하셨나요? 본인의 경험을 작성해주세요.\n\n 만약 그런 적이 없다면 주변의 이야기나 본인에게 소중함을 주는 사람들에 관해 설명해주세요.",
    "essay_type": "글짓기",
    "essay_level": "2",
    "essay_len": 879,
    "essay_main_subject": "소중함을 잃었던 경험"
  }
}