{
  "paragraph": [
    {
      "paragraph_txt": "텅 빈자리가 소중한 것은 가슴에 고이는 그리움이 있다는 것은 누군가가 잠시 머물다 간 자리이거나 누군가가 머물고 있다는 것이며 온다는 것은 빈자리 채우는 것이니 그 자리는 언젠가는 또 비워질수 있다는 것이다.#@문장구분# 그리고 그것은 왔던길로 언제든 돌아간다는 의미이며 마음속 깊이 박힌 뿌리와 같이 자연의 이치는 언젠가 자신의 자리로 돌아간다는 것이다.#@문장구분# 떠날때는 말이 없듯 봄이오면 꽃을 가지마다 등처럼 달아 놓고 미련없이 조용히 가버리는 것처럼 몸은 여기에 있어도 마음은 그곳에 나무처럼 서 있겠다는 것이고, 그렇게 왔다가 가는 것을 기다림에 지처 애달픈 그리움으로 슬픔에 몹시 잠기기도 한다.#@문장구분# 그러나 텅빈 자리가 그토록 소중한 것은 또 없다.#@문장구분# 비어있다는 것은 머물수 있다는 공간이며 또 채워질 수 있다는 것이기에 내 가슴 채우던 사랑도 죽는 날까지 나의 빈자리를 채워 주다가 서럽게도 또 그렇게 떠나가는 것임에 그간 행복했다고 감사해야 한다.#@문장구분# 숨쉬고 사는 날까지 우리의 만남이 참 소중하고 아름다운 인연이기에 서로가 한번이라도 더 따뜻이 손을 잡아주고 감사하도록 가슴으로 느껴 본다면 뜨거운 행복으로 촉촉해질 것이다.#@문장구분# 인생의 주인공, 세상의 주인공은 우리이기 때문이다.#@문장구분# 남이 있어 우리가 사는 세상이 아름다운 것이다.#@문장구분# 세상이 필요로 하는 사람이 나와 사람들이다.#@문장구분# 그래서 행복을찾을 수 있는 건 눈이 아닌 마음이란걸 알아야 한다.#@문장구분# 가슴이 따뜻하고 마음이 깊고 따뜻한 배려가 묻어 나는 우리를 만들지 못하면 우리는 가장 소중한 것을 잃는 불행을 가지게 된다.#@문장구분#",
      "paragraph_len": 975,
      "paragraph_id": "001"
    }
  ],
  "score": {
    "paragraph_score": [
      {
        "paragraph_scoreT": [
          3,
          2.5,
          3
        ],
        "paragraph_scoreT_detail": {
          "paragraph_scoreT_exp": [
            [
              3,
              3,
              3
            ],
            [
              2,
              3,
              2
            ],
            [
              3,
              3,
              3
            ]
          ]
        },
        "paragraph_scoreT_avg": 2.8333333,
        "paragraph_id": "001"
      }
    ],
    "essay_scoreT": [
      30,
      25.61111,
      27.5
    ],
    "essay_scoreT_avg": 27.703705,
    "essay_scoreT_detail": {
      "essay_scoreT_org": [
        [
          3,
          3,
          3,
          3
        ],
        [
          3,
          2,
          2,
          3
        ],
        [
          3,
          3,
          3,
          3
        ]
      ],
      "essay_scoreT_cont": [
        [
          3,
          3,
          0,
          3
        ],
        [
          3,
          2,
          0,
          3
        ],
        [
          2,
          3,
          0,
          2
        ]
      ],
      "essay_scoreT_exp": [
        [
          3,
          3,
          3
        ],
        [
          2,
          3,
          2
        ],
        [
          3,
          3,
          3
        ]
      ]
    }
  },
  "student": {
    "date": "2021.12.16",
    "student_educated": true,
    "student_grade": "고등_1학년",
    "location": "063",
    "student_grade_group": "고등",
    "student_reading": 2
  },
  "rubric": {
    "essay_grade": "고등_1학년",
    "organization_weight": {
      "org_paragraph": 2,
      "org": 2,
      "org_essay": 4,
      "org_coherence": 2,
      "org_quantity": 1
    },
    "essay_type": "글짓기",
    "content_weight": {
      "con_clearance": 4,
      "con_novelty": 3,
      "con": 4,
      "con_prompt": 0,
      "con_description": 1
    },
    "essay_main_subject": "소중함을 잃었던 경험",
    "expression_weight": {
      "exp_style": 1,
      "exp_grammar": 2,
      "exp_vocab": 3,
      "exp": 4
    }
  },
  "correction": [],
  "info": {
    "essay_id": "ESSAY_65841",
    "essay_prompt": " 익숙함에 속아 소중함을 잊지 말자는 명언 (Do not get fooled by something familiar and forget what is priceless.)이 있습니다.\n\n 부모님께서 매일 해주시는 아침밥이나, 너무 친해서 매일 맛있는 간식을 사주는 친구 등 처음에는 매우 감사했지만 반복되는 호의에 우리는 소중함을 잊어가기도 합니다.\n\n 작은 소중함일지라도 그 소중함을 잃게 되면 호의를 베푸는 사람 입장에서는 매우 당황스럽고 기분이 나쁠 수 있어요.\n\n 여러분은 익숙함에 속아 소중함을 잊었던 사례와 그로 인해 상대방의 기분을 나쁘게 했던 경험이 있나요? 만약 있다면 관계를 회복하기 위해 어떤 노력을 하셨나요? 본인의 경험을 작성해주세요.\n\n 만약 그런 적이 없다면 주변의 이야기나 본인에게 소중함을 주는 사람들에 관해 설명해주세요.",
    "essay_type": "글짓기",
    "essay_level": "2",
    "essay_len": 755,
    "essay_main_subject": "소중함을 잃었던 경험"
  }
}