{
  "paragraph": [
    {
      "paragraph_txt": "나는 가까운 사람에 대한 소중함에 대하여 알지 못했다.#@문장구분# 그 일이 있기 전까지 말이다.#@문장구분# 사람과 사람 간의 거리가 가까울수록 그 존재에 대한 소중함은 깨닫기 힘들다.#@문장구분#\n 그 일은 내가 막 고등학교에 입학했을 때였다.#@문장구분# 나는 고등학교 배정을 받고 중학교 1학년때 부터 쭉 같이 다니던 친구들을 이제는 만나기 힘들다는 것을 알게 되었다.#@문장구분# 그 당시에는 그 사실이 섭섭하고 믿기 싫었지만 한편으로는 새로운 곳에, 새로운 친구를 사귀게 될 것에 기대가 되기도 했었다.#@문장구분# 그렇게 나는 설렘을 품고 고등학교에 입학했다.#@문장구분#\n 고등학교 생활은 적응하기가 힘들었다.#@문장구분# 새로운 친구는커녕 바뀐 새로운 환경에서의 적응은 정말 오래 걸렸다.#@문장구분# 또, 나를 제외한 다른 친구들은 벌써 적응한 것 같고 친한 친구들도 잘 지내는 것 같아 나는 불안해졌다.#@문장구분# 무언가 빼앗긴 기분이 들었다.#@문장구분#\n나는 그렇게 하루하루를 보내며 외로움을 키웠다.#@문장구분# 함께 있을 때는 알지 못했던, 그 소중한 것들이 자꾸만 머릿속을 떠다녔다.#@문장구분# 혼자 있는 시간은 생각보다 길었고 매일이 힘들었다.#@문장구분# 나는 그제야 그들의 소중함을 깨달았다.#@문장구분# 매일 같이 등교를 하고, 매일 같이 점심을 먹고 매일 나를 기다려주던 그 친구들이 내게 얼마나 소중한지 모른다.#@문장구분# 중학교 3년의 그 반짝거리는 날들을 함께 해 주었던 친구들의 소중함을 잊었다는 사실이 미안해진다.#@문장구분#\n 연락이 왔다.#@문장구분# 그 친구들과 이야기를 나누는 단톡방이 있는데, 그 친구들 중에 한 명이 요즘 너무 외롭다고, 보고 싶다고 그랬다.#@문장구분# 그건 나도 그랬다.#@문장구분# 다른 친구들도 그랬다.#@문장구분# 우리는 소중함을 잊었던 것 같다.#@문장구분# 그래서 그 대가로 외로웠고 그래서 우리는 시간이 나면 모인다.#@문장구분# 친구들과 여행을 가서 조용한 그 밤을 우리가 삼킬 것처럼 떠들어대고, 어느 날은 친구 집에 가서 빈둥거리고, 어느 날씨 좋은 날에는 밖에서 놀았다.#@문장구분# 그렇게 우리는 소중함을 잊어버리지 않고 같이 있었다.#@문장구분#\n사람과 사람이 서로에게 더 소중해질수록 서로의 소중함은 잊혀간다.#@문장구분# 마치 매일 당연하게 함께일 것 같은 기분에 서로가 당연해져 버린다.#@문장구분# 소중함을 잊지 말고 소중한 것과 함께 있자.#@문장구분# 나를 혼자 두지 말자.#@문장구분# 소중함을 놓지 말자.#@문장구분#",
      "paragraph_len": 1641,
      "paragraph_id": "001"
    }
  ],
  "score": {
    "paragraph_score": [
      {
        "paragraph_scoreT": [
          3,
          2.8333333,
          2.5
        ],
        "paragraph_scoreT_detail": {
          "paragraph_scoreT_exp": [
            [
              3,
              3,
              3
            ],
            [
              3,
              3,
              2
            ],
            [
              2,
              3,
              2
            ]
          ]
        },
        "paragraph_scoreT_avg": 2.7777777,
        "paragraph_id": "001"
      }
    ],
    "essay_scoreT": [
      30,
      27.5,
      22.222221
    ],
    "essay_scoreT_avg": 26.574074,
    "essay_scoreT_detail": {
      "essay_scoreT_org": [
        [
          3,
          3,
          3,
          3
        ],
        [
          2,
          2,
          3,
          3
        ],
        [
          2,
          2,
          2,
          3
        ]
      ],
      "essay_scoreT_cont": [
        [
          3,
          3,
          0,
          3
        ],
        [
          3,
          3,
          0,
          2
        ],
        [
          2,
          2,
          0,
          2
        ]
      ],
      "essay_scoreT_exp": [
        [
          3,
          3,
          3
        ],
        [
          3,
          3,
          2
        ],
        [
          2,
          3,
          2
        ]
      ]
    }
  },
  "student": {
    "date": "2021.09.13",
    "student_educated": true,
    "student_grade": "고등_1학년",
    "location": "051",
    "student_grade_group": "고등",
    "student_reading": 2
  },
  "rubric": {
    "essay_grade": "고등_1학년",
    "organization_weight": {
      "org_paragraph": 2,
      "org": 2,
      "org_essay": 4,
      "org_coherence": 2,
      "org_quantity": 1
    },
    "essay_type": "글짓기",
    "content_weight": {
      "con_clearance": 4,
      "con_novelty": 3,
      "con": 4,
      "con_prompt": 0,
      "con_description": 1
    },
    "essay_main_subject": "소중함을 잃었던 경험",
    "expression_weight": {
      "exp_style": 1,
      "exp_grammar": 2,
      "exp_vocab": 3,
      "exp": 4
    }
  },
  "correction": [],
  "info": {
    "essay_id": "ESSAY_33988",
    "essay_prompt": " 익숙함에 속아 소중함을 잊지 말자는 명언 (Do not get fooled by something familiar and forget what is priceless.)이 있습니다.\n\n 부모님께서 매일 해주시는 아침밥이나, 너무 친해서 매일 맛있는 간식을 사주는 친구 등 처음에는 매우 감사했지만 반복되는 호의에 우리는 소중함을 잊어가기도 합니다.\n\n 작은 소중함일지라도 그 소중함을 잃게 되면 호의를 베푸는 사람 입장에서는 매우 당황스럽고 기분이 나쁠 수 있어요.\n\n 여러분은 익숙함에 속아 소중함을 잊었던 사례와 그로 인해 상대방의 기분을 나쁘게 했던 경험이 있나요? 만약 있다면 관계를 회복하기 위해 어떤 노력을 하셨나요? 본인의 경험을 작성해주세요.\n\n 만약 그런 적이 없다면 주변의 이야기나 본인에게 소중함을 주는 사람들에 관해 설명해주세요.",
    "essay_type": "글짓기",
    "essay_level": "2",
    "essay_len": 1041,
    "essay_main_subject": "소중함을 잃었던 경험"
  }
}