{
  "paragraph": [
    {
      "paragraph_txt": "저는 중학교를 입학하고 처음으로 친해진 친구가 있습니다.#@문장구분# 그 친구랑 지금은 다른 고등학교지만 연락하고 한 번 씩 만나기도 합니다.#@문장구분# 하지만 학교를 다니다보니 저랑 그 친구는 각자의 친구가 생겼지만 우리 둘 이 친하니 그 무리들이 합해지기도 했습니다.#@문장구분# 하지만 같이 놀고 하면서 처음 친해진 친구랑 있는게 좀 지루하고 해서 무리 친구들이랑 더 친해졌습니다.#@문장구분# 그런데 제가 새로운 친구들이랑 놀다보니 처음으로 점점 거리를 두다가 그 친구랑 잘 안 놀게 되었습니다. #@문장구분#그렇게 지내다가 나중에 같은 무리의 몇몇 친구들이랑 놀고 그랬는데 제가 딱 피시방에 가고 싶어서 오랜만에 원래 친했던 친구에게 그냥 연락을 했는데 갈 수 있다고 해서 같이 갔습니다.#@문장구분# 그 친구에게 다시 연락할 때 너무 오랜만에 연락하고 만나려고 해서인지 괜히 긴장이되기도 했습니다.#@문장구분#역시나 그 친구랑 피시방을 갔는데 한 동안 모르는 사람처럼 지내서 그런지 좀 어색하기도 하고 그랬습니다.#@문장구분# 그 뒤로 다시 그 친구랑 지냈는데 그 친구만큼 편안한 친구는 없던 것 같습니다.#@문장구분# 그 친구에게 고맙고 좀 미안하다고 항상 생각합니다. #@문장구분#그 친구는 처음 놀때는 재미있었지만 같이 있는 것이 익숙해져서 그 친구랑 있을 때의 소중함, 편안함을 잊고 저는 그 친구와 소홀해졌던 저의 행동에 안타까움과 후회를 했습니다. #@문장구분#지금은 잘 지내고 있는 친구지만 아직도 그 때를 생각하면 너무 미안합니다.#@문장구분# 앞으로 저는 그 친구에게 많은 사랑을 베풀고 더욱 더 소중하게 대해줄 것입니다.#@문장구분#",
      "paragraph_len": 988,
      "paragraph_id": "001"
    }
  ],
  "score": {
    "paragraph_score": [
      {
        "paragraph_scoreT": [
          3,
          3,
          2.5
        ],
        "paragraph_scoreT_detail": {
          "paragraph_scoreT_exp": [
            [
              3,
              3,
              3
            ],
            [
              3,
              3,
              3
            ],
            [
              3,
              2,
              3
            ]
          ]
        },
        "paragraph_scoreT_avg": 2.8333333,
        "paragraph_id": "001"
      }
    ],
    "essay_scoreT": [
      30,
      27.61111,
      25.555555
    ],
    "essay_scoreT_avg": 27.722221,
    "essay_scoreT_detail": {
      "essay_scoreT_org": [
        [
          3,
          3,
          3,
          3
        ],
        [
          2,
          3,
          3,
          3
        ],
        [
          3,
          2,
          3,
          3
        ]
      ],
      "essay_scoreT_cont": [
        [
          3,
          3,
          0,
          3
        ],
        [
          3,
          2,
          0,
          3
        ],
        [
          3,
          2,
          0,
          2
        ]
      ],
      "essay_scoreT_exp": [
        [
          3,
          3,
          3
        ],
        [
          3,
          3,
          3
        ],
        [
          3,
          2,
          3
        ]
      ]
    }
  },
  "student": {
    "date": "2021.12.13",
    "student_educated": true,
    "student_grade": "고등_1학년",
    "location": "063",
    "student_grade_group": "고등",
    "student_reading": 1
  },
  "rubric": {
    "essay_grade": "고등_1학년",
    "organization_weight": {
      "org_paragraph": 2,
      "org": 2,
      "org_essay": 4,
      "org_coherence": 2,
      "org_quantity": 1
    },
    "essay_type": "글짓기",
    "content_weight": {
      "con_clearance": 4,
      "con_novelty": 3,
      "con": 4,
      "con_prompt": 0,
      "con_description": 1
    },
    "essay_main_subject": "소중함을 잃었던 경험",
    "expression_weight": {
      "exp_style": 1,
      "exp_grammar": 2,
      "exp_vocab": 3,
      "exp": 4
    }
  },
  "correction": [],
  "info": {
    "essay_id": "ESSAY_73459",
    "essay_prompt": " 익숙함에 속아 소중함을 잊지 말자는 명언 (Do not get fooled by something familiar and forget what is priceless.)이 있습니다.\n\n 부모님께서 매일 해주시는 아침밥이나, 너무 친해서 매일 맛있는 간식을 사주는 친구 등 처음에는 매우 감사했지만 반복되는 호의에 우리는 소중함을 잊어가기도 합니다.\n\n 작은 소중함일지라도 그 소중함을 잃게 되면 호의를 베푸는 사람 입장에서는 매우 당황스럽고 기분이 나쁠 수 있어요.\n\n 여러분은 익숙함에 속아 소중함을 잊었던 사례와 그로 인해 상대방의 기분을 나쁘게 했던 경험이 있나요? 만약 있다면 관계를 회복하기 위해 어떤 노력을 하셨나요? 본인의 경험을 작성해주세요.\n\n 만약 그런 적이 없다면 주변의 이야기나 본인에게 소중함을 주는 사람들에 관해 설명해주세요.",
    "essay_type": "글짓기",
    "essay_level": "2",
    "essay_len": 729,
    "essay_main_subject": "소중함을 잃었던 경험"
  }
}