{
  "paragraph": [
    {
      "paragraph_txt": "우리는 하루하루를 소중히 산다.#@문장구분# 마음 안에 있는 것이 무엇인지에 따라 얼마나 아름다운지 차이가 난다.#@문장구분# 마음 안에 생각만 해도 행복해지는 것이 있는 사람은 하루를 행복하게 사는 것이다.#@문장구분# 양의 기운이 강한 사람은 마음을 드러내고 무엇이든지 반응 속도가 빠르다.#@문장구분# 어디든 자신의 기운을 드러내고 통하기를 바란다.#@문장구분# 음의 기운이 강한 사람은 마음을 드러내지 않는다.#@문장구분# 안으로 흐르게 하고 더 낮은대로 더 낮은대로 흐르게 하여 자신만의 유니크함으로 무장한다.#@문장구분# 드러나는 것을 부러워하는 법없이 유유히 자존감이 높다.#@문장구분# 깊이를 알 수 없는 심연까지 의식이 다다를 수 있는 사람이다.#@문장구분# 겉으로 그를 판단하기 힘들어서 속을 알 수 없다는 평을 듣는다.#@문장구분# 음의 사람과 양의 사람이 만나면 서로 다른 점에 끌리지만 결국 완전한 소통은 어려워서마음이 다는 통하지 않는다.#@문장구분# 양이 강한사람은 나에게 소중한 것을 자랑하고 드러내고 음이 강한사람은 나에게 소중한 것을 감추고 보석과 같이 아낀다.#@문장구분# 간은 정말로 소중한 것이 무엇인지 잃어 버리고서야 통감한다.#@문장구분# 우리는 살아 면서 늘 내 곁에 있어 주어서 그 소중함을 잊고 살아가고 있다는 사실이다.#@문장구분# 다시 한번 주변을 둘러보면 좋겠다.#@문장구분# 무엇이 진짜 소중한 것인지 알 수 있다.#@문장구분# 진짜 소중한 것을 찾았다면 절대 그것을 놓치지 않으면 참 좋겠다.#@문장구분# 가장 소중한 것을 지키는 방법이 변화된 우리가 거기에 있다.#@문장구분# 오랜 시간을 돌고 돌아서 다시 만나는 그 간절한 시간을 내내 달려가던 우리지만 자신이 필요한 곳에서 제대로 행동할 수 있는 선택을 한다.#@문장구분#",
      "paragraph_len": 1133,
      "paragraph_id": "001"
    }
  ],
  "score": {
    "paragraph_score": [
      {
        "paragraph_scoreT": [
          3,
          2,
          2.1666667
        ],
        "paragraph_scoreT_detail": {
          "paragraph_scoreT_exp": [
            [
              3,
              3,
              3
            ],
            [
              2,
              2,
              2
            ],
            [
              2,
              2,
              3
            ]
          ]
        },
        "paragraph_scoreT_avg": 2.388889,
        "paragraph_id": "001"
      }
    ],
    "essay_scoreT": [
      30,
      24,
      23.333334
    ],
    "essay_scoreT_avg": 25.777779,
    "essay_scoreT_detail": {
      "essay_scoreT_org": [
        [
          3,
          3,
          3,
          3
        ],
        [
          3,
          3,
          3,
          3
        ],
        [
          2,
          2,
          3,
          3
        ]
      ],
      "essay_scoreT_cont": [
        [
          3,
          3,
          0,
          3
        ],
        [
          2,
          3,
          0,
          3
        ],
        [
          2,
          3,
          0,
          3
        ]
      ],
      "essay_scoreT_exp": [
        [
          3,
          3,
          3
        ],
        [
          2,
          2,
          2
        ],
        [
          2,
          2,
          3
        ]
      ]
    }
  },
  "student": {
    "date": "2021.12.16",
    "student_educated": true,
    "student_grade": "고등_1학년",
    "location": "041",
    "student_grade_group": "고등",
    "student_reading": 2
  },
  "rubric": {
    "essay_grade": "고등_1학년",
    "organization_weight": {
      "org_paragraph": 2,
      "org": 2,
      "org_essay": 4,
      "org_coherence": 2,
      "org_quantity": 1
    },
    "essay_type": "글짓기",
    "content_weight": {
      "con_clearance": 4,
      "con_novelty": 3,
      "con": 4,
      "con_prompt": 0,
      "con_description": 1
    },
    "essay_main_subject": "소중함을 잃었던 경험",
    "expression_weight": {
      "exp_style": 1,
      "exp_grammar": 2,
      "exp_vocab": 3,
      "exp": 4
    }
  },
  "correction": [],
  "info": {
    "essay_id": "ESSAY_66119",
    "essay_prompt": " 익숙함에 속아 소중함을 잊지 말자는 명언 (Do not get fooled by something familiar and forget what is priceless.)이 있습니다.\n\n 부모님께서 매일 해주시는 아침밥이나, 너무 친해서 매일 맛있는 간식을 사주는 친구 등 처음에는 매우 감사했지만 반복되는 호의에 우리는 소중함을 잊어가기도 합니다.\n\n 작은 소중함일지라도 그 소중함을 잃게 되면 호의를 베푸는 사람 입장에서는 매우 당황스럽고 기분이 나쁠 수 있어요.\n\n 여러분은 익숙함에 속아 소중함을 잊었던 사례와 그로 인해 상대방의 기분을 나쁘게 했던 경험이 있나요? 만약 있다면 관계를 회복하기 위해 어떤 노력을 하셨나요? 본인의 경험을 작성해주세요.\n\n 만약 그런 적이 없다면 주변의 이야기나 본인에게 소중함을 주는 사람들에 관해 설명해주세요.",
    "essay_type": "글짓기",
    "essay_level": "2",
    "essay_len": 753,
    "essay_main_subject": "소중함을 잃었던 경험"
  }
}