{
  "paragraph": [
    {
      "paragraph_txt": "나에게 소중한 것 중 하나는 3년째 내 침대 위에 놓여있는 돼지 인형이다.#@문장구분# 사실 난 인형을 그렇게 좋아하지 않는다.#@문장구분# 싫어하는 것도 아니지만 아주 어릴 때 빼고는 인형을 그렇게 좋아했던 기억은 없는 것 같다.#@문장구분# 이 돼지 인형은 3년 전에 혼자 살던 집에 친한 언니가 오게 되었는데 집에 인형 하나 두면 분위기가 좀 달라질 거라며 선물해 주었던 인형이다.#@문장구분# 처음부터 이렇게 납작하진 않았다.#@문장구분# 처음엔 침대 위에 인형을 두는 것이 낯설어 침대 안쪽에 세워두곤 했는데 어느 순간부터 이 인형 뒤에 팔을 올려두고 자게 되고 푹신한 촉감이 좋아 꼭 끌어안고 자는 날들이 많아졌다.#@문장구분# 그 이유가 처음의 빵빵함을 잃고 납작해져서 더 애용하게 되었다고 한다면 조금 슬프기도 하지만 이 납작해진 인형은 어느새 나에겐 가장 소중한 인형이 되어버렸다.#@문장구분# 3년이 조금 넘는 지금 난 세 번의 이사를 다녔는데 침대, 이불은 바뀌어도 이 인형만큼은 꼭 챙겨두며 지금의 집까지, 지금 내 침대 위까지 함께하게 되었다.#@문장구분# 이 인형을 아끼게 된 가장 큰 이유 중 하나는 잠자는 걸 굉장히 좋아하는 나에게 가장 편한 수면 필수템이라는 생각이 들어서이기도 하지만, 이제는 없으면 허전할 것 같은 나의 애완 돼지와도 같은 존재이다.#@문장구분# 물론 무생물이지만 나와 함께 삶을 같이 하는 이 돼지 인형이 나에게는 가장 소중한 존재이다.#@문장구분# 나의 방에 함께 살고 나와 함께 잠을 잔다.#@문장구분# 이 예쁘고 귀여운 돼지가 이제 납작해져서 원래의 귀여운 모습을 잃고 있는 요즘이다.#@문장구분# 나에게 소중한 이 돼지인형이 최대한 많은 날들을 함께하고 싶다.#@문장구분#",
      "paragraph_len": 1026,
      "paragraph_id": "001"
    }
  ],
  "score": {
    "paragraph_score": [
      {
        "paragraph_scoreT": [
          2.6666667,
          2,
          2
        ],
        "paragraph_scoreT_detail": {
          "paragraph_scoreT_exp": [
            [
              2,
              3,
              3
            ],
            [
              2,
              2,
              2
            ],
            [
              2,
              2,
              2
            ]
          ]
        },
        "paragraph_scoreT_avg": 2.2222223,
        "paragraph_id": "001"
      }
    ],
    "essay_scoreT": [
      28.666668,
      25.11111,
      23.11111
    ],
    "essay_scoreT_avg": 25.62963,
    "essay_scoreT_detail": {
      "essay_scoreT_org": [
        [
          3,
          3,
          3,
          3
        ],
        [
          2,
          3,
          3,
          3
        ],
        [
          2,
          3,
          3,
          3
        ]
      ],
      "essay_scoreT_cont": [
        [
          3,
          3,
          0,
          3
        ],
        [
          3,
          3,
          0,
          3
        ],
        [
          2,
          3,
          0,
          3
        ]
      ],
      "essay_scoreT_exp": [
        [
          2,
          3,
          3
        ],
        [
          2,
          2,
          2
        ],
        [
          2,
          2,
          2
        ]
      ]
    }
  },
  "student": {
    "date": "2021.12.16",
    "student_educated": true,
    "student_grade": "고등_1학년",
    "location": "041",
    "student_grade_group": "고등",
    "student_reading": 2
  },
  "rubric": {
    "essay_grade": "고등_1학년",
    "organization_weight": {
      "org_paragraph": 2,
      "org": 2,
      "org_essay": 4,
      "org_coherence": 2,
      "org_quantity": 1
    },
    "essay_type": "글짓기",
    "content_weight": {
      "con_clearance": 4,
      "con_novelty": 3,
      "con": 4,
      "con_prompt": 0,
      "con_description": 1
    },
    "essay_main_subject": "소중함을 잃었던 경험",
    "expression_weight": {
      "exp_style": 1,
      "exp_grammar": 2,
      "exp_vocab": 3,
      "exp": 4
    }
  },
  "correction": [],
  "info": {
    "essay_id": "ESSAY_66127",
    "essay_prompt": " 익숙함에 속아 소중함을 잊지 말자는 명언 (Do not get fooled by something familiar and forget what is priceless.)이 있습니다.\n\n 부모님께서 매일 해주시는 아침밥이나, 너무 친해서 매일 맛있는 간식을 사주는 친구 등 처음에는 매우 감사했지만 반복되는 호의에 우리는 소중함을 잊어가기도 합니다.\n\n 작은 소중함일지라도 그 소중함을 잃게 되면 호의를 베푸는 사람 입장에서는 매우 당황스럽고 기분이 나쁠 수 있어요.\n\n 여러분은 익숙함에 속아 소중함을 잊었던 사례와 그로 인해 상대방의 기분을 나쁘게 했던 경험이 있나요? 만약 있다면 관계를 회복하기 위해 어떤 노력을 하셨나요? 본인의 경험을 작성해주세요.\n\n 만약 그런 적이 없다면 주변의 이야기나 본인에게 소중함을 주는 사람들에 관해 설명해주세요.",
    "essay_type": "글짓기",
    "essay_level": "2",
    "essay_len": 766,
    "essay_main_subject": "소중함을 잃었던 경험"
  }
}