{
  "paragraph": [
    {
      "paragraph_txt": "제가 중학교 3학년때 있었던 일입니다.#@문장구분# 여름방학때 일이였고 저는 집에 있었습니다.#@문장구분# 집에서는 어머니와 할머니 그리고 저까지 3명이 있었습니다.#@문장구분# 몇분 뒤에 아버지께서 퇴근해서 돌아오셨습니다.#@문장구분# 아버지는 씻기 위해서 화장실에 들어가셨고 씻으시다가 잠시후에 쿵 소리가 들렸스빈다.#@문장구분# 뭘 떨어뜨리셨겠지 하는 마음으로 대수롭지 않게 화장실 문을 열었더니 아버지께서 쓰러져 계셨고 머리에서 피가 흐르고 있었습니다.#@문장구분# 저는 깜짝 놀랐고 어머니와 할머니를 부른 뒤에 119를 불렀습니다.#@문장구분# 아버지와 어머니께서 구급차를 타고 함께 계십니다.#@문장구분# 저는 눈물을 멈출수 없었습니다.#@문장구분# 더 심각한 문제는 당시 코로나가 심해 병원에서 환자를 잘 받지않아 이리갔다 저리갔다 하면서 시간이 지체되어 상황이 더 위험해진 것입니다. #@문장구분#그러다 해운대 백범원과 연결되어 백병원에 입원하셨고 그 후 한달간 아버지를 보지 못하게 됩니다.#@문장구분# 다행히 아버지의 상태는 빠르게 호전되었고 생각보다 빠르게 퇴원 하셨습니다.#@문장구분# 그 후 어머니는 아버지를 3달간 병간호 하시며 병간호 스트레스가 터져서 할머니 할아버지와 다투시게되고 엄마와 저 형은 외할머니 집에가서 살게 되었고 그렇게 아버지는 또 혼자가 되셨스빈다.#@문장구분# 하지만 이것도 잠시 새 집을 사게되고 아버지와 어머니 형 그리고 저는 다시 함께 살게 됩니다.#@문장구분# 이 일로 얻은 교훈은 익숙함에 속아 소중함을 잊지 말라는 것입니다.#@문장구분#",
      "paragraph_len": 975,
      "paragraph_id": "001"
    }
  ],
  "score": {
    "paragraph_score": [
      {
        "paragraph_scoreT": [
          2.5,
          3,
          3
        ],
        "paragraph_scoreT_detail": {
          "paragraph_scoreT_exp": [
            [
              2,
              3,
              2
            ],
            [
              3,
              3,
              3
            ],
            [
              3,
              3,
              3
            ]
          ]
        },
        "paragraph_scoreT_avg": 2.8333333,
        "paragraph_id": "001"
      }
    ],
    "essay_scoreT": [
      23.38889,
      27.11111,
      26
    ],
    "essay_scoreT_avg": 25.5,
    "essay_scoreT_detail": {
      "essay_scoreT_org": [
        [
          2,
          3,
          3,
          2
        ],
        [
          2,
          3,
          3,
          3
        ],
        [
          3,
          3,
          3,
          3
        ]
      ],
      "essay_scoreT_cont": [
        [
          2,
          2,
          0,
          3
        ],
        [
          3,
          2,
          0,
          2
        ],
        [
          2,
          2,
          0,
          2
        ]
      ],
      "essay_scoreT_exp": [
        [
          2,
          3,
          2
        ],
        [
          3,
          3,
          3
        ],
        [
          3,
          3,
          3
        ]
      ]
    }
  },
  "student": {
    "date": "2021.12.21",
    "student_educated": true,
    "student_grade": "고등_1학년",
    "location": "051",
    "student_grade_group": "고등",
    "student_reading": 2
  },
  "rubric": {
    "essay_grade": "고등_1학년",
    "organization_weight": {
      "org_paragraph": 2,
      "org": 2,
      "org_essay": 4,
      "org_coherence": 2,
      "org_quantity": 1
    },
    "essay_type": "글짓기",
    "content_weight": {
      "con_clearance": 4,
      "con_novelty": 3,
      "con": 4,
      "con_prompt": 0,
      "con_description": 1
    },
    "essay_main_subject": "소중함을 잃었던 경험",
    "expression_weight": {
      "exp_style": 1,
      "exp_grammar": 2,
      "exp_vocab": 3,
      "exp": 4
    }
  },
  "correction": [],
  "info": {
    "essay_id": "ESSAY_75432",
    "essay_prompt": " 익숙함에 속아 소중함을 잊지 말자는 명언 (Do not get fooled by something familiar and forget what is priceless.)이 있습니다.\n\n 부모님께서 매일 해주시는 아침밥이나, 너무 친해서 매일 맛있는 간식을 사주는 친구 등 처음에는 매우 감사했지만 반복되는 호의에 우리는 소중함을 잊어가기도 합니다.\n\n 작은 소중함일지라도 그 소중함을 잃게 되면 호의를 베푸는 사람 입장에서는 매우 당황스럽고 기분이 나쁠 수 있어요.\n\n 여러분은 익숙함에 속아 소중함을 잊었던 사례와 그로 인해 상대방의 기분을 나쁘게 했던 경험이 있나요? 만약 있다면 관계를 회복하기 위해 어떤 노력을 하셨나요? 본인의 경험을 작성해주세요.\n\n 만약 그런 적이 없다면 주변의 이야기나 본인에게 소중함을 주는 사람들에 관해 설명해주세요.",
    "essay_type": "글짓기",
    "essay_level": "2",
    "essay_len": 675,
    "essay_main_subject": "소중함을 잃었던 경험"
  }
}