{
  "paragraph": [
    {
      "paragraph_txt": "중학교 시절 가까이에 지냈던 친구와 멀어졌던 기억이 있다.#@문장구분# 그 이유는 서로가 이해가 되지 않는다는 부분이었고, 또한 그 문제를 해결하려고 하지 않고 회피하고 싶었던 마음에 차라리 멀어지는 상태를 택했다.#@문장구분# \n 그렇게 연락을 하지 않아도 나의 일상에는 크게 지장이 없었다.#@문장구분# 하지만 문득문득 그 친구의 빈자리가 느껴졌다.#@문장구분# 함께 갔던 곳을 걸을 때라든가, 같이 나누고 싶은 일상적인 대화라든가 굉장히 사소한 부분에서 친구의 빈자리가 너무 크게 느껴졌던 것이다.#@문장구분# 그동안 늘 지겨울 정도로 함께 시간을 보내고, 밥을 먹고 거리를 걸었던 순간들이 익숙해져서 늘 당연하게 그 자리에 있는 것이라고 생각했나 보다.#@문장구분# 그날들이 그립고 보고 싶었지만 볼 수가 없었다.#@문장구분# 그렇게 하루 이틀 한 달이 지나고 일 년이 지나는 동안 나는 그리워만 하고, 그 친구와 함께 행복했던 날들 싸운 날들을 다시 그리고 그렸다.#@문장구분# 친구가 나오는 꿈도 자주 꿨었다.#@문장구분# 다툰 후 다시는 안 봐도 나는 괜찮다고 자부했는데 그건 사실 큰 오만이었던 것이다.#@문장구분# 다른 친구로는 대체 불가능한 것을 몰랐다.#@문장구분# 익숙한 나의 일상들은 사실 혼자만의 노력이나 힘으로 지냈던 게 아니다.#@문장구분# 분명 사람과 사람 사이의 노력과 사랑만이 나를 따뜻하게 만들었던 것이었다.#@문장구분# 그 사실을 깨닫고 나는 부끄럽고, 어려웠지만 연락을 했고 어색한 재회를 했다.#@문장구분# 친구를 만나서 사소한 대화를 나누고, 거리를 걸으면서 나는 느꼈다.#@문장구분# 역시나 참 행복하고 따뜻해졌다.#@문장구분#",
      "paragraph_len": 1032,
      "paragraph_id": "001"
    }
  ],
  "score": {
    "paragraph_score": [
      {
        "paragraph_scoreT": [
          2,
          2.3333333,
          2.1666667
        ],
        "paragraph_scoreT_detail": {
          "paragraph_scoreT_exp": [
            [
              2,
              2,
              2
            ],
            [
              2,
              3,
              1
            ],
            [
              2,
              2,
              3
            ]
          ]
        },
        "paragraph_scoreT_avg": 2.1666667,
        "paragraph_id": "001"
      }
    ],
    "essay_scoreT": [
      20.222221,
      21.38889,
      19.38889
    ],
    "essay_scoreT_avg": 20.333334,
    "essay_scoreT_detail": {
      "essay_scoreT_org": [
        [
          2,
          2,
          2,
          3
        ],
        [
          3,
          3,
          2,
          3
        ],
        [
          2,
          2,
          2,
          3
        ]
      ],
      "essay_scoreT_cont": [
        [
          2,
          2,
          0,
          2
        ],
        [
          2,
          1,
          0,
          2
        ],
        [
          2,
          1,
          0,
          2
        ]
      ],
      "essay_scoreT_exp": [
        [
          2,
          2,
          2
        ],
        [
          2,
          3,
          1
        ],
        [
          2,
          2,
          3
        ]
      ]
    }
  },
  "student": {
    "date": "2021.09.07",
    "student_educated": true,
    "student_grade": "고등_1학년",
    "location": "02",
    "student_grade_group": "고등",
    "student_reading": 2
  },
  "rubric": {
    "essay_grade": "고등_1학년",
    "organization_weight": {
      "org_paragraph": 2,
      "org": 2,
      "org_essay": 4,
      "org_coherence": 2,
      "org_quantity": 1
    },
    "essay_type": "글짓기",
    "content_weight": {
      "con_clearance": 4,
      "con_novelty": 3,
      "con": 4,
      "con_prompt": 0,
      "con_description": 1
    },
    "essay_main_subject": "소중함을 잃었던 경험",
    "expression_weight": {
      "exp_style": 1,
      "exp_grammar": 2,
      "exp_vocab": 3,
      "exp": 4
    }
  },
  "correction": [],
  "info": {
    "essay_id": "ESSAY_35493",
    "essay_prompt": " 익숙함에 속아 소중함을 잊지 말자는 명언 (Do not get fooled by something familiar and forget what is priceless.)이 있습니다.\n\n 부모님께서 매일 해주시는 아침밥이나, 너무 친해서 매일 맛있는 간식을 사주는 친구 등 처음에는 매우 감사했지만 반복되는 호의에 우리는 소중함을 잊어가기도 합니다.\n\n 작은 소중함일지라도 그 소중함을 잃게 되면 호의를 베푸는 사람 입장에서는 매우 당황스럽고 기분이 나쁠 수 있어요.\n\n 여러분은 익숙함에 속아 소중함을 잊었던 사례와 그로 인해 상대방의 기분을 나쁘게 했던 경험이 있나요? 만약 있다면 관계를 회복하기 위해 어떤 노력을 하셨나요? 본인의 경험을 작성해주세요.\n\n 만약 그런 적이 없다면 주변의 이야기나 본인에게 소중함을 주는 사람들에 관해 설명해주세요.",
    "essay_type": "글짓기",
    "essay_level": "2",
    "essay_len": 712,
    "essay_main_subject": "소중함을 잃었던 경험"
  }
}