{
  "paragraph": [
    {
      "paragraph_txt": "어렸을 적부터 나는 언니와 자주 다투고 투닥거리며 자라왔다.#@문장구분# 간혹 언니 없이 외동으로 살면 어떨까라는 생각도 한적이 있다. #@문장구분#그렇게 언니는 성인이 되어 타지역의 대학교에 입학하면서 집을 떠나게 되었다.#@문장구분#처음에는 후련한 마음이었으나 얼마 지나지 않아 언니의 빈자리가 크게 느껴졌다. #@문장구분#엄마아빠가 기계를 못만지거나 물어볼일이 있으면 항상 언니의 몫이기에 나는 관심이 없었지만 이제는 그 모든게 나의 몫이 되었고 언니가 많이 생각나고 소중한 존재인 것을 깨달았다.#@문장구분# 그래서 아주 가끔 언니를 만나면 이런 이야기를 자주 들려준다. #@문장구분#언니가 나한테 너무 소중했고 앞으로도 항상 함께이고 싶다고 말이다. #@문장구분#그렇게 언니는 지금 나의 둘도 없는 친구가 되었고 나의 고등학교 생활에 있어서 많은 조언을 해주고 도움이 되주고 있다.#@문장구분# 또 엄마나 아빠가 가르칠 수 없는 것들을 언니가 나에게 많이 가르쳐주는 부모님같은 생각도 든다.#@문장구분# 요즘은 언니가 없더라면 나의 모습은 어땠을지 자주 생각에 잠긴다.#@문장구분# 아마 지금의 나보다 어리숙하고 바보같은 모습일지도 모르겠다는 생각이 든다.#@문장구분# 언니는 언니가 없어서 많이 힘들고 서툴고 많은 실패를 겪어봤다는 생각에 한편으로는 미안한 마음도 있다.#@문장구분# 그래서 나는 어디가서도 언니자랑을 입이 닳도록 한다. #@문장구분#나도 나중에 언니에게 도움이 되는 언니보다 더 언니 같은 동생이 되는 것이 나의 꿈이고 목표이다.#@문장구분#",
      "paragraph_len": 949,
      "paragraph_id": "001"
    }
  ],
  "score": {
    "paragraph_score": [
      {
        "paragraph_scoreT": [
          3,
          3,
          3
        ],
        "paragraph_scoreT_detail": {
          "paragraph_scoreT_exp": [
            [
              3,
              3,
              3
            ],
            [
              3,
              3,
              3
            ],
            [
              3,
              3,
              3
            ]
          ]
        },
        "paragraph_scoreT_avg": 3,
        "paragraph_id": "001"
      }
    ],
    "essay_scoreT": [
      30,
      28.5,
      26
    ],
    "essay_scoreT_avg": 28.166666,
    "essay_scoreT_detail": {
      "essay_scoreT_org": [
        [
          3,
          3,
          3,
          3
        ],
        [
          3,
          3,
          3,
          3
        ],
        [
          3,
          3,
          3,
          3
        ]
      ],
      "essay_scoreT_cont": [
        [
          3,
          3,
          0,
          3
        ],
        [
          3,
          2,
          0,
          3
        ],
        [
          2,
          2,
          0,
          2
        ]
      ],
      "essay_scoreT_exp": [
        [
          3,
          3,
          3
        ],
        [
          3,
          3,
          3
        ],
        [
          3,
          3,
          3
        ]
      ]
    }
  },
  "student": {
    "date": "2021.12.20",
    "student_educated": true,
    "student_grade": "고등_1학년",
    "location": "044",
    "student_grade_group": "고등",
    "student_reading": 2
  },
  "rubric": {
    "essay_grade": "고등_1학년",
    "organization_weight": {
      "org_paragraph": 2,
      "org": 2,
      "org_essay": 4,
      "org_coherence": 2,
      "org_quantity": 1
    },
    "essay_type": "글짓기",
    "content_weight": {
      "con_clearance": 4,
      "con_novelty": 3,
      "con": 4,
      "con_prompt": 0,
      "con_description": 1
    },
    "essay_main_subject": "소중함을 잃었던 경험",
    "expression_weight": {
      "exp_style": 1,
      "exp_grammar": 2,
      "exp_vocab": 3,
      "exp": 4
    }
  },
  "correction": [],
  "info": {
    "essay_id": "ESSAY_73550",
    "essay_prompt": " 익숙함에 속아 소중함을 잊지 말자는 명언 (Do not get fooled by something familiar and forget what is priceless.)이 있습니다.\n\n 부모님께서 매일 해주시는 아침밥이나, 너무 친해서 매일 맛있는 간식을 사주는 친구 등 처음에는 매우 감사했지만 반복되는 호의에 우리는 소중함을 잊어가기도 합니다.\n\n 작은 소중함일지라도 그 소중함을 잃게 되면 호의를 베푸는 사람 입장에서는 매우 당황스럽고 기분이 나쁠 수 있어요.\n\n 여러분은 익숙함에 속아 소중함을 잊었던 사례와 그로 인해 상대방의 기분을 나쁘게 했던 경험이 있나요? 만약 있다면 관계를 회복하기 위해 어떤 노력을 하셨나요? 본인의 경험을 작성해주세요.\n\n 만약 그런 적이 없다면 주변의 이야기나 본인에게 소중함을 주는 사람들에 관해 설명해주세요.",
    "essay_type": "글짓기",
    "essay_level": "2",
    "essay_len": 671,
    "essay_main_subject": "소중함을 잃었던 경험"
  }
}