{
  "paragraph": [
    {
      "paragraph_txt": "익숙함에 소중함을 잊지 말자는 명언이 있습니다.#@문장구분# 그 명언처럼 저는 익숙해서 소중한 우리 가족들이나 친구를 한 번도 잊어본 적이 없어서 익숙함 소중함을 잊었던 사례는 없지만, 저한테 매우 소중한 사람들은 많이 있습니다.#@문장구분# 소중한 사람들에 대해서 말해보겠습니다.#@문장구분# 저랑 초등학교 때부터 지금까지 친구인 십년지기 친구가 있습니다.#@문장구분# 초등학교 1학년부터 중학교, 고등학교까지 같은 곳을 나왔고 한 번도 떨어져 본 적도 없는 거의 친형 같은 친구입니다.#@문장구분# 이 친구가 저한테 얼마나 소중하냐면 제가 돈 때문에 힘들어하던 시기가 있었는데 그 친구한테 말도 꺼내지 않았는데 자기가 먼저 무슨 일 있느냐면서 물어봐 주고 제 고민을 들어주면 자기 돈으로 제 돈 문제를 해결해주면서 나중에 갚아라.#@문장구분# 이런 식으로 말을 하였습니다. #@문장구분#그때 정말 그 친구에게 너무나도 고마웠고, 말을 하지 않아도 내 표정, 말투로 사람의 기분을 알고 직접 이렇게 해결해주는 게 너무 소중하고 끝까지 가고 싶은 친구구나 생각이 들었습니다.#@문장구분# 저희가 안지 벌써 10년인데 솔직히 익숙하고, 편하니깐 아무렇지 않게 생각할 수 있는 문제를 친구는 저를 위해 진지하게 기분을 파악해주고, 고민을 들어주며 해결해준다는 거 자체가 정말 쉽지 않은 일이고 오래되고 편하고 익숙하다고 저를 잊지 않고 항상 챙겨주는 모습이 아주 감동적이었습니다.#@문장구분# 저도 이 친구를 위해 더 많은 노력을 할려고 합니다.#@문장구분#",
      "paragraph_len": 888,
      "paragraph_id": "001"
    }
  ],
  "score": {
    "paragraph_score": [
      {
        "paragraph_scoreT": [
          2.6666667,
          3,
          2.1666667
        ],
        "paragraph_scoreT_detail": {
          "paragraph_scoreT_exp": [
            [
              2,
              3,
              3
            ],
            [
              3,
              3,
              3
            ],
            [
              2,
              2,
              3
            ]
          ]
        },
        "paragraph_scoreT_avg": 2.6111114,
        "paragraph_id": "001"
      }
    ],
    "essay_scoreT": [
      28.666668,
      30,
      23.333334
    ],
    "essay_scoreT_avg": 27.333334,
    "essay_scoreT_detail": {
      "essay_scoreT_org": [
        [
          3,
          3,
          3,
          3
        ],
        [
          3,
          3,
          3,
          3
        ],
        [
          2,
          2,
          3,
          3
        ]
      ],
      "essay_scoreT_cont": [
        [
          3,
          3,
          0,
          3
        ],
        [
          3,
          3,
          0,
          3
        ],
        [
          2,
          3,
          0,
          3
        ]
      ],
      "essay_scoreT_exp": [
        [
          2,
          3,
          3
        ],
        [
          3,
          3,
          3
        ],
        [
          2,
          2,
          3
        ]
      ]
    }
  },
  "student": {
    "date": "2021.12.17",
    "student_educated": true,
    "student_grade": "고등_1학년",
    "location": "044",
    "student_grade_group": "고등",
    "student_reading": 2
  },
  "rubric": {
    "essay_grade": "고등_1학년",
    "organization_weight": {
      "org_paragraph": 2,
      "org": 2,
      "org_essay": 4,
      "org_coherence": 2,
      "org_quantity": 1
    },
    "essay_type": "글짓기",
    "content_weight": {
      "con_clearance": 4,
      "con_novelty": 3,
      "con": 4,
      "con_prompt": 0,
      "con_description": 1
    },
    "essay_main_subject": "소중함을 잃었던 경험",
    "expression_weight": {
      "exp_style": 1,
      "exp_grammar": 2,
      "exp_vocab": 3,
      "exp": 4
    }
  },
  "correction": [],
  "info": {
    "essay_id": "ESSAY_66025",
    "essay_prompt": " 익숙함에 속아 소중함을 잊지 말자는 명언 (Do not get fooled by something familiar and forget what is priceless.)이 있습니다.\n\n 부모님께서 매일 해주시는 아침밥이나, 너무 친해서 매일 맛있는 간식을 사주는 친구 등 처음에는 매우 감사했지만 반복되는 호의에 우리는 소중함을 잊어가기도 합니다.\n\n 작은 소중함일지라도 그 소중함을 잃게 되면 호의를 베푸는 사람 입장에서는 매우 당황스럽고 기분이 나쁠 수 있어요.\n\n 여러분은 익숙함에 속아 소중함을 잊었던 사례와 그로 인해 상대방의 기분을 나쁘게 했던 경험이 있나요? 만약 있다면 관계를 회복하기 위해 어떤 노력을 하셨나요? 본인의 경험을 작성해주세요.\n\n 만약 그런 적이 없다면 주변의 이야기나 본인에게 소중함을 주는 사람들에 관해 설명해주세요.",
    "essay_type": "글짓기",
    "essay_level": "2",
    "essay_len": 690,
    "essay_main_subject": "소중함을 잃었던 경험"
  }
}