{
  "paragraph": [
    {
      "paragraph_txt": "이번 년도에 참 아픈 일을 겪어서 아직도 솔직히 견디기가 힘든 시기입니다.#@문장구분# 저희 어머니는 공무원으로 공직에서 30년 동안 계셨다가 3년 전에 정년퇴직하시고 집에서 은퇴생활을 하셨습니다.#@문장구분# 어릴 때부터 어머니가 매일 바쁘셔서 아침을 차려주신 적이 없기에 아침을 먹어본 기억이 없습니다.#@문장구분#항상 식탁위에 아침과 간식비를 하라고 만원이 놓여 있었습니다.#@문장구분# 항상 식탁위에 만원이 놓여있는 것을 보고 다른 친구들도 아침에 부모님이 출근하셔야 해서 아침은 안 먹고 돈을 주는지 알았습니다.#@문장구분# 친구들에게 아침을 먹는지에 대해서 물어보니 반 정도는 저처럼 아침을 안 먹고 부모님이 사먹으라고 돈을 주었고 반 정도는 부모님이 아침을 차려준신다고 했습니다.#@문장구분# 이러한 이야기를 들으니 어머니가 차려준 아침밥을 먹고 싶다는 생각이 들어서 어머니께 말씀드리니 지금은 바빠서 힘드니 나중에 해준다고 말씀만 하셨습니다. #@문장구분#그 이후부터 어머니에 대한 왠지 모를 실망감을 갖기 시작하였으며, 집에서 빨래, 청소, 설거지 등 집안일에 대해서는 신경을 쓰지 않았으며 어머니가 하는 것으로 당연하게 생각하였습니다. #@문장구분#어머니께서 정년퇴직을 하시고 난 후부터 저를 부르더니 그동안 일하느냐고 바빠서 못 챙겨준 것에 대해서 미안하다고 하시면서 내일부터는 아침밥을 꼭 차려주신다고 하셨으며, 저 또한 어머니의 마음을 알고는 울면서 죄송하다고 했습니다.#@문장구분# 그렇게 3년 동안 어머니께서 차려주신 아침밥을 먹으면서 등교를 하고 어머니를 도와 집안일을 하며 행복하게 지내던 중 어머니께서 급성 심근경색으로 세상을 떠나시면서 익숙했던 어머니의 자리가 빈자리로 남아 아직도 마음을 추스르고 있습니다.#@문장구분#",
      "paragraph_len": 1000,
      "paragraph_id": "001"
    }
  ],
  "score": {
    "paragraph_score": [
      {
        "paragraph_scoreT": [
          3,
          3,
          2.3333333
        ],
        "paragraph_scoreT_detail": {
          "paragraph_scoreT_exp": [
            [
              3,
              3,
              3
            ],
            [
              3,
              3,
              3
            ],
            [
              3,
              2,
              2
            ]
          ]
        },
        "paragraph_scoreT_avg": 2.7777777,
        "paragraph_id": "001"
      }
    ],
    "essay_scoreT": [
      30,
      27.38889,
      22.5
    ],
    "essay_scoreT_avg": 26.62963,
    "essay_scoreT_detail": {
      "essay_scoreT_org": [
        [
          3,
          3,
          3,
          3
        ],
        [
          2,
          3,
          3,
          2
        ],
        [
          2,
          3,
          2,
          3
        ]
      ],
      "essay_scoreT_cont": [
        [
          3,
          3,
          0,
          3
        ],
        [
          3,
          2,
          0,
          3
        ],
        [
          2,
          2,
          0,
          3
        ]
      ],
      "essay_scoreT_exp": [
        [
          3,
          3,
          3
        ],
        [
          3,
          3,
          3
        ],
        [
          3,
          2,
          2
        ]
      ]
    }
  },
  "student": {
    "date": "2021.12.15",
    "student_educated": true,
    "student_grade": "고등_1학년",
    "location": "042",
    "student_grade_group": "고등",
    "student_reading": 1
  },
  "rubric": {
    "essay_grade": "고등_1학년",
    "organization_weight": {
      "org_paragraph": 2,
      "org": 2,
      "org_essay": 4,
      "org_coherence": 2,
      "org_quantity": 1
    },
    "essay_type": "글짓기",
    "content_weight": {
      "con_clearance": 4,
      "con_novelty": 3,
      "con": 4,
      "con_prompt": 0,
      "con_description": 1
    },
    "essay_main_subject": "소중함을 잃었던 경험",
    "expression_weight": {
      "exp_style": 1,
      "exp_grammar": 2,
      "exp_vocab": 3,
      "exp": 4
    }
  },
  "correction": [],
  "info": {
    "essay_id": "ESSAY_62877",
    "essay_prompt": " 익숙함에 속아 소중함을 잊지 말자는 명언 (Do not get fooled by something familiar and forget what is priceless.)이 있습니다.\n\n 부모님께서 매일 해주시는 아침밥이나, 너무 친해서 매일 맛있는 간식을 사주는 친구 등 처음에는 매우 감사했지만 반복되는 호의에 우리는 소중함을 잊어가기도 합니다.\n\n 작은 소중함일지라도 그 소중함을 잃게 되면 호의를 베푸는 사람 입장에서는 매우 당황스럽고 기분이 나쁠 수 있어요.\n\n 여러분은 익숙함에 속아 소중함을 잊었던 사례와 그로 인해 상대방의 기분을 나쁘게 했던 경험이 있나요? 만약 있다면 관계를 회복하기 위해 어떤 노력을 하셨나요? 본인의 경험을 작성해주세요.\n\n 만약 그런 적이 없다면 주변의 이야기나 본인에게 소중함을 주는 사람들에 관해 설명해주세요.",
    "essay_type": "글짓기",
    "essay_level": "2",
    "essay_len": 811,
    "essay_main_subject": "소중함을 잃었던 경험"
  }
}