{
  "paragraph": [
    {
      "paragraph_txt": "저는 중2때부터 정말 친하게 지내고 있는 친구가 있는데요.#@문장구분# 항상 서로 너무 친해서 장난도치고, 다투는 것 같지만 항상 서로 생각하고 아끼는걸 둘다 알고있어요.#@문장구분# 저는 소심하고 조용한 성격이라 새로운 친구 사귀는것도 힘들고 월래 친했던 친구랑 친하게 지내는게 훨씬 좋아서 그 친구에게 많이 의지를 하게되는거같아요.#@문장구분# 그 친구가 부담될까봐 조금 눈치도 보이지만 그래도 저에겐 소중한 친구이고 맨날 같이 지내는게 그냥 저에겐 너무나 소중한 하루인거같아요.#@문장구분# 그리고 저희 부모님도 잔소리는 많이 하시지만 저를 아끼고 사랑한다는걸 알고 있기 때문에 그 하루가 소중하고 감사한거같아요#@문장구분# 내 소중한 사람들을 잃게 된다면 저는 정말 살아갈수 없을정도로 힘들거같아요#@문장구분# 그러기위해선 그 사람만 노력하는게 아닌 나부터 바뀌여야된다고 생각해서 그 사람을 잃기 싫다면 그사람이 싫어하는 행동,말투먼저 바뀌는게 좋을거같다고 생각이 듭니다.#@문장구분# 그 #@이름#이라는 친구는 겉으로는 오글거려서 하지 못하지만  저에겐 너무 소중한 친구이기에 친구여도 예의를 지키고 평생 좋은 친구로 남고싶습니다.#@문장구분# 또, 제가 상대방을 기분나쁘게 한게 아닌 그 상대방이 절기분나쁘게 했을 때 그 상대방은 저를 위해서 아무것도 안했습니다.#@문장구분# 저는 사과를 바랬지만 사과도 안하고 자신의 잘못을 모르는것에 화도 났기 때문에 그 친구를 끊었습니다.#@문장구분# 자신이 잘못한건 쿨하게 인정하고 억울하면 풀어야됩니다.#@문장구분# 서로 잘못 알고 오해를 한 것을 그대로 두게된다면 나중에 더 큰일이 있어도 점점 두 사람에겐 보이지않은 벽이 쌓일것입니다.#@문장구분# 친구여도 예의를 지켜야되고 동생이여도 예의는 누구한테나 지켜야된다고 생각이 듭니다.#@문장구분# 가족이나 나의 소중한 친구면 더더욱.#@문장구분#",
      "paragraph_len": 1119,
      "paragraph_id": "001"
    }
  ],
  "score": {
    "paragraph_score": [
      {
        "paragraph_scoreT": [
          3,
          2,
          2.5
        ],
        "paragraph_scoreT_detail": {
          "paragraph_scoreT_exp": [
            [
              3,
              3,
              3
            ],
            [
              2,
              2,
              2
            ],
            [
              2,
              3,
              2
            ]
          ]
        },
        "paragraph_scoreT_avg": 2.5,
        "paragraph_id": "001"
      }
    ],
    "essay_scoreT": [
      28.5,
      23.61111,
      27.555555
    ],
    "essay_scoreT_avg": 26.555555,
    "essay_scoreT_detail": {
      "essay_scoreT_org": [
        [
          3,
          3,
          3,
          3
        ],
        [
          3,
          2,
          2,
          3
        ],
        [
          3,
          3,
          2,
          3
        ]
      ],
      "essay_scoreT_cont": [
        [
          3,
          2,
          0,
          3
        ],
        [
          3,
          2,
          0,
          3
        ],
        [
          3,
          3,
          0,
          3
        ]
      ],
      "essay_scoreT_exp": [
        [
          3,
          3,
          3
        ],
        [
          2,
          2,
          2
        ],
        [
          2,
          3,
          2
        ]
      ]
    }
  },
  "student": {
    "date": "2021.12.04",
    "student_educated": true,
    "student_grade": "고등_1학년",
    "location": "02",
    "student_grade_group": "고등",
    "student_reading": 2
  },
  "rubric": {
    "essay_grade": "고등_1학년",
    "organization_weight": {
      "org_paragraph": 2,
      "org": 2,
      "org_essay": 4,
      "org_coherence": 2,
      "org_quantity": 1
    },
    "essay_type": "글짓기",
    "content_weight": {
      "con_clearance": 4,
      "con_novelty": 3,
      "con": 4,
      "con_prompt": 0,
      "con_description": 1
    },
    "essay_main_subject": "소중함을 잃었던 경험",
    "expression_weight": {
      "exp_style": 1,
      "exp_grammar": 2,
      "exp_vocab": 3,
      "exp": 4
    }
  },
  "correction": [],
  "info": {
    "essay_id": "ESSAY_53678",
    "essay_prompt": " 익숙함에 속아 소중함을 잊지 말자는 명언 (Do not get fooled by something familiar and forget what is priceless.)이 있습니다.\n\n 부모님께서 매일 해주시는 아침밥이나, 너무 친해서 매일 맛있는 간식을 사주는 친구 등 처음에는 매우 감사했지만 반복되는 호의에 우리는 소중함을 잊어가기도 합니다.\n\n 작은 소중함일지라도 그 소중함을 잃게 되면 호의를 베푸는 사람 입장에서는 매우 당황스럽고 기분이 나쁠 수 있어요.\n\n 여러분은 익숙함에 속아 소중함을 잊었던 사례와 그로 인해 상대방의 기분을 나쁘게 했던 경험이 있나요? 만약 있다면 관계를 회복하기 위해 어떤 노력을 하셨나요? 본인의 경험을 작성해주세요.\n\n 만약 그런 적이 없다면 주변의 이야기나 본인에게 소중함을 주는 사람들에 관해 설명해주세요.",
    "essay_type": "글짓기",
    "essay_level": "2",
    "essay_len": 823,
    "essay_main_subject": "소중함을 잃었던 경험"
  }
}