{
  "paragraph": [
    {
      "paragraph_txt": "'나태'라는 익숙함에서 인생의 소중함을 잃은 적이 있었다.#@문장구분# 나태는 하고 싶을 일이 생각나지 않을 때 발생하는 것 같다.#@문장구분# 내가 생각하기에 나는 스스로 나태해졌다고 생각했고 지금생각해보면 실제로도 객관적으로 나태했던 것 같다.#@문장구분# 그러기에 스스로 자괴감이들어서 내 자신이 바뀌었으면 했다.#@문장구분# 내가 나태해질 때면 억지로 무언가를 아무거나 하는 것이 아니라 내가 하고 싶은 일이 무엇인지 생각해 보았다.#@문장구분# 하다보니까 여러번 시행착오를 겪었다 하고싶은 일 중에서 나 스스로 발전에 악영향을 주는 일들이 있기도 했다.#@문장구분# 그 하고 싶은 일 중에서 나의 발전을 해치는 것은 제외했다.#@문장구분# 내가 제일 얻고 싶은 것은 자신감이었고 이것을 위해 운동을 하였다.#@문장구분# 인생에서 목표가 생기고 나니 저절로 무언가가 하고 싶어졌고 나의 발전을 위해 힘쓰고 싶어졌다.#@문장구분# 이것은 자신감으로 이어졌고 시간의 소중함을 알게 되었다.#@문장구분#  물론 발전하고싶은 마음이 항상 이어진 것은 아니다.#@문장구분# 전까지는 열심히 내가 하고싶은 운동을 했지만, 고등학교에 올라오면서 공부라는 핑계로 운동을 멈추어서 다시 나태로 빠진 것 같다.#@문장구분# 옛날의 경험이 지금의 슬럼프를 극복할 것 같았지만 그렇지는 않았다.#@문장구분# 고등학교에서 내가 해야 할 일이 공부이고 다른 행동을 하면 위험하다는 생각이 나를 힘들게 하는 것일지도 모르겠다.#@문장구분# 그래도 나는 다시 노력했다 공부도 열심히 하고 짬짬이 시간을 내서 운동도 열심히 하고 있다.#@문장구분# 다시 언젠가 슬럼프가 올지 모르지만 그래도 현재는 열심히 운동 하려고 한다.#@문장구분#",
      "paragraph_len": 1055,
      "paragraph_id": "001"
    }
  ],
  "score": {
    "paragraph_score": [
      {
        "paragraph_scoreT": [
          2.8333333,
          2.5,
          2
        ],
        "paragraph_scoreT_detail": {
          "paragraph_scoreT_exp": [
            [
              3,
              3,
              2
            ],
            [
              2,
              3,
              2
            ],
            [
              2,
              2,
              2
            ]
          ]
        },
        "paragraph_scoreT_avg": 2.4444444,
        "paragraph_id": "001"
      }
    ],
    "essay_scoreT": [
      24.444445,
      26.055555,
      18
    ],
    "essay_scoreT_avg": 22.833334,
    "essay_scoreT_detail": {
      "essay_scoreT_org": [
        [
          3,
          2,
          2,
          3
        ],
        [
          3,
          2,
          3,
          3
        ],
        [
          2,
          2,
          2,
          2
        ]
      ],
      "essay_scoreT_cont": [
        [
          2,
          2,
          0,
          2
        ],
        [
          3,
          2,
          0,
          3
        ],
        [
          1,
          2,
          0,
          2
        ]
      ],
      "essay_scoreT_exp": [
        [
          3,
          3,
          2
        ],
        [
          2,
          3,
          2
        ],
        [
          2,
          2,
          2
        ]
      ]
    }
  },
  "student": {
    "date": "2021.10.12",
    "student_educated": true,
    "student_grade": "고등_1학년",
    "location": "051",
    "student_grade_group": "고등",
    "student_reading": 3
  },
  "rubric": {
    "essay_grade": "고등_1학년",
    "organization_weight": {
      "org_paragraph": 2,
      "org": 2,
      "org_essay": 4,
      "org_coherence": 2,
      "org_quantity": 1
    },
    "essay_type": "글짓기",
    "content_weight": {
      "con_clearance": 4,
      "con_novelty": 3,
      "con": 4,
      "con_prompt": 0,
      "con_description": 1
    },
    "essay_main_subject": "소중함을 잃었던 경험",
    "expression_weight": {
      "exp_style": 1,
      "exp_grammar": 2,
      "exp_vocab": 3,
      "exp": 4
    }
  },
  "correction": [],
  "info": {
    "essay_id": "ESSAY_37054",
    "essay_prompt": " 익숙함에 속아 소중함을 잊지 말자는 명언 (Do not get fooled by something familiar and forget what is priceless.)이 있습니다.\n\n 부모님께서 매일 해주시는 아침밥이나, 너무 친해서 매일 맛있는 간식을 사주는 친구 등 처음에는 매우 감사했지만 반복되는 호의에 우리는 소중함을 잊어가기도 합니다.\n\n 작은 소중함일지라도 그 소중함을 잃게 되면 호의를 베푸는 사람 입장에서는 매우 당황스럽고 기분이 나쁠 수 있어요.\n\n 여러분은 익숙함에 속아 소중함을 잊었던 사례와 그로 인해 상대방의 기분을 나쁘게 했던 경험이 있나요? 만약 있다면 관계를 회복하기 위해 어떤 노력을 하셨나요? 본인의 경험을 작성해주세요.\n\n 만약 그런 적이 없다면 주변의 이야기나 본인에게 소중함을 주는 사람들에 관해 설명해주세요.",
    "essay_type": "글짓기",
    "essay_level": "2",
    "essay_len": 736,
    "essay_main_subject": "소중함을 잃었던 경험"
  }
}