{
  "paragraph": [
    {
      "paragraph_txt": "저는 익숙함에 소중함을 잊지 말자는 명언을 들었을 때 떠오르는 사람이 별로 없습니다.#@문장구분# 그래서 저는 익숙함에 소중함을 잊었던 사례 말고 저에게 소중한 사람에 대해서 한번 말해보려고 합니다.#@문장구분# 저에게 소중한 사람은 바로 친형입니다.#@문장구분# 저랑 친형은 나이 차이가 3살 정도 나고 있고 지금은 성인 대학생입니다. #@문장구분#그러다 보니 바쁘기도 하지만 방학 때면 집에서 한가한 시간이 많아 저랑 보내는 시간이 많습니다.#@문장구분# 어릴 때도 형이랑 자주 피시방도 가고 공 차는 걸 좋아해서 형 친구들과 함께 풋살을 하기도 했습니다.#@문장구분# 형이라고 해서 부담스럽거나 불편하지 않고 친구처럼 편하게 노는 많은 친구가 부러워하는 친형 모습이었습니다.#@문장구분# 저는 정말 행복했습니다.#@문장구분# 이렇게 친구처럼 저한테 화 한번 낸 적 없고 장난도 잘 받아주면서 저랑도 잘 놀아주는 형이 너무 존경의 대상이었고 멋있고 부모님보다 더 좋아합니다.#@문장구분# 형이 저한테 매일 공부나 운동, 게임 등을 알려줄 때 너도 잘할 수 있다면서 응원해주고 먹을 거 있으면 항상 자기 것만 사는 게 아닌 동생 거까지 무조건 사 오고 챙겨주는 모습을 봤을 때 정말 형이 날 아끼고 사랑해주고, 소중함을 느끼게 해준다고 항상 생각했습니다. #@문장구분#그래서 저도 이렇게 좋은 형한테 사고 치는 모습보다는 잘하는 모습, 동생이지만 형도 챙겨주고 형이 나를 많이 아껴주는 것처럼 저도 형을 많이 아끼고 챙겨주고 싶다는 생각을 들게 만들고 싶습니다.#@문장구분#",
      "paragraph_len": 913,
      "paragraph_id": "001"
    }
  ],
  "score": {
    "paragraph_score": [
      {
        "paragraph_scoreT": [
          3,
          3,
          3
        ],
        "paragraph_scoreT_detail": {
          "paragraph_scoreT_exp": [
            [
              3,
              3,
              3
            ],
            [
              3,
              3,
              3
            ],
            [
              3,
              3,
              3
            ]
          ]
        },
        "paragraph_scoreT_avg": 3,
        "paragraph_id": "001"
      }
    ],
    "essay_scoreT": [
      26,
      28.5,
      30
    ],
    "essay_scoreT_avg": 28.166666,
    "essay_scoreT_detail": {
      "essay_scoreT_org": [
        [
          3,
          3,
          3,
          3
        ],
        [
          3,
          3,
          3,
          3
        ],
        [
          3,
          3,
          3,
          3
        ]
      ],
      "essay_scoreT_cont": [
        [
          2,
          2,
          0,
          2
        ],
        [
          3,
          2,
          0,
          3
        ],
        [
          3,
          3,
          0,
          3
        ]
      ],
      "essay_scoreT_exp": [
        [
          3,
          3,
          3
        ],
        [
          3,
          3,
          3
        ],
        [
          3,
          3,
          3
        ]
      ]
    }
  },
  "student": {
    "date": "2021.12.20",
    "student_educated": true,
    "student_grade": "고등_1학년",
    "location": "044",
    "student_grade_group": "고등",
    "student_reading": 2
  },
  "rubric": {
    "essay_grade": "고등_1학년",
    "organization_weight": {
      "org_paragraph": 2,
      "org": 2,
      "org_essay": 4,
      "org_coherence": 2,
      "org_quantity": 1
    },
    "essay_type": "글짓기",
    "content_weight": {
      "con_clearance": 4,
      "con_novelty": 3,
      "con": 4,
      "con_prompt": 0,
      "con_description": 1
    },
    "essay_main_subject": "소중함을 잃었던 경험",
    "expression_weight": {
      "exp_style": 1,
      "exp_grammar": 2,
      "exp_vocab": 3,
      "exp": 4
    }
  },
  "correction": [],
  "info": {
    "essay_id": "ESSAY_73545",
    "essay_prompt": " 익숙함에 속아 소중함을 잊지 말자는 명언 (Do not get fooled by something familiar and forget what is priceless.)이 있습니다.\n\n 부모님께서 매일 해주시는 아침밥이나, 너무 친해서 매일 맛있는 간식을 사주는 친구 등 처음에는 매우 감사했지만 반복되는 호의에 우리는 소중함을 잊어가기도 합니다.\n\n 작은 소중함일지라도 그 소중함을 잃게 되면 호의를 베푸는 사람 입장에서는 매우 당황스럽고 기분이 나쁠 수 있어요.\n\n 여러분은 익숙함에 속아 소중함을 잊었던 사례와 그로 인해 상대방의 기분을 나쁘게 했던 경험이 있나요? 만약 있다면 관계를 회복하기 위해 어떤 노력을 하셨나요? 본인의 경험을 작성해주세요.\n\n 만약 그런 적이 없다면 주변의 이야기나 본인에게 소중함을 주는 사람들에 관해 설명해주세요.",
    "essay_type": "글짓기",
    "essay_level": "2",
    "essay_len": 694,
    "essay_main_subject": "소중함을 잃었던 경험"
  }
}