{
  "paragraph": [
    {
      "paragraph_txt": "우리집엔 어렸을적부터 키워온 강아지가 있다.#@문장구분# 이름은 초코이다.#@문장구분# 솔직히 난 초코가 그저 그랬다.#@문장구분# 뭐 내가 키우고 싶어 키운것도 아니고 동생이 키우겠다고 울고불고 난리가 나서 어쩔 수 없이 가족으로 받아들인 애완견이었다.#@문장구분# 동생은 처음엔 자기가 다 운동시키고 밥주고 잘 키우겠다고 했지만 시간이 갈 수록 동생의 책임감은 무뎌져 갔고 엄마의 성화에 초코 뒤치닥거리가 내 일중 하나로 생기게되었다.#@문장구분# 처음엔 어찌나 구찮고 짜증이 나던지 내다 버리라고 누구 줘버리라고 몹쓸말도 참 많이 하였다.#@문장구분# 일주일에 몇번 산책을 데리고 나가고 가족들이 없을때 밥을 챙겨준것이 초코해게 해준게 다였다.#@문장구분# 하긴 엄마몰래 간식을 몽땅 주거나 내가 먹는 과자를 몰래 먹이긴 했었다.#@문장구분# 하교후 집에 오면 항상 문앞에 나와 꼬리를 흔들었지만 어쩔땐 그마저도 짜증이나고 구찮아서 발로 툭툭 걷어차기도 일쑤였다.#@문장구분# 그런데 언제부터인지 시름시름 앓던 초코가 세상을 떠나게 되었다.#@문장구분# 동생은 울고 불고 했지만 난 뭐 이런걸로 우나 싶기도 했다.#@문장구분# 하지만 이상한 일이 생겼다.#@문장구분# 집에 돌아오면 그렇게 허전하고 쓸쓸하고 무언가 휑하니 울적했다.#@문장구분# 나는 좋아하지 않는다고 생각했지만 내가 초코를 많이 사랑하고 있었다는 것을 알게 되었고 항상 나를 반겨주며 옆자리를 지켜주던 초코가 나를 참 많이 사랑해 줬다는 것도 알게 되었다. #@문장구분#초코가 하늘나라로 간 뒤로는 우리집에 대화도 많이 없어졌고 뭐랄까 좀 무겁고 쓸쓸한 집이 되어버렸다.#@문장구분# 하루는 초코의 빈 밥그릇을 보고 갑자기 눈물이 왈콱 쏟아지는 것이였다.#@문장구분# 초코는 나에게 정말 소중한 가족이었다는 것을 너무 늦게 깨달았다.#@문장구분#",
      "paragraph_len": 1127,
      "paragraph_id": "001"
    }
  ],
  "score": {
    "paragraph_score": [
      {
        "paragraph_scoreT": [
          3,
          3,
          2.6666667
        ],
        "paragraph_scoreT_detail": {
          "paragraph_scoreT_exp": [
            [
              3,
              3,
              3
            ],
            [
              3,
              3,
              3
            ],
            [
              2,
              3,
              3
            ]
          ]
        },
        "paragraph_scoreT_avg": 2.888889,
        "paragraph_id": "001"
      }
    ],
    "essay_scoreT": [
      29.555555,
      28.5,
      24.666668
    ],
    "essay_scoreT_avg": 27.574076,
    "essay_scoreT_detail": {
      "essay_scoreT_org": [
        [
          3,
          2,
          3,
          3
        ],
        [
          3,
          3,
          3,
          3
        ],
        [
          3,
          3,
          3,
          3
        ]
      ],
      "essay_scoreT_cont": [
        [
          3,
          3,
          0,
          3
        ],
        [
          3,
          2,
          0,
          3
        ],
        [
          2,
          2,
          0,
          2
        ]
      ],
      "essay_scoreT_exp": [
        [
          3,
          3,
          3
        ],
        [
          3,
          3,
          3
        ],
        [
          2,
          3,
          3
        ]
      ]
    }
  },
  "student": {
    "date": "2021.12.22",
    "student_educated": true,
    "student_grade": "고등_1학년",
    "location": "063",
    "student_grade_group": "고등",
    "student_reading": 1
  },
  "rubric": {
    "essay_grade": "고등_1학년",
    "organization_weight": {
      "org_paragraph": 2,
      "org": 2,
      "org_essay": 4,
      "org_coherence": 2,
      "org_quantity": 1
    },
    "essay_type": "글짓기",
    "content_weight": {
      "con_clearance": 4,
      "con_novelty": 3,
      "con": 4,
      "con_prompt": 0,
      "con_description": 1
    },
    "essay_main_subject": "소중함을 잃었던 경험",
    "expression_weight": {
      "exp_style": 1,
      "exp_grammar": 2,
      "exp_vocab": 3,
      "exp": 4
    }
  },
  "correction": [],
  "info": {
    "essay_id": "ESSAY_75443",
    "essay_prompt": " 익숙함에 속아 소중함을 잊지 말자는 명언 (Do not get fooled by something familiar and forget what is priceless.)이 있습니다.\n\n 부모님께서 매일 해주시는 아침밥이나, 너무 친해서 매일 맛있는 간식을 사주는 친구 등 처음에는 매우 감사했지만 반복되는 호의에 우리는 소중함을 잊어가기도 합니다.\n\n 작은 소중함일지라도 그 소중함을 잃게 되면 호의를 베푸는 사람 입장에서는 매우 당황스럽고 기분이 나쁠 수 있어요.\n\n 여러분은 익숙함에 속아 소중함을 잊었던 사례와 그로 인해 상대방의 기분을 나쁘게 했던 경험이 있나요? 만약 있다면 관계를 회복하기 위해 어떤 노력을 하셨나요? 본인의 경험을 작성해주세요.\n\n 만약 그런 적이 없다면 주변의 이야기나 본인에게 소중함을 주는 사람들에 관해 설명해주세요.",
    "essay_type": "글짓기",
    "essay_level": "2",
    "essay_len": 788,
    "essay_main_subject": "소중함을 잃었던 경험"
  }
}