{
  "paragraph": [
    {
      "paragraph_txt": "저는 중학교를 입학하고 처음으로 친해진 친구가 있습니다.#@문장구분#그 친구는 저와 다른 고등학교에 진학하여 매일 만나지는 못하지만 연락은 자주하며 만나기도 합니다.#@문장구분# 1학년 때 그 친구의 집에도 놀러가고 했습니다.#@문장구분# 2학년 올라와서는 저랑 그 친구는 친구가 많아져서 각자 그룹이 생겨 그 친구들이 친하게 됐습니다. #@문장구분#그 그룹친구들이랑  같이 놀고 하면서 처음 친해진 친구는 좀 지루하게 느껴져 그룹 친구들이랑 더 친해졌습니다.#@문장구분# 처음으로 친해던 그 친구는 가끔 저에게 같이 만나서 놀자라는 연락을 하곤 그랬습니다.#@문장구분# 하지만 전 지금같이 놀던 친구들이 좋아 그 친구를 외면 했습니다. #@문장구분#그 후에 그 친구들이랑 안 좋은일로 인해 만나지 않게 됐고 그 뒤로 다시 그 처음 친구랑 만났는데 그 친구만큼 편한한 친구는 없던 것 같습니다.#@문장구분#그 친구에게 고맙고 좀 미안하다고 항상 생각합니다.#@문장구분# 그 친구는 처음 놀때는 재미있었지만 점점 다른 친구들에게 밀리고 같이 있는 것이 익숙해져서 그 친구랑 있을 때의 소중함, 편안함을 잊고 제가 멍청한 행동을 한 것 같습니다.#@문장구분#그 친구랑 안 놀고 다른 친구들이랑은 놀때 재미는 있었는데 그 친구만의 편안함? 은 없던 것 같습니다.#@문장구분# 그 친구랑은 그때부터 지금까지 저랑 잘 놀고 같이 게임하는 친구가 되긴 했지만 그때는 정말 미안한 것 같습니다.#@문장구분# 그러니 이 글을 읽는 모두는 부모님의 빈자리, 친구의 빈자리를 걱정하는 상황이 올테니 지금 내 주위에 있는 사람을 잘 챙겨주길 바랍니다.#@문장구분# 그때는 너무 늦을 수도 있습니다.#@문장구분#",
      "paragraph_len": 1016,
      "paragraph_id": "001"
    }
  ],
  "score": {
    "paragraph_score": [
      {
        "paragraph_scoreT": [
          2.8333333,
          3,
          3
        ],
        "paragraph_scoreT_detail": {
          "paragraph_scoreT_exp": [
            [
              3,
              3,
              2
            ],
            [
              3,
              3,
              3
            ],
            [
              3,
              3,
              3
            ]
          ]
        },
        "paragraph_scoreT_avg": 2.9444444,
        "paragraph_id": "001"
      }
    ],
    "essay_scoreT": [
      26.944445,
      28,
      26
    ],
    "essay_scoreT_avg": 26.981482,
    "essay_scoreT_detail": {
      "essay_scoreT_org": [
        [
          2,
          3,
          3,
          3
        ],
        [
          3,
          3,
          3,
          3
        ],
        [
          3,
          3,
          3,
          3
        ]
      ],
      "essay_scoreT_cont": [
        [
          3,
          2,
          0,
          3
        ],
        [
          3,
          2,
          0,
          2
        ],
        [
          2,
          2,
          0,
          2
        ]
      ],
      "essay_scoreT_exp": [
        [
          3,
          3,
          2
        ],
        [
          3,
          3,
          3
        ],
        [
          3,
          3,
          3
        ]
      ]
    }
  },
  "student": {
    "date": "2021.12.20",
    "student_educated": true,
    "student_grade": "고등_1학년",
    "location": "063",
    "student_grade_group": "고등",
    "student_reading": 1
  },
  "rubric": {
    "essay_grade": "고등_1학년",
    "organization_weight": {
      "org_paragraph": 2,
      "org": 2,
      "org_essay": 4,
      "org_coherence": 2,
      "org_quantity": 1
    },
    "essay_type": "글짓기",
    "content_weight": {
      "con_clearance": 4,
      "con_novelty": 3,
      "con": 4,
      "con_prompt": 0,
      "con_description": 1
    },
    "essay_main_subject": "소중함을 잃었던 경험",
    "expression_weight": {
      "exp_style": 1,
      "exp_grammar": 2,
      "exp_vocab": 3,
      "exp": 4
    }
  },
  "correction": [],
  "info": {
    "essay_id": "ESSAY_73772",
    "essay_prompt": " 익숙함에 속아 소중함을 잊지 말자는 명언 (Do not get fooled by something familiar and forget what is priceless.)이 있습니다.\n\n 부모님께서 매일 해주시는 아침밥이나, 너무 친해서 매일 맛있는 간식을 사주는 친구 등 처음에는 매우 감사했지만 반복되는 호의에 우리는 소중함을 잊어가기도 합니다.\n\n 작은 소중함일지라도 그 소중함을 잃게 되면 호의를 베푸는 사람 입장에서는 매우 당황스럽고 기분이 나쁠 수 있어요.\n\n 여러분은 익숙함에 속아 소중함을 잊었던 사례와 그로 인해 상대방의 기분을 나쁘게 했던 경험이 있나요? 만약 있다면 관계를 회복하기 위해 어떤 노력을 하셨나요? 본인의 경험을 작성해주세요.\n\n 만약 그런 적이 없다면 주변의 이야기나 본인에게 소중함을 주는 사람들에 관해 설명해주세요.",
    "essay_type": "글짓기",
    "essay_level": "2",
    "essay_len": 742,
    "essay_main_subject": "소중함을 잃었던 경험"
  }
}