{
  "paragraph": [
    {
      "paragraph_txt": "예전에 저는 시력이 양쪽 1.2 정도가 되었습니다.#@문장구분# 그런데 최근에 급격하게 시력이 나빠져서 안경을 쓰게 되었습니다.#@문장구분# 처음에는 안경을 쓴 모습이 나름 어울리는 것 같기도 하고 안경테 모양도 마음에 들어서 어색하긴 했지만 기분이 나쁘지만은 않았습니다.#@문장구분# 안경을 쓰는 것이 처음이다 보니 몇시간만 안경을 쓰고 있어도 콧잔등도 아픈 것 같고 귀 뒤도 불편한 느낌이 들었습니다.#@문장구분# 그리고 가장 불편한 것은 마스크를 쓸 때입니다.#@문장구분# 요즘처럼 추운 날씨에 안경과 마스크를 동시에 쓰고 다닐 때면 안경에 김이 서려 앞을 제대로 볼 수가 없습니다.#@문장구분# 이렇게 안경이 불편하고 신경쓰이는 것인지 그 전에는 잘 알지 못했습니다.#@문장구분# 그저 안경을 쓴 친구들이 조금은 지적으로 보일때도 있고 귀여워 보여서 저도 한번 써보고 싶다라는 생각을 했었는데 저는 지금 당장이라도 안경을 벗어던지고 싶습니다.#@문장구분# 하지만 한번 나빠진 시력은 되돌릴수가 없습니다.#@문장구분# 그만큼 시력은 우리의 몸에서 소중한 존재입니다.#@문장구분# 시력이 좋을 때는 크게 느끼지 못했지만 눈이 나빠진 후에야 멀리까지 잘 볼 수 있는 것이 얼마나 소중한 것이었는지 느낄 수가 있었습니다.#@문장구분# 항상 소중한것은 그것이 없어진 후에야 느낄 수 있는 것 같습니다.#@문장구분# 건강할 때 건강을 잘 챙겨야 하고 시력도 마찬가지 입니다.#@문장구분# 지금 안경을 쓰지 않은 친구들이 있다면 어두운 곳에서 휴대폰 사용하는것을 줄이고 책을 볼때도 바른자세로 보는 습관을 들여 소중한 시력을 지켜야 할 것입니다.#@문장구분#",
      "paragraph_len": 995,
      "paragraph_id": "001"
    }
  ],
  "score": {
    "paragraph_score": [
      {
        "paragraph_scoreT": [
          3,
          2.6666667,
          2.6666667
        ],
        "paragraph_scoreT_detail": {
          "paragraph_scoreT_exp": [
            [
              3,
              3,
              3
            ],
            [
              2,
              3,
              3
            ],
            [
              2,
              3,
              3
            ]
          ]
        },
        "paragraph_scoreT_avg": 2.777778,
        "paragraph_id": "001"
      }
    ],
    "essay_scoreT": [
      26,
      28.666668,
      26.666668
    ],
    "essay_scoreT_avg": 27.111113,
    "essay_scoreT_detail": {
      "essay_scoreT_org": [
        [
          3,
          3,
          3,
          3
        ],
        [
          3,
          3,
          3,
          3
        ],
        [
          3,
          3,
          3,
          3
        ]
      ],
      "essay_scoreT_cont": [
        [
          2,
          2,
          0,
          2
        ],
        [
          3,
          3,
          0,
          3
        ],
        [
          2,
          3,
          0,
          3
        ]
      ],
      "essay_scoreT_exp": [
        [
          3,
          3,
          3
        ],
        [
          2,
          3,
          3
        ],
        [
          2,
          3,
          3
        ]
      ]
    }
  },
  "student": {
    "date": "2021.12.17",
    "student_educated": true,
    "student_grade": "고등_1학년",
    "location": "063",
    "student_grade_group": "고등",
    "student_reading": 1
  },
  "rubric": {
    "essay_grade": "고등_1학년",
    "organization_weight": {
      "org_paragraph": 2,
      "org": 2,
      "org_essay": 4,
      "org_coherence": 2,
      "org_quantity": 1
    },
    "essay_type": "글짓기",
    "content_weight": {
      "con_clearance": 4,
      "con_novelty": 3,
      "con": 4,
      "con_prompt": 0,
      "con_description": 1
    },
    "essay_main_subject": "소중함을 잃었던 경험",
    "expression_weight": {
      "exp_style": 1,
      "exp_grammar": 2,
      "exp_vocab": 3,
      "exp": 4
    }
  },
  "correction": [],
  "info": {
    "essay_id": "ESSAY_72001",
    "essay_prompt": " 익숙함에 속아 소중함을 잊지 말자는 명언 (Do not get fooled by something familiar and forget what is priceless.)이 있습니다.\n\n 부모님께서 매일 해주시는 아침밥이나, 너무 친해서 매일 맛있는 간식을 사주는 친구 등 처음에는 매우 감사했지만 반복되는 호의에 우리는 소중함을 잊어가기도 합니다.\n\n 작은 소중함일지라도 그 소중함을 잃게 되면 호의를 베푸는 사람 입장에서는 매우 당황스럽고 기분이 나쁠 수 있어요.\n\n 여러분은 익숙함에 속아 소중함을 잊었던 사례와 그로 인해 상대방의 기분을 나쁘게 했던 경험이 있나요? 만약 있다면 관계를 회복하기 위해 어떤 노력을 하셨나요? 본인의 경험을 작성해주세요.\n\n 만약 그런 적이 없다면 주변의 이야기나 본인에게 소중함을 주는 사람들에 관해 설명해주세요.",
    "essay_type": "글짓기",
    "essay_level": "2",
    "essay_len": 715,
    "essay_main_subject": "소중함을 잃었던 경험"
  }
}