{
  "paragraph": [
    {
      "paragraph_txt": "나는 쉐프가 꿈이다.#@문장구분# 요리할때는 즐겁고 모든 잡념을 잊게해준다.#@문장구분# 학생으로서 답답함과 두려움과 막연함등등.#@문장구분# 그래서 쉐프가 되기로 결심했다.#@문장구분# 내별명은 거북이이다.#@문장구분# 워낙 신중하고 겁이 많은 성격이라 조심조심 살피면서 한다.#@문장구분# 그래서 느리다.#@문장구분# 요리학원을 다니고있는데 처음 다닐때에는 느리다고 선생님한테 많이 혼났다.#@문장구분# 다른친구들은 요리를 끝내고 설겆이 까지 했는데 나만 늦게까지 설겆이를 하고 있으니 선생님보기에 답답했었을 것이다.#@문장구분#나도 빨리 하고싶은데 생각처럼 되지않아 처음에는 스트레스가 많았다.#@문장구분# 엄마는 신중하고 꼼꼼한 성격때문이니 조금만 숙련되면 빨라 질거라고 걱정하지 말라고 하셨다.#@문장구분# 중3때부터 요리를 시작했으니 2년이 되어간다.#@문장구분# 양식 자격증을 먼저따고 중식자격증 준비를 하고 있다.#@문장구분# 그외에도 특강도 듣고 코로나 끝나면 시작될 요리대회 준비도 틈틈히 하고 있다.#@문장구분# 부원장님은 파리에서 요리를 배우신분이셨는데 굉장히 무서우셨다.#@문장구분# 깨긋한 옷차림,정리정돈 잘된 조리대,음식만들때 시간엄수,재료고르는법,등등 혼날때가 한두번이 아니었었다.#@문장구분# 눈물이 나오기도하고 창피하기도해서 요리를 그만 두고 싶다는 생각도 했었다.#@문장구분# 시간이지나면서 부원장님께서 알려준대로 맛있게 잘만들어 지기도 했고 어떤요리는 색상이 더 예쁘게 나왔다며 나에게 ADH가아니면 천재일거라는 칭찬도 해주셨다.#@문장구분# 그런데, 무섭지만 철두철미하시고 최선을 다하여 우리를 가르쳐주셨던 부원장님께서 우리학원을 떠나셨다.#@문장구분# 너무나 서운했다.#@문장구분# 부원장님 따라 학원을 옮기고 싶었다.#@문장구분# 느리고 답답한 나를 요리사로 만들려고 최선을 다해주셨던 부원장님이 내게는 소중하고 감사한 은사님이시다.#@문장구분# 멋진 쉐프가되어 꼭 다시 만나고 싶다.#@문장구분#",
      "paragraph_len": 1272,
      "paragraph_id": "001"
    }
  ],
  "score": {
    "paragraph_score": [
      {
        "paragraph_scoreT": [
          3,
          2,
          3
        ],
        "paragraph_scoreT_detail": {
          "paragraph_scoreT_exp": [
            [
              3,
              3,
              3
            ],
            [
              2,
              2,
              2
            ],
            [
              3,
              3,
              3
            ]
          ]
        },
        "paragraph_scoreT_avg": 2.6666667,
        "paragraph_id": "001"
      }
    ],
    "essay_scoreT": [
      30,
      22.722221,
      26
    ],
    "essay_scoreT_avg": 26.24074,
    "essay_scoreT_detail": {
      "essay_scoreT_org": [
        [
          3,
          3,
          3,
          3
        ],
        [
          2,
          2,
          2,
          3
        ],
        [
          3,
          3,
          3,
          3
        ]
      ],
      "essay_scoreT_cont": [
        [
          3,
          3,
          0,
          3
        ],
        [
          3,
          2,
          0,
          3
        ],
        [
          2,
          2,
          0,
          2
        ]
      ],
      "essay_scoreT_exp": [
        [
          3,
          3,
          3
        ],
        [
          2,
          2,
          2
        ],
        [
          3,
          3,
          3
        ]
      ]
    }
  },
  "student": {
    "date": "2021.12.15",
    "student_educated": true,
    "student_grade": "고등_1학년",
    "location": "063",
    "student_grade_group": "고등",
    "student_reading": 1
  },
  "rubric": {
    "essay_grade": "고등_1학년",
    "organization_weight": {
      "org_paragraph": 2,
      "org": 2,
      "org_essay": 4,
      "org_coherence": 2,
      "org_quantity": 1
    },
    "essay_type": "글짓기",
    "content_weight": {
      "con_clearance": 4,
      "con_novelty": 3,
      "con": 4,
      "con_prompt": 0,
      "con_description": 1
    },
    "essay_main_subject": "소중함을 잃었던 경험",
    "expression_weight": {
      "exp_style": 1,
      "exp_grammar": 2,
      "exp_vocab": 3,
      "exp": 4
    }
  },
  "correction": [],
  "info": {
    "essay_id": "ESSAY_65845",
    "essay_prompt": " 익숙함에 속아 소중함을 잊지 말자는 명언 (Do not get fooled by something familiar and forget what is priceless.)이 있습니다.\n\n 부모님께서 매일 해주시는 아침밥이나, 너무 친해서 매일 맛있는 간식을 사주는 친구 등 처음에는 매우 감사했지만 반복되는 호의에 우리는 소중함을 잊어가기도 합니다.\n\n 작은 소중함일지라도 그 소중함을 잃게 되면 호의를 베푸는 사람 입장에서는 매우 당황스럽고 기분이 나쁠 수 있어요.\n\n 여러분은 익숙함에 속아 소중함을 잊었던 사례와 그로 인해 상대방의 기분을 나쁘게 했던 경험이 있나요? 만약 있다면 관계를 회복하기 위해 어떤 노력을 하셨나요? 본인의 경험을 작성해주세요.\n\n 만약 그런 적이 없다면 주변의 이야기나 본인에게 소중함을 주는 사람들에 관해 설명해주세요.",
    "essay_type": "글짓기",
    "essay_level": "2",
    "essay_len": 813,
    "essay_main_subject": "소중함을 잃었던 경험"
  }
}