{
  "paragraph": [
    {
      "paragraph_txt": "엄마의 잔소리는 정말 싫다.#@문장구분# 뭐가 문제인지 모르겠는데 엄마는 항상 내가 무엇인가를 잘못하고 잇다고 한다.#@문장구분# 나는 누구나 내 또래의 그 아이들처럼 게임을 좋아한다.#@문장구분# 거기다 요즘은  유튜브에 재미는 짤이 정말 많다.#@문장구분# 게임하다 지치면 유튜브보고 유튜브보다 지치면 게임하고 이런 생활이 나의 삶이였고 점점 시간이 늦어져 밤늦게까지 핸드폰을 보는 시간이 길어졌다.#@문장구분# 엄마는 매일같이 나에게 잔소리를 했지만 뭐 크게 잘못되는 것 같지도 않았다.#@문장구분# 그러던중 이번 학교에서 신체검사를 했는데 헉 아니나 다를까 시력이 엄청 안좋아 진것이다.#@문장구분# 학교에서는 병원에 가서 검진을 받으라는데 엄마한테 혼날것이 걱정돼서 말도 못꺼내고 있었다.#@문장구분# 엄마가 결국 내 가방속에 있는 가정통신문을 보고 내손을 잡고 병원으로 갔다.#@문장구분# 내 눈은 보기보다 심각했다. #@문장구분#시력이 나빠진것 뿐만 아니라 안구건조증도 생겻다는 것이다.#@문장구분# 결국 안경점에 가서 안경을 맞추게 되었다.#@문장구분# 안경을 끼고 보니 세상 이렇게 밝고 맑은 세상인 줄을 몰랏다.#@문장구분# 매일 핸드폰만 쳐다보고 사느라 내눈이 뿌옃게 되는 것을 모르고 살았던 것이다. #@문장구분#이런 밝은 세상이 있는데. 지금 되짚어 보니 엄마의 잔소리가 틀린것이 하나도 없는것 같다.#@문장구분# 의사 선생님께 물어보니 눈이 좋아지기는 힘들다고 한다.#@문장구분# 대신 핸드폰을 덜 보거나 안구운동을하면 더이상 시력이 나빠지거나 하지는 않는 다고 한다.#@문장구분# 나는 이미 나의 소중한 두 눈의 시력을 많이 잃었다.#@문장구분# 언제는 앞은 잘보일거라고 생각했던 착각이었다.#@문장구분# 앞으로는 게임도 줄이고 핸드폰보는 시간도 줄여서 눈을 소중히 다뤄줘야 겠다.#@문장구분#",
      "paragraph_len": 1167,
      "paragraph_id": "001"
    }
  ],
  "score": {
    "paragraph_score": [
      {
        "paragraph_scoreT": [
          2.6666667,
          3,
          3
        ],
        "paragraph_scoreT_detail": {
          "paragraph_scoreT_exp": [
            [
              2,
              3,
              3
            ],
            [
              3,
              3,
              3
            ],
            [
              3,
              3,
              3
            ]
          ]
        },
        "paragraph_scoreT_avg": 2.888889,
        "paragraph_id": "001"
      }
    ],
    "essay_scoreT": [
      26.277779,
      26.666666,
      26.5
    ],
    "essay_scoreT_avg": 26.481482,
    "essay_scoreT_detail": {
      "essay_scoreT_org": [
        [
          2,
          3,
          3,
          3
        ],
        [
          2,
          3,
          2,
          3
        ],
        [
          3,
          3,
          3,
          3
        ]
      ],
      "essay_scoreT_cont": [
        [
          3,
          2,
          0,
          3
        ],
        [
          3,
          2,
          0,
          2
        ],
        [
          2,
          2,
          0,
          3
        ]
      ],
      "essay_scoreT_exp": [
        [
          2,
          3,
          3
        ],
        [
          3,
          3,
          3
        ],
        [
          3,
          3,
          3
        ]
      ]
    }
  },
  "student": {
    "date": "2021.12.22",
    "student_educated": true,
    "student_grade": "고등_1학년",
    "location": "063",
    "student_grade_group": "고등",
    "student_reading": 1
  },
  "rubric": {
    "essay_grade": "고등_1학년",
    "organization_weight": {
      "org_paragraph": 2,
      "org": 2,
      "org_essay": 4,
      "org_coherence": 2,
      "org_quantity": 1
    },
    "essay_type": "글짓기",
    "content_weight": {
      "con_clearance": 4,
      "con_novelty": 3,
      "con": 4,
      "con_prompt": 0,
      "con_description": 1
    },
    "essay_main_subject": "소중함을 잃었던 경험",
    "expression_weight": {
      "exp_style": 1,
      "exp_grammar": 2,
      "exp_vocab": 3,
      "exp": 4
    }
  },
  "correction": [],
  "info": {
    "essay_id": "ESSAY_75450",
    "essay_prompt": " 익숙함에 속아 소중함을 잊지 말자는 명언 (Do not get fooled by something familiar and forget what is priceless.)이 있습니다.\n\n 부모님께서 매일 해주시는 아침밥이나, 너무 친해서 매일 맛있는 간식을 사주는 친구 등 처음에는 매우 감사했지만 반복되는 호의에 우리는 소중함을 잊어가기도 합니다.\n\n 작은 소중함일지라도 그 소중함을 잃게 되면 호의를 베푸는 사람 입장에서는 매우 당황스럽고 기분이 나쁠 수 있어요.\n\n 여러분은 익숙함에 속아 소중함을 잊었던 사례와 그로 인해 상대방의 기분을 나쁘게 했던 경험이 있나요? 만약 있다면 관계를 회복하기 위해 어떤 노력을 하셨나요? 본인의 경험을 작성해주세요.\n\n 만약 그런 적이 없다면 주변의 이야기나 본인에게 소중함을 주는 사람들에 관해 설명해주세요.",
    "essay_type": "글짓기",
    "essay_level": "2",
    "essay_len": 769,
    "essay_main_subject": "소중함을 잃었던 경험"
  }
}