{
  "paragraph": [
    {
      "paragraph_txt": "가끔씩 보면 착하다는 것과 거절을 못 하는 것을 구분하지 못하는 사람들이 있습니다.#@문장구분# 제가 어렸을 때부터 주변에서 봐온 사람들도 그런 부류였습니다.#@문장구분# 극도로 소심했던 저는 지나칠 정도로 타인을 의식했습니다.#@문장구분# 누군가의 부탁을 거절을 하게 될 경우 상대방이 저를 싫어할 것이라고 생각해 싫다는 말도 제대로 하지 못하고 지냈습니다.#@문장구분# 그래서인지 주변에서는 저보고 착하다는 소리를 하루도 빠짐없이 해댔고 저도 제가 착하다는 인식을 갖고 살고 있었습니다.#@문장구분# 초등학생 때도 그 생각은 변하지 않았지만 5학년 때 일어난 일로 완전히 생각이 바뀌게 되었습니다.#@문장구분# 낯을 많이 가리는 성격 탓에 어렵사리 사귄 친구는 저와 정말 죽이 잘 맞았습니다.#@문장구분# 서로 하는 말마다 웃음이 끊이지 않았고 어떤 장난을 쳐도 받아줬던 그 친구였지만 제 지나친 장난에 대해서는 거부감을 드러냈습니다.#@문장구분# 어이없게도 저는 그 친구에게 사과는 했으나 같은 행동을 반복했습니다.#@문장구분# 나는 착하니까 괜찮을 것 이라는 지금으로서는 정말 창피한 근거 없는 자신감 때문이었습니다.#@문장구분# 당연히도 그 친구는 제게 불만을 표출했습니다.#@문장구분# 주변에서는 착하다고 해도 너만큼 이기적인 애는 본 적이 없다고 제게 말을 했고 그 후로 저와는 말도 하지 않겠다고 선언했습니다.#@문장구분# 친구를 잃고 나니 제가 제대로 보였습니다.#@문장구분# 왜인지는 모르겠지만 소중한 것은 항상 무언가를 잃고 나서야 알게 되는 것 같습니다.#@문장구분#",
      "paragraph_len": 959,
      "paragraph_id": "001"
    }
  ],
  "score": {
    "paragraph_score": [
      {
        "paragraph_scoreT": [
          3,
          2.8333333,
          2.5
        ],
        "paragraph_scoreT_detail": {
          "paragraph_scoreT_exp": [
            [
              3,
              3,
              3
            ],
            [
              3,
              3,
              2
            ],
            [
              3,
              2,
              3
            ]
          ]
        },
        "paragraph_scoreT_avg": 2.7777777,
        "paragraph_id": "001"
      }
    ],
    "essay_scoreT": [
      30,
      26.722221,
      23.61111
    ],
    "essay_scoreT_avg": 26.777777,
    "essay_scoreT_detail": {
      "essay_scoreT_org": [
        [
          3,
          3,
          3,
          3
        ],
        [
          2,
          3,
          3,
          2
        ],
        [
          3,
          2,
          2,
          3
        ]
      ],
      "essay_scoreT_cont": [
        [
          3,
          3,
          0,
          3
        ],
        [
          3,
          2,
          0,
          3
        ],
        [
          2,
          2,
          0,
          3
        ]
      ],
      "essay_scoreT_exp": [
        [
          3,
          3,
          3
        ],
        [
          3,
          3,
          2
        ],
        [
          3,
          2,
          3
        ]
      ]
    }
  },
  "student": {
    "date": "2021.12.15",
    "student_educated": true,
    "student_grade": "고등_1학년",
    "location": "063",
    "student_grade_group": "고등",
    "student_reading": 2
  },
  "rubric": {
    "essay_grade": "고등_1학년",
    "organization_weight": {
      "org_paragraph": 2,
      "org": 2,
      "org_essay": 4,
      "org_coherence": 2,
      "org_quantity": 1
    },
    "essay_type": "글짓기",
    "content_weight": {
      "con_clearance": 4,
      "con_novelty": 3,
      "con": 4,
      "con_prompt": 0,
      "con_description": 1
    },
    "essay_main_subject": "소중함을 잃었던 경험",
    "expression_weight": {
      "exp_style": 1,
      "exp_grammar": 2,
      "exp_vocab": 3,
      "exp": 4
    }
  },
  "correction": [],
  "info": {
    "essay_id": "ESSAY_65852",
    "essay_prompt": " 익숙함에 속아 소중함을 잊지 말자는 명언 (Do not get fooled by something familiar and forget what is priceless.)이 있습니다.\n\n 부모님께서 매일 해주시는 아침밥이나, 너무 친해서 매일 맛있는 간식을 사주는 친구 등 처음에는 매우 감사했지만 반복되는 호의에 우리는 소중함을 잊어가기도 합니다.\n\n 작은 소중함일지라도 그 소중함을 잃게 되면 호의를 베푸는 사람 입장에서는 매우 당황스럽고 기분이 나쁠 수 있어요.\n\n 여러분은 익숙함에 속아 소중함을 잊었던 사례와 그로 인해 상대방의 기분을 나쁘게 했던 경험이 있나요? 만약 있다면 관계를 회복하기 위해 어떤 노력을 하셨나요? 본인의 경험을 작성해주세요.\n\n 만약 그런 적이 없다면 주변의 이야기나 본인에게 소중함을 주는 사람들에 관해 설명해주세요.",
    "essay_type": "글짓기",
    "essay_level": "2",
    "essay_len": 681,
    "essay_main_subject": "소중함을 잃었던 경험"
  }
}