{
  "paragraph": [
    {
      "paragraph_txt": "가족이란 늘 가까이에서 마주 보며 우리집이라는 공간 안에서 함께 생활하는 사람들이기에 때로는 소중함을 모르고 지내기도 합니다.#@문장구분# 그러나 어느날 갑자기 당신과 나의 아내나 남편이 그리고 가족들이 우리의 곁에 없는 삶을 상상해 보면 눈앞이 캄캄해 지고 살아 갈 의미를  느끼지 못할 것입니다.#@문장구분# 서로를 바라 보고 지켜주며 언제나  항상 곁에 있어 마음의 의지가 되어 기대던 사람이 어느날 갑자기 보이지 않는다 생각해 보면 험한 세상 속에 나 홀로인 것처럼 느껴져 외롭고 공허할 뿐만 아니라 내가 살아가야 할 의미가 없어지고 갑자기 공허함이 몰려 오는 것을 느끼게 될 것입니다.#@문장구분# 사랑하는 나의 가족이 내 곁에 없다면 내가 많은 재물을 모으고 부귀와 영화를 누린다 한들 어떤 의미나 즐거움도 없을 겁니다.#@문장구분# 비록 내게는 무심하고 무뚝뚝한 친구의 잔소리라고 할지라도 친구들과 가족들은 서로에게 보이지 않는 그늘이랍니다.#@문장구분# 내 마음의 정신적 버팀목 친구와 가족이라는 소중한 이름은 세상 속에서 나와 우리 모두가 꿋꿋하고 당당하게 살아갈 수 있게 하는 힘의 원천이랍니다.#@문장구분# 사랑하는 가족이 그대와 내 곁에 있는데 그 소중함을 잊고 사는 우리들에게 가족보다 소중한 것은 없습니다.#@문장구분# 우리가 꿈을 꾸며 살아야 하는 중요한  이유는 바로 가족이란 이름 입니다.#@문장구분# 세상에 둘도 없는 소중한 내 사람은 바로 우리 가족과 친구입니다.#@문장구분# 이 소중한 것을 잃어본 경험이 있는 사람들도 있을 겁니다.#@문장구분# 그런 아픔은 겪고 싶지 않습니다.#@문장구분#",
      "paragraph_len": 942,
      "paragraph_id": "001"
    }
  ],
  "score": {
    "paragraph_score": [
      {
        "paragraph_scoreT": [
          3,
          2,
          2
        ],
        "paragraph_scoreT_detail": {
          "paragraph_scoreT_exp": [
            [
              3,
              3,
              3
            ],
            [
              2,
              2,
              2
            ],
            [
              2,
              2,
              2
            ]
          ]
        },
        "paragraph_scoreT_avg": 2.3333333,
        "paragraph_id": "001"
      }
    ],
    "essay_scoreT": [
      30,
      25.11111,
      25.11111
    ],
    "essay_scoreT_avg": 26.74074,
    "essay_scoreT_detail": {
      "essay_scoreT_org": [
        [
          3,
          3,
          3,
          3
        ],
        [
          2,
          3,
          3,
          3
        ],
        [
          2,
          3,
          3,
          3
        ]
      ],
      "essay_scoreT_cont": [
        [
          3,
          3,
          0,
          3
        ],
        [
          3,
          3,
          0,
          3
        ],
        [
          3,
          3,
          0,
          3
        ]
      ],
      "essay_scoreT_exp": [
        [
          3,
          3,
          3
        ],
        [
          2,
          2,
          2
        ],
        [
          2,
          2,
          2
        ]
      ]
    }
  },
  "student": {
    "date": "2021.12.16",
    "student_educated": true,
    "student_grade": "고등_1학년",
    "location": "041",
    "student_grade_group": "고등",
    "student_reading": 2
  },
  "rubric": {
    "essay_grade": "고등_1학년",
    "organization_weight": {
      "org_paragraph": 2,
      "org": 2,
      "org_essay": 4,
      "org_coherence": 2,
      "org_quantity": 1
    },
    "essay_type": "글짓기",
    "content_weight": {
      "con_clearance": 4,
      "con_novelty": 3,
      "con": 4,
      "con_prompt": 0,
      "con_description": 1
    },
    "essay_main_subject": "소중함을 잃었던 경험",
    "expression_weight": {
      "exp_style": 1,
      "exp_grammar": 2,
      "exp_vocab": 3,
      "exp": 4
    }
  },
  "correction": [],
  "info": {
    "essay_id": "ESSAY_66130",
    "essay_prompt": " 익숙함에 속아 소중함을 잊지 말자는 명언 (Do not get fooled by something familiar and forget what is priceless.)이 있습니다.\n\n 부모님께서 매일 해주시는 아침밥이나, 너무 친해서 매일 맛있는 간식을 사주는 친구 등 처음에는 매우 감사했지만 반복되는 호의에 우리는 소중함을 잊어가기도 합니다.\n\n 작은 소중함일지라도 그 소중함을 잃게 되면 호의를 베푸는 사람 입장에서는 매우 당황스럽고 기분이 나쁠 수 있어요.\n\n 여러분은 익숙함에 속아 소중함을 잊었던 사례와 그로 인해 상대방의 기분을 나쁘게 했던 경험이 있나요? 만약 있다면 관계를 회복하기 위해 어떤 노력을 하셨나요? 본인의 경험을 작성해주세요.\n\n 만약 그런 적이 없다면 주변의 이야기나 본인에게 소중함을 주는 사람들에 관해 설명해주세요.",
    "essay_type": "글짓기",
    "essay_level": "2",
    "essay_len": 722,
    "essay_main_subject": "소중함을 잃었던 경험"
  }
}