{
  "paragraph": [
    {
      "paragraph_txt": "중학교 1학년때 전학온 친구가 있었다.#@문장구분# 바로 옆반에 전학을 와서 빨리 친해졌고 지금도 친한 상태로 남아있는데 장난도 잘 받아주고 먹을 것도 잘 사줘서 초반엔 부담스러웠어도 익숙해져가면서 그 친구에게 많은걸 얻어먹었다.#@문장구분# 학교 끝나고 집 가는길에 아이스크림을 사주는 경우가 많았기 때문에 아이스크림을 사달라고 했었었다.#@문장구분# 그 친구가 오늘을 못사준다고 말을 했을 때 나는 순간적으로 화가나서 저번에는 누구는 사줬으면서 왜 우리는 안사주냐면서 나쁜소리를 했고 말을 한 후에는 친구의 표정을 보고 실수를 했다는 것을 깨달았다.#@문장구분# 우리는 아무말 없이 서로의 집으로 갔고 사과를 바로 하지 못한 나는 메시지로 사과를 하고 서로 메시지를 조내다가 전화를 걸어서 다시 한번 사과를 하고 많은 대화를 나누며 서로 관계를 회복했다.#@문장구분# 다음날 등교를 하면서부터 그 이야기가 나온적은 없었고 그때 같이 하교하던 친구들도 우리에게 둘이 어떻게 되었는지 묻지 않았다.#@문장구분# 그 이후로는 그 친구와의 갈등이 생기지 않았고 현재도 잘 지내고 있다.#@문장구분# 여기서 얻을수 있는 교훈은 아무리 친하고 평소에 아이스크림을 잘 사주었더라고 그거 하나만 보고 사달라고 찡찡대는 것은 너무했다는 점과 또 평소에 그렇게 잘해주는 친구에게 함부로 대하면 안된다는 점이다. #@문장구분#앞으로 위 내용을 토대로 소중한 친구들에게 잘 대해서 앞으론 이런일이 없도록 하려고 한다.#@문장구분#",
      "paragraph_len": 851,
      "paragraph_id": "001"
    }
  ],
  "score": {
    "paragraph_score": [
      {
        "paragraph_scoreT": [
          2.8333333,
          3,
          2.6666667
        ],
        "paragraph_scoreT_detail": {
          "paragraph_scoreT_exp": [
            [
              3,
              3,
              2
            ],
            [
              3,
              3,
              3
            ],
            [
              2,
              3,
              3
            ]
          ]
        },
        "paragraph_scoreT_avg": 2.8333333,
        "paragraph_id": "001"
      }
    ],
    "essay_scoreT": [
      26.722221,
      28,
      25.166668
    ],
    "essay_scoreT_avg": 26.62963,
    "essay_scoreT_detail": {
      "essay_scoreT_org": [
        [
          2,
          3,
          3,
          2
        ],
        [
          3,
          3,
          3,
          3
        ],
        [
          3,
          3,
          3,
          3
        ]
      ],
      "essay_scoreT_cont": [
        [
          3,
          2,
          0,
          3
        ],
        [
          3,
          2,
          0,
          2
        ],
        [
          2,
          2,
          0,
          3
        ]
      ],
      "essay_scoreT_exp": [
        [
          3,
          3,
          2
        ],
        [
          3,
          3,
          3
        ],
        [
          2,
          3,
          3
        ]
      ]
    }
  },
  "student": {
    "date": "2021.12.21",
    "student_educated": true,
    "student_grade": "고등_1학년",
    "location": "051",
    "student_grade_group": "고등",
    "student_reading": 2
  },
  "rubric": {
    "essay_grade": "고등_1학년",
    "organization_weight": {
      "org_paragraph": 2,
      "org": 2,
      "org_essay": 4,
      "org_coherence": 2,
      "org_quantity": 1
    },
    "essay_type": "글짓기",
    "content_weight": {
      "con_clearance": 4,
      "con_novelty": 3,
      "con": 4,
      "con_prompt": 0,
      "con_description": 1
    },
    "essay_main_subject": "소중함을 잃었던 경험",
    "expression_weight": {
      "exp_style": 1,
      "exp_grammar": 2,
      "exp_vocab": 3,
      "exp": 4
    }
  },
  "correction": [],
  "info": {
    "essay_id": "ESSAY_75422",
    "essay_prompt": " 익숙함에 속아 소중함을 잊지 말자는 명언 (Do not get fooled by something familiar and forget what is priceless.)이 있습니다.\n\n 부모님께서 매일 해주시는 아침밥이나, 너무 친해서 매일 맛있는 간식을 사주는 친구 등 처음에는 매우 감사했지만 반복되는 호의에 우리는 소중함을 잊어가기도 합니다.\n\n 작은 소중함일지라도 그 소중함을 잃게 되면 호의를 베푸는 사람 입장에서는 매우 당황스럽고 기분이 나쁠 수 있어요.\n\n 여러분은 익숙함에 속아 소중함을 잊었던 사례와 그로 인해 상대방의 기분을 나쁘게 했던 경험이 있나요? 만약 있다면 관계를 회복하기 위해 어떤 노력을 하셨나요? 본인의 경험을 작성해주세요.\n\n 만약 그런 적이 없다면 주변의 이야기나 본인에게 소중함을 주는 사람들에 관해 설명해주세요.",
    "essay_type": "글짓기",
    "essay_level": "2",
    "essay_len": 671,
    "essay_main_subject": "소중함을 잃었던 경험"
  }
}