{
  "paragraph": [
    {
      "paragraph_txt": "익숙함에 속아 소중함을 잊지말자는 명언 (Do not get fooled by something familiar and forget what is priceless.)이 있다.#@문장구분# 이 속담은 말 그대로 익숙함에 속지말자는 뜻이다.#@문장구분# 우리는 꽤나 많은 익숙함에 속고 있다.#@문장구분#우리들이 쉽게 볼 수 있는 예로는 부모님의 사랑, 친구와의 우정이 있다.#@문장구분# 내가 말 할 것은 부모님의 사랑이다. 부모님의 사랑은 많은 곳에서 볼 수 있다.#@문장구분# 영화의 내용, 책의 주제, 눈물을 자극하는 광고들에서 말이다.#@문장구분# 우리가 흔히 듣는 '모성애'는 무한하다고 한다.#@문장구분# 어떤 착한 부모님들은 정말 그럴수도 있다.#@문장구분# 하지만 나는 그렇게 생각하지 않는다.#@문장구분# 부모님들도 사랑이 필요하다고 생각한다.#@문장구분# 부모님이 주는 사랑은 정말 많지만 부모님이 받는 사랑이 작으면 부모님들은 무슨 생각을 할까?#@문장구분# 내 생각에는 슬퍼할 것 같다.#@문장구분# 만약 니가 연애를 하는데 니가 일반적으로 사랑을 주기만 한다면 그 사랑은 분명 빨리 식을 것이다.#@문장구분# 부모님이 10의 사랑을 준다면 1의 사랑을 받는 것에도 만족해서 잘 모를수도 있지만 부모님들도 사랑이 필요할 것이다.#@문장구분# 만약 니가 부모님에게 사랑을 표현한지 오래되었다면 지금 사랑한다고 전하는게 좋지 않을까?#@문장구분# 글을쓰는 지금 가서  부모님께 사랑한다고 말해보아라.#@문장구분# 부모님의 얼굴에 웃음꽃이 필 것이다.#@문장구분# 부모님은우리에게 항상 사랑한다고 말하지만 우리는 귀찮아라한다.#@문장구분# 하지만 그럼 안될 것이다.#@문장구분# 나중에 후회할게 뻔하니까.#@문장구분#",
      "paragraph_len": 1118,
      "paragraph_id": "001"
    }
  ],
  "score": {
    "paragraph_score": [
      {
        "paragraph_scoreT": [
          3,
          3,
          3
        ],
        "paragraph_scoreT_detail": {
          "paragraph_scoreT_exp": [
            [
              3,
              3,
              3
            ],
            [
              3,
              3,
              3
            ],
            [
              3,
              3,
              3
            ]
          ]
        },
        "paragraph_scoreT_avg": 3,
        "paragraph_id": "001"
      }
    ],
    "essay_scoreT": [
      27.11111,
      27.11111,
      26
    ],
    "essay_scoreT_avg": 26.74074,
    "essay_scoreT_detail": {
      "essay_scoreT_org": [
        [
          2,
          3,
          3,
          3
        ],
        [
          2,
          3,
          3,
          3
        ],
        [
          3,
          3,
          3,
          3
        ]
      ],
      "essay_scoreT_cont": [
        [
          3,
          2,
          0,
          2
        ],
        [
          3,
          2,
          0,
          2
        ],
        [
          2,
          2,
          0,
          2
        ]
      ],
      "essay_scoreT_exp": [
        [
          3,
          3,
          3
        ],
        [
          3,
          3,
          3
        ],
        [
          3,
          3,
          3
        ]
      ]
    }
  },
  "student": {
    "date": "2021.12.18",
    "student_educated": true,
    "student_grade": "고등_1학년",
    "location": "063",
    "student_grade_group": "고등",
    "student_reading": 2
  },
  "rubric": {
    "essay_grade": "고등_1학년",
    "organization_weight": {
      "org_paragraph": 2,
      "org": 2,
      "org_essay": 4,
      "org_coherence": 2,
      "org_quantity": 1
    },
    "essay_type": "글짓기",
    "content_weight": {
      "con_clearance": 4,
      "con_novelty": 3,
      "con": 4,
      "con_prompt": 0,
      "con_description": 1
    },
    "essay_main_subject": "소중함을 잃었던 경험",
    "expression_weight": {
      "exp_style": 1,
      "exp_grammar": 2,
      "exp_vocab": 3,
      "exp": 4
    }
  },
  "correction": [],
  "info": {
    "essay_id": "ESSAY_73760",
    "essay_prompt": " 익숙함에 속아 소중함을 잊지 말자는 명언 (Do not get fooled by something familiar and forget what is priceless.)이 있습니다.\n\n 부모님께서 매일 해주시는 아침밥이나, 너무 친해서 매일 맛있는 간식을 사주는 친구 등 처음에는 매우 감사했지만 반복되는 호의에 우리는 소중함을 잊어가기도 합니다.\n\n 작은 소중함일지라도 그 소중함을 잃게 되면 호의를 베푸는 사람 입장에서는 매우 당황스럽고 기분이 나쁠 수 있어요.\n\n 여러분은 익숙함에 속아 소중함을 잊었던 사례와 그로 인해 상대방의 기분을 나쁘게 했던 경험이 있나요? 만약 있다면 관계를 회복하기 위해 어떤 노력을 하셨나요? 본인의 경험을 작성해주세요.\n\n 만약 그런 적이 없다면 주변의 이야기나 본인에게 소중함을 주는 사람들에 관해 설명해주세요.",
    "essay_type": "글짓기",
    "essay_level": "2",
    "essay_len": 719,
    "essay_main_subject": "소중함을 잃었던 경험"
  }
}