{
  "paragraph": [
    {
      "paragraph_txt": "늘 항상 필요하면 언제든지 금방 찾을 수 있는 어제든 연락을 하면 달려 나오던 그런 친구가 있었다.#@문장구분# \n늘 항상 옆에서 단짝처럼 5년이 넘도록 붙어 다니던 나의 최고의 친구이다.#@문장구분# 그 소중함을 익숙함이라는 무지함 속에서 늦게서야 깨우치게 되었다.#@문장구분# 때로는 가족보다 더 가까운 비밀이야기도 편하게 털어놓을 수 있는 그런 친구이이게 더 소중했다.#@문장구분# 그런 친구와의 관계에서 크나큰 말실수를 하고 만 것이다.#@문장구분# 이미 말이란  주워담을 수도 없고 다시 되돌릴 수도 없는 그런 상황이었다.#@문장구분# 역시나 이번에도 별대수롭지 않게 그냥 예전처럼 내가 힘들고 지치고 투정을 부려도 늘 항상 받아주고 이해해주었던 친구였기에 그것쯤이야라고 생각을 했는데, 단순한 말한마디로 친구에게 상처가 되어 마음이 아프게 할줄이야 누가 알았겠는가?#@문장구분#\n아직까지도 그 친구와의 관계는 서먹하고 어색하지만 그 친구의 마음이 풀릴때까지 기다리고 있는 중이다.#@문장구분# 별거 아니라 생각했던 나의 그 말이 친구의 입장이 되어 생각을 해보니 기분이 좋지는 않을꺼라는 생각이 들었던거다.#@문장구분# 그렇다.#@문장구분# 가족도 친구도 때로는 나의 부모님 형제들도 너무나 당연하게 받아줄꺼라는 그런 익숙함에 속아 가장 중요한 것을 잃게되리라는 것을 말이다.#@문장구분# 그래서 항상 말이나 행동을 할때에는 상대방의 입장에서서 기분을 생각해보고 말을 하는 것이다.#@문장구분# 너무 당연한것도 없다.#@문장구분# 그 너무나도 당연함과 익숙함에 속아 소중한 친구 가족들을 잃지말자.#@문장구분# 있을 때 잘 하자는 말처럼 익숙하고 소중할수록 더 신중해져야겠다는 그런 신념이 생겼다.#@문장구분#",
      "paragraph_len": 1047,
      "paragraph_id": "001"
    }
  ],
  "score": {
    "paragraph_score": [
      {
        "paragraph_scoreT": [
          3,
          3,
          3
        ],
        "paragraph_scoreT_detail": {
          "paragraph_scoreT_exp": [
            [
              3,
              3,
              3
            ],
            [
              3,
              3,
              3
            ],
            [
              3,
              3,
              3
            ]
          ]
        },
        "paragraph_scoreT_avg": 3,
        "paragraph_id": "001"
      }
    ],
    "essay_scoreT": [
      30,
      30,
      30
    ],
    "essay_scoreT_avg": 30,
    "essay_scoreT_detail": {
      "essay_scoreT_org": [
        [
          3,
          3,
          3,
          3
        ],
        [
          3,
          3,
          3,
          3
        ],
        [
          3,
          3,
          3,
          3
        ]
      ],
      "essay_scoreT_cont": [
        [
          3,
          3,
          0,
          3
        ],
        [
          3,
          3,
          0,
          3
        ],
        [
          3,
          3,
          0,
          3
        ]
      ],
      "essay_scoreT_exp": [
        [
          3,
          3,
          3
        ],
        [
          3,
          3,
          3
        ],
        [
          3,
          3,
          3
        ]
      ]
    }
  },
  "student": {
    "date": "2021.11.25",
    "student_educated": true,
    "student_grade": "고등_1학년",
    "location": "063",
    "student_grade_group": "고등",
    "student_reading": 1
  },
  "rubric": {
    "essay_grade": "고등_1학년",
    "organization_weight": {
      "org_paragraph": 2,
      "org": 2,
      "org_essay": 4,
      "org_coherence": 2,
      "org_quantity": 1
    },
    "essay_type": "글짓기",
    "content_weight": {
      "con_clearance": 4,
      "con_novelty": 3,
      "con": 4,
      "con_prompt": 0,
      "con_description": 1
    },
    "essay_main_subject": "소중함을 잃었던 경험",
    "expression_weight": {
      "exp_style": 1,
      "exp_grammar": 2,
      "exp_vocab": 3,
      "exp": 4
    }
  },
  "correction": [],
  "info": {
    "essay_id": "ESSAY_51871",
    "essay_prompt": " 익숙함에 속아 소중함을 잊지 말자는 명언 (Do not get fooled by something familiar and forget what is priceless.)이 있습니다.\n\n 부모님께서 매일 해주시는 아침밥이나, 너무 친해서 매일 맛있는 간식을 사주는 친구 등 처음에는 매우 감사했지만 반복되는 호의에 우리는 소중함을 잊어가기도 합니다.\n\n 작은 소중함일지라도 그 소중함을 잃게 되면 호의를 베푸는 사람 입장에서는 매우 당황스럽고 기분이 나쁠 수 있어요.\n\n 여러분은 익숙함에 속아 소중함을 잊었던 사례와 그로 인해 상대방의 기분을 나쁘게 했던 경험이 있나요? 만약 있다면 관계를 회복하기 위해 어떤 노력을 하셨나요? 본인의 경험을 작성해주세요.\n\n 만약 그런 적이 없다면 주변의 이야기나 본인에게 소중함을 주는 사람들에 관해 설명해주세요.",
    "essay_type": "글짓기",
    "essay_level": "2",
    "essay_len": 748,
    "essay_main_subject": "소중함을 잃었던 경험"
  }
}