{
  "paragraph": [
    {
      "paragraph_txt": "내가 지닌 소중한 것을 봉헌하는 삶이다.#@문장구분# 나는 신앙인이 되어 남에게 봉사하는 것을 최고로 소중한 것으로 생각하고 있다.#@문장구분# 성녀 체칠리아는 기원후 3세기 초 즈음에 활동하던 초기 로마 교회의 순교자 중 한 분이었다..#@문장구분# 전승에 따르면, 그녀는 로마 제국의 명문 귀족 집안에서 태어났으며 특히 그리스도교 신앙을 믿었던 부모님의 영향을 받아 어렸을 때부터 독실한 그리스도인으로 자랄 수 있었다고 한다.#@문장구분# 이러한 체칠리아는 이미 어렸을 때부터 자신을 하느님 앞에 봉헌하며 평생 동정으로 살아가겠다는 서약을 하기까지 한다.#@문장구분# 그러나 성녀께서는 본인의 의지와는 다르게 아버지의 강요로 원래 이교도였던 귀족 청년이자 훗날 성인이 되는 발레리아누스와 결혼을 한다.#@문장구분# 그런데 결혼식 후 체칠리아는 발레리아누스에게 자신이 이미 했던 동정 서약을 고백하면서 자신은 지금 수호천사의 특별한 보호를 받고 있으며, 그렇기에 동정을 지킬 수 있게 해달라고 간청을 한다.#@문장구분# 이제 발레리아누스는 그리스도인으로서 가진 것을 팔아 가난한 사람들을 도와주는 자선 활동에 전념하고, 노예들을 해방시키면서 신앙을 주변에 전하게 된다.#@문장구분# 그러다 로마 행정관에게 이 모습이 발각되어 처음에는 배교를 강요받게 되지만, 결국 끝까지 자신의 신앙을 지키며 순교한다.#@문장구분# 그녀는 당당하게 자신의 신앙을 증언하며 용기 있게 지켜낸다.#@문장구분# 결국 성녀께서는 사형을 선고 받고 뜨거운 열기의 목욕탕에서 쪄 죽이는 형벌을 받고 24시간 동안 감금당하게 되지만, 시간이 다 되어 병사들이 확인을 해 보자 오히려 멀쩡히 있는 것을 발견하게 된다.#@문장구분# 결국 그녀는 참수형을 통해 자신의 믿음을 증거하며 순교의 월계관을 쓰게 되었습니다.#@문장구분# 끝까지 자신의 소중함을 잃지않으려는 행동이었다.#@문장구분#",
      "paragraph_len": 1097,
      "paragraph_id": "001"
    }
  ],
  "score": {
    "paragraph_score": [
      {
        "paragraph_scoreT": [
          2.6666667,
          3,
          3
        ],
        "paragraph_scoreT_detail": {
          "paragraph_scoreT_exp": [
            [
              2,
              3,
              3
            ],
            [
              3,
              3,
              3
            ],
            [
              3,
              3,
              3
            ]
          ]
        },
        "paragraph_scoreT_avg": 2.888889,
        "paragraph_id": "001"
      }
    ],
    "essay_scoreT": [
      28.666668,
      30,
      30
    ],
    "essay_scoreT_avg": 29.555557,
    "essay_scoreT_detail": {
      "essay_scoreT_org": [
        [
          3,
          3,
          3,
          3
        ],
        [
          3,
          3,
          3,
          3
        ],
        [
          3,
          3,
          3,
          3
        ]
      ],
      "essay_scoreT_cont": [
        [
          3,
          3,
          0,
          3
        ],
        [
          3,
          3,
          0,
          3
        ],
        [
          3,
          3,
          0,
          3
        ]
      ],
      "essay_scoreT_exp": [
        [
          2,
          3,
          3
        ],
        [
          3,
          3,
          3
        ],
        [
          3,
          3,
          3
        ]
      ]
    }
  },
  "student": {
    "date": "2021.12.16",
    "student_educated": true,
    "student_grade": "고등_1학년",
    "location": "041",
    "student_grade_group": "고등",
    "student_reading": 2
  },
  "rubric": {
    "essay_grade": "고등_1학년",
    "organization_weight": {
      "org_paragraph": 2,
      "org": 2,
      "org_essay": 4,
      "org_coherence": 2,
      "org_quantity": 1
    },
    "essay_type": "글짓기",
    "content_weight": {
      "con_clearance": 4,
      "con_novelty": 3,
      "con": 4,
      "con_prompt": 0,
      "con_description": 1
    },
    "essay_main_subject": "소중함을 잃었던 경험",
    "expression_weight": {
      "exp_style": 1,
      "exp_grammar": 2,
      "exp_vocab": 3,
      "exp": 4
    }
  },
  "correction": [],
  "info": {
    "essay_id": "ESSAY_66142",
    "essay_prompt": " 익숙함에 속아 소중함을 잊지 말자는 명언 (Do not get fooled by something familiar and forget what is priceless.)이 있습니다.\n\n 부모님께서 매일 해주시는 아침밥이나, 너무 친해서 매일 맛있는 간식을 사주는 친구 등 처음에는 매우 감사했지만 반복되는 호의에 우리는 소중함을 잊어가기도 합니다.\n\n 작은 소중함일지라도 그 소중함을 잃게 되면 호의를 베푸는 사람 입장에서는 매우 당황스럽고 기분이 나쁠 수 있어요.\n\n 여러분은 익숙함에 속아 소중함을 잊었던 사례와 그로 인해 상대방의 기분을 나쁘게 했던 경험이 있나요? 만약 있다면 관계를 회복하기 위해 어떤 노력을 하셨나요? 본인의 경험을 작성해주세요.\n\n 만약 그런 적이 없다면 주변의 이야기나 본인에게 소중함을 주는 사람들에 관해 설명해주세요.",
    "essay_type": "글짓기",
    "essay_level": "2",
    "essay_len": 837,
    "essay_main_subject": "소중함을 잃었던 경험"
  }
}