{
  "paragraph": [
    {
      "paragraph_txt": "내가 태어나서  소중함을 잃었던 경험은 중학교에서 고등학교로 넘어올 때 친했던 친구와 떨어진 경험은 다들 있을 것이다.#@문장구분# 진로문제로 또 거리문제로 학교 선택에 있어서 많이들 고민을 한다.#@문장구분# 소중함을 소중한 친구와 계속 연을 맺고 싶어서.#@문장구분# 그래도 괜찮을 거라 생각하고 고등학교를 진학했는데 당연하게도 의 빈자리가 크게 느껴졌습니다.#@문장구분# 항상 의지했고 둘도 없는 친구였는데 빈자리는 엄청 났습니다.#@문장구분# 메시지나 전화를 계속하고 있지만 전처럼 그렇진 않았습니다.#@문장구분# 느슨해진 관계를 회복하기 위해 방학 때나 휴일에 약속을 잡아서 같이 놀거나 합니다.#@문장구분# 하지만 고등학생인 우리는 자주 만나지 못해도 서로 연결되어 있다고 느끼려고 노력합니다#@문장구분# 하는 고등학교가 달라져서 좀 불안했습니다.#@문장구분# 하지만 잘 지내다가 중학교를 졸업할 시기가 왔는데 문득 전에 했던 생각이 떠올라 불안했습니다.#@문장구분# 그렇게 같이 지내다가 성격이 조금 변하면서 안 맞는 부분도 생겼고 자주 싸우면서 사이가 멀어지기 시작했습니다.#@문장구분# 어느 날 크게 한번 싸우고 나서 오랫동안 말을 안하다가 결국 중학교 학년이 올라갈수록 거의 모르는 사람처럼 지내게 되었습니다.#@문장구분# 나랑 성격이 잘 맞고 이렇게 빨리 친해진 사람이 없어서 조금 특별한 친구라고 생각했었는데 한순간에 남이 되어 정말 속상하고 힘들었습니다.#@문장구분# 이 서먹한 관계를 회복하기 위해 대화도 많이 나누어 보았지만 결국 예전처럼 돌아갈 수 없었습니다.#@문장구분# 그래서 나는 그때를 두고두고 후회합니다.#@문장구분#",
      "paragraph_len": 1009,
      "paragraph_id": "001"
    }
  ],
  "score": {
    "paragraph_score": [
      {
        "paragraph_scoreT": [
          2.6666667,
          2.1666667,
          2.6666667
        ],
        "paragraph_scoreT_detail": {
          "paragraph_scoreT_exp": [
            [
              2,
              3,
              3
            ],
            [
              2,
              2,
              3
            ],
            [
              2,
              3,
              3
            ]
          ]
        },
        "paragraph_scoreT_avg": 2.5,
        "paragraph_id": "001"
      }
    ],
    "essay_scoreT": [
      24.666668,
      20.666666,
      28.666668
    ],
    "essay_scoreT_avg": 24.666666,
    "essay_scoreT_detail": {
      "essay_scoreT_org": [
        [
          3,
          3,
          3,
          3
        ],
        [
          2,
          2,
          3,
          3
        ],
        [
          3,
          3,
          3,
          3
        ]
      ],
      "essay_scoreT_cont": [
        [
          2,
          2,
          0,
          2
        ],
        [
          2,
          2,
          0,
          2
        ],
        [
          3,
          3,
          0,
          3
        ]
      ],
      "essay_scoreT_exp": [
        [
          2,
          3,
          3
        ],
        [
          2,
          2,
          2
        ],
        [
          2,
          3,
          3
        ]
      ]
    }
  },
  "student": {
    "date": "2021.12.19",
    "student_educated": true,
    "student_grade": "고등_1학년",
    "location": "063",
    "student_grade_group": "고등",
    "student_reading": 2
  },
  "rubric": {
    "essay_grade": "고등_1학년",
    "organization_weight": {
      "org_paragraph": 2,
      "org": 2,
      "org_essay": 4,
      "org_coherence": 2,
      "org_quantity": 1
    },
    "essay_type": "글짓기",
    "content_weight": {
      "con_clearance": 4,
      "con_novelty": 3,
      "con": 4,
      "con_prompt": 0,
      "con_description": 1
    },
    "essay_main_subject": "소중함을 잃었던 경험",
    "expression_weight": {
      "exp_style": 1,
      "exp_grammar": 2,
      "exp_vocab": 3,
      "exp": 4
    }
  },
  "correction": [],
  "info": {
    "essay_id": "ESSAY_71980",
    "essay_prompt": " 익숙함에 속아 소중함을 잊지 말자는 명언 (Do not get fooled by something familiar and forget what is priceless.)이 있습니다.\n\n 부모님께서 매일 해주시는 아침밥이나, 너무 친해서 매일 맛있는 간식을 사주는 친구 등 처음에는 매우 감사했지만 반복되는 호의에 우리는 소중함을 잊어가기도 합니다.\n\n 작은 소중함일지라도 그 소중함을 잃게 되면 호의를 베푸는 사람 입장에서는 매우 당황스럽고 기분이 나쁠 수 있어요.\n\n 여러분은 익숙함에 속아 소중함을 잊었던 사례와 그로 인해 상대방의 기분을 나쁘게 했던 경험이 있나요? 만약 있다면 관계를 회복하기 위해 어떤 노력을 하셨나요? 본인의 경험을 작성해주세요.\n\n 만약 그런 적이 없다면 주변의 이야기나 본인에게 소중함을 주는 사람들에 관해 설명해주세요.",
    "essay_type": "글짓기",
    "essay_level": "2",
    "essay_len": 709,
    "essay_main_subject": "소중함을 잃었던 경험"
  }
}