{
  "paragraph": [
    {
      "paragraph_txt": "최근 1년 새 나의 주위에는 코로나 19 시대를 맞아 학교 친구와 주변 분들이 코로나19 감염자와 직, 간접적으로 접촉하여 자가격리 해야하는 사람들이 많이 발생하였다.#@문장구분# 거기에 해당하지 않고 마음대로 다닐 수 있는 사람으로서 자가격리 중인 사람들에게 미안함을 느끼는 한편으로 자유의 의미를 새삼 되새기게 된다.#@문장구분# 코로나19로 외출을 제한받는 자가격리자들은 얼마나 힘들까.#@문장구분# 자가격리가 끝나고 나온 친구의 언니는 다시는 자가격리를 하고 싶지 않다며 마스크 착용 및 주변 사람들 외출 단속까지 철저하게 하는 모습을 볼수 있었다.#@문장구분# 자가격리 기간에 얼마나 답답하고 힘들었으면 저럴까 싶기도 하지만 내가 자가 격리중이라면 과중한 학습과 바쁜 일상에서 벗어나 혼자만의 시간을 제대로 보낼수 있을거같아서 답답함보다 자유로움이 더 있지 않을까 생각하는 데 정작 그 상황이 되면 자유를 억압당해서 어서 빨리 격리를 끝내고 바깥 공기 냄새를 맡고 싶은 마음뿐이다고 한다.#@문장구분# 마음대로 걷고 어디든 갈 수 있는 것은 인간의 기본적인 자유이지만 이런 흔하고 작은 고마움을 우리는 잘 모른다.#@문장구분# 신선한 공기와 맑은 물이 늘 가까이 있어서 소중한 존재인지 알지 못 하듯이 우리는 소중한 것을 잃고 나서야 비로소 깨닫는다.#@문장구분# '건강한 두 다리'와 '속박 받지 않는 자유' 이것들이 소중하다면 이런 결론에 이를 것이다.#@문장구분# '작은 것에도 감사히 여기며 살자.'#@문장구분# 항상 곁에 있어서 귀중함을 알지 못하는 것들은 얼마든지 많다.#@문장구분# 아침이면 창가에서 들려오는 청아한 새 울음소리, 들판에 흐드러지게 핀 야생화, 저 푸른 하늘의 뭉게구름.#@문장구분#  묵묵히 믿고 따르는 가족과 친구들. 무심하게 지나치면서 어디라도 다닐 수 있는 작은 자유만큼이나 소중함을 느끼지 못하는 것들이다.#@문장구분# 멀쩡한 사지와 아름다운 자연, 좋은 사람들에게 감사하며 오늘은 열심히 자유를 느끼며 일상의 행복을 찾아 간다.#@문장구분#",
      "paragraph_len": 1170,
      "paragraph_id": "001"
    }
  ],
  "score": {
    "paragraph_score": [
      {
        "paragraph_scoreT": [
          3,
          3,
          3
        ],
        "paragraph_scoreT_detail": {
          "paragraph_scoreT_exp": [
            [
              3,
              3,
              3
            ],
            [
              3,
              3,
              3
            ],
            [
              3,
              3,
              3
            ]
          ]
        },
        "paragraph_scoreT_avg": 3,
        "paragraph_id": "001"
      }
    ],
    "essay_scoreT": [
      30,
      30,
      30
    ],
    "essay_scoreT_avg": 30,
    "essay_scoreT_detail": {
      "essay_scoreT_org": [
        [
          3,
          3,
          3,
          3
        ],
        [
          3,
          3,
          3,
          3
        ],
        [
          3,
          3,
          3,
          3
        ]
      ],
      "essay_scoreT_cont": [
        [
          3,
          3,
          0,
          3
        ],
        [
          3,
          3,
          0,
          3
        ],
        [
          3,
          3,
          0,
          3
        ]
      ],
      "essay_scoreT_exp": [
        [
          3,
          3,
          3
        ],
        [
          3,
          3,
          3
        ],
        [
          3,
          3,
          3
        ]
      ]
    }
  },
  "student": {
    "date": "2021.11.16",
    "student_educated": true,
    "student_grade": "고등_1학년",
    "location": "063",
    "student_grade_group": "고등",
    "student_reading": 2
  },
  "rubric": {
    "essay_grade": "고등_1학년",
    "organization_weight": {
      "org_paragraph": 2,
      "org": 2,
      "org_essay": 4,
      "org_coherence": 2,
      "org_quantity": 1
    },
    "essay_type": "글짓기",
    "content_weight": {
      "con_clearance": 4,
      "con_novelty": 3,
      "con": 4,
      "con_prompt": 0,
      "con_description": 1
    },
    "essay_main_subject": "소중함을 잃었던 경험",
    "expression_weight": {
      "exp_style": 1,
      "exp_grammar": 2,
      "exp_vocab": 3,
      "exp": 4
    }
  },
  "correction": [],
  "info": {
    "essay_id": "ESSAY_47423",
    "essay_prompt": " 익숙함에 속아 소중함을 잊지 말자는 명언 (Do not get fooled by something familiar and forget what is priceless.)이 있습니다.\n\n 부모님께서 매일 해주시는 아침밥이나, 너무 친해서 매일 맛있는 간식을 사주는 친구 등 처음에는 매우 감사했지만 반복되는 호의에 우리는 소중함을 잊어가기도 합니다.\n\n 작은 소중함일지라도 그 소중함을 잃게 되면 호의를 베푸는 사람 입장에서는 매우 당황스럽고 기분이 나쁠 수 있어요.\n\n 여러분은 익숙함에 속아 소중함을 잊었던 사례와 그로 인해 상대방의 기분을 나쁘게 했던 경험이 있나요? 만약 있다면 관계를 회복하기 위해 어떤 노력을 하셨나요? 본인의 경험을 작성해주세요.\n\n 만약 그런 적이 없다면 주변의 이야기나 본인에게 소중함을 주는 사람들에 관해 설명해주세요.",
    "essay_type": "글짓기",
    "essay_level": "2",
    "essay_len": 911,
    "essay_main_subject": "소중함을 잃었던 경험"
  }
}