{
  "paragraph": [
    {
      "paragraph_txt": "나는 소중함을 잃었던 경험이 많다.#@문장구분# 부모님께 실망을 시켜드려 신뢰감을 잃거나 명절에 자주 보던 소중한 고모가 정말 아프시거나 이별을 했던 경험 친구들과 심하게 싸웠던 경험 등이 있다.#@문장구분# 나는 정말 나를 사랑해 주시고 아껴주시는 부모님께 실망을 시켜드린 이유는 찰나에 호기심을 참지 못해서 담배를 피웠던 적이였다.#@문장구분# 이 일 때문에 부모님이 나에게 정망 많이 실망하셨다.#@문장구분# 그리고 내가 가장 좋아하고 나를 잘 챙겨주시는 고모가 최근 암에 걸렸단 사실을 알게되었다. #@문장구분#작년까지만 해도 명절에 내려오셔서 친적들과 밥도 먹고 웃고 떠들며 시간을 보냈던 때가 엊그제 같은데 갑작스러운 건강 악화로 병원에 계신 고모가 생각이 난다.#@문장구분# 치료도 잘 받고 빨리 건강을 찾으셔서 내년 명절에도 뵐 수 있으면 좋을것같다. #@문장구분#암에 걸린단게 남들 얘기 일 줄만 알았던 병이 고모가 걸리셔서 처음 들었을땐 정말 놀랐다 암이라는 병에 고모를 잃을까 라는 공포심이 정말 무섭기도 하고 걱정이된다.#@문장구분# 그리고 또 다른 경험은 내가 이별을 했던 경험이다.#@문장구분# 얼마전 나는 이별을 경험했다.#@문장구분# 항상 행복하고 사랑했던 사람과 이별을 하고 한동안 기분도 안좋고 힘도 나지 않았다.#@문장구분# 나한테 정말 소중했던 사람이지만 여자친구에게 난 그렇지 못한 사람이였던걸까?#@문장구분# 하지만 만남이 있으면 이별도 당연한거라고 생각한다.#@문장구분# 그런 저런 경험을 하고 나면서 더 단단해지고 성숙해 지기 때문에다.#@문장구분# 친구들과의 갈등도 겪은적이 많다.#@문장구분# 평상시에 감정 기복이 심하던 나이기에 친구와 잘지내다가도 사소한 말과 이유, 행동들로 인해 상처 받고 신경이 쓰일때가 종종 있다.#@문장구분# 조그만한 친구의 장난에 짜증을 내거나 별것도 아닌일에 혼자 우울해하고 힘들어 한다. #@문장구분#가끔 심하게 싸울때면 몇 일동안 말도 안하지만 속으로는 정말 미안하고 다시 친하게 지내고 싶었다.#@문장구분# 이렇게 나는 소중했던 것들 잃고 힘들거나 우울했던일이 많다.#@문장구분# 내 이야기를 써내려 가는게 한편으론 부끄럽지만 적다보면 누군가 내이야기를 들어주는 것 같아 속이 편해진 것 같다.#@문장구분#",
      "paragraph_len": 1373,
      "paragraph_id": "001"
    }
  ],
  "score": {
    "paragraph_score": [
      {
        "paragraph_scoreT": [
          2.6666667,
          2.1666667,
          2.3333333
        ],
        "paragraph_scoreT_detail": {
          "paragraph_scoreT_exp": [
            [
              2,
              3,
              3
            ],
            [
              2,
              2,
              3
            ],
            [
              3,
              2,
              2
            ]
          ]
        },
        "paragraph_scoreT_avg": 2.388889,
        "paragraph_id": "001"
      }
    ],
    "essay_scoreT": [
      23.833334,
      26.666668,
      23.333332
    ],
    "essay_scoreT_avg": 24.611109,
    "essay_scoreT_detail": {
      "essay_scoreT_org": [
        [
          2,
          2,
          3,
          3
        ],
        [
          3,
          3,
          3,
          3
        ],
        [
          3,
          3,
          3,
          3
        ]
      ],
      "essay_scoreT_cont": [
        [
          2,
          2,
          0,
          3
        ],
        [
          3,
          3,
          0,
          3
        ],
        [
          2,
          2,
          0,
          2
        ]
      ],
      "essay_scoreT_exp": [
        [
          2,
          3,
          3
        ],
        [
          2,
          2,
          3
        ],
        [
          3,
          2,
          2
        ]
      ]
    }
  },
  "student": {
    "date": "2021.11.12",
    "student_educated": true,
    "student_grade": "고등_1학년",
    "location": "054",
    "student_grade_group": "고등",
    "student_reading": 2
  },
  "rubric": {
    "essay_grade": "고등_1학년",
    "organization_weight": {
      "org_paragraph": 2,
      "org": 2,
      "org_essay": 4,
      "org_coherence": 2,
      "org_quantity": 1
    },
    "essay_type": "글짓기",
    "content_weight": {
      "con_clearance": 4,
      "con_novelty": 3,
      "con": 4,
      "con_prompt": 0,
      "con_description": 1
    },
    "essay_main_subject": "소중함을 잃었던 경험",
    "expression_weight": {
      "exp_style": 1,
      "exp_grammar": 2,
      "exp_vocab": 3,
      "exp": 4
    }
  },
  "correction": [],
  "info": {
    "essay_id": "ESSAY_44886",
    "essay_prompt": " 익숙함에 속아 소중함을 잊지 말자는 명언 (Do not get fooled by something familiar and forget what is priceless.)이 있습니다.\n\n 부모님께서 매일 해주시는 아침밥이나, 너무 친해서 매일 맛있는 간식을 사주는 친구 등 처음에는 매우 감사했지만 반복되는 호의에 우리는 소중함을 잊어가기도 합니다.\n\n 작은 소중함일지라도 그 소중함을 잃게 되면 호의를 베푸는 사람 입장에서는 매우 당황스럽고 기분이 나쁠 수 있어요.\n\n 여러분은 익숙함에 속아 소중함을 잊었던 사례와 그로 인해 상대방의 기분을 나쁘게 했던 경험이 있나요? 만약 있다면 관계를 회복하기 위해 어떤 노력을 하셨나요? 본인의 경험을 작성해주세요.\n\n 만약 그런 적이 없다면 주변의 이야기나 본인에게 소중함을 주는 사람들에 관해 설명해주세요.",
    "essay_type": "글짓기",
    "essay_level": "2",
    "essay_len": 973,
    "essay_main_subject": "소중함을 잃었던 경험"
  }
}