{
  "paragraph": [
    {
      "paragraph_txt": "저는 소중함을 잃었던 경험이 있습니다.#@문장구분# 그것은 바로 제 지갑을 택시에 놓고 내린 것입니다.#@문장구분# 제가 원래 물건을 잘 잃어버리고 덤벙거리기는 하지만 그 날은 정말 정신줄을 놓았나 봅니다.#@문장구분# 생일선물로 받아서 얼마 쓰지도 못한 새거나 마찬가지인 지갑이었는데 그 소중한 걸 택시에 놓고 내리다니요.#@문장구분# 할수만 있다면 그 날로 다시 돌아가고 싶은 심정입니다.#@문장구분# 더군다나 지갑 안에는 저의 소중한 친구들의 증명사진이 들어있었습니다.#@문장구분# 중학교 친구들을 자주 만나지는 못해서 보고싶을 때 예쁘게 나온 증명사진을 보곤 했었는데 지갑과 함께 친구들 사진까지 잃어버리고 나니 그 당시에는 정말 제 모든 것을 다 잃어버린 것처럼 마음이 아팠습니다.#@문장구분# 제 소중한 지갑은 누군가가 주워서 사용하고 있거나 아니면 쓰레기통에 버려졌을 것 같습니다.#@문장구분# 만약 제 제갑을 가져가고 돌려주지 않고있는 누군가가 있다면 그 사람은 꼭 천벌을 받았으면 좋겠습니다.#@문장구분# 너무 괘씸합니다.#@문장구분# 저라면 지갑을 주웠을 때 근처에 있는 지구대에 가져다 주었을 것 같습니다.#@문장구분# 사람의 마음은 다 같지 않나봅니다.#@문장구분# 그 이후로 저는 제 물건을 조금 더 세심히 챙기고 휴대폰이나 지갑같은 것은 두 번씩, 세 번씩 챙깁니다.#@문장구분# 또 다시 제 물건을 잃어버리게 되면 너무나 속상할 것 같기 때문입니다.#@문장구분# 특히 아끼는 물건은 집안에 조그만 상자에 보관하고 밖에 잘 가지고 다니지 않습니다.#@문장구분# 다시는 제 소중한 물건을 잃어버리고 싶지 않습니다.#@문장구분#",
      "paragraph_len": 1019,
      "paragraph_id": "001"
    }
  ],
  "score": {
    "paragraph_score": [
      {
        "paragraph_scoreT": [
          3,
          2,
          2
        ],
        "paragraph_scoreT_detail": {
          "paragraph_scoreT_exp": [
            [
              3,
              3,
              3
            ],
            [
              2,
              2,
              2
            ],
            [
              2,
              2,
              2
            ]
          ]
        },
        "paragraph_scoreT_avg": 2.3333333,
        "paragraph_id": "001"
      }
    ],
    "essay_scoreT": [
      26,
      22.222221,
      23.11111
    ],
    "essay_scoreT_avg": 23.777777,
    "essay_scoreT_detail": {
      "essay_scoreT_org": [
        [
          3,
          3,
          3,
          3
        ],
        [
          2,
          2,
          2,
          3
        ],
        [
          3,
          2,
          2,
          3
        ]
      ],
      "essay_scoreT_cont": [
        [
          2,
          2,
          0,
          2
        ],
        [
          2,
          3,
          0,
          3
        ],
        [
          2,
          3,
          0,
          3
        ]
      ],
      "essay_scoreT_exp": [
        [
          3,
          3,
          3
        ],
        [
          2,
          2,
          2
        ],
        [
          2,
          2,
          2
        ]
      ]
    }
  },
  "student": {
    "date": "2021.12.17",
    "student_educated": true,
    "student_grade": "고등_1학년",
    "location": "063",
    "student_grade_group": "고등",
    "student_reading": 2
  },
  "rubric": {
    "essay_grade": "고등_1학년",
    "organization_weight": {
      "org_paragraph": 2,
      "org": 2,
      "org_essay": 4,
      "org_coherence": 2,
      "org_quantity": 1
    },
    "essay_type": "글짓기",
    "content_weight": {
      "con_clearance": 4,
      "con_novelty": 3,
      "con": 4,
      "con_prompt": 0,
      "con_description": 1
    },
    "essay_main_subject": "소중함을 잃었던 경험",
    "expression_weight": {
      "exp_style": 1,
      "exp_grammar": 2,
      "exp_vocab": 3,
      "exp": 4
    }
  },
  "correction": [],
  "info": {
    "essay_id": "ESSAY_71995",
    "essay_prompt": " 익숙함에 속아 소중함을 잊지 말자는 명언 (Do not get fooled by something familiar and forget what is priceless.)이 있습니다.\n\n 부모님께서 매일 해주시는 아침밥이나, 너무 친해서 매일 맛있는 간식을 사주는 친구 등 처음에는 매우 감사했지만 반복되는 호의에 우리는 소중함을 잊어가기도 합니다.\n\n 작은 소중함일지라도 그 소중함을 잃게 되면 호의를 베푸는 사람 입장에서는 매우 당황스럽고 기분이 나쁠 수 있어요.\n\n 여러분은 익숙함에 속아 소중함을 잊었던 사례와 그로 인해 상대방의 기분을 나쁘게 했던 경험이 있나요? 만약 있다면 관계를 회복하기 위해 어떤 노력을 하셨나요? 본인의 경험을 작성해주세요.\n\n 만약 그런 적이 없다면 주변의 이야기나 본인에게 소중함을 주는 사람들에 관해 설명해주세요.",
    "essay_type": "글짓기",
    "essay_level": "2",
    "essay_len": 699,
    "essay_main_subject": "소중함을 잃었던 경험"
  }
}