{
  "paragraph": [
    {
      "paragraph_txt": "중학교 1학년시절 저는 소중함을 주던 강아지를 잃었습니다.#@문장구분# 저는 중학교1학년 때 갑자기 몸이 악화되며 원인불명으로 앓아가고있었습니다.#@문장구분# 열이 갑자기 엄청올라가고 온몸이 아파하여 결국 병원에 입원하여 지내게되었습니다.#@문장구분# 그렇게 병원에서 원인과 병명을 찾던도중 뇌척수액으로 검사하는 뇌수막염 검사를 하게되었습니다.#@문장구분# 매우 아팠지만 뇌수막염 검사는 한번더 하게되었습니다.#@문장구분#부모님도 매일매일 걱정하며 챙겨주셨습니다.#@문장구분# 그렇게 한달쯤 되었을 때 그때서야 점점 호전되며 저는 병을 이겨내고 원래삶으로 돌아오게되었습니다.#@문장구분# 하지만 집에가던 도중 부모님이 그러셨습니다.#@문장구분# 집에 있던 강아지가 무지개 다리를 건넜다구..#@문장구분# 건넌지는 좀 되었지만 부모님은 혹시나 제가 더악화되거나 힘들어할까봐 얘기를 못해주었습니다.#@문장구분# 그말을 듣고 저는 마음도 아프고 그랬지만 부모님한테는 보여드리고싶지않아서 애써 아무일 없는척하며 반응하였고, 아직도 생각만하면 마음이 아프고 보고싶습니다.#@문장구분# 매번 있던 익숙함이 소중함이 되어있었습니다.#@문장구분# 앞으로 살아가면서 나에게 소중한 것들이 많이 생길텐데 내 곁에 있다고 해서 속담처럼 익숙함에 속아 소중함을 잃지 않는 내가 되도록 노력하며 살겠습니다.#@문장구분# 이 글을 쓰면서 정말 또 강아지가 보고싶네요....#@문장구분# 정말 익숙함에 속아 소중함을 잃어버렸던 것 같습니다.#@문장구분#",
      "paragraph_len": 937,
      "paragraph_id": "001"
    }
  ],
  "score": {
    "paragraph_score": [
      {
        "paragraph_scoreT": [
          2.1666667,
          2.1666667,
          3
        ],
        "paragraph_scoreT_detail": {
          "paragraph_scoreT_exp": [
            [
              2,
              2,
              3
            ],
            [
              2,
              2,
              3
            ],
            [
              3,
              3,
              3
            ]
          ]
        },
        "paragraph_scoreT_avg": 2.4444444,
        "paragraph_id": "001"
      }
    ],
    "essay_scoreT": [
      25.166668,
      25.166668,
      30
    ],
    "essay_scoreT_avg": 26.777779,
    "essay_scoreT_detail": {
      "essay_scoreT_org": [
        [
          3,
          3,
          3,
          3
        ],
        [
          3,
          3,
          3,
          3
        ],
        [
          3,
          3,
          3,
          3
        ]
      ],
      "essay_scoreT_cont": [
        [
          3,
          2,
          0,
          3
        ],
        [
          3,
          2,
          0,
          3
        ],
        [
          3,
          3,
          0,
          3
        ]
      ],
      "essay_scoreT_exp": [
        [
          2,
          2,
          3
        ],
        [
          2,
          2,
          3
        ],
        [
          3,
          3,
          3
        ]
      ]
    }
  },
  "student": {
    "date": "2021.11.18",
    "student_educated": true,
    "student_grade": "고등_1학년",
    "location": "054",
    "student_grade_group": "고등",
    "student_reading": 1
  },
  "rubric": {
    "essay_grade": "고등_1학년",
    "organization_weight": {
      "org_paragraph": 2,
      "org": 2,
      "org_essay": 4,
      "org_coherence": 2,
      "org_quantity": 1
    },
    "essay_type": "글짓기",
    "content_weight": {
      "con_clearance": 4,
      "con_novelty": 3,
      "con": 4,
      "con_prompt": 0,
      "con_description": 1
    },
    "essay_main_subject": "소중함을 잃었던 경험",
    "expression_weight": {
      "exp_style": 1,
      "exp_grammar": 2,
      "exp_vocab": 3,
      "exp": 4
    }
  },
  "correction": [],
  "info": {
    "essay_id": "ESSAY_47411",
    "essay_prompt": " 익숙함에 속아 소중함을 잊지 말자는 명언 (Do not get fooled by something familiar and forget what is priceless.)이 있습니다.\n\n 부모님께서 매일 해주시는 아침밥이나, 너무 친해서 매일 맛있는 간식을 사주는 친구 등 처음에는 매우 감사했지만 반복되는 호의에 우리는 소중함을 잊어가기도 합니다.\n\n 작은 소중함일지라도 그 소중함을 잃게 되면 호의를 베푸는 사람 입장에서는 매우 당황스럽고 기분이 나쁠 수 있어요.\n\n 여러분은 익숙함에 속아 소중함을 잊었던 사례와 그로 인해 상대방의 기분을 나쁘게 했던 경험이 있나요? 만약 있다면 관계를 회복하기 위해 어떤 노력을 하셨나요? 본인의 경험을 작성해주세요.\n\n 만약 그런 적이 없다면 주변의 이야기나 본인에게 소중함을 주는 사람들에 관해 설명해주세요.",
    "essay_type": "글짓기",
    "essay_level": "2",
    "essay_len": 639,
    "essay_main_subject": "소중함을 잃었던 경험"
  }
}