{
  "paragraph": [
    {
      "paragraph_txt": "지난 여름이였다.#@문장구분# 나에게는 새로운 옷이 필요했고 어머니께 함께 옷을 보러가자고 끈질기게 요구했다.#@문장구분# 그러나 어머니는 몸상태가 좋지 않으셨고 나는 마음만 급해져서 중요한 것을 놓치고 말았다.#@문장구분# 바로 어머니의 몸상태 말이다.#@문장구분# 결국 나는 항상 필요할 때 곁에 있어주지 않는다고 한수리 했다.#@문장구분# 그러나 정작 필요할 때 옆에 없던 것은 나였던 것일까?#@문장구분# 어머니는 사람몸이 아픈 것은 눈에 들어오지 않느냐고 지금까지 함께 해왔던 것은 안중에도 없냐며 다그치셨다.#@문장구분# 그제서야 나는 주변의 상황이 눈에 들어오기 시작했다.#@문장구분# 두통이 있으신 듯 눈을 찡그리고 계신 어머니 스쳐지나가는 과거의 기억들 나는 다시 지나갔던 시간과 현재를 되돌아 보았다.#@문장구분# 몸이 안좋으신 어머니를 봤다.#@문장구분# 결국 정작 중요한 것을 항상 잊고 있었다는 깨달음을 얻었다.#@문장구분# 평소라면 누구인지 따져가며 몇분동아 대치했겠지만 이번에는 달랐다.#@문장구분# 사죄하고 또 사죄했다.#@문장구분# 과거의 기억만큼 말이다.#@문장구분# 이번일로 나는 다시 생각하게 되었다.#@문장구분# 내 욕심 때문에 시야가 흐려지고 어머니가 아프셨던 것을 생각하지 못했다면 앞으로 어떻게 해야될까 라고 생각했다.#@문장구분# 나는 일단 주변에 소중한 사람을 먼저 생각하기로 생각했다.#@문장구분# 일단 나는 내상황을 알지만 주위 사람들의 상황은 잘 보지 않는다면 상황이 안보이기 때문이다.#@문장구분# 그러니까 앞으로는 주변을 잘 보고 잘 살피려고 노력하려고 한다.#@문장구분#",
      "paragraph_len": 1046,
      "paragraph_id": "001"
    }
  ],
  "score": {
    "paragraph_score": [
      {
        "paragraph_scoreT": [
          2.5,
          3,
          3
        ],
        "paragraph_scoreT_detail": {
          "paragraph_scoreT_exp": [
            [
              2,
              3,
              2
            ],
            [
              3,
              3,
              3
            ],
            [
              3,
              3,
              3
            ]
          ]
        },
        "paragraph_scoreT_avg": 2.8333333,
        "paragraph_id": "001"
      }
    ],
    "essay_scoreT": [
      24.88889,
      28,
      26
    ],
    "essay_scoreT_avg": 26.296295,
    "essay_scoreT_detail": {
      "essay_scoreT_org": [
        [
          2,
          3,
          3,
          2
        ],
        [
          3,
          3,
          3,
          3
        ],
        [
          3,
          3,
          3,
          3
        ]
      ],
      "essay_scoreT_cont": [
        [
          3,
          2,
          0,
          2
        ],
        [
          3,
          2,
          0,
          2
        ],
        [
          2,
          2,
          0,
          2
        ]
      ],
      "essay_scoreT_exp": [
        [
          2,
          3,
          2
        ],
        [
          3,
          3,
          3
        ],
        [
          3,
          3,
          3
        ]
      ]
    }
  },
  "student": {
    "date": "2021.12.21",
    "student_educated": true,
    "student_grade": "고등_1학년",
    "location": "051",
    "student_grade_group": "고등",
    "student_reading": 2
  },
  "rubric": {
    "essay_grade": "고등_1학년",
    "organization_weight": {
      "org_paragraph": 2,
      "org": 2,
      "org_essay": 4,
      "org_coherence": 2,
      "org_quantity": 1
    },
    "essay_type": "글짓기",
    "content_weight": {
      "con_clearance": 4,
      "con_novelty": 3,
      "con": 4,
      "con_prompt": 0,
      "con_description": 1
    },
    "essay_main_subject": "소중함을 잃었던 경험",
    "expression_weight": {
      "exp_style": 1,
      "exp_grammar": 2,
      "exp_vocab": 3,
      "exp": 4
    }
  },
  "correction": [],
  "info": {
    "essay_id": "ESSAY_75430",
    "essay_prompt": " 익숙함에 속아 소중함을 잊지 말자는 명언 (Do not get fooled by something familiar and forget what is priceless.)이 있습니다.\n\n 부모님께서 매일 해주시는 아침밥이나, 너무 친해서 매일 맛있는 간식을 사주는 친구 등 처음에는 매우 감사했지만 반복되는 호의에 우리는 소중함을 잊어가기도 합니다.\n\n 작은 소중함일지라도 그 소중함을 잃게 되면 호의를 베푸는 사람 입장에서는 매우 당황스럽고 기분이 나쁠 수 있어요.\n\n 여러분은 익숙함에 속아 소중함을 잊었던 사례와 그로 인해 상대방의 기분을 나쁘게 했던 경험이 있나요? 만약 있다면 관계를 회복하기 위해 어떤 노력을 하셨나요? 본인의 경험을 작성해주세요.\n\n 만약 그런 적이 없다면 주변의 이야기나 본인에게 소중함을 주는 사람들에 관해 설명해주세요.",
    "essay_type": "글짓기",
    "essay_level": "2",
    "essay_len": 666,
    "essay_main_subject": "소중함을 잃었던 경험"
  }
}