{
  "paragraph": [
    {
      "paragraph_txt": "\"개와 함께한 하루\"라는 책에는 헹크라는 주인공의 지극히 개인적이고 일상적인 순간을 포착한다.#@문장구분# 너무 이른 아침에 눈을 떠 다시 잘까 고민하는 헹크의 사소한 모습에서부터 갑자기 지난밤 동료와 나눴던 대화가 떠올라 그 장면으로 전환하는 등 소설은 오롯이 헹크의 의식을 따라 진행된다.#@문장구분# 이는 우리가 일상을 살아가는 모습과 거의 흡사하다.#@문장구분# 별다른 사건도 일어나지 않는다.#@문장구분# 토요일 아침 6시에 깨어나 다음날인 일요일 아침 6시에 다시 깨어나는 동안 일어난 헹크의 하루가 전부다.#@문장구분# 하지만 이 소설은 그저 그런, 자칫 별 볼일 없어 보일 수 있는 인물의 사소한 일상과 내면을 보여줌으로써 인생의 의미와 삶의 환희를 되새기게 하는 놀라운 힘을 지닌다.#@문장구분# 우리는 끊임없이 '내 감정을 상대방에게 이야기하고 알아달라고 갈구하는 존재'인 동시에, 처음 보는 낯선 여자에게서 욕망을 느끼기도 하는 '그저 본능에 충실한 물질'에 불과하기도 하다.#@문장구분# 이 책에서 가장 큰 미덕은, 인간이란, 인생이란 의미와 무의미가 공존하는 것임을, 그러한 개개인은 서로 영원히 완벽한 타자로 남을 수밖에 없음을 한 사람의 일상을 통해서 보여준다는 것이다.#@문장구분# 그리고 그럼에도 불구하고 인간은 서로를 보듬을 수밖에 없다는 사실을, 따뜻하게 일깨워주고 있다는 것이다. 코로나로 인해 지구의 전 인류는 이전과는 전혀 다른 시간을 살고 있다.#@문장구분# 다시는 돌아가지 못할 순간들에 대한 소중함을 모든 걸 잃고 나서야 깨닫는다.#@문장구분# 주인공 헹크 역시 자신에게 가장 소중한 걸 잃게 되는 순간에 직면하고 나서 자신의 삶을 다시 되돌아본다.#@문장구분# 불행이란 무엇인가?#@문장구분# 행복이란 무엇인가?#@문장구분# 거실의 안락한 소파에서 하루를 정리한다.#@문장구분# 자신의 몸속에 따스한 피가 흐르고, 심장이 뛰고, 누군가를 그리워하는 이 모든 감정들은 오직 한 가지 사실을 일깨워주고 있다는 걸 깨닫게 된다.#@문장구분# 그건 바로, 지금, 살아 있다는 것이다.#@문장구분# 그리고, 지금, 살아간다는 것이다.#@문장구분# 지금 우리는 코로나라는 힘겨운 시간을 통과하고 있다.#@문장구분# 우리는 결코 희망을 놓지 않고 일상의 소중함을 느끼며 감사한 하루 하루를 보내야 한다.#@문장구분#",
      "paragraph_len": 1394,
      "paragraph_id": "001"
    }
  ],
  "score": {
    "paragraph_score": [
      {
        "paragraph_scoreT": [
          3,
          3,
          3
        ],
        "paragraph_scoreT_detail": {
          "paragraph_scoreT_exp": [
            [
              3,
              3,
              3
            ],
            [
              3,
              3,
              3
            ],
            [
              3,
              3,
              3
            ]
          ]
        },
        "paragraph_scoreT_avg": 3,
        "paragraph_id": "001"
      }
    ],
    "essay_scoreT": [
      28.5,
      30,
      30
    ],
    "essay_scoreT_avg": 29.5,
    "essay_scoreT_detail": {
      "essay_scoreT_org": [
        [
          3,
          3,
          3,
          3
        ],
        [
          3,
          3,
          3,
          3
        ],
        [
          3,
          3,
          3,
          3
        ]
      ],
      "essay_scoreT_cont": [
        [
          3,
          2,
          0,
          3
        ],
        [
          3,
          3,
          0,
          3
        ],
        [
          3,
          3,
          0,
          3
        ]
      ],
      "essay_scoreT_exp": [
        [
          3,
          3,
          3
        ],
        [
          3,
          3,
          3
        ],
        [
          3,
          3,
          3
        ]
      ]
    }
  },
  "student": {
    "date": "2021.11.16",
    "student_educated": true,
    "student_grade": "고등_1학년",
    "location": "063",
    "student_grade_group": "고등",
    "student_reading": 1
  },
  "rubric": {
    "essay_grade": "고등_1학년",
    "organization_weight": {
      "org_paragraph": 2,
      "org": 2,
      "org_essay": 4,
      "org_coherence": 2,
      "org_quantity": 1
    },
    "essay_type": "글짓기",
    "content_weight": {
      "con_clearance": 4,
      "con_novelty": 3,
      "con": 4,
      "con_prompt": 0,
      "con_description": 1
    },
    "essay_main_subject": "소중함을 잃었던 경험",
    "expression_weight": {
      "exp_style": 1,
      "exp_grammar": 2,
      "exp_vocab": 3,
      "exp": 4
    }
  },
  "correction": [],
  "info": {
    "essay_id": "ESSAY_47427",
    "essay_prompt": " 익숙함에 속아 소중함을 잊지 말자는 명언 (Do not get fooled by something familiar and forget what is priceless.)이 있습니다.\n\n 부모님께서 매일 해주시는 아침밥이나, 너무 친해서 매일 맛있는 간식을 사주는 친구 등 처음에는 매우 감사했지만 반복되는 호의에 우리는 소중함을 잊어가기도 합니다.\n\n 작은 소중함일지라도 그 소중함을 잃게 되면 호의를 베푸는 사람 입장에서는 매우 당황스럽고 기분이 나쁠 수 있어요.\n\n 여러분은 익숙함에 속아 소중함을 잊었던 사례와 그로 인해 상대방의 기분을 나쁘게 했던 경험이 있나요? 만약 있다면 관계를 회복하기 위해 어떤 노력을 하셨나요? 본인의 경험을 작성해주세요.\n\n 만약 그런 적이 없다면 주변의 이야기나 본인에게 소중함을 주는 사람들에 관해 설명해주세요.",
    "essay_type": "글짓기",
    "essay_level": "2",
    "essay_len": 1014,
    "essay_main_subject": "소중함을 잃었던 경험"
  }
}