{
  "paragraph": [
    {
      "paragraph_txt": "우리는 어떠한 물체를 소유하고 있다는 것이 당연하는듯 받아들여 그 물건의 가치를 소중하게 생각하지 않는다.#@문장구분# 이렇듯 우리는 소유 대상에 대한 소중함을 인지하지 못하다가 그 소유 대상이 사라지고 난 뒤 소중함을 생각하려고 한다.#@문장구분#\n 그중 하나의 예시로 우리가 당연시 여겼던 평범한 일상이.그중하나이다.#@문장구분#\n 코로나 19바이러스가 터지기 이전에는친척들과의 만남,주변 이웃들과의 만남을 당연시 여겨 소중함을 느끼지 못했지만 코로나 19 사태가 터지고 난 후 그때의 만남을 이제서야  소중했다 라고 생각하는 사람이 많아졌다.#@문장구분# 우리는 이러한 소중함을 다시 느끼기 위해 마스크 착용과 거리두기와 같은 방역수칙을 잘 준수하기 위해 노력하고 있다.#@문장구분# 이렇듯 우리가 지니고 있는 여러가지 현상들과 물체를 너무 당연시 여기지만 말고 주어진 물체나 현상들에 대한 소중함을 느끼는 하루가 되면 어떨까?라는 생각을 해보곤 한다.#@문장구분# 제시문 처럼 익숙함에 속아 소중함을 잊지말자라는 명언처럼 곁에있는것들  하나 하나를 소중하게 여겨보는 습관을 지녀 보는게 어떨까??#@문장구분#\n 두번째 예시로 나에게 주어진 시공간적인 것들이 있다.#@문장구분#\n 우리는 하루하루 살아가고 있는 것에 대한 소중함과 고마움을 느끼지 못한 채 살아 가고 있는 것 같다.#@문장구분#\n 우리가 눈을 뜨고 생활하는것을 당연시 여겨 하루하루 최선을 다하지 않는 사람들이 대다수가 되고 있는것같다.#@문장구분# 우리의 삶(인생)이라는 것은 무한적인 것이 아니라 언젠간 끝나는 유한 적인 것이다 .#@문장구분#평소 나는 이러한 생각을 가지고 생활 함으로 인해 모든 일에 대해 최선을 다해 노력한다.#@문장구분# 나말고도 최선을 다하는 사람이 있지만 몇몆 다수의 사람들은 처해진 상황에 대해 노력하지 않는 것 같다.#@문장구분# 이제부터 라도 처한 상황에 대해 최선을 다하며 살아가는것이 어떨까??#@문장구분#",
      "paragraph_len": 1143,
      "paragraph_id": "001"
    }
  ],
  "score": {
    "paragraph_score": [
      {
        "paragraph_scoreT": [
          2.6666667,
          2.3333333,
          3
        ],
        "paragraph_scoreT_detail": {
          "paragraph_scoreT_exp": [
            [
              2,
              3,
              3
            ],
            [
              3,
              2,
              2
            ],
            [
              3,
              3,
              3
            ]
          ]
        },
        "paragraph_scoreT_avg": 2.6666667,
        "paragraph_id": "001"
      }
    ],
    "essay_scoreT": [
      27.166668,
      23.777779,
      30
    ],
    "essay_scoreT_avg": 26.981482,
    "essay_scoreT_detail": {
      "essay_scoreT_org": [
        [
          3,
          3,
          3,
          3
        ],
        [
          2,
          2,
          3,
          2
        ],
        [
          3,
          3,
          3,
          3
        ]
      ],
      "essay_scoreT_cont": [
        [
          3,
          2,
          0,
          3
        ],
        [
          3,
          2,
          0,
          2
        ],
        [
          3,
          3,
          0,
          3
        ]
      ],
      "essay_scoreT_exp": [
        [
          2,
          3,
          3
        ],
        [
          3,
          2,
          2
        ],
        [
          3,
          3,
          3
        ]
      ]
    }
  },
  "student": {
    "date": "2021.09.29",
    "student_educated": true,
    "student_grade": "고등_1학년",
    "location": "051",
    "student_grade_group": "고등",
    "student_reading": 1
  },
  "rubric": {
    "essay_grade": "고등_1학년",
    "organization_weight": {
      "org_paragraph": 2,
      "org": 2,
      "org_essay": 4,
      "org_coherence": 2,
      "org_quantity": 1
    },
    "essay_type": "글짓기",
    "content_weight": {
      "con_clearance": 4,
      "con_novelty": 3,
      "con": 4,
      "con_prompt": 0,
      "con_description": 1
    },
    "essay_main_subject": "소중함을 잃었던 경험",
    "expression_weight": {
      "exp_style": 1,
      "exp_grammar": 2,
      "exp_vocab": 3,
      "exp": 4
    }
  },
  "correction": [],
  "info": {
    "essay_id": "ESSAY_35782",
    "essay_prompt": " 익숙함에 속아 소중함을 잊지 말자는 명언 (Do not get fooled by something familiar and forget what is priceless.)이 있습니다.\n\n 부모님께서 매일 해주시는 아침밥이나, 너무 친해서 매일 맛있는 간식을 사주는 친구 등 처음에는 매우 감사했지만 반복되는 호의에 우리는 소중함을 잊어가기도 합니다.\n\n 작은 소중함일지라도 그 소중함을 잃게 되면 호의를 베푸는 사람 입장에서는 매우 당황스럽고 기분이 나쁠 수 있어요.\n\n 여러분은 익숙함에 속아 소중함을 잊었던 사례와 그로 인해 상대방의 기분을 나쁘게 했던 경험이 있나요? 만약 있다면 관계를 회복하기 위해 어떤 노력을 하셨나요? 본인의 경험을 작성해주세요.\n\n 만약 그런 적이 없다면 주변의 이야기나 본인에게 소중함을 주는 사람들에 관해 설명해주세요.",
    "essay_type": "글짓기",
    "essay_level": "2",
    "essay_len": 863,
    "essay_main_subject": "소중함을 잃었던 경험"
  }
}