{
  "paragraph": [
    {
      "paragraph_txt": "나는 태어났을 때부터 할머니와 함께 살아왔는데 할머니는 하루도 빠짐없이 나에게 아침을 차려주셨고 매일매일 나의 방을 치워 주셨고 항상 학교에서 갔다 오면 반갑게 맞이해 주셨는데 어느 순간 내가 할머니의 이 모든 것들이 귀찮아지기 시작한 것을 나도 느꼈고 어릴 적부터 할머니와 한 번도 떨어진 적 없었기 때문에 항상 할머니를 가장 좋아했고 할머니 바라기였던 내가 우리 할머니에게 소홀해지기 시작했고 짜증이 많아지고 인사도 잘 안 하게 되면서 할머니와의 다툼이 잦아졌고 나는 그 순간에도 나의 문제가 무엇이고 할머니가 나를 위해서 뭘 해주셨는지 그것에 대한 고마움이 무엇인지 하나도 깨닫지 못하고 나날이 짜증만 늘어가는 나를 보면서도 할머니는 하루도 빠짐없이 나에게 삼시 세끼를 다 챙겨주셨고 친절하게 웃으면서 대해주셨다.#@문장구분# 그러다가 느꼈다 '아 우리 할머니에게 그러면 안 되겠구나' 하고 그 순간부터 처음부터 행동이 사람이 바뀔 순 없다.#@문장구분# 그리고 다른 감정적인 요소로 인해 가족에게 괜히 짜증을 낼 수도 있기 때문이다 .#@문장구분#\n일단 첫째는 자기 감정제어를 잘하고 자기를 자기 자신이 관리를 잘할 수 있어야 주변 사람들 에게도 소홀해지지 않고 더욱 그에 대한 소중함을 느낄 수 있는 것 같다 .#@문장구분#\n할머니에게 조금 더 잘하기 위해서 매일 매일 머릿속으로 되새김질하였다.#@문장구분#\n그럴수록 행동이 조금씩 바뀌었는데 행동은 바뀌었지만 지금 내가 예전에 비하면 정말 할머니의 소중함을 정말 모르는 게 나 자신도 느껴지는 게 마음이 아프다#@문장구분# 그렇게 할머니와 떨어지기 싫어하던 나였는데 어느 순간 이렇게 변해버린 거 같아서 죄송하기도 하고 마음이 아프다 주변에 있는 소중한 것들을 놓치고 나서 후회하는 건 정말 바보 같은 짓인걸 모두가 다 알고 있겠지만 실천하지 않는다.#@문장구분# 이것을 항상 머릿속에 되새김질하면서 지금 내 주변에 소중한 사람, 소중한 물건 무엇인지 생각해보고 옆에 있는 그 순간 최고로 최선을 다하며 매일 그것을 실천할 수 없겠지만 이 소중한 사람이나 물건이 나에게 얼마나 중요하며 \n나에게 이 사람이 주는 사랑의 크기를 알고만 있다면 자연스럽게 대하는 건 달라지게 돼 있다#@문장구분# 그 소중함을 회복하는 건 크고 힘든일이 아니다 .#@문장구분#그 소중함의 가치를 항상 머릿속에 넣고 다니면 된다.#@문장구분#",
      "paragraph_len": 1293,
      "paragraph_id": "001"
    }
  ],
  "score": {
    "paragraph_score": [
      {
        "paragraph_scoreT": [
          3,
          3,
          3
        ],
        "paragraph_scoreT_detail": {
          "paragraph_scoreT_exp": [
            [
              3,
              3,
              3
            ],
            [
              3,
              3,
              3
            ],
            [
              3,
              3,
              3
            ]
          ]
        },
        "paragraph_scoreT_avg": 3,
        "paragraph_id": "001"
      }
    ],
    "essay_scoreT": [
      27.166666,
      28.38889,
      28.5
    ],
    "essay_scoreT_avg": 28.018518,
    "essay_scoreT_detail": {
      "essay_scoreT_org": [
        [
          2,
          2,
          3,
          3
        ],
        [
          2,
          3,
          3,
          2
        ],
        [
          3,
          3,
          3,
          3
        ]
      ],
      "essay_scoreT_cont": [
        [
          3,
          2,
          0,
          3
        ],
        [
          3,
          3,
          0,
          2
        ],
        [
          3,
          2,
          0,
          3
        ]
      ],
      "essay_scoreT_exp": [
        [
          3,
          3,
          3
        ],
        [
          3,
          3,
          3
        ],
        [
          3,
          3,
          3
        ]
      ]
    }
  },
  "student": {
    "date": "2021.09.13",
    "student_educated": true,
    "student_grade": "고등_1학년",
    "location": "051",
    "student_grade_group": "고등",
    "student_reading": 2
  },
  "rubric": {
    "essay_grade": "고등_1학년",
    "organization_weight": {
      "org_paragraph": 2,
      "org": 2,
      "org_essay": 4,
      "org_coherence": 2,
      "org_quantity": 1
    },
    "essay_type": "글짓기",
    "content_weight": {
      "con_clearance": 4,
      "con_novelty": 3,
      "con": 4,
      "con_prompt": 0,
      "con_description": 1
    },
    "essay_main_subject": "소중함을 잃었던 경험",
    "expression_weight": {
      "exp_style": 1,
      "exp_grammar": 2,
      "exp_vocab": 3,
      "exp": 4
    }
  },
  "correction": [],
  "info": {
    "essay_id": "ESSAY_33989",
    "essay_prompt": " 익숙함에 속아 소중함을 잊지 말자는 명언 (Do not get fooled by something familiar and forget what is priceless.)이 있습니다.\n\n 부모님께서 매일 해주시는 아침밥이나, 너무 친해서 매일 맛있는 간식을 사주는 친구 등 처음에는 매우 감사했지만 반복되는 호의에 우리는 소중함을 잊어가기도 합니다.\n\n 작은 소중함일지라도 그 소중함을 잃게 되면 호의를 베푸는 사람 입장에서는 매우 당황스럽고 기분이 나쁠 수 있어요.\n\n 여러분은 익숙함에 속아 소중함을 잊었던 사례와 그로 인해 상대방의 기분을 나쁘게 했던 경험이 있나요? 만약 있다면 관계를 회복하기 위해 어떤 노력을 하셨나요? 본인의 경험을 작성해주세요.\n\n 만약 그런 적이 없다면 주변의 이야기나 본인에게 소중함을 주는 사람들에 관해 설명해주세요.",
    "essay_type": "글짓기",
    "essay_level": "2",
    "essay_len": 1093,
    "essay_main_subject": "소중함을 잃었던 경험"
  }
}