{
  "paragraph": [
    {
      "paragraph_txt": "코로나 19와 함께 1년 반이란 시간이 지나는 동안 가족은 어떤 변화를 겪고 있을까요?#@문장구분# 가족의 의미를 묻는 질문에 답을 한다면 대부분 고맙다, 편안하다 라는 이미지를 떠올리게 될 것입니다.#@문장구분# 코로나 19로 인해 우리는 가족의 소중함을 더더욱 느낀 계기가 된 듯 합니다.#@문장구분# 전에는 잘 보이지 않던 것들이 어느새 조금씩 보이기 시작하더군요.#@문장구분# 자연스레 가족이 집안에 머무는 시간이 길어지게 되면서 거리두기가 본격화된 이후 자영업을 하시는 아버지는 부쩍 힘들어하시는 모습이고, 어머니 역시 주위 분들과의 교류가 줄어들다 보니 많이 의기소침해지신 모양입니다.#@문장구분# 동생과 저는 학교에 가지 않는 날이 생기고, 집에 머무는 시간이 많아지면서 무기력해지고 남는 시간을 대부분 핸드폰으로 채우다 보니 둘 다 피폐해져만 가고 그로 인해 부모님과의 갈등도 쌓여만 갑니다.#@문장구분# 팬데믹 사태 이후 부부 갈등이나, 부모 자식 간의 갈등이 심해졌다는 뉴스 기사를 본 적도 있습니다.#@문장구분# 이처럼 가족에 대한 소중함이나 애틋함이 더더욱 애절하게 느껴지게 되는 반면 갈등을 조장하는 요소로 코로나 19는 일상을 지배하고 있다고 해도 과언이 아닙니다.#@문장구분# 우리는 모두 지혜를 발휘해야 합니다.#@문장구분# 정말 소중한 것이 무엇인지 자문할 필요가 있고, 깨달을 필요가 있습니다.#@문장구분# 왜냐하면 일상속에 소소한 소중함이나 간절함은 한정적으로 특정한 사람에게만 느껴야 하는 것은 아닐 것이기 때문입니다.#@문장구분# 우리가 이렇게 일상의 소중함을 모르고 지나치는 가운데 내일의 일을 아무도 점칠 수 없고 또 어떤 불행이나 사고는 누군가를 피해가는 그런 요소들이 아니기 때문입니다.#@문장구분# 늘 제 편이 되어 주시고 능력껏 서포트를 해주시는 가족의 평화를 위해 노력하시는 부모님의 소중함,형을 최대한 윗사람으로 대해주고 존중해주는 동생, 가족의 소중함은 그 무엇도 대신할 수 없을 것 같습니다.#@문장구분#",
      "paragraph_len": 1154,
      "paragraph_id": "001"
    }
  ],
  "score": {
    "paragraph_score": [
      {
        "paragraph_scoreT": [
          3,
          3,
          3
        ],
        "paragraph_scoreT_detail": {
          "paragraph_scoreT_exp": [
            [
              3,
              3,
              3
            ],
            [
              3,
              3,
              3
            ],
            [
              3,
              3,
              3
            ]
          ]
        },
        "paragraph_scoreT_avg": 3,
        "paragraph_id": "001"
      }
    ],
    "essay_scoreT": [
      29.5,
      29.5,
      30
    ],
    "essay_scoreT_avg": 29.666666,
    "essay_scoreT_detail": {
      "essay_scoreT_org": [
        [
          3,
          3,
          3,
          3
        ],
        [
          3,
          3,
          3,
          3
        ],
        [
          3,
          3,
          3,
          3
        ]
      ],
      "essay_scoreT_cont": [
        [
          3,
          3,
          0,
          2
        ],
        [
          3,
          3,
          0,
          2
        ],
        [
          3,
          3,
          0,
          3
        ]
      ],
      "essay_scoreT_exp": [
        [
          3,
          3,
          3
        ],
        [
          3,
          3,
          3
        ],
        [
          3,
          3,
          3
        ]
      ]
    }
  },
  "student": {
    "date": "2021.12.13",
    "student_educated": true,
    "student_grade": "고등_1학년",
    "location": "063",
    "student_grade_group": "고등",
    "student_reading": 1
  },
  "rubric": {
    "essay_grade": "고등_1학년",
    "organization_weight": {
      "org_paragraph": 2,
      "org": 2,
      "org_essay": 4,
      "org_coherence": 2,
      "org_quantity": 1
    },
    "essay_type": "글짓기",
    "content_weight": {
      "con_clearance": 4,
      "con_novelty": 3,
      "con": 4,
      "con_prompt": 0,
      "con_description": 1
    },
    "essay_main_subject": "소중함을 잃었던 경험",
    "expression_weight": {
      "exp_style": 1,
      "exp_grammar": 2,
      "exp_vocab": 3,
      "exp": 4
    }
  },
  "correction": [],
  "info": {
    "essay_id": "ESSAY_62976",
    "essay_prompt": " 익숙함에 속아 소중함을 잊지 말자는 명언 (Do not get fooled by something familiar and forget what is priceless.)이 있습니다.\n\n 부모님께서 매일 해주시는 아침밥이나, 너무 친해서 매일 맛있는 간식을 사주는 친구 등 처음에는 매우 감사했지만 반복되는 호의에 우리는 소중함을 잊어가기도 합니다.\n\n 작은 소중함일지라도 그 소중함을 잃게 되면 호의를 베푸는 사람 입장에서는 매우 당황스럽고 기분이 나쁠 수 있어요.\n\n 여러분은 익숙함에 속아 소중함을 잊었던 사례와 그로 인해 상대방의 기분을 나쁘게 했던 경험이 있나요? 만약 있다면 관계를 회복하기 위해 어떤 노력을 하셨나요? 본인의 경험을 작성해주세요.\n\n 만약 그런 적이 없다면 주변의 이야기나 본인에게 소중함을 주는 사람들에 관해 설명해주세요.",
    "essay_type": "글짓기",
    "essay_level": "2",
    "essay_len": 894,
    "essay_main_subject": "소중함을 잃었던 경험"
  }
}