{
  "paragraph": [
    {
      "paragraph_txt": "중학교 3학년 시절 단짝 친구를 잃은 경험이 있었다.#@문장구분# 고등학교 진학을 앞둔 상황에서 일반고와 실업고 원서를 쓰면서 던진 나의 말한마디에 친구와의 긴 우정이 끝이나버렸다.#@문장구분#",
      "paragraph_len": 134,
      "paragraph_id": "001"
    },
    {
      "paragraph_txt": "무심코 던진 말한마디 말의 소중함을 다시 한번 깨닳게 해주었다.#@문장구분# 실업고 진학을 앞둔 친구에게 거기 좀 가면어때라는 그냥 무심코 던진말이 친구에게는 엄청난 큰 상처로 남아 지금도 그친구와의 연락을 해보았지만 어렵다.#@문장구분# 어떠한 감정을 실어서 얘기한것도 악의적으로 표현한 것도 아니었다.#@문장구분# 시간이 지난 지금에서야 되돌아보니 말이라는게 하는 사람 그리고 듣는 사람의 입장이 다르다는 것을 늦게서야 깨닳았다.#@문장구분# 늘 항상 함께할 것만 같았던 나의 소중한 친구도 그냥 아무렇지 않게 던진 나의 말한마디에 지금까지 연락이 되지 않는다.#@문장구분# 친구들을 통해 수없이 많이 시도해보았지만 쉽지가 않았다.#@문장구분# 옛속담에 말한마디에 천냥빚도 갚는다는 말이있다.#@문장구분# 그 속담이 정말 절실하게 와 닿는 그리고 말의 소중함을 다시 되새겨 보는 그런 마음아픈 경험이었다.#@문장구분# 내가 던진 돌맹이에 누군가는 상처가 그리고 아픔이었다는 것을 말이다.#@문장구분# 오랜 시간이 흘러 언젠가는 그 친구에게 다시 진정성있는 사과를 통해 친구의 마음을 풀어주고 싶다.#@문장구분# 그리고 소중한 나의 친구를 다시 만나고 싶다.#@문장구분# 소중한 것을 잃기 전에 그것을 지키기 위해 무단히 노력하고 조심해야하겠다.#@문장구분# 모든 것이 다 소중하겠지만 특히나 말의 소중함을 내가 살아가는 현재 가장 뼈져리게 느끼고 있다.#@문장구분# 말의 소중함에 대해 말이다.#@문장구분#",
      "paragraph_len": 915,
      "paragraph_id": "002"
    }
  ],
  "score": {
    "paragraph_score": [
      {
        "paragraph_scoreT": [
          3,
          3,
          3
        ],
        "paragraph_scoreT_detail": {
          "paragraph_scoreT_exp": [
            [
              3,
              3,
              3
            ],
            [
              3,
              3,
              3
            ],
            [
              3,
              3,
              3
            ]
          ]
        },
        "paragraph_scoreT_avg": 3,
        "paragraph_id": "001"
      },
      {
        "paragraph_scoreT": [
          2.3333333,
          2.6666667,
          3
        ],
        "paragraph_scoreT_detail": {
          "paragraph_scoreT_exp": [
            [
              3,
              2,
              2
            ],
            [
              2,
              3,
              3
            ],
            [
              3,
              3,
              3
            ]
          ]
        },
        "paragraph_scoreT_avg": 2.6666667,
        "paragraph_id": "002"
      }
    ],
    "essay_scoreT": [
      23.777779,
      28,
      30
    ],
    "essay_scoreT_avg": 27.25926,
    "essay_scoreT_detail": {
      "essay_scoreT_org": [
        [
          2,
          3,
          2,
          2
        ],
        [
          3,
          3,
          3,
          3
        ],
        [
          3,
          3,
          3,
          3
        ]
      ],
      "essay_scoreT_cont": [
        [
          2,
          3,
          0,
          3
        ],
        [
          3,
          3,
          0,
          3
        ],
        [
          3,
          3,
          0,
          3
        ]
      ],
      "essay_scoreT_exp": [
        [
          3,
          2,
          2
        ],
        [
          2,
          3,
          2
        ],
        [
          3,
          3,
          3
        ]
      ]
    }
  },
  "student": {
    "date": "2021.11.05",
    "student_educated": true,
    "student_grade": "고등_1학년",
    "location": "063",
    "student_grade_group": "고등",
    "student_reading": 1
  },
  "rubric": {
    "essay_grade": "고등_1학년",
    "organization_weight": {
      "org_paragraph": 2,
      "org": 2,
      "org_essay": 4,
      "org_coherence": 2,
      "org_quantity": 1
    },
    "essay_type": "글짓기",
    "content_weight": {
      "con_clearance": 4,
      "con_novelty": 3,
      "con": 4,
      "con_prompt": 0,
      "con_description": 1
    },
    "essay_main_subject": "소중함을 잃었던 경험",
    "expression_weight": {
      "exp_style": 1,
      "exp_grammar": 2,
      "exp_vocab": 3,
      "exp": 4
    }
  },
  "correction": [],
  "info": {
    "essay_id": "ESSAY_40871",
    "essay_prompt": " 익숙함에 속아 소중함을 잊지 말자는 명언 (Do not get fooled by something familiar and forget what is priceless.)이 있습니다.\n\n 부모님께서 매일 해주시는 아침밥이나, 너무 친해서 매일 맛있는 간식을 사주는 친구 등 처음에는 매우 감사했지만 반복되는 호의에 우리는 소중함을 잊어가기도 합니다.\n\n 작은 소중함일지라도 그 소중함을 잃게 되면 호의를 베푸는 사람 입장에서는 매우 당황스럽고 기분이 나쁠 수 있어요.\n\n 여러분은 익숙함에 속아 소중함을 잊었던 사례와 그로 인해 상대방의 기분을 나쁘게 했던 경험이 있나요? 만약 있다면 관계를 회복하기 위해 어떤 노력을 하셨나요? 본인의 경험을 작성해주세요.\n\n 만약 그런 적이 없다면 주변의 이야기나 본인에게 소중함을 주는 사람들에 관해 설명해주세요.",
    "essay_type": "글짓기",
    "essay_level": "2",
    "essay_len": 731,
    "essay_main_subject": "소중함을 잃었던 경험"
  }
}