{
  "paragraph": [
    {
      "paragraph_txt": "사람은 내일 일을 알지 못하는 존재입니다.#@문장구분# 그래서 성경에서 야고보는 \"너희 생명이 무엇이냐? 너희는 잠시 보이다가 없어지는 안개니라\"고 말했습니다.#@문장구분# 서양 연극 중에 <단지 15분>이란 작품이 있습니다.#@문장구분# 어려서부터 총명하던 주인공은 우수한 성적으로 박사과정을 수료하고, 논문 심사에서도 극찬을 받았습니다.#@문장구분# 이제 학위 받을 날짜만 기다리면 되었습니다.#@문장구분# 그의 전도 유망한 앞날은 장및빛 그 자체였습니다.#@문장구분# 그러던 어느 날 가슴에 통증을 느껴 정밀검사를 받았는데 검사 결과는 청천벽력 같은 진단으로 나왔습니다.#@문장구분# 시한부 인생이라는 것입니다.#@문장구분# 그에게 남은 시간은 단지 15분이었습니다.#@문장구분# 너무 큰 충격을 받아 넋을 잃고 있는 사이 5분이 지나갔습니다.#@문장구분# 이제 남은 시간은 10분이었습니다.#@문장구분# 이때 그의 병실에 한 통의 전보가 왔습니다.#@문장구분# 억만장자였던 삼촌이 방금 돌아가셨다는 소식을 전하며 \"상속을 받을 사람은 당신뿐이니 속히 상속 절차를 받으라\"는 내용이었습니다.#@문장구분# 그러나 죽음을 앞두고 있는 그에게는 재산이 아무런 의미가 없었습니다.#@문장구분# 운명의 시간은 또다시 줄어들었습니다.#@문장구분# 그때 또 한 통의 전보가 도착했습니다.#@문장구분# 그의 박사 학위 논문이 '최우수 논문상'을 받게 되었다는 것입니다.#@문장구분# 그것도 죽어가는 그에게는 아무런 위안이 되지 않았습니다.#@문장구분# 절망에 빠진 그에게 또 다른 전보가 왔습니다.#@문장구분# 그토록 애타게 기다리던 연인으로부터 결혼 승락을 했다는 소식이었습니다.#@문장구분# 그것도 그의 죽음을 향해 째깍거리는 시계추를 멈추게 할 수는 없었습니다.#@문장구분# 마침내 그에게는 주어진 15분이 다 지나고 그는 숨을 거두고 말았습니다.#@문장구분# 이 작품이 강조한 것이 무엇이겠습니까?#@문장구분# 이 세상에서 사람의 목숨보다 더 소중한 것이 없다는 사실입니다.#@문장구분#",
      "paragraph_len": 1317,
      "paragraph_id": "001"
    }
  ],
  "score": {
    "paragraph_score": [
      {
        "paragraph_scoreT": [
          3,
          2,
          2
        ],
        "paragraph_scoreT_detail": {
          "paragraph_scoreT_exp": [
            [
              3,
              3,
              3
            ],
            [
              2,
              2,
              2
            ],
            [
              2,
              2,
              2
            ]
          ]
        },
        "paragraph_scoreT_avg": 2.3333333,
        "paragraph_id": "001"
      }
    ],
    "essay_scoreT": [
      30,
      22.222221,
      22.222221
    ],
    "essay_scoreT_avg": 24.814814,
    "essay_scoreT_detail": {
      "essay_scoreT_org": [
        [
          3,
          3,
          3,
          3
        ],
        [
          2,
          2,
          2,
          3
        ],
        [
          2,
          2,
          2,
          3
        ]
      ],
      "essay_scoreT_cont": [
        [
          3,
          3,
          0,
          3
        ],
        [
          2,
          3,
          0,
          3
        ],
        [
          2,
          3,
          0,
          3
        ]
      ],
      "essay_scoreT_exp": [
        [
          3,
          3,
          3
        ],
        [
          2,
          2,
          2
        ],
        [
          2,
          2,
          2
        ]
      ]
    }
  },
  "student": {
    "date": "2021.12.16",
    "student_educated": true,
    "student_grade": "고등_1학년",
    "location": "041",
    "student_grade_group": "고등",
    "student_reading": 1
  },
  "rubric": {
    "essay_grade": "고등_1학년",
    "organization_weight": {
      "org_paragraph": 2,
      "org": 2,
      "org_essay": 4,
      "org_coherence": 2,
      "org_quantity": 1
    },
    "essay_type": "글짓기",
    "content_weight": {
      "con_clearance": 4,
      "con_novelty": 3,
      "con": 4,
      "con_prompt": 0,
      "con_description": 1
    },
    "essay_main_subject": "소중함을 잃었던 경험",
    "expression_weight": {
      "exp_style": 1,
      "exp_grammar": 2,
      "exp_vocab": 3,
      "exp": 4
    }
  },
  "correction": [],
  "info": {
    "essay_id": "ESSAY_66126",
    "essay_prompt": " 익숙함에 속아 소중함을 잊지 말자는 명언 (Do not get fooled by something familiar and forget what is priceless.)이 있습니다.\n\n 부모님께서 매일 해주시는 아침밥이나, 너무 친해서 매일 맛있는 간식을 사주는 친구 등 처음에는 매우 감사했지만 반복되는 호의에 우리는 소중함을 잊어가기도 합니다.\n\n 작은 소중함일지라도 그 소중함을 잃게 되면 호의를 베푸는 사람 입장에서는 매우 당황스럽고 기분이 나쁠 수 있어요.\n\n 여러분은 익숙함에 속아 소중함을 잊었던 사례와 그로 인해 상대방의 기분을 나쁘게 했던 경험이 있나요? 만약 있다면 관계를 회복하기 위해 어떤 노력을 하셨나요? 본인의 경험을 작성해주세요.\n\n 만약 그런 적이 없다면 주변의 이야기나 본인에게 소중함을 주는 사람들에 관해 설명해주세요.",
    "essay_type": "글짓기",
    "essay_level": "2",
    "essay_len": 832,
    "essay_main_subject": "소중함을 잃었던 경험"
  }
}