{
  "paragraph": [
    {
      "paragraph_txt": "나는 항상 친구들과 있기를 좋아했고 친구들이 없다면 살기도 싫을 만큼 어울려지내는 것을 좋아했다.#@문장구분# 학교가는 것도 좋아할 지경이다.#@문장구분# 이렇기 때문에 주위에 있는 친구들도 나와 같이 잘 놀아주고 항상 즐겁게 매일매일이 행복하게 지냈었다.#@문장구분# 한날 나는 여자친구가 생길것만 같았고 친구들과 항상 같이 얘기하며 즐거움을 공유하면서 지내왔다.#@문장구분# 그러다 나는 결국 여자친구가 생기게 되었다.#@문장구분# 나는 처음에는 친구들과 여자친구를 거의 동일시 하게 놀았다.#@문장구분# 하지만 나는 학원이4개정도로 생각보다 많이 다니고 있었는데 학원을 하나 더 다니게 되면서 시간이 잘 나지 않게 되었다.#@문장구분# 그리하여 나는 그 작은 시간을 친구들과 사용하지 않고 새로 생기게 된 여자친구와거의 보내게 되었다.#@문장구분# 이렇게 친구들과는 점점 지내는 시간이 줄게 되고,친구들의 연락마저 보는 시간이 줄게되면서 점점 멀어지게 되었다.#@문장구분# 한날 나는 느낄 수 있었다.#@문장구분# 오랫동안 만난 친구들이 있었고,얼마 만나지 않았지만 제일 친하게된 여자친구가 있었는데 오랫동안 만난친구들과 조금 어색해지고 조금 멀어졌다고 계속 내곁에서 같이 놀아주겟지 하며 익숙함에 속아 소중함을 잃었었던것 같다.#@문장구분# 여자친구와 헤어지고 나서야 더 뼈져리게 느껴졋다.#@문장구분# 정말 내가 더 잘해야 친구들이라는 소중함을 잃지않고 지속적으로 유지하면서 지낼 수 있고,항상 더 잘해줘야 겠다고. 지금부터라도 친구들에 대한 소중함을 잃지않는 삶을 살도록 노력해야겠다.#@문장구분#",
      "paragraph_len": 957,
      "paragraph_id": "001"
    }
  ],
  "score": {
    "paragraph_score": [
      {
        "paragraph_scoreT": [
          3,
          2,
          2
        ],
        "paragraph_scoreT_detail": {
          "paragraph_scoreT_exp": [
            [
              3,
              3,
              3
            ],
            [
              2,
              2,
              2
            ],
            [
              2,
              2,
              2
            ]
          ]
        },
        "paragraph_scoreT_avg": 2.3333333,
        "paragraph_id": "001"
      }
    ],
    "essay_scoreT": [
      30,
      23.61111,
      26
    ],
    "essay_scoreT_avg": 26.537039,
    "essay_scoreT_detail": {
      "essay_scoreT_org": [
        [
          3,
          3,
          3,
          3
        ],
        [
          3,
          2,
          2,
          3
        ],
        [
          3,
          3,
          3,
          3
        ]
      ],
      "essay_scoreT_cont": [
        [
          3,
          3,
          0,
          3
        ],
        [
          3,
          2,
          0,
          3
        ],
        [
          3,
          3,
          0,
          3
        ]
      ],
      "essay_scoreT_exp": [
        [
          3,
          3,
          3
        ],
        [
          2,
          2,
          2
        ],
        [
          2,
          2,
          2
        ]
      ]
    }
  },
  "student": {
    "date": "2021.12.16",
    "student_educated": true,
    "student_grade": "고등_1학년",
    "location": "051",
    "student_grade_group": "고등",
    "student_reading": 1
  },
  "rubric": {
    "essay_grade": "고등_1학년",
    "organization_weight": {
      "org_paragraph": 2,
      "org": 2,
      "org_essay": 4,
      "org_coherence": 2,
      "org_quantity": 1
    },
    "essay_type": "글짓기",
    "content_weight": {
      "con_clearance": 4,
      "con_novelty": 3,
      "con": 4,
      "con_prompt": 0,
      "con_description": 1
    },
    "essay_main_subject": "소중함을 잃었던 경험",
    "expression_weight": {
      "exp_style": 1,
      "exp_grammar": 2,
      "exp_vocab": 3,
      "exp": 4
    }
  },
  "correction": [],
  "info": {
    "essay_id": "ESSAY_65822",
    "essay_prompt": " 익숙함에 속아 소중함을 잊지 말자는 명언 (Do not get fooled by something familiar and forget what is priceless.)이 있습니다.\n\n 부모님께서 매일 해주시는 아침밥이나, 너무 친해서 매일 맛있는 간식을 사주는 친구 등 처음에는 매우 감사했지만 반복되는 호의에 우리는 소중함을 잊어가기도 합니다.\n\n 작은 소중함일지라도 그 소중함을 잃게 되면 호의를 베푸는 사람 입장에서는 매우 당황스럽고 기분이 나쁠 수 있어요.\n\n 여러분은 익숙함에 속아 소중함을 잊었던 사례와 그로 인해 상대방의 기분을 나쁘게 했던 경험이 있나요? 만약 있다면 관계를 회복하기 위해 어떤 노력을 하셨나요? 본인의 경험을 작성해주세요.\n\n 만약 그런 적이 없다면 주변의 이야기나 본인에게 소중함을 주는 사람들에 관해 설명해주세요.",
    "essay_type": "글짓기",
    "essay_level": "2",
    "essay_len": 697,
    "essay_main_subject": "소중함을 잃었던 경험"
  }
}