{
  "paragraph": [
    {
      "paragraph_txt": "어릴 적 나는 마트에서 파는 거북이를 사서 키워본 적이 있었다.#@문장구분# 거북이의 특성상 거북이는 배변을 많이 하고, 온도에 민감할뿐더러, 먹이를 먹고 난 후 음식 찌꺼기가 많은 편이기 때문에 환수를 자주 하여 유지를 해주어야 한다.#@문장구분# 초반에는 당연히 거북이에 대해 신경을 온갖 쏟아 부었지만, 시간이 흘러 갈 수록 해야 할 일도 많고 관심을 줄 시간이 부족하여 거북이에 대한 관심이 점점 더 떨어져만 갔던 것 같다.#@문장구분# 어항 청소를 주기적으로 해주어야 하는데, 그 어항 청소를 내가 아닌 어머니께서 거의 하셨고, 거북이에게 줄 먹이도 거의 내가 주지 않았던 것 같다.#@문장구분# 그로부터 몇 달이 지난 후, 자고 일어나보니 거북이가 어항 안에서 움직이질 않길래 별 상관 없이 거북이가 단지 잠을 자는 것인 줄 알고 신경을 쓰지 않고 지냈지만, 거북이는 이미 세상을 떠난 뒤였다.#@문장구분# 거북이가 세상을 떠난 것을 본 나는 거북이에게 미안하고 유감스러운 감정이 들었다.#@문장구분# 거북이를 앞마당에 묻어주고 난 후 몇 달 뒤 누나의 권유로 집에서 강아지를 키우게 되었다.#@문장구분# 강아지를 관리하면서 잘 관리해주지 못하였던 거북이에 관한 생각이 자주 들곤 하였다.#@문장구분# 강아지 만큼은 거북이와 달리 신경을 많이 써주어야겠다고 마음을 먹고, 내가 할 수 있는 최대한 강아지를 돌보고 있는 중이다.#@문장구분# 강아지를 잘 돌볼 수 있도록 하기 위한 다양한 정보들을 찾아보고 강아지가 아프지 않도록 관리하여 오래오래 같이 생활하고 싶다고 생각함과 동시에 동물들의 생명이 인간의 생명처럼 중요한 만큼 동물들에게 관심과 사랑을 가지고 여러가지 동물과 관련된 운동이나 캠페인 등에 적극적으로 참여하는 태도를 가져야 겠다고 다짐하였다.#@문장구분#",
      "paragraph_len": 1014,
      "paragraph_id": "001"
    }
  ],
  "score": {
    "paragraph_score": [
      {
        "paragraph_scoreT": [
          3,
          3,
          3
        ],
        "paragraph_scoreT_detail": {
          "paragraph_scoreT_exp": [
            [
              3,
              3,
              3
            ],
            [
              3,
              3,
              3
            ],
            [
              3,
              3,
              3
            ]
          ]
        },
        "paragraph_scoreT_avg": 3,
        "paragraph_id": "001"
      }
    ],
    "essay_scoreT": [
      30,
      28.5,
      24.222221
    ],
    "essay_scoreT_avg": 27.574074,
    "essay_scoreT_detail": {
      "essay_scoreT_org": [
        [
          3,
          3,
          3,
          3
        ],
        [
          3,
          3,
          3,
          3
        ],
        [
          2,
          2,
          2,
          3
        ]
      ],
      "essay_scoreT_cont": [
        [
          3,
          3,
          0,
          3
        ],
        [
          3,
          2,
          0,
          3
        ],
        [
          2,
          2,
          0,
          2
        ]
      ],
      "essay_scoreT_exp": [
        [
          3,
          3,
          3
        ],
        [
          3,
          3,
          3
        ],
        [
          3,
          3,
          3
        ]
      ]
    }
  },
  "student": {
    "date": "2021.10.23",
    "student_educated": true,
    "student_grade": "고등_1학년",
    "location": "063",
    "student_grade_group": "고등",
    "student_reading": 1
  },
  "rubric": {
    "essay_grade": "고등_1학년",
    "organization_weight": {
      "org_paragraph": 2,
      "org": 2,
      "org_essay": 4,
      "org_coherence": 2,
      "org_quantity": 1
    },
    "essay_type": "글짓기",
    "content_weight": {
      "con_clearance": 4,
      "con_novelty": 3,
      "con": 4,
      "con_prompt": 0,
      "con_description": 1
    },
    "essay_main_subject": "소중함을 잃었던 경험",
    "expression_weight": {
      "exp_style": 1,
      "exp_grammar": 2,
      "exp_vocab": 3,
      "exp": 4
    }
  },
  "correction": [],
  "info": {
    "essay_id": "ESSAY_42736",
    "essay_prompt": " 익숙함에 속아 소중함을 잊지 말자는 명언 (Do not get fooled by something familiar and forget what is priceless.)이 있습니다.\n\n 부모님께서 매일 해주시는 아침밥이나, 너무 친해서 매일 맛있는 간식을 사주는 친구 등 처음에는 매우 감사했지만 반복되는 호의에 우리는 소중함을 잊어가기도 합니다.\n\n 작은 소중함일지라도 그 소중함을 잃게 되면 호의를 베푸는 사람 입장에서는 매우 당황스럽고 기분이 나쁠 수 있어요.\n\n 여러분은 익숙함에 속아 소중함을 잊었던 사례와 그로 인해 상대방의 기분을 나쁘게 했던 경험이 있나요? 만약 있다면 관계를 회복하기 위해 어떤 노력을 하셨나요? 본인의 경험을 작성해주세요.\n\n 만약 그런 적이 없다면 주변의 이야기나 본인에게 소중함을 주는 사람들에 관해 설명해주세요.",
    "essay_type": "글짓기",
    "essay_level": "2",
    "essay_len": 814,
    "essay_main_subject": "소중함을 잃었던 경험"
  }
}