{
  "paragraph": [
    {
      "paragraph_txt": "우리는 살면서 아주 당연하게 생각하고 있는 것들이 있습니다.#@문장구분# 그러나 당연하다고 여겼던 것이 알고 보니 정말이지 소중하고 중요한 존재였다는 것을 뒤늦게 깨닫곤 합니다.#@문장구분# 소중한 것은 너무나도 많지만 그 중 한 가지 예는 바로 병원에서 볼수 있습니다.#@문장구분# 바로, 사람의 건강이라고 할 수 있겠습니다.#@문장구분# 건강 할 때에는 건강의 소중함에 대해 알지 못합니다.#@문장구분# 당연히 누려야 할 권리라고 생각합니다.#@문장구분# 그런데 어느 날 허리라도 아픈 상황이 찾아온다면?#@문장구분# 의자에 앉아 있는 것도 곤욕이고 서서 어딘가 움직이는 것도 힘들 수 있습니다.#@문장구분# 하루 종일 누워서 생활하다 보면 비로소 건강이 얼마나 중요한지 깨달을 수 있습니다.#@문장구분# 우리는 건강의 소중함에 대해 뼈저리게 느끼는 일이 평소에 없습니다.#@문장구분# 건강할 때 건강을 챙기는 현명한 모습을 보였으면 합니다.#@문장구분# 건강을 챙긴다는 것에 의미는 두 가지가 있을 것입니다.#@문장구분# 하나는 애초에 문제가 생기지 않게 잘하는 것이고 또 하나는 문제가 생기게 되었을 때, 더 큰 문제로 번지지 않게 빠르게 진압하는 것입니다.#@문장구분# 노화는 자연스러운 현상이므로 배제하고, 모두가 공평한 상황에서 갑작스럽게 건강에 찾아올 수 있는 위기 상황으로는 교통사고가 대표적일 것입니다.#@문장구분# 갑자기 사고라도 당하게 되면 우리의 건강은 크게 흔들릴 것입니다.#@문장구분# 말 그대로 갑작스럽게 건강에 적신호가 켜지는 것입니다.#@문장구분# 당장에는 별 문제 없다가 서서히 나타나 점점 심해지는 경우도 있습니다.#@문장구분# 건강이 우리의 가장 소중한 것입니다.#@문장구분# 그래야 소중한 것을 잃지 않습니다.#@문장구분#",
      "paragraph_len": 1121,
      "paragraph_id": "001"
    }
  ],
  "score": {
    "paragraph_score": [
      {
        "paragraph_scoreT": [
          3,
          3,
          3
        ],
        "paragraph_scoreT_detail": {
          "paragraph_scoreT_exp": [
            [
              3,
              3,
              3
            ],
            [
              3,
              3,
              3
            ],
            [
              3,
              3,
              3
            ]
          ]
        },
        "paragraph_scoreT_avg": 3,
        "paragraph_id": "001"
      }
    ],
    "essay_scoreT": [
      30,
      30,
      30
    ],
    "essay_scoreT_avg": 30,
    "essay_scoreT_detail": {
      "essay_scoreT_org": [
        [
          3,
          3,
          3,
          3
        ],
        [
          3,
          3,
          3,
          3
        ],
        [
          3,
          3,
          3,
          3
        ]
      ],
      "essay_scoreT_cont": [
        [
          3,
          3,
          0,
          3
        ],
        [
          3,
          3,
          0,
          3
        ],
        [
          3,
          3,
          0,
          3
        ]
      ],
      "essay_scoreT_exp": [
        [
          3,
          3,
          3
        ],
        [
          3,
          3,
          3
        ],
        [
          3,
          3,
          3
        ]
      ]
    }
  },
  "student": {
    "date": "2021.12.16",
    "student_educated": true,
    "student_grade": "고등_1학년",
    "location": "041",
    "student_grade_group": "고등",
    "student_reading": 1
  },
  "rubric": {
    "essay_grade": "고등_1학년",
    "organization_weight": {
      "org_paragraph": 2,
      "org": 2,
      "org_essay": 4,
      "org_coherence": 2,
      "org_quantity": 1
    },
    "essay_type": "글짓기",
    "content_weight": {
      "con_clearance": 4,
      "con_novelty": 3,
      "con": 4,
      "con_prompt": 0,
      "con_description": 1
    },
    "essay_main_subject": "소중함을 잃었던 경험",
    "expression_weight": {
      "exp_style": 1,
      "exp_grammar": 2,
      "exp_vocab": 3,
      "exp": 4
    }
  },
  "correction": [],
  "info": {
    "essay_id": "ESSAY_66134",
    "essay_prompt": " 익숙함에 속아 소중함을 잊지 말자는 명언 (Do not get fooled by something familiar and forget what is priceless.)이 있습니다.\n\n 부모님께서 매일 해주시는 아침밥이나, 너무 친해서 매일 맛있는 간식을 사주는 친구 등 처음에는 매우 감사했지만 반복되는 호의에 우리는 소중함을 잊어가기도 합니다.\n\n 작은 소중함일지라도 그 소중함을 잃게 되면 호의를 베푸는 사람 입장에서는 매우 당황스럽고 기분이 나쁠 수 있어요.\n\n 여러분은 익숙함에 속아 소중함을 잊었던 사례와 그로 인해 상대방의 기분을 나쁘게 했던 경험이 있나요? 만약 있다면 관계를 회복하기 위해 어떤 노력을 하셨나요? 본인의 경험을 작성해주세요.\n\n 만약 그런 적이 없다면 주변의 이야기나 본인에게 소중함을 주는 사람들에 관해 설명해주세요.",
    "essay_type": "글짓기",
    "essay_level": "2",
    "essay_len": 741,
    "essay_main_subject": "소중함을 잃었던 경험"
  }
}