{
  "paragraph": [
    {
      "paragraph_txt": "엄마께서 얼마전에 눈이 잘 않보이신다고 안경점에 가서 안경을 맞춰오셨습니다.#@문장구분# 안경을 쓰신 모습이 웃겨서 제가 웃었더니 왜 웃냐며 이상하냐고 물어보십니다.#@문장구분# 엄마는 거울을 보시면서 나도 예뻣는데 이렇게 늙고 눈도 이제 않보이네 하시며 엷은 미소를 보이셨습니다.#@문장구분# 그러시면서 \" 너, 핸드폰이랑 컴퓨터 조금만해. 눈은 한번 나빠지면 복구가 않된다드라. 눈 관리 잘해야해.\" 라고 말씀하셨습니다.#@문장구분# 한번도 눈이 나빠서 잘 않보이거나 한적이 없기 때문에 눈의 소중함을 잘 모르고 살았던가 봅니다.#@문장구분# 엄마는 않쓰던 안경을 쓰니까 앞은 잘보이는데 불편해 죽겠다고 하십니다.#@문장구분# 콧등도 아프고 관자놀이도 아프고 요리할때 하얗게 성애도 생긴다시면서 또 눈관리 잘하라고 잔소리를 하십니다.#@문장구분# 그말씀을 들으면서 생각해보니 우리 몸에서 눈이 없으면 어떨까요?#@문장구분# 눈이 없으면 앞이 않보이고 돌아다니지도 못하고 책도 못보고 좋아하는 드라마도 못보고 불편한 일이 한두가지가 아닐 것입니다.#@문장구분# 거울을 보고 치장을 하거나 화장도 하지 못하게 되어서 않그래도 못생긴 얼굴이 더 못생겨 보일것이 뻔합니다.#@문장구분# 이런 소중한 눈은 보호해야 겠다고 생각했습니다.#@문장구분# 오늘부터 핸드폰도 조금만 하고 어두운 곳에서 밝은 화면을 보는 그런 바보짓을 하지 않겠다고 약속했습니다.#@문장구분# 그리고 눈이 피곤하면 따뜻하게 찜질을 한다거나 인공눈물을 넣어서 촉촉하게 유지하면 좋다고 합니다.#@문장구분# 엄마에게 이런 정보도 설명해 주고 같이 누워서 눈 찜질을 합니다.#@문장구분# 그냥 당연히 보이고 불편함을 느끼지 못하기 때문에 눈이 얼마나 소중하고 시력유지가 중요한것인지 잘 모르고 살아가고 있습니다.#@문장구분# 앞으로 눈을 보호하고 시력이 손상되지 않도록 해야겠다고 생각합니다.#@문장구분# 우리 눈은 소중하니까요.#@문장구분#",
      "paragraph_len": 1175,
      "paragraph_id": "001"
    }
  ],
  "score": {
    "paragraph_score": [
      {
        "paragraph_scoreT": [
          2.6666667,
          2.6666667,
          3
        ],
        "paragraph_scoreT_detail": {
          "paragraph_scoreT_exp": [
            [
              2,
              3,
              3
            ],
            [
              2,
              3,
              3
            ],
            [
              3,
              3,
              3
            ]
          ]
        },
        "paragraph_scoreT_avg": 2.777778,
        "paragraph_id": "001"
      }
    ],
    "essay_scoreT": [
      27.166668,
      27.166668,
      30
    ],
    "essay_scoreT_avg": 28.111113,
    "essay_scoreT_detail": {
      "essay_scoreT_org": [
        [
          3,
          3,
          3,
          3
        ],
        [
          3,
          3,
          3,
          3
        ],
        [
          3,
          3,
          3,
          3
        ]
      ],
      "essay_scoreT_cont": [
        [
          3,
          2,
          0,
          3
        ],
        [
          3,
          2,
          0,
          3
        ],
        [
          3,
          3,
          0,
          3
        ]
      ],
      "essay_scoreT_exp": [
        [
          2,
          3,
          3
        ],
        [
          2,
          3,
          3
        ],
        [
          3,
          3,
          3
        ]
      ]
    }
  },
  "student": {
    "date": "2021.12.15",
    "student_educated": true,
    "student_grade": "고등_1학년",
    "location": "063",
    "student_grade_group": "고등",
    "student_reading": 1
  },
  "rubric": {
    "essay_grade": "고등_1학년",
    "organization_weight": {
      "org_paragraph": 2,
      "org": 2,
      "org_essay": 4,
      "org_coherence": 2,
      "org_quantity": 1
    },
    "essay_type": "글짓기",
    "content_weight": {
      "con_clearance": 4,
      "con_novelty": 3,
      "con": 4,
      "con_prompt": 0,
      "con_description": 1
    },
    "essay_main_subject": "소중함을 잃었던 경험",
    "expression_weight": {
      "exp_style": 1,
      "exp_grammar": 2,
      "exp_vocab": 3,
      "exp": 4
    }
  },
  "correction": [],
  "info": {
    "essay_id": "ESSAY_62947",
    "essay_prompt": " 익숙함에 속아 소중함을 잊지 말자는 명언 (Do not get fooled by something familiar and forget what is priceless.)이 있습니다.\n\n 부모님께서 매일 해주시는 아침밥이나, 너무 친해서 매일 맛있는 간식을 사주는 친구 등 처음에는 매우 감사했지만 반복되는 호의에 우리는 소중함을 잊어가기도 합니다.\n\n 작은 소중함일지라도 그 소중함을 잃게 되면 호의를 베푸는 사람 입장에서는 매우 당황스럽고 기분이 나쁠 수 있어요.\n\n 여러분은 익숙함에 속아 소중함을 잊었던 사례와 그로 인해 상대방의 기분을 나쁘게 했던 경험이 있나요? 만약 있다면 관계를 회복하기 위해 어떤 노력을 하셨나요? 본인의 경험을 작성해주세요.\n\n 만약 그런 적이 없다면 주변의 이야기나 본인에게 소중함을 주는 사람들에 관해 설명해주세요.",
    "essay_type": "글짓기",
    "essay_level": "2",
    "essay_len": 835,
    "essay_main_subject": "소중함을 잃었던 경험"
  }
}