{
  "paragraph": [
    {
      "paragraph_txt": "어린이집에서부터 절친이었고 초등학교,중학교,고등학교 지금까지 함께해온 친구 A가 있다.#@문장구분# 그 친구와 나는 어릴 때부터 만나 친했는데 초등학교 때 같은 반을 한 적이 없어 다른 친구와 더 친해졌다.#@문장구분# 그러다 중학교 3학년 같은 반을 지낸 후 다시 친하게 지내게 되었다.#@문장구분# ",
      "paragraph_len": 208,
      "paragraph_id": "001"
    },
    {
      "paragraph_txt": "고등학교 1학년 학기초 개인사정으로 인해 초등학교 5학년부터 다니던 학원을 바꾸게 되었는데 A가 추천을 해주어서 A와 같은 학원을 다니게 되었다.#@문장구분#  학원을 같이 다니다보니 학교에서는 반이 달라 많이 만나지는 못했지만 학원에서 만나게 되면서 A와 같이 있는 시간이 더 많아졌다.#@문장구분#",
      "paragraph_len": 194,
      "paragraph_id": "002"
    },
    {
      "paragraph_txt": "  A와 나는 성격도 비슷했고 좋아하는 것도 비슷해서 다른 친구들보다 더 친하게 지냈다.#@문장구분# 이렇게 계속 같이 붙어 다니고 같이 다니다 보니 웃고 장난도 많이 치게 됐다.#@문장구분# 즐겁게 지내다 보니 어느새 1학기 중간고사가 다가왔다.#@문장구분# 중간고사 대비를 하니 학원에 있는 시간이 더 많아졌다.#@문장구분# ",
      "paragraph_len": 236,
      "paragraph_id": "003"
    },
    {
      "paragraph_txt": "평일 저녁 11~12시, 주말에도 그 쯤에 집에 갔다.#@문장구분# 학원에 있는 시간이 많아지다 보니 A와 있는 시간도 자연스럽게 더 많아졌다.#@문장구분# 나는 A와 친해 학원에 있는 시간이 재미없지만은 않았다. #@문장구분#학원 중간중간 학원친구들 하고 같이 쉬고, 같이 밥먹는게 너무 좋았다.#@문장구분#",
      "paragraph_len": 225,
      "paragraph_id": "004"
    },
    {
      "paragraph_txt": " 그러던 어느 날 여느 때 처럼 학원에 가서 공부를 하다가 학원 복도로 나오게 되었다.#@문장구분# A도 나와 있었다. #@문장구분#쉬는시간에 같이 만나게 되어 나는 너무 들뜬 나머지 A가 있는데 장난스럽게 살짝 밀게 되었다. #@문장구분#그런데 A는 기분이 나빴던 나머지 나를 다시 밀게 되었고 계속 반복됐다. 그러다 상황이 종료되었다.#@문장구분# 나는 그 일이 있고난 후 원래 하던 것처럼 장난을 쳤는데 A가 너무 예민하게 받아들였다고 생각했다.#@문장구분#",
      "paragraph_len": 324,
      "paragraph_id": "005"
    },
    {
      "paragraph_txt": "하지만 집에 와서 생각해보니 오늘일만이 A를 화나게 한 건 아니라는 생각이 들었다.#@문장구분# 평소에 A와 나는 장난을 많이 쳤지만 내가 선을 넘은 장난을 쳤다라는 생각이 들 때가 있었다. #@문장구분# 갑자기 A에게 미안한 마음이 들었다.#@문장구분# 그래서 바로 문자로 사과의 편지를 보냈다.#@문장구분# 다행히 A도 미안하다고 말하고 나에게 사과했다.#@문장구분# ",
      "paragraph_len": 273,
      "paragraph_id": "006"
    },
    {
      "paragraph_txt": "이러한 일을 겪어보니 '항상 내 옆에 있는 친구들을 너무 당연하게 대하는 것이 아닌가?' 라는 생각이 들었다.#@문장구분# 그리고 익숙함을 당연하게 여기지 말자라는 다짐을 하게 되었다.#@문장구분#",
      "paragraph_len": 136,
      "paragraph_id": "007"
    }
  ],
  "score": {
    "paragraph_score": [
      {
        "paragraph_scoreT": [
          2.5,
          3,
          2
        ],
        "paragraph_scoreT_detail": {
          "paragraph_scoreT_exp": [
            [
              2,
              3,
              2
            ],
            [
              3,
              3,
              3
            ],
            [
              2,
              2,
              2
            ]
          ]
        },
        "paragraph_scoreT_avg": 2.5,
        "paragraph_id": "001"
      },
      {
        "paragraph_scoreT": [
          2.5,
          3,
          2
        ],
        "paragraph_scoreT_detail": {
          "paragraph_scoreT_exp": [
            [
              2,
              3,
              2
            ],
            [
              3,
              3,
              3
            ],
            [
              2,
              2,
              2
            ]
          ]
        },
        "paragraph_scoreT_avg": 2.5,
        "paragraph_id": "002"
      },
      {
        "paragraph_scoreT": [
          2.5,
          3,
          2
        ],
        "paragraph_scoreT_detail": {
          "paragraph_scoreT_exp": [
            [
              2,
              3,
              2
            ],
            [
              3,
              3,
              3
            ],
            [
              2,
              2,
              2
            ]
          ]
        },
        "paragraph_scoreT_avg": 2.5,
        "paragraph_id": "003"
      },
      {
        "paragraph_scoreT": [
          2.5,
          3,
          2
        ],
        "paragraph_scoreT_detail": {
          "paragraph_scoreT_exp": [
            [
              2,
              3,
              2
            ],
            [
              3,
              3,
              3
            ],
            [
              2,
              2,
              2
            ]
          ]
        },
        "paragraph_scoreT_avg": 2.5,
        "paragraph_id": "004"
      },
      {
        "paragraph_scoreT": [
          2.5,
          3,
          2
        ],
        "paragraph_scoreT_detail": {
          "paragraph_scoreT_exp": [
            [
              2,
              3,
              2
            ],
            [
              3,
              3,
              3
            ],
            [
              2,
              2,
              2
            ]
          ]
        },
        "paragraph_scoreT_avg": 2.5,
        "paragraph_id": "005"
      },
      {
        "paragraph_scoreT": [
          2.5,
          3,
          2
        ],
        "paragraph_scoreT_detail": {
          "paragraph_scoreT_exp": [
            [
              2,
              3,
              2
            ],
            [
              3,
              3,
              3
            ],
            [
              2,
              2,
              2
            ]
          ]
        },
        "paragraph_scoreT_avg": 2.5,
        "paragraph_id": "006"
      },
      {
        "paragraph_scoreT": [
          2.5,
          3,
          2
        ],
        "paragraph_scoreT_detail": {
          "paragraph_scoreT_exp": [
            [
              2,
              3,
              2
            ],
            [
              3,
              3,
              3
            ],
            [
              2,
              2,
              2
            ]
          ]
        },
        "paragraph_scoreT_avg": 2.5,
        "paragraph_id": "007"
      }
    ],
    "essay_scoreT": [
      22.722221,
      28.5,
      20.222221
    ],
    "essay_scoreT_avg": 23.814814,
    "essay_scoreT_detail": {
      "essay_scoreT_org": [
        [
          2,
          2,
          2,
          3
        ],
        [
          3,
          3,
          3,
          3
        ],
        [
          2,
          2,
          2,
          3
        ]
      ],
      "essay_scoreT_cont": [
        [
          2,
          2,
          0,
          3
        ],
        [
          3,
          2,
          0,
          3
        ],
        [
          2,
          2,
          0,
          2
        ]
      ],
      "essay_scoreT_exp": [
        [
          2,
          3,
          2
        ],
        [
          3,
          3,
          3
        ],
        [
          2,
          2,
          2
        ]
      ]
    }
  },
  "student": {
    "date": "2021.09.29",
    "student_educated": true,
    "student_grade": "고등_1학년",
    "location": "051",
    "student_grade_group": "고등",
    "student_reading": 3
  },
  "rubric": {
    "essay_grade": "고등_1학년",
    "organization_weight": {
      "org_paragraph": 2,
      "org": 2,
      "org_essay": 4,
      "org_coherence": 2,
      "org_quantity": 1
    },
    "essay_type": "글짓기",
    "content_weight": {
      "con_clearance": 4,
      "con_novelty": 3,
      "con": 4,
      "con_prompt": 0,
      "con_description": 1
    },
    "essay_main_subject": "소중함을 잃었던 경험",
    "expression_weight": {
      "exp_style": 1,
      "exp_grammar": 2,
      "exp_vocab": 3,
      "exp": 4
    }
  },
  "correction": [],
  "info": {
    "essay_id": "ESSAY_35777",
    "essay_prompt": " 익숙함에 속아 소중함을 잊지 말자는 명언 (Do not get fooled by something familiar and forget what is priceless.)이 있습니다.\n\n 부모님께서 매일 해주시는 아침밥이나, 너무 친해서 매일 맛있는 간식을 사주는 친구 등 처음에는 매우 감사했지만 반복되는 호의에 우리는 소중함을 잊어가기도 합니다.\n\n 작은 소중함일지라도 그 소중함을 잃게 되면 호의를 베푸는 사람 입장에서는 매우 당황스럽고 기분이 나쁠 수 있어요.\n\n 여러분은 익숙함에 속아 소중함을 잊었던 사례와 그로 인해 상대방의 기분을 나쁘게 했던 경험이 있나요? 만약 있다면 관계를 회복하기 위해 어떤 노력을 하셨나요? 본인의 경험을 작성해주세요.\n\n 만약 그런 적이 없다면 주변의 이야기나 본인에게 소중함을 주는 사람들에 관해 설명해주세요.",
    "essay_type": "글짓기",
    "essay_level": "2",
    "essay_len": 1108,
    "essay_main_subject": "소중함을 잃었던 경험"
  }
}