{
  "paragraph": [
    {
      "paragraph_txt": "우리는 모두 익숙함에 속아 소중함을 잊는 경험을 겪어본 적이 있을 것입니다.#@문장구분#",
      "paragraph_len": 62,
      "paragraph_id": "001"
    },
    {
      "paragraph_txt": "익숙함에 속아 소중함을 잊지 말자는 명언은 중학생 때부터 알고 있었지만, 소중한 것을 잃었던 때는 최근 있었던 일이다.#@문장구분#학생이지만 연인관계에 대해 있었던 일을 말해 보려고 한다.#@문장구분# ",
      "paragraph_len": 139,
      "paragraph_id": "002"
    },
    {
      "paragraph_txt": "나는 연인과의 사소한 일상들을 너무 당연하다고 생각했던 것 같다.#@문장구분#모든 연인들이 초반의 풋풋함과 설렘에 대하여 공감할 것이다.#@문장구분# 하지만 그러한 감정들도 결국 시간이 지날수록 처음보다는 무뎌질 수밖에 없다.#@문장구분# 처음에는 말도 이쁘게하고 서로 잘보이기 위해 함부로 대하거나 소홀하게 대하지 않는다.#@문장구분# 문제는 시간이 지나면서 부터이다.#@문장구분#연애를 막 시작했을 때는 항상 연인을 중심으로 행동하였지만 시간이 지나면서 부터 점점 나는 혼자만의 시간이 더 좋았고 친구들과 시간을 보내는 쪽으로 중심이 기울었던 것 같다.#@문장구분# 남자친구와 만나기로 약속 했음에도 불구 하고 나는 약속을 자주 미루고 연락 조차 하는것도 귀찮게 느껴지기 시작하면서 우리의 관계는 소홀해 졌다.#@문장구분# 이런 나의 행동과 모습을 느끼던 남자친구는 나에게 헤어지자는 말을 했다.#@문장구분# 나는 그말을 들었을때도 아무렇지도 않았고 오히려 쿨하게 나만의 시간을 보내면서 지냈는데, 3일 4일 일주일정도 지나고 나니 연인의 물건과 같이 보내던 일상의 흔적이 자꾸만 나의 기분을 이상하게 했다.#@문장구분# 그리고 점점 후회가 되었지만 이미 우리는 헤어진 후였다.#@문장구분# 헤어짐을 겪은 후에 후회하는 것은 헤어지기 전에 상대에게 잘 대해주지 못했기 때문이다.#@문장구분# 연인과 사귀는 동안의 기억을 다시 생각하면서 연인 관계에서 가장 중요한 것은 더 잘 해주는 것이 아니라 처음과 같이 변하지 않는 것이라는 것을 깨달았다.#@문장구분# 그 후 두번 다시는 이런 실수를 반복 하지 말아야겠다고 생각 한다.#@문장구분#",
      "paragraph_len": 975,
      "paragraph_id": "003"
    }
  ],
  "score": {
    "paragraph_score": [
      {
        "paragraph_scoreT": [
          3,
          2,
          2.6666667
        ],
        "paragraph_scoreT_detail": {
          "paragraph_scoreT_exp": [
            [
              3,
              3,
              3
            ],
            [
              2,
              2,
              2
            ],
            [
              2,
              3,
              3
            ]
          ]
        },
        "paragraph_scoreT_avg": 2.5555556,
        "paragraph_id": "001"
      },
      {
        "paragraph_scoreT": [
          3,
          2,
          2.6666667
        ],
        "paragraph_scoreT_detail": {
          "paragraph_scoreT_exp": [
            [
              3,
              3,
              3
            ],
            [
              2,
              2,
              2
            ],
            [
              2,
              3,
              3
            ]
          ]
        },
        "paragraph_scoreT_avg": 2.5555556,
        "paragraph_id": "002"
      },
      {
        "paragraph_scoreT": [
          3,
          2,
          2.6666667
        ],
        "paragraph_scoreT_detail": {
          "paragraph_scoreT_exp": [
            [
              3,
              3,
              3
            ],
            [
              2,
              2,
              2
            ],
            [
              2,
              3,
              3
            ]
          ]
        },
        "paragraph_scoreT_avg": 2.5555556,
        "paragraph_id": "003"
      }
    ],
    "essay_scoreT": [
      30,
      20.666666,
      28.666668
    ],
    "essay_scoreT_avg": 26.444443,
    "essay_scoreT_detail": {
      "essay_scoreT_org": [
        [
          3,
          3,
          3,
          3
        ],
        [
          2,
          2,
          3,
          3
        ],
        [
          3,
          3,
          3,
          3
        ]
      ],
      "essay_scoreT_cont": [
        [
          3,
          3,
          0,
          3
        ],
        [
          2,
          2,
          0,
          2
        ],
        [
          3,
          3,
          0,
          3
        ]
      ],
      "essay_scoreT_exp": [
        [
          3,
          3,
          3
        ],
        [
          2,
          2,
          2
        ],
        [
          2,
          3,
          3
        ]
      ]
    }
  },
  "student": {
    "date": "2021.12.15",
    "student_educated": true,
    "student_grade": "고등_1학년",
    "location": "063",
    "student_grade_group": "고등",
    "student_reading": 1
  },
  "rubric": {
    "essay_grade": "고등_1학년",
    "organization_weight": {
      "org_paragraph": 2,
      "org": 2,
      "org_essay": 4,
      "org_coherence": 2,
      "org_quantity": 1
    },
    "essay_type": "글짓기",
    "content_weight": {
      "con_clearance": 4,
      "con_novelty": 3,
      "con": 4,
      "con_prompt": 0,
      "con_description": 1
    },
    "essay_main_subject": "소중함을 잃었던 경험",
    "expression_weight": {
      "exp_style": 1,
      "exp_grammar": 2,
      "exp_vocab": 3,
      "exp": 4
    }
  },
  "correction": [],
  "info": {
    "essay_id": "ESSAY_71988",
    "essay_prompt": " 익숙함에 속아 소중함을 잊지 말자는 명언 (Do not get fooled by something familiar and forget what is priceless.)이 있습니다.\n\n 부모님께서 매일 해주시는 아침밥이나, 너무 친해서 매일 맛있는 간식을 사주는 친구 등 처음에는 매우 감사했지만 반복되는 호의에 우리는 소중함을 잊어가기도 합니다.\n\n 작은 소중함일지라도 그 소중함을 잃게 되면 호의를 베푸는 사람 입장에서는 매우 당황스럽고 기분이 나쁠 수 있어요.\n\n 여러분은 익숙함에 속아 소중함을 잊었던 사례와 그로 인해 상대방의 기분을 나쁘게 했던 경험이 있나요? 만약 있다면 관계를 회복하기 위해 어떤 노력을 하셨나요? 본인의 경험을 작성해주세요.\n\n 만약 그런 적이 없다면 주변의 이야기나 본인에게 소중함을 주는 사람들에 관해 설명해주세요.",
    "essay_type": "글짓기",
    "essay_level": "2",
    "essay_len": 860,
    "essay_main_subject": "소중함을 잃었던 경험"
  }
}