{
  "paragraph": [
    {
      "paragraph_txt": "소중한 것은 항상 우리 안에 있다고 한다.#@문장구분# 그런데 우리는 그것을 보지 못하고 그것을 잃어버리는 경험을 한다.#@문장구분# 개미 한 마리가 살고 있었는데 가지가 시원스레 뻗은 거목 아래에서 하루 하루 열심히 살고 있던 이 개미에게는 단 한 가지, 포기 할 수 없는 소망이 있었다.#@문장구분# 그것은 언젠가는 반드시 저 높고, 높은 나뭇 가지 끝에 올라가서 하늘을 우러러 보는 일이었다.#@문장구분# 개미는 가지 끝에서 보는 하늘은 분명 땅에서 보는 것과는 다를 거라고 생각했던 것이다.#@문장구분# 매일 같이 하늘을 동경하며 살던 개미는 어느 날, 가슴 설레이는 기막힌 생각을 하고 이내 마음이 급해졌다.#@문장구분# 개미의 마음은 나무 꼭대기에서 바라보는 하늘에 대한 생각으로 꽉 차 있었고, 그 황홀경에 도취되어 올라 가다 떨어져도 또 다시 모든 힘을 다 바쳐 나무를 타고 올랐다.#@문장구분# 나무 꼭대기에 올라 바라 본 하늘은 지금껏 자신이 땅에서 보아왔던 하늘과 조금도 다르지 않았다.#@문장구분# 하지만 놀라운 일은 지금까지 습하고 칙칙하게만 느껴졌던 땅과 아무렇게나 피어 있는 것처럼 보이던 풀들이 조화를 이루고 있었고, 하얀 길과 길 가장 자리에 던져진 작은 돌 하나도 예쁘게 보이는 것이었다.#@문장구분#그 뿐이 아니었다.#@문장구분#  미는 하늘을 보고 실망한 이후에 새로이 깨달은 땅의 아름다움에 그만 감동하고 말았다.#@문장구분# 생딕쥐베리는 '중요한 것은 눈에 보이지 않는다' 라고 했다.#@문장구분# 이 말은 눈에 보이는 현실은 대수롭지 않고, 하찮은 것으로 보일 수 있지만 소중한 것은 바로 그 안에 감춰져 있다는 뜻이다.#@문장구분# 이것을 모르면 우리는 소중한 것을 잃는 경험을 하게 된다.#@문장구분#",
      "paragraph_len": 1047,
      "paragraph_id": "001"
    }
  ],
  "score": {
    "paragraph_score": [
      {
        "paragraph_scoreT": [
          3,
          2,
          3
        ],
        "paragraph_scoreT_detail": {
          "paragraph_scoreT_exp": [
            [
              3,
              3,
              3
            ],
            [
              2,
              2,
              2
            ],
            [
              3,
              3,
              3
            ]
          ]
        },
        "paragraph_scoreT_avg": 2.6666667,
        "paragraph_id": "001"
      }
    ],
    "essay_scoreT": [
      30,
      23.61111,
      29.5
    ],
    "essay_scoreT_avg": 27.703705,
    "essay_scoreT_detail": {
      "essay_scoreT_org": [
        [
          3,
          3,
          3,
          3
        ],
        [
          3,
          2,
          2,
          3
        ],
        [
          3,
          3,
          3,
          3
        ]
      ],
      "essay_scoreT_cont": [
        [
          3,
          3,
          0,
          3
        ],
        [
          3,
          2,
          0,
          3
        ],
        [
          3,
          3,
          0,
          2
        ]
      ],
      "essay_scoreT_exp": [
        [
          3,
          3,
          3
        ],
        [
          2,
          2,
          2
        ],
        [
          3,
          3,
          3
        ]
      ]
    }
  },
  "student": {
    "date": "2021.12.16",
    "student_educated": true,
    "student_grade": "고등_1학년",
    "location": "063",
    "student_grade_group": "고등",
    "student_reading": 2
  },
  "rubric": {
    "essay_grade": "고등_1학년",
    "organization_weight": {
      "org_paragraph": 2,
      "org": 2,
      "org_essay": 4,
      "org_coherence": 2,
      "org_quantity": 1
    },
    "essay_type": "글짓기",
    "content_weight": {
      "con_clearance": 4,
      "con_novelty": 3,
      "con": 4,
      "con_prompt": 0,
      "con_description": 1
    },
    "essay_main_subject": "소중함을 잃었던 경험",
    "expression_weight": {
      "exp_style": 1,
      "exp_grammar": 2,
      "exp_vocab": 3,
      "exp": 4
    }
  },
  "correction": [],
  "info": {
    "essay_id": "ESSAY_65839",
    "essay_prompt": " 익숙함에 속아 소중함을 잊지 말자는 명언 (Do not get fooled by something familiar and forget what is priceless.)이 있습니다.\n\n 부모님께서 매일 해주시는 아침밥이나, 너무 친해서 매일 맛있는 간식을 사주는 친구 등 처음에는 매우 감사했지만 반복되는 호의에 우리는 소중함을 잊어가기도 합니다.\n\n 작은 소중함일지라도 그 소중함을 잃게 되면 호의를 베푸는 사람 입장에서는 매우 당황스럽고 기분이 나쁠 수 있어요.\n\n 여러분은 익숙함에 속아 소중함을 잊었던 사례와 그로 인해 상대방의 기분을 나쁘게 했던 경험이 있나요? 만약 있다면 관계를 회복하기 위해 어떤 노력을 하셨나요? 본인의 경험을 작성해주세요.\n\n 만약 그런 적이 없다면 주변의 이야기나 본인에게 소중함을 주는 사람들에 관해 설명해주세요.",
    "essay_type": "글짓기",
    "essay_level": "2",
    "essay_len": 768,
    "essay_main_subject": "소중함을 잃었던 경험"
  }
}