{
  "paragraph": [
    {
      "paragraph_txt": "나는 소중했던것들이 많았고 지금도 그런데 그 소중한 것들이 지금은 없는 것들도 있다.#@문장구분# 지금 생각해보면 별거 아닌거지만 그때는 나에게 소중했던것이였다.#@문장구분# 나에게 소중했던 장난감 소중했던 경험 등이있다.#@문장구분# 하지만 이것은 모두 지나간 과거이고 나는 17살이 되었다.#@문장구분# 지금 나는 가장소중한것이 사람이라고 생각한다.#@문장구분# 그것도 서로에게 중요하고 소중한사람 이런사람은 서로를 소중하게 여긴다.#@문장구분# 그리고 또 중요하게여긴다.#@문장구분# 이러한사람들에게는 진지한 고민거리 진지한 이야기 힘든것 또는 즐거운것을 털어놓을 수있고 또 그런이야기를 내가 들어줄 수 있다고 생각한다.#@문장구분# 그리고 소중하고 중요한 사람들이 많다는것은 그만큼 자신이 인생을 잘 살았다는것이 아닌가라는 생각 또한 하게 된다.#@문장구분#",
      "paragraph_len": 545,
      "paragraph_id": "001"
    },
    {
      "paragraph_txt": "\n 그리고 또 소중한것은 가족이라고 생각한다.#@문장구분# 나는 가족이 없으면 안돠는 존재라고 여긴다.#@문장구분# 내가 아플때 옆에있는사람, 내가 잘 때 같이있는사람, 집에서 살아가는가람 밥을 해주는사람, 같은 공간을 쓰는사람 모두 나의 가족이기 때문이다.#@문장구분# 나는 내가 수술했울때 가족의 중요성과 소중했함을 깨닳았다.#@문장구분# 첫날 아무데도 가지않고 나를 옆에서 지켜주는것을 보규 나는 감동했다.#@문장구분# 이렇게 내 옆에 있어주는 존재가 가족이 아닌가 생각이 든다.#@문장구분# ",
      "paragraph_len": 357,
      "paragraph_id": "002"
    },
    {
      "paragraph_txt": "\n친구 또한 나의 소중하고 중요한 사람이 될 수 있다고 생각한다.#@문장구분# 내가 시험칠때 아플때 힘들때 언제든지 쉽게 나의 이야길 들어주고 힘내라 응원해주는 사람 그리고 가장 정을 많이 나눌 수 있는 사람이 친구이기 때문이다.#@문장구분# 나는 실제로 친구들에게 고민을 털어놓고 여러 면에서 힘을 얻는다.#@문장구분# 따라서 친구는 빼놓을 수 없는 소중하고 중요한 사람인것 같다.#@문장구분# 이렇게 소중하고 중요한 사람들이 있으면 삶을 살아가는데 힘이 되는것 같다.#@문장구분# 따라서 소중한 친구들 가족 등 여러사람들을 소중히여기고 이런사람들이 있다는 것에 감사하며 살아야겠다고 생각한다.#@문장구분#",
      "paragraph_len": 418,
      "paragraph_id": "003"
    }
  ],
  "score": {
    "paragraph_score": [
      {
        "paragraph_scoreT": [
          2,
          2.3333333,
          3
        ],
        "paragraph_scoreT_detail": {
          "paragraph_scoreT_exp": [
            [
              2,
              2,
              2
            ],
            [
              3,
              2,
              2
            ],
            [
              3,
              3,
              3
            ]
          ]
        },
        "paragraph_scoreT_avg": 2.4444444,
        "paragraph_id": "001"
      },
      {
        "paragraph_scoreT": [
          2,
          2.6666667,
          3
        ],
        "paragraph_scoreT_detail": {
          "paragraph_scoreT_exp": [
            [
              2,
              2,
              2
            ],
            [
              2,
              3,
              3
            ],
            [
              3,
              3,
              3
            ]
          ]
        },
        "paragraph_scoreT_avg": 2.5555556,
        "paragraph_id": "002"
      },
      {
        "paragraph_scoreT": [
          2,
          2.6666667,
          3
        ],
        "paragraph_scoreT_detail": {
          "paragraph_scoreT_exp": [
            [
              2,
              2,
              2
            ],
            [
              2,
              3,
              3
            ],
            [
              3,
              3,
              3
            ]
          ]
        },
        "paragraph_scoreT_avg": 2.5555556,
        "paragraph_id": "003"
      }
    ],
    "essay_scoreT": [
      20.722221,
      25.333334,
      26.5
    ],
    "essay_scoreT_avg": 24.185186,
    "essay_scoreT_detail": {
      "essay_scoreT_org": [
        [
          2,
          2,
          2,
          3
        ],
        [
          2,
          2,
          3,
          3
        ],
        [
          3,
          3,
          3,
          3
        ]
      ],
      "essay_scoreT_cont": [
        [
          2,
          2,
          0,
          3
        ],
        [
          3,
          2,
          0,
          2
        ],
        [
          2,
          2,
          0,
          3
        ]
      ],
      "essay_scoreT_exp": [
        [
          2,
          2,
          2
        ],
        [
          2,
          3,
          3
        ],
        [
          3,
          3,
          3
        ]
      ]
    }
  },
  "student": {
    "date": "2021.09.29",
    "student_educated": true,
    "student_grade": "고등_1학년",
    "location": "051",
    "student_grade_group": "고등",
    "student_reading": 2
  },
  "rubric": {
    "essay_grade": "고등_1학년",
    "organization_weight": {
      "org_paragraph": 2,
      "org": 2,
      "org_essay": 4,
      "org_coherence": 2,
      "org_quantity": 1
    },
    "essay_type": "글짓기",
    "content_weight": {
      "con_clearance": 4,
      "con_novelty": 3,
      "con": 4,
      "con_prompt": 0,
      "con_description": 1
    },
    "essay_main_subject": "소중함을 잃었던 경험",
    "expression_weight": {
      "exp_style": 1,
      "exp_grammar": 2,
      "exp_vocab": 3,
      "exp": 4
    }
  },
  "correction": [],
  "info": {
    "essay_id": "ESSAY_35771",
    "essay_prompt": " 익숙함에 속아 소중함을 잊지 말자는 명언 (Do not get fooled by something familiar and forget what is priceless.)이 있습니다.\n\n 부모님께서 매일 해주시는 아침밥이나, 너무 친해서 매일 맛있는 간식을 사주는 친구 등 처음에는 매우 감사했지만 반복되는 호의에 우리는 소중함을 잊어가기도 합니다.\n\n 작은 소중함일지라도 그 소중함을 잃게 되면 호의를 베푸는 사람 입장에서는 매우 당황스럽고 기분이 나쁠 수 있어요.\n\n 여러분은 익숙함에 속아 소중함을 잊었던 사례와 그로 인해 상대방의 기분을 나쁘게 했던 경험이 있나요? 만약 있다면 관계를 회복하기 위해 어떤 노력을 하셨나요? 본인의 경험을 작성해주세요.\n\n 만약 그런 적이 없다면 주변의 이야기나 본인에게 소중함을 주는 사람들에 관해 설명해주세요.",
    "essay_type": "글짓기",
    "essay_level": "2",
    "essay_len": 904,
    "essay_main_subject": "소중함을 잃었던 경험"
  }
}