{
  "paragraph": [
    {
      "paragraph_txt": "어릴 때 저를 주 양육해주시는 분은 저의 할머니셨습니다.#@문장구분# 부모님께서는 늘 일터에 나가시느라 학교를 다녀오고 나서 간식을 챙겨주시는 분도 식사를 챙겨주시는 분도 늘 저의 할머니이셨습니다.#@문장구분# 할아버지께서는 저의 남동생을 더 예뻐 해주셨지만 할머니께서는 늘 인사성도 밝고 야무지다며 늘 예뻐 해주셨습니다.#@문장구분# 그리고 늘 저의 칭찬을 주위 분들에게 아끼지 않으셨지요.#@문장구분# 부모님의 바쁘심을 대신해서 늘 식사를 그리고 간식을 챙겨주시는 그런 할머니께서 갑작스레 중풍으로 쓰러지셨습니다.#@문장구분# 그런데 그런 할머니의 모습이 어린나이에 너무 부끄럽고 창피하였습니다.#@문장구분# 그래서 그게 너무 싫었습니다. #@문장구분#늘 저의 부모님처럼 저를 알뜰살뜰하게 챙겨주셨던 분이 갑자기 중풍으로 쓰러지셔서 거동조차 제대로 하실 수 없는 것도 너무 싫었습니다.#@문장구분# 그리고 부모님의 역할적인 부분을 도맡아 해주셨는데 그런 역할이 제대로 안된것도 너무 속상했습니다.#@문장구분# 그냥 당연하게 늘 제 옆에서 건강하게 저를 챙겨주실 것 같았던 할머니의 그런 병으로 인해 너무 속상했습니다.#@문장구분# 지금와서 생각해보니 부끄럽기도 하고 당연한게 아니라는걸 다시한번 알게되었는데 그러기에는 할머니에 대한 저희 태도가 참으로 어리석었다는 것을 알게되었습니다.#@문장구분# 저를 그렇게 보살펴주셨던 할머니의 소중함은 다 어디로 묻혀버리고 이런 생각과 행동을 하였는지 할머니의 소중함을 다시 되새기며 감사하는 마음으로 살아야겠습니다.#@문장구분# 누군가의 배려 챙김 그 소중한 마음을 꼭 기억하며 살아야겠습니다.#@문장구분#",
      "paragraph_len": 981,
      "paragraph_id": "001"
    }
  ],
  "score": {
    "paragraph_score": [
      {
        "paragraph_scoreT": [
          2.8333333,
          3,
          3
        ],
        "paragraph_scoreT_detail": {
          "paragraph_scoreT_exp": [
            [
              3,
              3,
              2
            ],
            [
              3,
              3,
              3
            ],
            [
              3,
              3,
              3
            ]
          ]
        },
        "paragraph_scoreT_avg": 2.9444444,
        "paragraph_id": "001"
      }
    ],
    "essay_scoreT": [
      29.333332,
      30,
      28.5
    ],
    "essay_scoreT_avg": 29.277777,
    "essay_scoreT_detail": {
      "essay_scoreT_org": [
        [
          3,
          3,
          3,
          3
        ],
        [
          3,
          3,
          3,
          3
        ],
        [
          3,
          3,
          3,
          3
        ]
      ],
      "essay_scoreT_cont": [
        [
          3,
          3,
          0,
          3
        ],
        [
          3,
          3,
          0,
          3
        ],
        [
          3,
          2,
          0,
          3
        ]
      ],
      "essay_scoreT_exp": [
        [
          3,
          3,
          2
        ],
        [
          3,
          3,
          3
        ],
        [
          3,
          3,
          3
        ]
      ]
    }
  },
  "student": {
    "date": "2021.11.18",
    "student_educated": true,
    "student_grade": "고등_1학년",
    "location": "063",
    "student_grade_group": "고등",
    "student_reading": 1
  },
  "rubric": {
    "essay_grade": "고등_1학년",
    "organization_weight": {
      "org_paragraph": 2,
      "org": 2,
      "org_essay": 4,
      "org_coherence": 2,
      "org_quantity": 1
    },
    "essay_type": "글짓기",
    "content_weight": {
      "con_clearance": 4,
      "con_novelty": 3,
      "con": 4,
      "con_prompt": 0,
      "con_description": 1
    },
    "essay_main_subject": "소중함을 잃었던 경험",
    "expression_weight": {
      "exp_style": 1,
      "exp_grammar": 2,
      "exp_vocab": 3,
      "exp": 4
    }
  },
  "correction": [],
  "info": {
    "essay_id": "ESSAY_50509",
    "essay_prompt": " 익숙함에 속아 소중함을 잊지 말자는 명언 (Do not get fooled by something familiar and forget what is priceless.)이 있습니다.\n\n 부모님께서 매일 해주시는 아침밥이나, 너무 친해서 매일 맛있는 간식을 사주는 친구 등 처음에는 매우 감사했지만 반복되는 호의에 우리는 소중함을 잊어가기도 합니다.\n\n 작은 소중함일지라도 그 소중함을 잃게 되면 호의를 베푸는 사람 입장에서는 매우 당황스럽고 기분이 나쁠 수 있어요.\n\n 여러분은 익숙함에 속아 소중함을 잊었던 사례와 그로 인해 상대방의 기분을 나쁘게 했던 경험이 있나요? 만약 있다면 관계를 회복하기 위해 어떤 노력을 하셨나요? 본인의 경험을 작성해주세요.\n\n 만약 그런 적이 없다면 주변의 이야기나 본인에게 소중함을 주는 사람들에 관해 설명해주세요.",
    "essay_type": "글짓기",
    "essay_level": "2",
    "essay_len": 721,
    "essay_main_subject": "소중함을 잃었던 경험"
  }
}