{
  "paragraph": [
    {
      "paragraph_txt": "자연이란 우리에게 당연히 항상 곁에 있는 것이고, 우리는 항상 늘 곁에 있을 것처럼 생각하지 말고 자연보호에 관심을 갖고 아껴쓰며 이 것들을 오래 누릴 수 있도록 해야 할 것이다. #@문장구분#내가 잃어버린 건 물건도 애완동물도 아닌 나에겐 매우 소중한 '엄마'였다.#@문장구분# 내가 고등학교 1학년이 되었던 해 난 사랑하는 엄마와 하루아침에 이별을 하게 되었다. #@문장구분#엄마가 일을 해야 했기에 어쩔 수 없었지만 나에겐 마른하늘에 날벼락 같은 일이었다. #@문장구분#엄마와 평생을 같이 살아오다가 엄마가 곁에 없는 채로 고등학교 생활을 하며 정말 신경 쓰지 않았던 엄마의 소중함을 뼈저리게 느꼈다.#@문장구분# 첫 번째로 느꼈던 건 청소였다.#@문장구분# 평소에는 난 내방만 청소하면 됐기에 학교에 다녀오면 늘 깨끗한 집이 나를 반겼다. #@문장구분#하지만 엄마와 이별한 후엔 청소가 오롯이 내 몫이 되어서 아빠와 잦은 실랑이가 있었고 밀려가는 빨래에서도 이는 마찬가지였다.#@문장구분#두 번째로 느꼈던 것은 야자가 끝난 후 썰렁한 집이었다.#@문장구분# 모두가 자고 있기에 야자가 끝나고 와도 나를 반겨주는 사람이 없었고 평소에는 내가 아무리 늦게 왔었어도 엄마가 나를 기다리며 반겨주셨던 것이 생각났다.#@문장구분# 엄마가 있었다면 나를 반겨 줬겠지 라는 생각이 가득하며 엄마가 보고싶었다.#@문장구분# 마지막은 공부였다. #@문장구분#동생들을 돌보고 집안일과 봉사활동, 공부를 병행해야 했기에 중학교에서 막 올라온 나는 온전히 버티기 힘들었다.#@문장구분# 정말 매일을 힘들어서 울었던 것 같다.#@문장구분# 하지만 이런 일 모두 한해 한해가 지나면서 익숙해지고 하는 방법도 터득해갔지만 그 과정에 있어서 나는 소중함이라는 것을 알게 되었고 앞으로는 엄마가 아닌 주변에 있는 사랑하는 사람들에게 그래야겠다고 생각했다.#@문장구분#",
      "paragraph_len": 1115,
      "paragraph_id": "001"
    }
  ],
  "score": {
    "paragraph_score": [
      {
        "paragraph_scoreT": [
          2.8333333,
          3,
          3
        ],
        "paragraph_scoreT_detail": {
          "paragraph_scoreT_exp": [
            [
              3,
              3,
              2
            ],
            [
              3,
              3,
              3
            ],
            [
              3,
              3,
              3
            ]
          ]
        },
        "paragraph_scoreT_avg": 2.9444444,
        "paragraph_id": "001"
      }
    ],
    "essay_scoreT": [
      26,
      28,
      26.5
    ],
    "essay_scoreT_avg": 26.833334,
    "essay_scoreT_detail": {
      "essay_scoreT_org": [
        [
          2,
          3,
          2,
          3
        ],
        [
          3,
          3,
          3,
          3
        ],
        [
          3,
          3,
          3,
          3
        ]
      ],
      "essay_scoreT_cont": [
        [
          3,
          2,
          0,
          2
        ],
        [
          3,
          2,
          0,
          2
        ],
        [
          2,
          2,
          0,
          3
        ]
      ],
      "essay_scoreT_exp": [
        [
          3,
          3,
          2
        ],
        [
          3,
          3,
          3
        ],
        [
          3,
          3,
          3
        ]
      ]
    }
  },
  "student": {
    "date": "2021.12.20",
    "student_educated": true,
    "student_grade": "고등_1학년",
    "location": "063",
    "student_grade_group": "고등",
    "student_reading": 1
  },
  "rubric": {
    "essay_grade": "고등_1학년",
    "organization_weight": {
      "org_paragraph": 2,
      "org": 2,
      "org_essay": 4,
      "org_coherence": 2,
      "org_quantity": 1
    },
    "essay_type": "글짓기",
    "content_weight": {
      "con_clearance": 4,
      "con_novelty": 3,
      "con": 4,
      "con_prompt": 0,
      "con_description": 1
    },
    "essay_main_subject": "소중함을 잃었던 경험",
    "expression_weight": {
      "exp_style": 1,
      "exp_grammar": 2,
      "exp_vocab": 3,
      "exp": 4
    }
  },
  "correction": [],
  "info": {
    "essay_id": "ESSAY_73787",
    "essay_prompt": " 익숙함에 속아 소중함을 잊지 말자는 명언 (Do not get fooled by something familiar and forget what is priceless.)이 있습니다.\n\n 부모님께서 매일 해주시는 아침밥이나, 너무 친해서 매일 맛있는 간식을 사주는 친구 등 처음에는 매우 감사했지만 반복되는 호의에 우리는 소중함을 잊어가기도 합니다.\n\n 작은 소중함일지라도 그 소중함을 잃게 되면 호의를 베푸는 사람 입장에서는 매우 당황스럽고 기분이 나쁠 수 있어요.\n\n 여러분은 익숙함에 속아 소중함을 잊었던 사례와 그로 인해 상대방의 기분을 나쁘게 했던 경험이 있나요? 만약 있다면 관계를 회복하기 위해 어떤 노력을 하셨나요? 본인의 경험을 작성해주세요.\n\n 만약 그런 적이 없다면 주변의 이야기나 본인에게 소중함을 주는 사람들에 관해 설명해주세요.",
    "essay_type": "글짓기",
    "essay_level": "2",
    "essay_len": 816,
    "essay_main_subject": "소중함을 잃었던 경험"
  }
}