{
  "paragraph": [
    {
      "paragraph_txt": "익숙함에 속아 소중함을 잊었던 경험은 단연코 모두가 겪어봤으리라 자부한다.#@문장구분# 사람마다 차이는 있더라도 처음의 그 감정은 반복될수록 무뎌져서 본래의 감정과 조금 다른 모습으로 나에게 남게 된다.#@문장구분# 누군가의 다정함과 배려에 익숙해진다거나, 어떤 행위의 성취감이나 즐거움에 익숙해진다거나, 내가 누릴 수 있었던 행동에 익숙해지는 상황이 나에겐 꽤 있었다.#@문장구분# \n 그중 가장 확연하게 느끼는 것은 최근 가장 많은 시간을 함께 보내는 친구가 아닌가 싶다.#@문장구분# 시간을 오래 보내는 만큼 무뎌 디는 속도도 빨랐던 것 같은데 어느 순간 정말 소중한 줄 모를 때가 한 번씩은 꼭 있었다.#@문장구분# \n 나는 보통 친구가 어떤 상황에서도 날 도와주는지, 날 배려해주는지, 잘 받아주는지를 생각하며 고마움을 느끼고, 받은 만큼 돌려주자는 생각을 가지려고 하는 편이다.#@문장구분# 마찬가지로 그 친구와 평소 말하는 방식도 잘 통하는 편이고, 서로 말하지 않아도 대부분은 짐작할 수 있으며 평소 받은 것도 많았다는 점 역시 알고 있다.#@문장구분# 하지만, 계속되는 호의에 익숙해져서 귀한 줄 모르는 순간 덜컥 짜증을 내거나 내가 생각해도 잘못됐다고 생각할 때가 있다.#@문장구분# 혹은 상황을 고려해주지 못했거나. 그럴 때면 나는 우선 사과하고 대화를 하고자 한다.#@문장구분# 그리고 앞으로 이런 상황에 어떻게 하면 좋을지, 서로 어떤 점이 불편하고, 어떤 점을 신경 써줬으면 좋겠는지 말을 한 다음, 대화를 끝마친다.#@문장구분# \n 꼭 문제가 생길 때가 아니라도 지속되는 호의를 권리라 착각하고 휘두르지 않아야 한다는 점도 중요하다.#@문장구분#  그 다정도 나를 배려해서 하는 행동인데 내 잘못으로 인연이 끊어진다면 슬프지 않은가.#@문장구분# 남에게 온전한 호의를 주는 사람에게는 마땅히 돌아가야 하는 것이 있기에 익숙해지지 않도록 노력하며 서로 잘 맞춰가야 한다 생각한다.#@문장구분#",
      "paragraph_len": 1130,
      "paragraph_id": "001"
    }
  ],
  "score": {
    "paragraph_score": [
      {
        "paragraph_scoreT": [
          3,
          2,
          2
        ],
        "paragraph_scoreT_detail": {
          "paragraph_scoreT_exp": [
            [
              3,
              3,
              3
            ],
            [
              2,
              2,
              2
            ],
            [
              2,
              2,
              2
            ]
          ]
        },
        "paragraph_scoreT_avg": 2.3333333,
        "paragraph_id": "001"
      }
    ],
    "essay_scoreT": [
      28.277779,
      24.444445,
      22.722221
    ],
    "essay_scoreT_avg": 25.148148,
    "essay_scoreT_detail": {
      "essay_scoreT_org": [
        [
          3,
          3,
          3,
          2
        ],
        [
          2,
          2,
          3,
          2
        ],
        [
          2,
          2,
          2,
          3
        ]
      ],
      "essay_scoreT_cont": [
        [
          3,
          2,
          0,
          3
        ],
        [
          3,
          3,
          0,
          3
        ],
        [
          3,
          2,
          0,
          3
        ]
      ],
      "essay_scoreT_exp": [
        [
          3,
          3,
          3
        ],
        [
          2,
          2,
          2
        ],
        [
          2,
          2,
          2
        ]
      ]
    }
  },
  "student": {
    "date": "2021.09.07",
    "student_educated": true,
    "student_grade": "고등_1학년",
    "location": "051",
    "student_grade_group": "고등",
    "student_reading": 1
  },
  "rubric": {
    "essay_grade": "고등_1학년",
    "organization_weight": {
      "org_paragraph": 2,
      "org": 2,
      "org_essay": 4,
      "org_coherence": 2,
      "org_quantity": 1
    },
    "essay_type": "글짓기",
    "content_weight": {
      "con_clearance": 4,
      "con_novelty": 3,
      "con": 4,
      "con_prompt": 0,
      "con_description": 1
    },
    "essay_main_subject": "소중함을 잃었던 경험",
    "expression_weight": {
      "exp_style": 1,
      "exp_grammar": 2,
      "exp_vocab": 3,
      "exp": 4
    }
  },
  "correction": [],
  "info": {
    "essay_id": "ESSAY_34007",
    "essay_prompt": " 익숙함에 속아 소중함을 잊지 말자는 명언 (Do not get fooled by something familiar and forget what is priceless.)이 있습니다.\n\n 부모님께서 매일 해주시는 아침밥이나, 너무 친해서 매일 맛있는 간식을 사주는 친구 등 처음에는 매우 감사했지만 반복되는 호의에 우리는 소중함을 잊어가기도 합니다.\n\n 작은 소중함일지라도 그 소중함을 잃게 되면 호의를 베푸는 사람 입장에서는 매우 당황스럽고 기분이 나쁠 수 있어요.\n\n 여러분은 익숙함에 속아 소중함을 잊었던 사례와 그로 인해 상대방의 기분을 나쁘게 했던 경험이 있나요? 만약 있다면 관계를 회복하기 위해 어떤 노력을 하셨나요? 본인의 경험을 작성해주세요.\n\n 만약 그런 적이 없다면 주변의 이야기나 본인에게 소중함을 주는 사람들에 관해 설명해주세요.",
    "essay_type": "글짓기",
    "essay_level": "2",
    "essay_len": 870,
    "essay_main_subject": "소중함을 잃었던 경험"
  }
}