{
  "paragraph": [
    {
      "paragraph_txt": "친구들관계에서 항상 옆에있고 내편이 되었던 친구들이 한순간의 말 실수로 친구를 잀어버릴때가 있다.#@문장구분# 익숙함이라는소중한 친구의 마음을 당연시 여기는 것이다.#@문장구분# 이기적이고 못된 생각과 행동이다.#@문장구분# 그에 마땅한 짓을 했으니까.#@문장구분# 그래서 그런가 그 친구는 중학교에 들어가서 반년 쯤 흘렀을까.#@문장구분# 그 친구는 삐뚤어져 소위 말하는 일진이 되어있었다.#@문장구분# 나야 그 친구를 초등학교 때 부터 알고지내던친구는 별로 안 무섭고 웃기기까지 했었지만 다른 애들은 무서웠나보다.#@문장구분# 그 친구가 후배들의 돈을 뺏는다는 소리가 들렸고 내 사촌동생에게까지 손을 뻗었었다.#@문장구분# 그래서 화가 난 나는 선생님께 말씀 드려 학폭위를 열까 했었고 그 증거로 그녀석이 내게 보낸 문자, 톡 등 증거가 남을만한 것들 모두를 캡쳐했었는데 결국 그녀석한테 쓴마디 몇마디 하며 정신차리라고, 힘들면 말하면 될 것을 왜 애들 돈이나 뺏고 다니냐 하고 싶었던 말을 다 하고 나오니 답답했던 마음이 조금은 풀린 것 같았다.#@문장구분# 그 일이 있고 난 후 연락이 끊겼고 난 또 그 친구에게 사과하지 못했다.#@문장구분# 사람들이 나처럼 익숙함에 속아 소중한 것을 잃고 사과조차 자존심 때문에 못하는 그런 어리석은 일이 안 일어났으면 좋겠다.#@문장구분# 그래서 요즘도 생각하는 것은 익숙한 것은 없고, 무엇이든지 매일 매순간 바뀌고 있으며 나 또한 그것을 인지하고 익숙해지지 않으려 해야한다는 것이다.#@문장구분# 한 평생 해온 일도 하면서 배우는 것이 있듯이 일상에서 일어나는 일들의 익숙함에 묻힌다면 더 나아가 발전하지 못하게 되는 것이 아닐까?#@문장구분#",
      "paragraph_len": 1004,
      "paragraph_id": "001"
    }
  ],
  "score": {
    "paragraph_score": [
      {
        "paragraph_scoreT": [
          3,
          2,
          2
        ],
        "paragraph_scoreT_detail": {
          "paragraph_scoreT_exp": [
            [
              3,
              3,
              3
            ],
            [
              2,
              2,
              2
            ],
            [
              2,
              2,
              2
            ]
          ]
        },
        "paragraph_scoreT_avg": 2.3333333,
        "paragraph_id": "001"
      }
    ],
    "essay_scoreT": [
      30,
      20.222221,
      24
    ],
    "essay_scoreT_avg": 24.74074,
    "essay_scoreT_detail": {
      "essay_scoreT_org": [
        [
          3,
          3,
          3,
          3
        ],
        [
          2,
          2,
          2,
          3
        ],
        [
          3,
          3,
          3,
          3
        ]
      ],
      "essay_scoreT_cont": [
        [
          3,
          3,
          0,
          3
        ],
        [
          2,
          2,
          0,
          2
        ],
        [
          3,
          2,
          0,
          2
        ]
      ],
      "essay_scoreT_exp": [
        [
          3,
          3,
          3
        ],
        [
          2,
          2,
          2
        ],
        [
          2,
          2,
          2
        ]
      ]
    }
  },
  "student": {
    "date": "2021.12.12",
    "student_educated": true,
    "student_grade": "고등_1학년",
    "location": "063",
    "student_grade_group": "고등",
    "student_reading": 2
  },
  "rubric": {
    "essay_grade": "고등_1학년",
    "organization_weight": {
      "org_paragraph": 2,
      "org": 2,
      "org_essay": 4,
      "org_coherence": 2,
      "org_quantity": 1
    },
    "essay_type": "글짓기",
    "content_weight": {
      "con_clearance": 4,
      "con_novelty": 3,
      "con": 4,
      "con_prompt": 0,
      "con_description": 1
    },
    "essay_main_subject": "소중함을 잃었던 경험",
    "expression_weight": {
      "exp_style": 1,
      "exp_grammar": 2,
      "exp_vocab": 3,
      "exp": 4
    }
  },
  "correction": [],
  "info": {
    "essay_id": "ESSAY_61293",
    "essay_prompt": " 익숙함에 속아 소중함을 잊지 말자는 명언 (Do not get fooled by something familiar and forget what is priceless.)이 있습니다.\n\n 부모님께서 매일 해주시는 아침밥이나, 너무 친해서 매일 맛있는 간식을 사주는 친구 등 처음에는 매우 감사했지만 반복되는 호의에 우리는 소중함을 잊어가기도 합니다.\n\n 작은 소중함일지라도 그 소중함을 잃게 되면 호의를 베푸는 사람 입장에서는 매우 당황스럽고 기분이 나쁠 수 있어요.\n\n 여러분은 익숙함에 속아 소중함을 잊었던 사례와 그로 인해 상대방의 기분을 나쁘게 했던 경험이 있나요? 만약 있다면 관계를 회복하기 위해 어떤 노력을 하셨나요? 본인의 경험을 작성해주세요.\n\n 만약 그런 적이 없다면 주변의 이야기나 본인에게 소중함을 주는 사람들에 관해 설명해주세요.",
    "essay_type": "글짓기",
    "essay_level": "2",
    "essay_len": 744,
    "essay_main_subject": "소중함을 잃었던 경험"
  }
}