{
  "paragraph": [
    {
      "paragraph_txt": "저는 6살 차이를 둔 누나가 있습니다.#@문장구분# 누나는 제가 태어난 이후 13년 동안 같이 살고 떨어진 적이 없었습니다.#@문장구분# 그리고 어느덧 제가 중학교 입학을 앞두던 날 좋은 소식이 들려왔습니다.#@문장구분#\n누나가 대기업에 취직했다는 소식이었습니다.#@문장구분# 저와 저희 가족은 정말 진심으로 축하했습니다.#@문장구분#\n하지만 맘 편으론 슬펐습니다.#@문장구분# 회사가 수도권에 있어 기숙사 생활을 위해 그쪽으로 옮겨야 했기 때문입니다.#@문장구분# 6살 터울을 두었지만 저희 남매는 어릴 때부터 같이 있는 시간이 많았습니다.#@문장구분# 어머니는 밤에 일을 가셨고 아버지는 낮에 일을 가셨기 때문에 저희는 서로를 의지할 수밖에 없었습니다.#@문장구분# 그렇기 때문에 저는 누나를 정말 존경하고 좋아합니다.#@문장구분# 그래서 다른 곳으로 가 떨어져 살아야 한다는 것을 들었을 때엔 정말 슬펐습니다.#@문장구분#\n그렇게 몇 달이 지나고 누나가 가야 하는 날이 왔고 그 전날 저희 가족은 다시 한번 진심으로 축하해 주었습니다.#@문장구분# 하지만 그날 저도 누나도 부모님도 모두가 울었습니다.#@문장구분#\n소중한 아니 어쩌면 남들보다 더욱더 강한 유대로 묶인 저희 가족이 떨어진다니 눈물이 나오지 않을 수가 없었습니다. #@문장구분#지금은 몇 달에 한 번 집에 와 보고 있지만 저도 고등학교를 다니며 기숙사 생활을 하기 때문에 보기가 더 어려워졌지만 아무리 떨어져 있어도 저는 누나를 존경하고 생각하고 있습니다.#@문장구분# 그래서 저는 앞으로 누나를 소중히 여기는 사람이 되도록 노력했습니다.#@문장구분#",
      "paragraph_len": 1003,
      "paragraph_id": "001"
    }
  ],
  "score": {
    "paragraph_score": [
      {
        "paragraph_scoreT": [
          2,
          2,
          2
        ],
        "paragraph_scoreT_detail": {
          "paragraph_scoreT_exp": [
            [
              2,
              2,
              2
            ],
            [
              2,
              2,
              2
            ],
            [
              2,
              2,
              2
            ]
          ]
        },
        "paragraph_scoreT_avg": 2,
        "paragraph_id": "001"
      }
    ],
    "essay_scoreT": [
      22.722221,
      26,
      24.055555
    ],
    "essay_scoreT_avg": 24.25926,
    "essay_scoreT_detail": {
      "essay_scoreT_org": [
        [
          2,
          2,
          2,
          3
        ],
        [
          3,
          3,
          3,
          3
        ],
        [
          3,
          2,
          3,
          3
        ]
      ],
      "essay_scoreT_cont": [
        [
          3,
          2,
          0,
          3
        ],
        [
          3,
          3,
          0,
          3
        ],
        [
          3,
          2,
          0,
          3
        ]
      ],
      "essay_scoreT_exp": [
        [
          2,
          2,
          2
        ],
        [
          2,
          2,
          2
        ],
        [
          2,
          2,
          2
        ]
      ]
    }
  },
  "student": {
    "date": "2021.11.15",
    "student_educated": true,
    "student_grade": "고등_1학년",
    "location": "054",
    "student_grade_group": "고등",
    "student_reading": 2
  },
  "rubric": {
    "essay_grade": "고등_1학년",
    "organization_weight": {
      "org_paragraph": 2,
      "org": 2,
      "org_essay": 4,
      "org_coherence": 2,
      "org_quantity": 1
    },
    "essay_type": "글짓기",
    "content_weight": {
      "con_clearance": 4,
      "con_novelty": 3,
      "con": 4,
      "con_prompt": 0,
      "con_description": 1
    },
    "essay_main_subject": "소중함을 잃었던 경험",
    "expression_weight": {
      "exp_style": 1,
      "exp_grammar": 2,
      "exp_vocab": 3,
      "exp": 4
    }
  },
  "correction": [],
  "info": {
    "essay_id": "ESSAY_44313",
    "essay_prompt": " 익숙함에 속아 소중함을 잊지 말자는 명언 (Do not get fooled by something familiar and forget what is priceless.)이 있습니다.\n\n 부모님께서 매일 해주시는 아침밥이나, 너무 친해서 매일 맛있는 간식을 사주는 친구 등 처음에는 매우 감사했지만 반복되는 호의에 우리는 소중함을 잊어가기도 합니다.\n\n 작은 소중함일지라도 그 소중함을 잃게 되면 호의를 베푸는 사람 입장에서는 매우 당황스럽고 기분이 나쁠 수 있어요.\n\n 여러분은 익숙함에 속아 소중함을 잊었던 사례와 그로 인해 상대방의 기분을 나쁘게 했던 경험이 있나요? 만약 있다면 관계를 회복하기 위해 어떤 노력을 하셨나요? 본인의 경험을 작성해주세요.\n\n 만약 그런 적이 없다면 주변의 이야기나 본인에게 소중함을 주는 사람들에 관해 설명해주세요.",
    "essay_type": "글짓기",
    "essay_level": "2",
    "essay_len": 683,
    "essay_main_subject": "소중함을 잃었던 경험"
  }
}