{
  "paragraph": [
    {
      "paragraph_txt": "내가 익숙함에 속아 소중하걸 잊지말자 라는 말을 뼈져리게 느낀 일이있었다.#@문장구분# 요즘 우리들에게 가장 익숙한 것 중에 하나가 바로 휴대폰 이다.#@문장구분# 나는 휴대전화를 산 처음에는 정말 조심 또 조심 다뤘지만 점점날이 지나갈수록 내가휴대전화를 막떨어뜨리고 침대에 던지며 휴대전화를 막 대하다가 최근에 화장실에 핸드폰을 떨어뜨렸는데 평소처럼 별일이 있겠어? 하고 핸드폰을 주웠지만 핸드폰이 켜지지 않았고 나는 내 핸드폰이 고장 났단 걸 깨달았다.#@문장구분# 그래서 나는 바로 핸드폰을 고치기위하여 엄마 아빠에게 핸드폰을 고친다고 말을 했다.#@문장구분# 그리고 나는 혼자 수리센터로 가서 핸드폰을 고치고 오기로 했지만 자제가 없어서 그날 고치지 못했고 자제가 오면 연락을 준다고 했다.#@문장구분# 그런데 기다리던 연락을 받으니 청천벽력 같은 소리 내 핸드폰의 메인보드가 나가서 고치려면 40만원 이상이라고 해서 엄마 아빠와 상의한 결과 포기하고 옛날폰을 다시쓰기로 했다.#@문장구분# 옛날에 쓰던폰이기 때문에 불편함이 없을줄 알았지만 웬걸 너무불편해서 고장난폰이 다시 그리웠다.#@문장구분# 이제 후회해도 소용 없지만 소중한것일수록 조금더 주심조심 아껴 써야하거늘 익숙해서 막쓴걸 후회한다.#@문장구분# 엄마 아빠가 다시 폰을 언제 봐꿔 줄지는 모르지만 만약에 바꿔준다면 정말 정말 소중하게 대할 것이다.#@문장구분# 엄마 아빠 제발 핸드폰 다시 바꿔 주세요.#@문장구분# 정말 소중하게 다루겠습니다.#@문장구분# 수능도 끝났으니 열심히 공부하겠습니다.#@문장구분# 제발요.#@문장구분#",
      "paragraph_len": 953,
      "paragraph_id": "001"
    }
  ],
  "score": {
    "paragraph_score": [
      {
        "paragraph_scoreT": [
          2.8333333,
          2,
          3
        ],
        "paragraph_scoreT_detail": {
          "paragraph_scoreT_exp": [
            [
              3,
              3,
              2
            ],
            [
              2,
              2,
              2
            ],
            [
              3,
              3,
              3
            ]
          ]
        },
        "paragraph_scoreT_avg": 2.611111,
        "paragraph_id": "001"
      }
    ],
    "essay_scoreT": [
      24.444445,
      21.166666,
      26
    ],
    "essay_scoreT_avg": 23.87037,
    "essay_scoreT_detail": {
      "essay_scoreT_org": [
        [
          2,
          3,
          3,
          3
        ],
        [
          2,
          3,
          2,
          3
        ],
        [
          3,
          3,
          3,
          3
        ]
      ],
      "essay_scoreT_cont": [
        [
          2,
          2,
          0,
          2
        ],
        [
          3,
          1,
          0,
          2
        ],
        [
          2,
          2,
          0,
          2
        ]
      ],
      "essay_scoreT_exp": [
        [
          3,
          3,
          2
        ],
        [
          2,
          2,
          2
        ],
        [
          3,
          3,
          3
        ]
      ]
    }
  },
  "student": {
    "date": "2021.12.18",
    "student_educated": true,
    "student_grade": "고등_1학년",
    "location": "063",
    "student_grade_group": "고등",
    "student_reading": 2
  },
  "rubric": {
    "essay_grade": "고등_1학년",
    "organization_weight": {
      "org_paragraph": 2,
      "org": 2,
      "org_essay": 4,
      "org_coherence": 2,
      "org_quantity": 1
    },
    "essay_type": "글짓기",
    "content_weight": {
      "con_clearance": 4,
      "con_novelty": 3,
      "con": 4,
      "con_prompt": 0,
      "con_description": 1
    },
    "essay_main_subject": "소중함을 잃었던 경험",
    "expression_weight": {
      "exp_style": 1,
      "exp_grammar": 2,
      "exp_vocab": 3,
      "exp": 4
    }
  },
  "correction": [],
  "info": {
    "essay_id": "ESSAY_73761",
    "essay_prompt": " 익숙함에 속아 소중함을 잊지 말자는 명언 (Do not get fooled by something familiar and forget what is priceless.)이 있습니다.\n\n 부모님께서 매일 해주시는 아침밥이나, 너무 친해서 매일 맛있는 간식을 사주는 친구 등 처음에는 매우 감사했지만 반복되는 호의에 우리는 소중함을 잊어가기도 합니다.\n\n 작은 소중함일지라도 그 소중함을 잃게 되면 호의를 베푸는 사람 입장에서는 매우 당황스럽고 기분이 나쁠 수 있어요.\n\n 여러분은 익숙함에 속아 소중함을 잊었던 사례와 그로 인해 상대방의 기분을 나쁘게 했던 경험이 있나요? 만약 있다면 관계를 회복하기 위해 어떤 노력을 하셨나요? 본인의 경험을 작성해주세요.\n\n 만약 그런 적이 없다면 주변의 이야기나 본인에게 소중함을 주는 사람들에 관해 설명해주세요.",
    "essay_type": "글짓기",
    "essay_level": "2",
    "essay_len": 693,
    "essay_main_subject": "소중함을 잃었던 경험"
  }
}