{
  "paragraph": [
    {
      "paragraph_txt": "TV나 인터넷 등 여러 매체들에서 친남매 사이는 항상 싸우는 경우가 많은것처럼 그려지는데 우리집은 누나가 나를 굉장히 잘 챙겨주는 편이었고 지금도 그렇다.#@문장구분# 예를 들어 누나가 아르바이트로 벌어온 첫 월급으로 내가 좋아하는 치킨을 사서 온다던지 대학교 졸업 후 직장 생활을 시작하면서는 겨울에는 패팅이나 스웨터같이 따뜻한 옷들을 \"요즘은 남자애들도 트렌드에 맞게 입어야해\"라면서 그 해 트렌드에 맞춰서 항상 사줬고 여름에는 캐쥬얼하게 입으라면서 반팔이나 반바지같이 편한 옷들을 사주는건 당연했고 하루는 집에 여자친구를 데리고 온 적이 있었는데 누나가 그 소식을 듣더니 여자친구 먹으라고 케이크를 만들어서 주는 등 굉장히 나한테 잘 대해주는 누나이다.#@문장구분# 그래서 나도 누나한테 항상 잘해주려고 노력하는데, 이번에 누나가 결혼을 하게 되었다.#@문장구분# 원래 더 일찍 하려고 했었는데 계획이 밀리고 밀려 이제서야 하게 되었고 누나의 결혼식 당일날은 그냥 \"오 우리 누나 그래도 꾸미니까 꽤 이쁘구만\" 하고 지냈는데 딱 집에 오니까 누나가 없음이 느껴졌다.#@문장구분# 뭔가 17년간 같이 살면서 떨어질거라고 생각해본적이 없어서 그랬는지 집에 와서 좀 눈물이 났다.#@문장구분# 그리고 하나의 결심을 했다. 이때까지 우리 누나가 나한테 준 사랑을 나도 누나가 올 때 꼭 잘 대해주는 걸로 갚겠다고 말이다.#@문장구분# 나에게 가족의 소중함을 그 누구보다 실천으로 알려준 우리 누나의 이야기가 이 주제문을 보고 가장 먼저 떠올랐다.#@문장구분# 앞으로도 소중한 누나에게 안부 연락도 자주 보내고 해야겠다.#@문장구분#",
      "paragraph_len": 904,
      "paragraph_id": "001"
    }
  ],
  "score": {
    "paragraph_score": [
      {
        "paragraph_scoreT": [
          3,
          2.5,
          3
        ],
        "paragraph_scoreT_detail": {
          "paragraph_scoreT_exp": [
            [
              3,
              3,
              3
            ],
            [
              2,
              3,
              2
            ],
            [
              3,
              3,
              3
            ]
          ]
        },
        "paragraph_scoreT_avg": 2.8333333,
        "paragraph_id": "001"
      }
    ],
    "essay_scoreT": [
      27.61111,
      24.88889,
      30
    ],
    "essay_scoreT_avg": 27.5,
    "essay_scoreT_detail": {
      "essay_scoreT_org": [
        [
          3,
          2,
          2,
          3
        ],
        [
          3,
          2,
          2,
          2
        ],
        [
          3,
          3,
          3,
          3
        ]
      ],
      "essay_scoreT_cont": [
        [
          3,
          2,
          0,
          3
        ],
        [
          3,
          2,
          0,
          2
        ],
        [
          3,
          3,
          0,
          3
        ]
      ],
      "essay_scoreT_exp": [
        [
          3,
          3,
          3
        ],
        [
          2,
          3,
          2
        ],
        [
          3,
          3,
          3
        ]
      ]
    }
  },
  "student": {
    "date": "2021.10.20",
    "student_educated": true,
    "student_grade": "고등_1학년",
    "location": "02",
    "student_grade_group": "고등",
    "student_reading": 1
  },
  "rubric": {
    "essay_grade": "고등_1학년",
    "organization_weight": {
      "org_paragraph": 2,
      "org": 2,
      "org_essay": 4,
      "org_coherence": 2,
      "org_quantity": 1
    },
    "essay_type": "글짓기",
    "content_weight": {
      "con_clearance": 4,
      "con_novelty": 3,
      "con": 4,
      "con_prompt": 0,
      "con_description": 1
    },
    "essay_main_subject": "소중함을 잃었던 경험",
    "expression_weight": {
      "exp_style": 1,
      "exp_grammar": 2,
      "exp_vocab": 3,
      "exp": 4
    }
  },
  "correction": [],
  "info": {
    "essay_id": "ESSAY_37982",
    "essay_prompt": " 익숙함에 속아 소중함을 잊지 말자는 명언 (Do not get fooled by something familiar and forget what is priceless.)이 있습니다.\n\n 부모님께서 매일 해주시는 아침밥이나, 너무 친해서 매일 맛있는 간식을 사주는 친구 등 처음에는 매우 감사했지만 반복되는 호의에 우리는 소중함을 잊어가기도 합니다.\n\n 작은 소중함일지라도 그 소중함을 잃게 되면 호의를 베푸는 사람 입장에서는 매우 당황스럽고 기분이 나쁠 수 있어요.\n\n 여러분은 익숙함에 속아 소중함을 잊었던 사례와 그로 인해 상대방의 기분을 나쁘게 했던 경험이 있나요? 만약 있다면 관계를 회복하기 위해 어떤 노력을 하셨나요? 본인의 경험을 작성해주세요.\n\n 만약 그런 적이 없다면 주변의 이야기나 본인에게 소중함을 주는 사람들에 관해 설명해주세요.",
    "essay_type": "글짓기",
    "essay_level": "2",
    "essay_len": 744,
    "essay_main_subject": "소중함을 잃었던 경험"
  }
}