{
  "paragraph": [
    {
      "paragraph_txt": "나는 생각한다.#@문장구분# 지금 내 주변에 소중한 사람, 소중한 물건 무엇인지 생각해보고 그 옆에 있는 그 순간  최선을 다하며 매일 소중한 것 사람들에게 감사함을 표현 할줄 알야야 한다고. 소중한 사람이나 물건이 나에게 얼마나 중요하며 나에게 이 사람이 주는 사랑의 크기를 알고만 있다면 자연스럽게 대하는 건 달라지게 돼 있을 것이긴 하다.#@문장구분# 사람과 사람 간의 거리가 가까울수록 그 존재에 대한 소중함은 깨닫기 힘들다.#@문장구분# 일은 내가 막 고등학교에 입학했을 때였다.#@문장구분# 나는 고등학교 배정을 받고 중학교 1학년때 부터 쭉 같이 다니던 친구들을 이제는 만나기 힘들다는 것을 알게 되었다.#@문장구분# 그 당시에는 그 사실이 섭섭하고 믿기 싫었지만 한편으로는 새로운 곳에, 새로운 친구를 사귀게 될 것에 기대가 되기도 했었다.#@문장구분# 그렇게 나는 설렘을 품고 고등학교에 입학했다. #@문장구분#내가 먼저 다가가야 하는데 별생각 없이 지냈다 하지만고등학교 생활은 적응하기가 힘들었다. #@문장구분#소중함과 감사함을 모르고 세상을 살아간다면 자만해 질것이고 그러다보면  내주위에는 사람이 하나둘씩 떠나갈 것이며 나중에는 한명도 남아있지않아 나만 외울것이다.#@문장구분# 그소중함에 감사함을 느끼며 항상 고맙습니다 감사합니다  사랑합니다를 말로  하면 인간 관계에 있어 세상살아가는데 엄청난 힘을 줄 것이다.#@문장구분# 소중함의 가치를 항상 머릿속에 넣고 다니면 된다.#@문장구분# 그렇게 되면 세상살아가는데  아무 문제가없고 해피한 인생이 될것이다.#@문장구분#",
      "paragraph_len": 936,
      "paragraph_id": "001"
    }
  ],
  "score": {
    "paragraph_score": [
      {
        "paragraph_scoreT": [
          2.6666667,
          2.6666667,
          2.6666667
        ],
        "paragraph_scoreT_detail": {
          "paragraph_scoreT_exp": [
            [
              2,
              3,
              3
            ],
            [
              2,
              3,
              3
            ],
            [
              2,
              3,
              3
            ]
          ]
        },
        "paragraph_scoreT_avg": 2.6666667,
        "paragraph_id": "001"
      }
    ],
    "essay_scoreT": [
      27.166668,
      27.166668,
      24.666668
    ],
    "essay_scoreT_avg": 26.333334,
    "essay_scoreT_detail": {
      "essay_scoreT_org": [
        [
          3,
          3,
          3,
          3
        ],
        [
          3,
          3,
          3,
          3
        ],
        [
          3,
          3,
          3,
          3
        ]
      ],
      "essay_scoreT_cont": [
        [
          3,
          2,
          0,
          3
        ],
        [
          3,
          2,
          0,
          3
        ],
        [
          2,
          2,
          0,
          2
        ]
      ],
      "essay_scoreT_exp": [
        [
          2,
          3,
          3
        ],
        [
          2,
          3,
          3
        ],
        [
          2,
          3,
          3
        ]
      ]
    }
  },
  "student": {
    "date": "2021.12.18",
    "student_educated": true,
    "student_grade": "고등_1학년",
    "location": "063",
    "student_grade_group": "고등",
    "student_reading": 2
  },
  "rubric": {
    "essay_grade": "고등_1학년",
    "organization_weight": {
      "org_paragraph": 2,
      "org": 2,
      "org_essay": 4,
      "org_coherence": 2,
      "org_quantity": 1
    },
    "essay_type": "글짓기",
    "content_weight": {
      "con_clearance": 4,
      "con_novelty": 3,
      "con": 4,
      "con_prompt": 0,
      "con_description": 1
    },
    "essay_main_subject": "소중함을 잃었던 경험",
    "expression_weight": {
      "exp_style": 1,
      "exp_grammar": 2,
      "exp_vocab": 3,
      "exp": 4
    }
  },
  "correction": [],
  "info": {
    "essay_id": "ESSAY_72959",
    "essay_prompt": " 익숙함에 속아 소중함을 잊지 말자는 명언 (Do not get fooled by something familiar and forget what is priceless.)이 있습니다.\n\n 부모님께서 매일 해주시는 아침밥이나, 너무 친해서 매일 맛있는 간식을 사주는 친구 등 처음에는 매우 감사했지만 반복되는 호의에 우리는 소중함을 잊어가기도 합니다.\n\n 작은 소중함일지라도 그 소중함을 잃게 되면 호의를 베푸는 사람 입장에서는 매우 당황스럽고 기분이 나쁠 수 있어요.\n\n 여러분은 익숙함에 속아 소중함을 잊었던 사례와 그로 인해 상대방의 기분을 나쁘게 했던 경험이 있나요? 만약 있다면 관계를 회복하기 위해 어떤 노력을 하셨나요? 본인의 경험을 작성해주세요.\n\n 만약 그런 적이 없다면 주변의 이야기나 본인에게 소중함을 주는 사람들에 관해 설명해주세요.",
    "essay_type": "글짓기",
    "essay_level": "2",
    "essay_len": 696,
    "essay_main_subject": "소중함을 잃었던 경험"
  }
}