{
  "paragraph": [
    {
      "paragraph_txt": "저는 17년을 살아보면서 크게 두가지 사례가 있었는데, 첫 번째는 어렸을 때부터 친했던 친구에 대한 이야기입니다.#@문장구분# 저는 초등학교때부터 친했던 이성친구가 있었습니다.#@문장구분# 그 때에 저는 그 친구 말고는 거의 동성 친구들 밖에 없었는데 그때에 그 친구랑은 많이 친했습니다.#@문장구분# 너무 오래전이라 무슨 이유로 처음 친해지게 되었는지는 기억이 나지 않지만 초등학교 6학년때 같은 학원을 다니게 되었고 그때부터 서로 붙어다녔습니다.#@문장구분# 학교에서도 같이 다니고 서로 친한 사이였습니다.#@문장구분# 그 친구는 표현이 참 적극적이였습니다.#@문장구분# 중학교1학년 때부터는 복도에서 만나면 오버하면서 이름을 부르며 인사를 했고 가끔은 다른 얘들이 보는 앞에서 갑자기 껴안기도 했을 정도입니다.#@문장구분# 그래도 저는 이성으로 좋아하지는 않았던 것 같습니다.#@문장구분# 그 친구는 정말 엄청 예쁘긴 헀지만 워낙 오래전부터 알고지내다 보니 그런 감정이 들지는 않았습니다.#@문장구분# 제가 처음 이성교제를 했을 때에도 이 친구랑은 계속 친하게 지냈었던 적도 있어서 더욱 서로에 관계에 대한 의심은 하지 않았었습니다.#@문장구분# 중학교 2학년까지 계속 친하게 지내다가 코로나가 터졌고 오랫동안 만나지 않았습니다.#@문장구분# 이 친구는 이때쯤 학원도 그만두었고 온라인 수업을 하기 시작하니 만날 일도 없어졌습니다.#@문장구분# 그때 저는 그 친구 연락처가 없었다는 것을 알게 되었습니다.#@문장구분# 지금껏 몇 년간 제가 먼저 연락을 한 적이 없었던 것입니다.#@문장구분# 그 후 서로 다른 고등학교로 가게 되었습니다.#@문장구분# 항상 옆에 있어주었고 매번 격하게 반응해주곤 하던 친구가 어느샌가 없어졌다는 것을 깨닳았을 때에는 이미 연락할거리도 없고 오랜 시간이 지난 뒤였습니다.#@문장구분# 하도 오버하면서 반겨주던 친구였다보니 그 친구가 아닌 다른 친구들과 놀아도 그 친구에 빈자리가 자꾸만 생각납니다.#@문장구분# 두 번째 사례는 제 할아버지에 관한 것입니다.#@문장구분# 저는 교회를 다닙니다.#@문장구분# 저희 할아버지도 같은 교회를 다니셨었는데 할아버지께선 제가 예배중인 곳까지 오셔서 제 볼에 입을 맞추시곤 하셨습니다.#@문장구분# 저는 그때 초등학생이였고 할아버지가 친구들 앞에서 그런 행동을 하시는게 너무 부끄러웠습니다.#@문장구분# 그래서 매번 할아버지가 오실 떄 즈음 미리 나가 친구들이 못보는 복도에서 기다렸다가 인사를 들였습니다.#@문장구분# 전 그때도 할아버지를 사랑했지만 그래도 다른 친구들 앞에서 애정행각을 보이기에는 창피했습니다.#@문장구분# 할아버지는 제가 초등학교 6학년 때 즈음 돌아가셨습니다.#@문장구분# 병원에 몇 달간 누워계시다가 세상을 떠나셨는데 돌아가시기 전부터 어른들이 제 할아버지만큼 저를 사랑해주는 분이 없다고 말씀하시곤 했던 것들이 무슨뜻인지 그때까지도 실감이 나지 않았습니다.#@문장구분# 그러나 매번 일주일에 한번 할머니네 집에 들를떄마다 할아버지의 자리가 비어있고 그 집앞에 할아버지에 구두가 놓여있고 제가 교회에 있을 때 더 이상 아무도 제게 친구들 앞에서 입을 맞추는 사람이 없다는 것을 점차 느끼게 되었습니다#@문장구분# 어렸을 때 잘해드리지 못헀던 순간들이 계속 떠올랐고 항상 받던 사랑을 받지 못하게 되었을 떄 비로소 소중한 사람이셨고 소중한 순간들이였다는 것을 깨닳게 되었습니다. #@문장구분#저는 그 이후로 부모님과 할머니께 효도하려 노력합니다 앞으로도 잊지 않고 계속 최선을 다해 효도할 수 있다면 좋겠습니다.#@문장구분#",
      "paragraph_len": 2111,
      "paragraph_id": "001"
    }
  ],
  "score": {
    "paragraph_score": [
      {
        "paragraph_scoreT": [
          2.6666667,
          2.6666667,
          2.3333333
        ],
        "paragraph_scoreT_detail": {
          "paragraph_scoreT_exp": [
            [
              2,
              3,
              3
            ],
            [
              2,
              3,
              3
            ],
            [
              3,
              2,
              2
            ]
          ]
        },
        "paragraph_scoreT_avg": 2.5555556,
        "paragraph_id": "001"
      }
    ],
    "essay_scoreT": [
      26.277779,
      27.777779,
      22.055555
    ],
    "essay_scoreT_avg": 25.37037,
    "essay_scoreT_detail": {
      "essay_scoreT_org": [
        [
          2,
          3,
          3,
          3
        ],
        [
          2,
          3,
          3,
          3
        ],
        [
          2,
          2,
          2,
          3
        ]
      ],
      "essay_scoreT_cont": [
        [
          3,
          2,
          0,
          3
        ],
        [
          3,
          3,
          0,
          3
        ],
        [
          2,
          2,
          0,
          3
        ]
      ],
      "essay_scoreT_exp": [
        [
          2,
          3,
          3
        ],
        [
          2,
          3,
          3
        ],
        [
          3,
          2,
          2
        ]
      ]
    }
  },
  "student": {
    "date": "2021.11.23",
    "student_educated": true,
    "student_grade": "고등_1학년",
    "location": "031",
    "student_grade_group": "고등",
    "student_reading": 3
  },
  "rubric": {
    "essay_grade": "고등_1학년",
    "organization_weight": {
      "org_paragraph": 2,
      "org": 2,
      "org_essay": 4,
      "org_coherence": 2,
      "org_quantity": 1
    },
    "essay_type": "글짓기",
    "content_weight": {
      "con_clearance": 4,
      "con_novelty": 3,
      "con": 4,
      "con_prompt": 0,
      "con_description": 1
    },
    "essay_main_subject": "소중함을 잃었던 경험",
    "expression_weight": {
      "exp_style": 1,
      "exp_grammar": 2,
      "exp_vocab": 3,
      "exp": 4
    }
  },
  "correction": [],
  "info": {
    "essay_id": "ESSAY_52375",
    "essay_prompt": " 익숙함에 속아 소중함을 잊지 말자는 명언 (Do not get fooled by something familiar and forget what is priceless.)이 있습니다.\n\n 부모님께서 매일 해주시는 아침밥이나, 너무 친해서 매일 맛있는 간식을 사주는 친구 등 처음에는 매우 감사했지만 반복되는 호의에 우리는 소중함을 잊어가기도 합니다.\n\n 작은 소중함일지라도 그 소중함을 잃게 되면 호의를 베푸는 사람 입장에서는 매우 당황스럽고 기분이 나쁠 수 있어요.\n\n 여러분은 익숙함에 속아 소중함을 잊었던 사례와 그로 인해 상대방의 기분을 나쁘게 했던 경험이 있나요? 만약 있다면 관계를 회복하기 위해 어떤 노력을 하셨나요? 본인의 경험을 작성해주세요.\n\n 만약 그런 적이 없다면 주변의 이야기나 본인에게 소중함을 주는 사람들에 관해 설명해주세요.",
    "essay_type": "글짓기",
    "essay_level": "2",
    "essay_len": 1551,
    "essay_main_subject": "소중함을 잃었던 경험"
  }
}