{
  "paragraph": [
    {
      "paragraph_txt": "항상 저와 같이 게임을 즐겨했던 친한, 아주 친한 친구가 있었습니다.#@문장구분#\n그 친구와 저는 어렸을 때부터 친한건 아니지만 중학교때 처음만나서 저희가 잘 어울린다는걸 알았습니다.#@문장구분#\n왜냐하면 그 친구와 저는 죽과 합이 잘 맞았었고 취미도 비슷해서 마음이 정말 잘 맞는 친구였습니다.#@문장구분#\n그래서 항상 같이 게임도하고 놀러가기도 하면서 맛있는 음식도 먹고, 참 좋은 시간들 이였습니다.#@문장구분#\n그랬던 시간들로 계속 되면 좋았겠지만은 결국은 저희고 고등학교 진로를 탐색해야 했고 저는 일반 공업고등학교를 선택한 반면에 친구는 타지의 마이스터고등학교를 선택했고\n갈라선 진로는 서로의 시간을 다르게 흐르게 만들었습니다.#@문장구분# 그렇게 일정이 달라지자 제가 게임을 하는 와중에도 친구는 더욱 공부해야 했기에 늘상 공부를 하면서 졸업일이 점점 다가왔습니다.#@문장구분# 결국에 그친구도 마이스터고등학교에 입학에 성공했고 축하한다며 축하하고는 했습니다.#@문장구분#\n그러나 몸과 마음의 거리는 비례한다는 말처럼 점점더 친구와 저는 연락이 뜸해졌고 새로사귄 친구들과 어울리게 되었습니다.#@문장구분# 그렇게 서로의 기억에서 지워지나 싶을 때 저는 아무리 그래도 가장친한 친구를 그렇게 떠나보내고 싶진 않았고 용기내어 먼저 연락했을때에 친구도 저를 반갑다고 해주었고 다시금 연락이 닿아 지금은 간간히 놀러도 가면서 과거처럼 잘 지내고 있습니다.#@문장구분# 저는 이번 일을 계기로 정말 소중했던 친구는 자주자주 연락하자는 마음가짐을 가지게 되었습니다.#@문장구분#",
      "paragraph_len": 902,
      "paragraph_id": "001"
    }
  ],
  "score": {
    "paragraph_score": [
      {
        "paragraph_scoreT": [
          2,
          2.5,
          2
        ],
        "paragraph_scoreT_detail": {
          "paragraph_scoreT_exp": [
            [
              2,
              2,
              2
            ],
            [
              2,
              3,
              2
            ],
            [
              2,
              2,
              2
            ]
          ]
        },
        "paragraph_scoreT_avg": 2.1666667,
        "paragraph_id": "001"
      }
    ],
    "essay_scoreT": [
      18.722221,
      25.38889,
      22
    ],
    "essay_scoreT_avg": 22.037039,
    "essay_scoreT_detail": {
      "essay_scoreT_org": [
        [
          2,
          2,
          2,
          3
        ],
        [
          3,
          2,
          2,
          2
        ],
        [
          2,
          2,
          2,
          2
        ]
      ],
      "essay_scoreT_cont": [
        [
          2,
          1,
          0,
          2
        ],
        [
          3,
          2,
          0,
          3
        ],
        [
          3,
          2,
          0,
          2
        ]
      ],
      "essay_scoreT_exp": [
        [
          2,
          2,
          2
        ],
        [
          2,
          3,
          2
        ],
        [
          2,
          2,
          2
        ]
      ]
    }
  },
  "student": {
    "date": "2021.09.30",
    "student_educated": true,
    "student_grade": "고등_1학년",
    "location": "063",
    "student_grade_group": "고등",
    "student_reading": 2
  },
  "rubric": {
    "essay_grade": "고등_1학년",
    "organization_weight": {
      "org_paragraph": 2,
      "org": 2,
      "org_essay": 4,
      "org_coherence": 2,
      "org_quantity": 1
    },
    "essay_type": "글짓기",
    "content_weight": {
      "con_clearance": 4,
      "con_novelty": 3,
      "con": 4,
      "con_prompt": 0,
      "con_description": 1
    },
    "essay_main_subject": "소중함을 잃었던 경험",
    "expression_weight": {
      "exp_style": 1,
      "exp_grammar": 2,
      "exp_vocab": 3,
      "exp": 4
    }
  },
  "correction": [],
  "info": {
    "essay_id": "ESSAY_37153",
    "essay_prompt": " 익숙함에 속아 소중함을 잊지 말자는 명언 (Do not get fooled by something familiar and forget what is priceless.)이 있습니다.\n\n 부모님께서 매일 해주시는 아침밥이나, 너무 친해서 매일 맛있는 간식을 사주는 친구 등 처음에는 매우 감사했지만 반복되는 호의에 우리는 소중함을 잊어가기도 합니다.\n\n 작은 소중함일지라도 그 소중함을 잃게 되면 호의를 베푸는 사람 입장에서는 매우 당황스럽고 기분이 나쁠 수 있어요.\n\n 여러분은 익숙함에 속아 소중함을 잊었던 사례와 그로 인해 상대방의 기분을 나쁘게 했던 경험이 있나요? 만약 있다면 관계를 회복하기 위해 어떤 노력을 하셨나요? 본인의 경험을 작성해주세요.\n\n 만약 그런 적이 없다면 주변의 이야기나 본인에게 소중함을 주는 사람들에 관해 설명해주세요.",
    "essay_type": "글짓기",
    "essay_level": "2",
    "essay_len": 702,
    "essay_main_subject": "소중함을 잃었던 경험"
  }
}