{
  "paragraph": [
    {
      "paragraph_txt": "나에게는 어릴때부터 같은 동네에 태어난 언니와 같은 민지라는 친구가 있다.#@문장구분# 엄마 말이 내가 어렸을 때 너무 예민해서 낯도 가리고 엄마 옆에서 떨어지지 않아서 고생했다고말씀하셨다.#@문장구분# 그런데 신기하게도 동네 친구인 민지네 집에 놀러가면 엄마도 찾지도 않고 잘 놀아서거의 그 집에서 내가 살다시피 살았었다고 한다.#@문장구분# 그래서 항상 엄마는 민지네 아주머니에게 미안해서 간식을 주거나 선물을 하셨다고 한다.#@문장구분# 그렇게 몇 년이 지나고나서 초등학교에 입학하고 학교생활을 하는데 계속 내가 낯을 가려서 병이 난적이 있다.#@문장구분# 부모님은 당연히 걱정과 나를 어떻게 해야할지 고민을 하셨다고 한다.#@문장구분# 다행이도 민지의 도움으로 서서히 학교생활에 적응을 했고 우여곡절 끝에 초등학교 졸업을 했다.#@문장구분# 다음 해에 민지랑 같은 중학교에 입학을 했고 정말 운이 좋게 같은반이 되었다.#@문장구분# 민지랑 학교생활을 하니깐 심적으로 안정되고 무서울게 없는 자신감이 생겼다.#@문장구분# 학교 끝나고 같이 분식점에서 떡볶이도 먹고 독서실에서 공부도 하고 방학이면 민지네 가족이랑 여행도 가며 즐거운 학창시절을 보냈다.#@문장구분# 만약 내가 항상 믿고 따르고 의지하는 친구이자 단짝인 민지가 없었다면 엄청나게 의기소침하고 내성적인 아이로 컸을지도 모른다.#@문장구분# 가끔 다른 친구들이 나를 시샘하지만 그만큼 민지도 나를 좋아해줘서 다행이다.#@문장구분# 안그러면 서로 불편하고 힘들었을텐데 말이다.#@문장구분#",
      "paragraph_len": 926,
      "paragraph_id": "001"
    }
  ],
  "score": {
    "paragraph_score": [
      {
        "paragraph_scoreT": [
          3,
          2.1666667,
          2.6666667
        ],
        "paragraph_scoreT_detail": {
          "paragraph_scoreT_exp": [
            [
              3,
              3,
              3
            ],
            [
              2,
              2,
              3
            ],
            [
              2,
              3,
              3
            ]
          ]
        },
        "paragraph_scoreT_avg": 2.6111114,
        "paragraph_id": "001"
      }
    ],
    "essay_scoreT": [
      30,
      24.666668,
      26.666668
    ],
    "essay_scoreT_avg": 27.111113,
    "essay_scoreT_detail": {
      "essay_scoreT_org": [
        [
          3,
          3,
          3,
          3
        ],
        [
          3,
          3,
          3,
          3
        ],
        [
          3,
          3,
          3,
          3
        ]
      ],
      "essay_scoreT_cont": [
        [
          3,
          3,
          0,
          3
        ],
        [
          2,
          3,
          0,
          3
        ],
        [
          2,
          3,
          0,
          3
        ]
      ],
      "essay_scoreT_exp": [
        [
          3,
          3,
          3
        ],
        [
          2,
          2,
          3
        ],
        [
          2,
          3,
          3
        ]
      ]
    }
  },
  "student": {
    "date": "2021.12.09",
    "student_educated": true,
    "student_grade": "고등_1학년",
    "location": "044",
    "student_grade_group": "고등",
    "student_reading": 1
  },
  "rubric": {
    "essay_grade": "고등_1학년",
    "organization_weight": {
      "org_paragraph": 2,
      "org": 2,
      "org_essay": 4,
      "org_coherence": 2,
      "org_quantity": 1
    },
    "essay_type": "글짓기",
    "content_weight": {
      "con_clearance": 4,
      "con_novelty": 3,
      "con": 4,
      "con_prompt": 0,
      "con_description": 1
    },
    "essay_main_subject": "소중함을 잃었던 경험",
    "expression_weight": {
      "exp_style": 1,
      "exp_grammar": 2,
      "exp_vocab": 3,
      "exp": 4
    }
  },
  "correction": [],
  "info": {
    "essay_id": "ESSAY_65990",
    "essay_prompt": " 익숙함에 속아 소중함을 잊지 말자는 명언 (Do not get fooled by something familiar and forget what is priceless.)이 있습니다.\n\n 부모님께서 매일 해주시는 아침밥이나, 너무 친해서 매일 맛있는 간식을 사주는 친구 등 처음에는 매우 감사했지만 반복되는 호의에 우리는 소중함을 잊어가기도 합니다.\n\n 작은 소중함일지라도 그 소중함을 잃게 되면 호의를 베푸는 사람 입장에서는 매우 당황스럽고 기분이 나쁠 수 있어요.\n\n 여러분은 익숙함에 속아 소중함을 잊었던 사례와 그로 인해 상대방의 기분을 나쁘게 했던 경험이 있나요? 만약 있다면 관계를 회복하기 위해 어떤 노력을 하셨나요? 본인의 경험을 작성해주세요.\n\n 만약 그런 적이 없다면 주변의 이야기나 본인에게 소중함을 주는 사람들에 관해 설명해주세요.",
    "essay_type": "글짓기",
    "essay_level": "2",
    "essay_len": 668,
    "essay_main_subject": "소중함을 잃었던 경험"
  }
}