{
  "paragraph": [
    {
      "paragraph_txt": "내 친구중에 나에게 자주 피시방이나 먹을 것을 자주 사주던 친구가 있었는데 어느순간 그 친구가 나에게 자주 피시방이나 먹을 것을 사주는 것이 당연하게 느껴져서 그 친구에게 고마움이 없어졌던 적이 있다. #@문장구분#그래서 그 뒤로 내가 당연하게 생각하자 그 친구는 나에게 서운함이 많아지고 그 뒤로 나에게 더 이상 베푸는 일이 없어졌다.#@문장구분# 익숨함에 속아 소중함을 잃고 나서 나는 그 후에서야 소중함을 알게 되었다.#@문장구분# 그리고 이제는 내가 그 친구에게 전에 사줬었던 것에 대한 고마움에 내가 그 친구에게 많이 베풀어 주었다.#@문장구분# 이처럼 누군가 나에게 베풀어주면 익숙해지는 것이 아닌 항상 그 누군가에게 고마워 해야한다.#@문장구분# 만약 누군가 나에게 베풀어주고 있다면 당연하듯이 받아드리지 말고 항상 고마워하자.#@문장구분# 그렇지않으면 익숙하게 생각했던 행동들도 다 사라질 것이다.#@문장구분# 지금 만약 누군가 당신에게 베풀어주고 있다면 당신이 익숙함에 빠져있는지 아니면 그 친구에게 항상 고마워하고 있는지 한번씩 다들 생각해보자.#@문장구분#어쩌면 서로에게 우정이 생기는 게 아닌 오직 나만의 우정이 아닌가라는 생각이 들기도 한 것 같다.#@문장구분#우정이 아닌 어떠한 목적을 가지고 접근한 속내도 모른 채 순수하게 놀아나는 것이라면 언젠간 들통나 슬픔이 정신을 잠식시켜 정신을 차리지도 못 한 채 시간만 낭비한 날들을 생각한다면 그때 나를 위해 시간을 투자했더라면 지금의 나는 어떨까 하고 생각을 할 때가 많은 것 같다.#@문장구분# 앞으로 이런 과거의 경험을 잊지 말고 미래의 일어날 일들에 대해 잘 대처해 소중함을 잊지 않는 내가 되도록 노력할 것이다.#@문장구분# 그러면 미래에는 조금더 발전된 내가 되어있을 것이니까.#@문장구분#",
      "paragraph_len": 1036,
      "paragraph_id": "001"
    }
  ],
  "score": {
    "paragraph_score": [
      {
        "paragraph_scoreT": [
          2.6666667,
          2.1666667,
          2.1666667
        ],
        "paragraph_scoreT_detail": {
          "paragraph_scoreT_exp": [
            [
              2,
              3,
              3
            ],
            [
              2,
              2,
              3
            ],
            [
              2,
              2,
              3
            ]
          ]
        },
        "paragraph_scoreT_avg": 2.3333333,
        "paragraph_id": "001"
      }
    ],
    "essay_scoreT": [
      24.666668,
      25.277779,
      23.777779
    ],
    "essay_scoreT_avg": 24.574076,
    "essay_scoreT_detail": {
      "essay_scoreT_org": [
        [
          3,
          3,
          3,
          3
        ],
        [
          2,
          3,
          3,
          3
        ],
        [
          2,
          3,
          3,
          3
        ]
      ],
      "essay_scoreT_cont": [
        [
          2,
          2,
          0,
          2
        ],
        [
          3,
          3,
          0,
          2
        ],
        [
          2,
          3,
          0,
          3
        ]
      ],
      "essay_scoreT_exp": [
        [
          2,
          3,
          3
        ],
        [
          2,
          2,
          3
        ],
        [
          2,
          2,
          3
        ]
      ]
    }
  },
  "student": {
    "date": "2021.12.18",
    "student_educated": true,
    "student_grade": "고등_1학년",
    "location": "063",
    "student_grade_group": "고등",
    "student_reading": 2
  },
  "rubric": {
    "essay_grade": "고등_1학년",
    "organization_weight": {
      "org_paragraph": 2,
      "org": 2,
      "org_essay": 4,
      "org_coherence": 2,
      "org_quantity": 1
    },
    "essay_type": "글짓기",
    "content_weight": {
      "con_clearance": 4,
      "con_novelty": 3,
      "con": 4,
      "con_prompt": 0,
      "con_description": 1
    },
    "essay_main_subject": "소중함을 잃었던 경험",
    "expression_weight": {
      "exp_style": 1,
      "exp_grammar": 2,
      "exp_vocab": 3,
      "exp": 4
    }
  },
  "correction": [],
  "info": {
    "essay_id": "ESSAY_73392",
    "essay_prompt": " 익숙함에 속아 소중함을 잊지 말자는 명언 (Do not get fooled by something familiar and forget what is priceless.)이 있습니다.\n\n 부모님께서 매일 해주시는 아침밥이나, 너무 친해서 매일 맛있는 간식을 사주는 친구 등 처음에는 매우 감사했지만 반복되는 호의에 우리는 소중함을 잊어가기도 합니다.\n\n 작은 소중함일지라도 그 소중함을 잃게 되면 호의를 베푸는 사람 입장에서는 매우 당황스럽고 기분이 나쁠 수 있어요.\n\n 여러분은 익숙함에 속아 소중함을 잊었던 사례와 그로 인해 상대방의 기분을 나쁘게 했던 경험이 있나요? 만약 있다면 관계를 회복하기 위해 어떤 노력을 하셨나요? 본인의 경험을 작성해주세요.\n\n 만약 그런 적이 없다면 주변의 이야기나 본인에게 소중함을 주는 사람들에 관해 설명해주세요.",
    "essay_type": "글짓기",
    "essay_level": "2",
    "essay_len": 798,
    "essay_main_subject": "소중함을 잃었던 경험"
  }
}