{
  "paragraph": [
    {
      "paragraph_txt": "지금엔 너무나도 당연하지만 과거엔 그렇지 않았던 것에 대하여 요즘 사회를 보면 산골 깊은곳에 있는 시골이 아니고선 어디든지 인터넷이 보급되어 있는데 이 인터넷과 관련된 다시금 깨닳은 소중함에 대한 글짓기입니다.#@문장구분#\n ",
      "paragraph_len": 139,
      "paragraph_id": "001"
    },
    {
      "paragraph_txt": "저는 컴퓨터 게임을 정말 좋아합니다.#@문장구분# 때문에 하루에도 수시간동안 컴퓨터 게임을하고 학교에서도 쉬는시간마다 친구들과 스마트폰으로 게임을 즐기면서 학교생활을 즐기고 있습니다.#@문장구분# 그런데 어느날 저희 집 자택에 있는 인터넷 랜선이 노후화 되어서 인터넷을 사용하는데 큰 어려움이 있었습니다. #@문장구분#인터넷이 안돼니 친구들과 저녁에 게임하기로 약속을 했는데 못하게 되어서  아쉬웠고 또 친구들에게 연락해서 못하게 되었다고 말했더니 믿어주지 않는 눈치였었습니다.#@문장구분# 마침 고장나고 난 다음주가 설날이였기에 인터넷을 봐주실 인터넷기사님이 방문하기까지에 너무나도 긴 시간이 들었습니다.#@문장구분# 그 긴시간동안에 지루한 시간들을 어떻게 해야할까? 라는 생각이들었고 저는 그 시간들을 오히려 이용해보자는 생각이 들어서 그 시간동안에 운동을하거나 저만의 취미를 게임뿐만이 아니라 다른 취미도 만들어보자는 취지로 인터넷이 고쳐질 때 까지 이것도 해보고 저것도 해보고 많은 것들을 해보았습니다.#@문장구분# 예를 들자면 악기를 배워 본다거나 평소엔 잘 보지않았던 책이나 영화같은 것들을 보곤 하면서 시간을 보냈습니다.#@문장구분# 이렇게 시간을 보내다보니 게임만하던 과거가 조금은 피폐했던 것 같기도하면서 앞으로는 좀 더 활동적인 삶을 살아보아야지 하고 다짐했습니다.#@문장구분#",
      "paragraph_len": 773,
      "paragraph_id": "002"
    }
  ],
  "score": {
    "paragraph_score": [
      {
        "paragraph_scoreT": [
          2.8333333,
          3,
          2.5
        ],
        "paragraph_scoreT_detail": {
          "paragraph_scoreT_exp": [
            [
              3,
              3,
              2
            ],
            [
              3,
              3,
              3
            ],
            [
              2,
              3,
              2
            ]
          ]
        },
        "paragraph_scoreT_avg": 2.7777777,
        "paragraph_id": "001"
      },
      {
        "paragraph_scoreT": [
          2.8333333,
          3,
          2.5
        ],
        "paragraph_scoreT_detail": {
          "paragraph_scoreT_exp": [
            [
              3,
              3,
              2
            ],
            [
              3,
              3,
              3
            ],
            [
              2,
              3,
              2
            ]
          ]
        },
        "paragraph_scoreT_avg": 2.7777777,
        "paragraph_id": "002"
      }
    ],
    "essay_scoreT": [
      27.833332,
      26.88889,
      22.222221
    ],
    "essay_scoreT_avg": 25.648148,
    "essay_scoreT_detail": {
      "essay_scoreT_org": [
        [
          3,
          3,
          3,
          3
        ],
        [
          2,
          3,
          3,
          2
        ],
        [
          2,
          2,
          2,
          3
        ]
      ],
      "essay_scoreT_cont": [
        [
          3,
          2,
          0,
          3
        ],
        [
          3,
          2,
          0,
          2
        ],
        [
          2,
          2,
          0,
          2
        ]
      ],
      "essay_scoreT_exp": [
        [
          3,
          3,
          2
        ],
        [
          3,
          3,
          3
        ],
        [
          2,
          3,
          2
        ]
      ]
    }
  },
  "student": {
    "date": "2021.09.30",
    "student_educated": true,
    "student_grade": "고등_1학년",
    "location": "063",
    "student_grade_group": "고등",
    "student_reading": 1
  },
  "rubric": {
    "essay_grade": "고등_1학년",
    "organization_weight": {
      "org_paragraph": 2,
      "org": 2,
      "org_essay": 4,
      "org_coherence": 2,
      "org_quantity": 1
    },
    "essay_type": "글짓기",
    "content_weight": {
      "con_clearance": 4,
      "con_novelty": 3,
      "con": 4,
      "con_prompt": 0,
      "con_description": 1
    },
    "essay_main_subject": "소중함을 잃었던 경험",
    "expression_weight": {
      "exp_style": 1,
      "exp_grammar": 2,
      "exp_vocab": 3,
      "exp": 4
    }
  },
  "correction": [],
  "info": {
    "essay_id": "ESSAY_36418",
    "essay_prompt": " 익숙함에 속아 소중함을 잊지 말자는 명언 (Do not get fooled by something familiar and forget what is priceless.)이 있습니다.\n\n 부모님께서 매일 해주시는 아침밥이나, 너무 친해서 매일 맛있는 간식을 사주는 친구 등 처음에는 매우 감사했지만 반복되는 호의에 우리는 소중함을 잊어가기도 합니다.\n\n 작은 소중함일지라도 그 소중함을 잃게 되면 호의를 베푸는 사람 입장에서는 매우 당황스럽고 기분이 나쁠 수 있어요.\n\n 여러분은 익숙함에 속아 소중함을 잊었던 사례와 그로 인해 상대방의 기분을 나쁘게 했던 경험이 있나요? 만약 있다면 관계를 회복하기 위해 어떤 노력을 하셨나요? 본인의 경험을 작성해주세요.\n\n 만약 그런 적이 없다면 주변의 이야기나 본인에게 소중함을 주는 사람들에 관해 설명해주세요.",
    "essay_type": "글짓기",
    "essay_level": "2",
    "essay_len": 734,
    "essay_main_subject": "소중함을 잃었던 경험"
  }
}