{
  "paragraph": [
    {
      "paragraph_txt": "저는 익숙함에 속아 소중함을 잊었던 사례가 한 번 있었습니다.#@문장구분# 제 인생에서 한 번이자 마지막이었으면 하는 경험이었습니다.#@문장구분# 저에게 한 1년 정도 만난 여자친구가 있었습니다.#@문장구분# 과학적으로 증명된 서로가 사랑을 느끼는 감정은 2년 정도이라고 했습니다.#@문장구분# 이것 또한 사람에 따라 오차범위가 있을 수는 있지만 1년 정도 만나면 저는 아직도 제 여자친구를 많이 좋아하고 있었습니다.#@문장구분# 하지만 1년 정도 만나다 보면 서로가 모가 필요하고, 서로의 성격, 장단점들을 다 알아가기 충분한 시간입니다.#@문장구분# 그러다 보니 서로 익숙하고 편하고, 소중한 감정들을 서로가 잊기 시작했죠.#@문장구분# 그렇게 시간이 지나 익숙함에 속아 소중함을 잊었던 사례가 발생했습니다.#@문장구분# 여자친구가 만나자는 약속이 하루 정도는 귀찮아서 거짓말을 하고 친구들과 피시방을 가고 놀고 있었습니다.#@문장구분# 그러다가 우연히 길거리에서 여자친구를 만났습니다.#@문장구분# 여자친구는 그 자리에서 바로 울어버렸고 저한테 실망했다면서 서로 편하고 익숙할수록 오히려 자기한테 말을 하고 친구를 만나러 가는 게 맞지 않느냐면서 그 자리에서 바로 헤어지자고 통보를 들었고, 저는 아무리 잡아봐도 돌아오지 않았습니다.#@문장구분# 그렇게 저는 1년 정도 만나 소중한 여자친구를 놓치게 되었고, 익숙할수록 더 챙기고 섬세하게 생각해야 한다는 것을 까먹고 소홀하던 제 마음을 후회했습니다.#@문장구분#",
      "paragraph_len": 894,
      "paragraph_id": "001"
    }
  ],
  "score": {
    "paragraph_score": [
      {
        "paragraph_scoreT": [
          2.8333333,
          3,
          3
        ],
        "paragraph_scoreT_detail": {
          "paragraph_scoreT_exp": [
            [
              3,
              3,
              2
            ],
            [
              3,
              3,
              3
            ],
            [
              3,
              3,
              3
            ]
          ]
        },
        "paragraph_scoreT_avg": 2.9444444,
        "paragraph_id": "001"
      }
    ],
    "essay_scoreT": [
      29.333332,
      28.5,
      30
    ],
    "essay_scoreT_avg": 29.277777,
    "essay_scoreT_detail": {
      "essay_scoreT_org": [
        [
          3,
          3,
          3,
          3
        ],
        [
          3,
          3,
          3,
          3
        ],
        [
          3,
          3,
          3,
          3
        ]
      ],
      "essay_scoreT_cont": [
        [
          3,
          3,
          0,
          3
        ],
        [
          3,
          2,
          0,
          3
        ],
        [
          3,
          3,
          0,
          3
        ]
      ],
      "essay_scoreT_exp": [
        [
          3,
          3,
          2
        ],
        [
          3,
          3,
          3
        ],
        [
          3,
          3,
          3
        ]
      ]
    }
  },
  "student": {
    "date": "2021.12.13",
    "student_educated": true,
    "student_grade": "고등_1학년",
    "location": "031",
    "student_grade_group": "고등",
    "student_reading": 2
  },
  "rubric": {
    "essay_grade": "고등_1학년",
    "organization_weight": {
      "org_paragraph": 2,
      "org": 2,
      "org_essay": 4,
      "org_coherence": 2,
      "org_quantity": 1
    },
    "essay_type": "글짓기",
    "content_weight": {
      "con_clearance": 4,
      "con_novelty": 3,
      "con": 4,
      "con_prompt": 0,
      "con_description": 1
    },
    "essay_main_subject": "소중함을 잃었던 경험",
    "expression_weight": {
      "exp_style": 1,
      "exp_grammar": 2,
      "exp_vocab": 3,
      "exp": 4
    }
  },
  "correction": [],
  "info": {
    "essay_id": "ESSAY_73583",
    "essay_prompt": " 익숙함에 속아 소중함을 잊지 말자는 명언 (Do not get fooled by something familiar and forget what is priceless.)이 있습니다.\n\n 부모님께서 매일 해주시는 아침밥이나, 너무 친해서 매일 맛있는 간식을 사주는 친구 등 처음에는 매우 감사했지만 반복되는 호의에 우리는 소중함을 잊어가기도 합니다.\n\n 작은 소중함일지라도 그 소중함을 잃게 되면 호의를 베푸는 사람 입장에서는 매우 당황스럽고 기분이 나쁠 수 있어요.\n\n 여러분은 익숙함에 속아 소중함을 잊었던 사례와 그로 인해 상대방의 기분을 나쁘게 했던 경험이 있나요? 만약 있다면 관계를 회복하기 위해 어떤 노력을 하셨나요? 본인의 경험을 작성해주세요.\n\n 만약 그런 적이 없다면 주변의 이야기나 본인에게 소중함을 주는 사람들에 관해 설명해주세요.",
    "essay_type": "글짓기",
    "essay_level": "2",
    "essay_len": 654,
    "essay_main_subject": "소중함을 잃었던 경험"
  }
}