{
  "paragraph": [
    {
      "paragraph_txt": "소중함을 주는 사람들이 누가 있을까 곰곰이 생각하다 우리 아버지가 떠올랐다.#@문장구분# 무뚝뚝하고 나에게 별로 관심이 없고 늘 인색했던 우리 아버지다.#@문장구분# 엄하셨고 많이 통제하셨다.#@문장구분# 텔레비전을 보지 못하게 하셨고 늘 밥을 많이 먹기를 강요하셨다.#@문장구분#기분이 좋지 않으시면 매를 들기도 하셨고 큰소리를 내기도 하셨다.#@문장구분# 그런 아버지지만 이제는 머리가 많이 빠지시고 어깨는 좁아지셨으며 얼굴에는 주름이 많이 생기셨다.#@문장구분# 예전의 우리에게 호령하시던 당당함과 패기는 어디가고 없으시고 이젠 힘없고 나약한 노인 한 분만 남아 계신다.#@문장구분# 그래도 아버지가 계셨기에 우리 집이 이 만큼 먹고 살 수 있는 것이고 아버지가 계셨기에 내가 존재할 수 있는 것이다.#@문장구분# 나를 나으시고 기르시고 먹이시고 입히셔서 내가 여기까지 자라올수 있는 것인데 내 마음에 들지 않는 것만 마음에 두고 있었나 보다.#@문장구분# 앞에서는 살갑게 말씀하시지 않지만 늘 나를 응원해주시고 지지해 주신다는 것 알고 있다.#@문장구분# 어떤 이야기를 들어도 내 편이 되어 주실 분인데 정작 내가 그분의 편이 되어 드리지 못한 것 같아 마음이 송구하다.#@문장구분# 평생을 자식들 키우시느라 희생과 헌신으로 사신 분인데 내가 철이 없어 그걸 깨닫지 못했나 보다.#@문장구분# 사랑한다고 말을 해야 사랑하는 것이 아니라 그분의 평생의 삶을 통해 내게 말하고 계신 건데 나는 여태껏 듣지 못했나 보다.#@문장구분# 난 우리 아버지가 너무나 소중하고 소중하다.#@문장구분#",
      "paragraph_len": 961,
      "paragraph_id": "001"
    }
  ],
  "score": {
    "paragraph_score": [
      {
        "paragraph_scoreT": [
          3,
          3,
          3
        ],
        "paragraph_scoreT_detail": {
          "paragraph_scoreT_exp": [
            [
              3,
              3,
              3
            ],
            [
              3,
              3,
              3
            ],
            [
              3,
              3,
              3
            ]
          ]
        },
        "paragraph_scoreT_avg": 3,
        "paragraph_id": "001"
      }
    ],
    "essay_scoreT": [
      30,
      28.5,
      30
    ],
    "essay_scoreT_avg": 29.5,
    "essay_scoreT_detail": {
      "essay_scoreT_org": [
        [
          3,
          3,
          3,
          3
        ],
        [
          3,
          3,
          3,
          3
        ],
        [
          3,
          3,
          3,
          3
        ]
      ],
      "essay_scoreT_cont": [
        [
          3,
          3,
          0,
          3
        ],
        [
          3,
          2,
          0,
          3
        ],
        [
          3,
          3,
          0,
          3
        ]
      ],
      "essay_scoreT_exp": [
        [
          3,
          3,
          3
        ],
        [
          3,
          3,
          3
        ],
        [
          3,
          3,
          3
        ]
      ]
    }
  },
  "student": {
    "date": "2021.12.13",
    "student_educated": true,
    "student_grade": "고등_1학년",
    "location": "031",
    "student_grade_group": "고등",
    "student_reading": 2
  },
  "rubric": {
    "essay_grade": "고등_1학년",
    "organization_weight": {
      "org_paragraph": 2,
      "org": 2,
      "org_essay": 4,
      "org_coherence": 2,
      "org_quantity": 1
    },
    "essay_type": "글짓기",
    "content_weight": {
      "con_clearance": 4,
      "con_novelty": 3,
      "con": 4,
      "con_prompt": 0,
      "con_description": 1
    },
    "essay_main_subject": "소중함을 잃었던 경험",
    "expression_weight": {
      "exp_style": 1,
      "exp_grammar": 2,
      "exp_vocab": 3,
      "exp": 4
    }
  },
  "correction": [],
  "info": {
    "essay_id": "ESSAY_73580",
    "essay_prompt": " 익숙함에 속아 소중함을 잊지 말자는 명언 (Do not get fooled by something familiar and forget what is priceless.)이 있습니다.\n\n 부모님께서 매일 해주시는 아침밥이나, 너무 친해서 매일 맛있는 간식을 사주는 친구 등 처음에는 매우 감사했지만 반복되는 호의에 우리는 소중함을 잊어가기도 합니다.\n\n 작은 소중함일지라도 그 소중함을 잃게 되면 호의를 베푸는 사람 입장에서는 매우 당황스럽고 기분이 나쁠 수 있어요.\n\n 여러분은 익숙함에 속아 소중함을 잊었던 사례와 그로 인해 상대방의 기분을 나쁘게 했던 경험이 있나요? 만약 있다면 관계를 회복하기 위해 어떤 노력을 하셨나요? 본인의 경험을 작성해주세요.\n\n 만약 그런 적이 없다면 주변의 이야기나 본인에게 소중함을 주는 사람들에 관해 설명해주세요.",
    "essay_type": "글짓기",
    "essay_level": "2",
    "essay_len": 682,
    "essay_main_subject": "소중함을 잃었던 경험"
  }
}