{
  "paragraph": [
    {
      "paragraph_txt": "저는 글을 쓰려고 주제를 생각했을 때 '소중함을 잃었던 경험'이 가장 눈에 띄었고, 많은 생각을 하게 되었습니다.#@문장구분# 저는 제가 중학생 때 키웠던 물고기들에 대해 이야기 해볼까 합니다.#@문장구분# 중학교 1학년 때 동생들과 저는 애완동물이 너무 기르고 싶어 작은 구피를 입양했습니다.#@문장구분# 밥도 주고 매일 물도 갈아주고 애정도 사랑도 줬습니다.#@문장구분# 하지만 구피가 너무 작았던 나머지 제가 물을 갈아주는 과정에서 그 작은 구피는 하수구 아래로 빨려 들어가게 되었습니다.#@문장구분# 저는 제가 조금만 조심했더라면, 조금만 더 생각하고 행동했더라면 그 아이는 그렇게 되지 않았을 것 같아서 많은 죄책감을 느꼈습니다.#@문장구분# 그 일이 있고 며칠 후 매우 어리석었고 바보 같았던 저는 생명의 무게를 너무 가볍게 여기고 새로운 물고기를 입양했고 그 아이도 똑같이 밥도 잘 주고 물도 잘 갈아주고 애정과 사랑도 듬뿍 주고 잘 해줬으나 저는 처음 겪었던 중학교의 어려운 시험기간으로 인해 물고기를 돌보는게 소홀해 졌고 동생에게 부탁도 했지만 동생은 너무 어려서 물고기를 제대로 돌봐주지 못했습니다.#@문장구분# 그렇게 물을 잘 갈아주지 못하자 물고기들이 살던 어항은 뿌옇게 변했고 더러운 물에 살던 그 아이들 중 2마리는 무지개다리를 건너게 되었습니다.#@문장구분# 그나마 살아있던 1마리는 더러운 물로 인해 부레병에 걸려 며칠 후 세상을 떠났고 저는 생명의 무게에 대해 진중한 생각을 하게 되었고 애완동물을 기를 여건을 꼼꼼히 생각하고 고민하는 습관을 들이게 되었습니다.#@문장구분#",
      "paragraph_len": 903,
      "paragraph_id": "001"
    }
  ],
  "score": {
    "paragraph_score": [
      {
        "paragraph_scoreT": [
          3,
          2.8333333,
          2.6666667
        ],
        "paragraph_scoreT_detail": {
          "paragraph_scoreT_exp": [
            [
              3,
              3,
              3
            ],
            [
              3,
              3,
              2
            ],
            [
              2,
              3,
              3
            ]
          ]
        },
        "paragraph_scoreT_avg": 2.8333333,
        "paragraph_id": "001"
      }
    ],
    "essay_scoreT": [
      30,
      26.722221,
      23.38889
    ],
    "essay_scoreT_avg": 26.703705,
    "essay_scoreT_detail": {
      "essay_scoreT_org": [
        [
          3,
          3,
          3,
          3
        ],
        [
          2,
          3,
          3,
          2
        ],
        [
          2,
          2,
          2,
          3
        ]
      ],
      "essay_scoreT_cont": [
        [
          3,
          3,
          0,
          3
        ],
        [
          3,
          2,
          0,
          3
        ],
        [
          2,
          2,
          0,
          3
        ]
      ],
      "essay_scoreT_exp": [
        [
          3,
          3,
          3
        ],
        [
          3,
          3,
          2
        ],
        [
          2,
          3,
          3
        ]
      ]
    }
  },
  "student": {
    "date": "2021.12.15",
    "student_educated": true,
    "student_grade": "고등_1학년",
    "location": "063",
    "student_grade_group": "고등",
    "student_reading": 2
  },
  "rubric": {
    "essay_grade": "고등_1학년",
    "organization_weight": {
      "org_paragraph": 2,
      "org": 2,
      "org_essay": 4,
      "org_coherence": 2,
      "org_quantity": 1
    },
    "essay_type": "글짓기",
    "content_weight": {
      "con_clearance": 4,
      "con_novelty": 3,
      "con": 4,
      "con_prompt": 0,
      "con_description": 1
    },
    "essay_main_subject": "소중함을 잃었던 경험",
    "expression_weight": {
      "exp_style": 1,
      "exp_grammar": 2,
      "exp_vocab": 3,
      "exp": 4
    }
  },
  "correction": [],
  "info": {
    "essay_id": "ESSAY_65853",
    "essay_prompt": " 익숙함에 속아 소중함을 잊지 말자는 명언 (Do not get fooled by something familiar and forget what is priceless.)이 있습니다.\n\n 부모님께서 매일 해주시는 아침밥이나, 너무 친해서 매일 맛있는 간식을 사주는 친구 등 처음에는 매우 감사했지만 반복되는 호의에 우리는 소중함을 잊어가기도 합니다.\n\n 작은 소중함일지라도 그 소중함을 잃게 되면 호의를 베푸는 사람 입장에서는 매우 당황스럽고 기분이 나쁠 수 있어요.\n\n 여러분은 익숙함에 속아 소중함을 잊었던 사례와 그로 인해 상대방의 기분을 나쁘게 했던 경험이 있나요? 만약 있다면 관계를 회복하기 위해 어떤 노력을 하셨나요? 본인의 경험을 작성해주세요.\n\n 만약 그런 적이 없다면 주변의 이야기나 본인에게 소중함을 주는 사람들에 관해 설명해주세요.",
    "essay_type": "글짓기",
    "essay_level": "2",
    "essay_len": 723,
    "essay_main_subject": "소중함을 잃었던 경험"
  }
}