{
  "paragraph": [
    {
      "paragraph_txt": "코로나 전 우리가 아무 생각없이 평범하게 생각하고 지내던 일상들이 언제 다시 돌아갈 수 있을지도 모르는 날들이 되어 버렸다.#@문장구분# 당연했던 함께했던 일상들이 이제는 대부분의 일들을 혼자 해내야 하는 일상들로 바뀌면서, 우리는 생각이 많아진다.#@문장구분# 코로나로 인해 바뀌어버린 익숙해져가는 삶들에 속아 소중했던 우리의 일상들을 잃지말자.#@문장구분# 나는 이렇게 생각한다.#@문장구분# 코로나가 우리에게 익숙함에 속아 소중함을 잃지말자를 알려주고 있는 건 아닐까 초등학생 때 이런 적이 있었다.#@문장구분# 되게 친했던 친구와 함께 놀고 말을 하며 같이 있는 시간이 익숙해서 말이 험하게 나오고 별 같잖은 일에 짜증을 내도 친구가 그것을 받아줄 것이라는 생각을 하면서 막말을 한 적이 있었는데 그 말을 듣고 내가 한 행동을 본 친구의 표정이 가끔씩 생각나기도 한다.#@문장구분# 이렇게 집으로 돌아가면 막상 말이 입 밖으로 나오지 않고 까먹을 때도 많다.#@문장구분# 나 또한 그런 말을 하는 게 너무 오글거려 잘하지 못 한다.#@문장구분# 아니 언제 마지막으로 한지 기억도 나지 않는다.#@문장구분# 하지만 하나만 말하고 싶다.#@문장구분# 지금 우리 옆에 있는 소중한 이들이 언제 사라질지 모르고 우리가 말하고 싶은 날이 오더라도 그땐 그들이 듣지 못 할 수도 있다.#@문장구분# 그러니 그때 돼서 뼈아프게 후회하는 것보단 지금 잠시 부끄럽고 마는 게 어떨까 싶다.#@문장구분# 그동안 익숙함에 속아 내가 가장 소중한 것을 가장 당연하게 여기고 있었다는 것을.#@문장구분# 자립심 가득했던시간이다.#@문장구분#",
      "paragraph_len": 979,
      "paragraph_id": "001"
    }
  ],
  "score": {
    "paragraph_score": [
      {
        "paragraph_scoreT": [
          3,
          3,
          3
        ],
        "paragraph_scoreT_detail": {
          "paragraph_scoreT_exp": [
            [
              3,
              3,
              3
            ],
            [
              3,
              3,
              3
            ],
            [
              3,
              3,
              3
            ]
          ]
        },
        "paragraph_scoreT_avg": 3,
        "paragraph_id": "001"
      }
    ],
    "essay_scoreT": [
      30,
      30,
      30
    ],
    "essay_scoreT_avg": 30,
    "essay_scoreT_detail": {
      "essay_scoreT_org": [
        [
          3,
          3,
          3,
          3
        ],
        [
          3,
          3,
          3,
          3
        ],
        [
          3,
          3,
          3,
          3
        ]
      ],
      "essay_scoreT_cont": [
        [
          3,
          3,
          0,
          3
        ],
        [
          3,
          3,
          0,
          3
        ],
        [
          3,
          3,
          0,
          3
        ]
      ],
      "essay_scoreT_exp": [
        [
          3,
          3,
          3
        ],
        [
          3,
          3,
          3
        ],
        [
          3,
          3,
          3
        ]
      ]
    }
  },
  "student": {
    "date": "2021.12.13",
    "student_educated": true,
    "student_grade": "고등_1학년",
    "location": "063",
    "student_grade_group": "고등",
    "student_reading": 2
  },
  "rubric": {
    "essay_grade": "고등_1학년",
    "organization_weight": {
      "org_paragraph": 2,
      "org": 2,
      "org_essay": 4,
      "org_coherence": 2,
      "org_quantity": 1
    },
    "essay_type": "글짓기",
    "content_weight": {
      "con_clearance": 4,
      "con_novelty": 3,
      "con": 4,
      "con_prompt": 0,
      "con_description": 1
    },
    "essay_main_subject": "소중함을 잃었던 경험",
    "expression_weight": {
      "exp_style": 1,
      "exp_grammar": 2,
      "exp_vocab": 3,
      "exp": 4
    }
  },
  "correction": [],
  "info": {
    "essay_id": "ESSAY_61706",
    "essay_prompt": " 익숙함에 속아 소중함을 잊지 말자는 명언 (Do not get fooled by something familiar and forget what is priceless.)이 있습니다.\n\n 부모님께서 매일 해주시는 아침밥이나, 너무 친해서 매일 맛있는 간식을 사주는 친구 등 처음에는 매우 감사했지만 반복되는 호의에 우리는 소중함을 잊어가기도 합니다.\n\n 작은 소중함일지라도 그 소중함을 잃게 되면 호의를 베푸는 사람 입장에서는 매우 당황스럽고 기분이 나쁠 수 있어요.\n\n 여러분은 익숙함에 속아 소중함을 잊었던 사례와 그로 인해 상대방의 기분을 나쁘게 했던 경험이 있나요? 만약 있다면 관계를 회복하기 위해 어떤 노력을 하셨나요? 본인의 경험을 작성해주세요.\n\n 만약 그런 적이 없다면 주변의 이야기나 본인에게 소중함을 주는 사람들에 관해 설명해주세요.",
    "essay_type": "글짓기",
    "essay_level": "2",
    "essay_len": 699,
    "essay_main_subject": "소중함을 잃었던 경험"
  }
}