{
  "paragraph": [
    {
      "paragraph_txt": "저에게는 세상에서 하나뿐인 제일 친한 친구이자 형이 있습니다.#@문장구분# 이란성 쌍둥이로 저보다 2분 먼저 태어난 형입니다.#@문장구분# 친구들 앞에서는 말이 형이지 2분 차이가 대수냐고 이야기 하고 다녔으며, 형이라고 말해 본적도 거의 없습니다.#@문장구분# 저에게는 왠수나 다름없습니다. #@문장구분#2분 먼저 태어났다고 형이라고 잔심부름부터 시작해서 라면 끓여와라 방청소해라 등 귀찮은 일만 저에게 떠밀고 자기는 누워서 핸드폰만 했습니다.#@문장구분# 같은 엄마 배에서 태어났는데 형은 저보다 덩치도 크고 키도 크고 힘도 쎄고 잘생겨서 다들 형만 좋아했습니다.#@문장구분# 학교도 같이 다니고 집에서도 매일 보니 어느 순간부터 형을 무시하게 되었습니다.#@문장구분# 같은 나이에 저보다 모든 면에서 더 뛰어났기 때문에 제가 할 수 있는 것은 공부 뿐 이였습니다.#@문장구분# 다행히도 형은 저보다 공부를 못해서 저는 죽도록 공부만 하였습니다.#@문장구분# 형은 운동이나 게임, 아니면 친구들과 놀고 있을 때 저는 집에서 공부를 하거나 독서실에 가서 공부만 매진하니 어느 순간부터 전교 10등안에 드는 학생이 되어있었습니다.#@문장구분# 반에서 친구 한명이 저는 괴롭히고 때린 적이 있었는데 공부만 하다 보니 대항 할 수 없었습니다.#@문장구분# 그렇게 맞고 집에서 공부를 하고 있던 중 형이 저를 보더니 누구와 싸웠냐고 물어봤지만 자존심이 있어서 그냥 아무 말도 하지 않았습니다.#@문장구분# 몇 일이 지나자 저를 때린 친구와 오더니 미안하다고 사과를 하며 다시는 안 건들 테니 형한테 말을 잘해달라고 했습니다.#@문장구분# 의아한 마음으로 집에서 형한테 물어보니 친구들한테 수소문해서 제가 맞은 것을 알게 되었으며, 그 친구를 불러서 따끔하게 혼내고 다시는 동생을 건들지 말라고 경고했다고 합니다.#@문장구분# 그렇게 싫어했던 형이 뒤에서는 저를 생각해주는 마음을 알게 되었고 지금은 각자 다른 고등학교를 다니고 있는데 떨어져서 지내다보니 형에 대한 소중함을 느끼게 되었습니다.#@문장구분#",
      "paragraph_len": 1202,
      "paragraph_id": "001"
    }
  ],
  "score": {
    "paragraph_score": [
      {
        "paragraph_scoreT": [
          3,
          3,
          2.3333333
        ],
        "paragraph_scoreT_detail": {
          "paragraph_scoreT_exp": [
            [
              3,
              3,
              3
            ],
            [
              3,
              3,
              3
            ],
            [
              3,
              2,
              2
            ]
          ]
        },
        "paragraph_scoreT_avg": 2.7777777,
        "paragraph_id": "001"
      }
    ],
    "essay_scoreT": [
      30,
      27.61111,
      22.5
    ],
    "essay_scoreT_avg": 26.703705,
    "essay_scoreT_detail": {
      "essay_scoreT_org": [
        [
          3,
          3,
          3,
          3
        ],
        [
          2,
          3,
          3,
          3
        ],
        [
          2,
          3,
          2,
          3
        ]
      ],
      "essay_scoreT_cont": [
        [
          3,
          3,
          0,
          3
        ],
        [
          3,
          2,
          0,
          3
        ],
        [
          2,
          2,
          0,
          3
        ]
      ],
      "essay_scoreT_exp": [
        [
          3,
          3,
          3
        ],
        [
          3,
          3,
          3
        ],
        [
          3,
          2,
          2
        ]
      ]
    }
  },
  "student": {
    "date": "2021.12.15",
    "student_educated": true,
    "student_grade": "고등_1학년",
    "location": "042",
    "student_grade_group": "고등",
    "student_reading": 1
  },
  "rubric": {
    "essay_grade": "고등_1학년",
    "organization_weight": {
      "org_paragraph": 2,
      "org": 2,
      "org_essay": 4,
      "org_coherence": 2,
      "org_quantity": 1
    },
    "essay_type": "글짓기",
    "content_weight": {
      "con_clearance": 4,
      "con_novelty": 3,
      "con": 4,
      "con_prompt": 0,
      "con_description": 1
    },
    "essay_main_subject": "소중함을 잃었던 경험",
    "expression_weight": {
      "exp_style": 1,
      "exp_grammar": 2,
      "exp_vocab": 3,
      "exp": 4
    }
  },
  "correction": [],
  "info": {
    "essay_id": "ESSAY_62879",
    "essay_prompt": " 익숙함에 속아 소중함을 잊지 말자는 명언 (Do not get fooled by something familiar and forget what is priceless.)이 있습니다.\n\n 부모님께서 매일 해주시는 아침밥이나, 너무 친해서 매일 맛있는 간식을 사주는 친구 등 처음에는 매우 감사했지만 반복되는 호의에 우리는 소중함을 잊어가기도 합니다.\n\n 작은 소중함일지라도 그 소중함을 잃게 되면 호의를 베푸는 사람 입장에서는 매우 당황스럽고 기분이 나쁠 수 있어요.\n\n 여러분은 익숙함에 속아 소중함을 잊었던 사례와 그로 인해 상대방의 기분을 나쁘게 했던 경험이 있나요? 만약 있다면 관계를 회복하기 위해 어떤 노력을 하셨나요? 본인의 경험을 작성해주세요.\n\n 만약 그런 적이 없다면 주변의 이야기나 본인에게 소중함을 주는 사람들에 관해 설명해주세요.",
    "essay_type": "글짓기",
    "essay_level": "2",
    "essay_len": 908,
    "essay_main_subject": "소중함을 잃었던 경험"
  }
}