{
  "paragraph": [
    {
      "paragraph_txt": "내게 소중함을 잃었던 경험 중 가장 힘들었던 것은 나의 소중함을 잃었을 때였던 것 같다.#@문장구분# 사전으로는 사고, 감정, 의지 등의 여러 작용의 주관자로서 이 여러 작용에 수반하고, 또한 이를 통일하는 주체(네이버 지식백과)인 자아가 불안정하다고 말할 수 있다.#@문장구분# 이 말은 정신적으로 내가 아팠을 때를 의미한다.#@문장구분# 작년에 내게 스트레스가 많이 쌓이는 일들이 일어났었다.#@문장구분# 그전부터 였을 수도 있다.#@문장구분# 혼자 힘든 일이 있어도 끙끙 앓고 참고 \"나만 참으면 되겠지\"라고 버티는 지난 시간동안 위로 해주는 사람 없이 방에서 혼자 울기도 하고 집에 있어도 가족들과 벽을 쌓고 있었다.#@문장구분#그러다 보니 의욕을 잃고 아무것도 하기 싫고 멀해야할지 모르겠는 상황도 있고 그냥 포기하는 상황 또한 많이 있었다.#@문장구분# 어떤 욕을 들어도 \"내가 잘못해서 욕 먹는 구나\" 하고 담아두다가 어느새 나도 내 탓을 자주하게 되었다.#@문장구분# 그러다 보니 내가 살면서 잘한 일보다 잘못한 일을 더 많이 생각하고 그것 때문에 자존감은 상실되고 \"나만 없으면 모두가 더 나아지지 않을까\"라는 생각도 했다.#@문장구분# 그러다가 내 감정을 알은 몇 년 지기 친구가 말했다.#@문장구분# 그만 하고 제대로 살라는 말 비슷하게 말했다.#@문장구분# 그 말을 듣고 후에도 그 친구들은 내게 앞으로 어떻게 살아갈 것인가를 함께 고민하며 내게 희망을 심어주었고 기대를 품게 만들어 주었다.#@문장구분# 그 후 정신병원과 상담을 받으며 나아지려고 노력했다.#@문장구분# 약도 챙겨 먹다보니 고1이 되려 할 때 나는 내게 도움을 준 친구를 위해 살기로 계획했으나 곧 다른 계획을 가지게 됬다.#@문장구분# 친구는 본인들을 위해 살게 아니라 나를 위해 살아보라고 했었다.#@문장구분# 나는 이 안 좋은 경험으로 생각 난 것을 더 깊게 생각해 보았다.#@문장구분# 내가 왜 불안 했는 가를 생각하다 보니 내가 잘못한 일을 사과 하고 싶다고 생각했다.#@문장구분# 계속 생각만하다 고1이 되고나니 어느샌가 기회가 생겼다.#@문장구분# 나는 사과를 하고 용서를 구했고 앞으로는 \"잘 못이 아닌 도움이 되는 일을 하고 싶다\" 하고 생각하여 꿈을 정했다.#@문장구분# 나의 꿈은 나처럼 청소년기 힘든 고민이 있는 학생들을 도와주는 '전문 상담 교사'가 되겠다고 하여 안하던 것도 열심히하고 봉사 같은게 아니여도 청소나 애들이 싫어하는 일을 대신하는 등 도움을 주기 시작했다.#@문장구분# 봉사를 할 때마다 애들이 필요로 하는 존재가 된 것 같아 뿌듯했고 용서를 받은 만큼 더 열심히 살아야겠다 생각했으며 잘못한 만큼 더 나은 일을 하겠다고 생각 했다.#@문장구분# 다음에 있는 상담 때 이제 더 이상 도움을 받지 않아도 될 것 같아 감사하다고 전하고 친구에게도 고맙다고 했다#@문장구분#\n \n 나는 이 경험들로부터 \"잘못한 것이 있으면 죄의식을 갖고 빨리 용서를 구하는 것이 좋고 힘든 것이 있으면 도움을 요청하는 것이 좋다.\"라고 생각했고 내게 내 고민을 들어주고 조언을 해주는 친구가 있다는 것이 내게 주어진 행복이라는 것을 깨달고 주변 사람들에게 함부로 대하지 않도록 더 잘하도록 노력해야겠다는 것을 깨달았다.#@문장구분# 그리고 나의 삶이 얼마나 소중한지를 깨달았다.#@문장구분# 나는 지금 내가 아팠던 것을 알았던 사람들이 가끔 걱정하지만 괜찮다고 말할 수 있을 정도로 다 나았고 이 경험을 상담이나 대화(공감이나 이 경험을 바탕으로 하는 이해나 말), 글 등으로 이용하고 가끔 이것으로 \"이렇게 힘들었었는데 이쯤이야\"라고 동기부여를 할 수 있을 정도로 활용 가능한 상태이다.#@문장구분# 힘든 것이 있으면 얘기를 들어줄 사람이 늘어 많은 걱정을 내려 놓았다.#@문장구분# 내 이야기를 들어 줄 친구가 얼마나 중요한지 알려주는 경험이 되었다.#@문장구분# 친구가 아니여도 이야기를 들어 줄 사람이 있으면 좋다는 것을 알고 그런 사람을 만들기 위해 주변 사람을 도와 주고 있다.#@문장구분# 삶이 무기력하다 느껴지면 목표를 정해 할 일을 만들고 목표가 없다면 목표를 찾는 것을 목표로 정해 해야할 일을 찾는 것이 좋고 내가 할 일이 없다면 내가 해야할 일이 없는 것이 아니라 찾지 못한 것이라고 생각이 든다.#@문장구분# 언젠가는 나를 필요로 하는 사람이 많아지고 내가 도움이 되는 사람으로 남았으면 하는 것이 나의 목표이다.#@문장구분#",
      "paragraph_len": 2549,
      "paragraph_id": "001"
    }
  ],
  "score": {
    "paragraph_score": [
      {
        "paragraph_scoreT": [
          2.8333333,
          3,
          3
        ],
        "paragraph_scoreT_detail": {
          "paragraph_scoreT_exp": [
            [
              3,
              3,
              2
            ],
            [
              3,
              3,
              3
            ],
            [
              3,
              3,
              3
            ]
          ]
        },
        "paragraph_scoreT_avg": 2.9444444,
        "paragraph_id": "001"
      }
    ],
    "essay_scoreT": [
      27.38889,
      28.055555,
      30
    ],
    "essay_scoreT_avg": 28.481482,
    "essay_scoreT_detail": {
      "essay_scoreT_org": [
        [
          3,
          3,
          2,
          3
        ],
        [
          3,
          3,
          2,
          3
        ],
        [
          3,
          3,
          3,
          3
        ]
      ],
      "essay_scoreT_cont": [
        [
          3,
          2,
          0,
          3
        ],
        [
          3,
          2,
          0,
          3
        ],
        [
          3,
          3,
          0,
          3
        ]
      ],
      "essay_scoreT_exp": [
        [
          3,
          3,
          2
        ],
        [
          3,
          3,
          3
        ],
        [
          3,
          3,
          3
        ]
      ]
    }
  },
  "student": {
    "date": "2021.12.08",
    "student_educated": true,
    "student_grade": "고등_1학년",
    "location": "041",
    "student_grade_group": "고등",
    "student_reading": 2
  },
  "rubric": {
    "essay_grade": "고등_1학년",
    "organization_weight": {
      "org_paragraph": 2,
      "org": 2,
      "org_essay": 4,
      "org_coherence": 2,
      "org_quantity": 1
    },
    "essay_type": "글짓기",
    "content_weight": {
      "con_clearance": 4,
      "con_novelty": 3,
      "con": 4,
      "con_prompt": 0,
      "con_description": 1
    },
    "essay_main_subject": "소중함을 잃었던 경험",
    "expression_weight": {
      "exp_style": 1,
      "exp_grammar": 2,
      "exp_vocab": 3,
      "exp": 4
    }
  },
  "correction": [],
  "info": {
    "essay_id": "ESSAY_57094",
    "essay_prompt": " 익숙함에 속아 소중함을 잊지 말자는 명언 (Do not get fooled by something familiar and forget what is priceless.)이 있습니다.\n\n 부모님께서 매일 해주시는 아침밥이나, 너무 친해서 매일 맛있는 간식을 사주는 친구 등 처음에는 매우 감사했지만 반복되는 호의에 우리는 소중함을 잊어가기도 합니다.\n\n 작은 소중함일지라도 그 소중함을 잃게 되면 호의를 베푸는 사람 입장에서는 매우 당황스럽고 기분이 나쁠 수 있어요.\n\n 여러분은 익숙함에 속아 소중함을 잊었던 사례와 그로 인해 상대방의 기분을 나쁘게 했던 경험이 있나요? 만약 있다면 관계를 회복하기 위해 어떤 노력을 하셨나요? 본인의 경험을 작성해주세요.\n\n 만약 그런 적이 없다면 주변의 이야기나 본인에게 소중함을 주는 사람들에 관해 설명해주세요.",
    "essay_type": "글짓기",
    "essay_level": "2",
    "essay_len": 1950,
    "essay_main_subject": "소중함을 잃었던 경험"
  }
}