{
  "paragraph": [
    {
      "paragraph_txt": "소중한 것을 잃어버릴 때, 중요한 것은 내가 그 물건을 얼마나 사랑하는지 였고, 그 물건이 겉으로 얼마만큼의 가치가 있는지는 중요하지 않았습니다.#@문장구분# 비싼 물건이라도 내가 소중히 여기지 않는 것이었다면 잃어버리거나 도난 당하더라도 크게 슬프지 않았습니다.#@문장구분# 그러나 값싼 물건이라도 내가 정말 아끼던 물건을 잃어버리면, 그 상실감은 매우 컸습니다.#@문장구분# 저는 이것이 매우 중요하다고 생각합니다.#@문장구분# 사람들은 때때로 가치가 없어 보이는 사소해 보이는 것을 잃을 때 자신의 감정을 부끄러워할 수 있기 때문입니다.#@문장구분# 하지만 요점은 겉보기에 가치가 없어 보이더라도 그것을 잃어버린다면 그 사람은 매우 슬플 수 있다는 것입니다.#@문장구분# 제 친구가 처음 샀던 핸드폰은 2G 핸드폰이었습니다.#@문장구분# 핸드폰 매장에서 조금만 비싼 요금제를 사용하면 공짜로 살 수 있었던 핸드폰이었기 때문에 저는 친구가 그 핸드폰을 소중하게 여기지 않을 것이라고 생각했습니다.#@문장구분# 어느 날 농구를 하다가 친구가 핸드폰을 떨어트려 망가지게 되었을 때, 저는 새 핸드폰을 살 수 있게 되었으니 축하한다는 말을 건넸습니다.#@문장구분# 그러나 친구는 소중히 여기던 자신의 핸드폰이 망가졌다는 사실에 크게 슬퍼하고 있었습니다.#@문장구분# 저는 이 때 소중함의 값어치는 겉으로 보이는 가격이 아니라는 것을 깨달았습니다.#@문장구분#",
      "paragraph_len": 846,
      "paragraph_id": "001"
    }
  ],
  "score": {
    "paragraph_score": [
      {
        "paragraph_scoreT": [
          3,
          2.8333333,
          2.8333333
        ],
        "paragraph_scoreT_detail": {
          "paragraph_scoreT_exp": [
            [
              3,
              3,
              3
            ],
            [
              3,
              3,
              2
            ],
            [
              3,
              3,
              2
            ]
          ]
        },
        "paragraph_scoreT_avg": 2.8888886,
        "paragraph_id": "001"
      }
    ],
    "essay_scoreT": [
      23.777779,
      27.333332,
      28.88889
    ],
    "essay_scoreT_avg": 26.666666,
    "essay_scoreT_detail": {
      "essay_scoreT_org": [
        [
          2,
          2,
          2,
          1
        ],
        [
          3,
          3,
          3,
          3
        ],
        [
          3,
          3,
          2,
          3
        ]
      ],
      "essay_scoreT_cont": [
        [
          2,
          2,
          0,
          2
        ],
        [
          3,
          2,
          0,
          2
        ],
        [
          3,
          3,
          0,
          3
        ]
      ],
      "essay_scoreT_exp": [
        [
          3,
          3,
          3
        ],
        [
          3,
          3,
          2
        ],
        [
          3,
          3,
          2
        ]
      ]
    }
  },
  "student": {
    "date": "2021.12.08",
    "student_educated": true,
    "student_grade": "고등_1학년",
    "location": "063",
    "student_grade_group": "고등",
    "student_reading": 2
  },
  "rubric": {
    "essay_grade": "고등_1학년",
    "organization_weight": {
      "org_paragraph": 2,
      "org": 2,
      "org_essay": 4,
      "org_coherence": 2,
      "org_quantity": 1
    },
    "essay_type": "글짓기",
    "content_weight": {
      "con_clearance": 4,
      "con_novelty": 3,
      "con": 4,
      "con_prompt": 0,
      "con_description": 1
    },
    "essay_main_subject": "소중함을 잃었던 경험",
    "expression_weight": {
      "exp_style": 1,
      "exp_grammar": 2,
      "exp_vocab": 3,
      "exp": 4
    }
  },
  "correction": [],
  "info": {
    "essay_id": "ESSAY_57007",
    "essay_prompt": " 익숙함에 속아 소중함을 잊지 말자는 명언 (Do not get fooled by something familiar and forget what is priceless.)이 있습니다.\n\n 부모님께서 매일 해주시는 아침밥이나, 너무 친해서 매일 맛있는 간식을 사주는 친구 등 처음에는 매우 감사했지만 반복되는 호의에 우리는 소중함을 잊어가기도 합니다.\n\n 작은 소중함일지라도 그 소중함을 잃게 되면 호의를 베푸는 사람 입장에서는 매우 당황스럽고 기분이 나쁠 수 있어요.\n\n 여러분은 익숙함에 속아 소중함을 잊었던 사례와 그로 인해 상대방의 기분을 나쁘게 했던 경험이 있나요? 만약 있다면 관계를 회복하기 위해 어떤 노력을 하셨나요? 본인의 경험을 작성해주세요.\n\n 만약 그런 적이 없다면 주변의 이야기나 본인에게 소중함을 주는 사람들에 관해 설명해주세요.",
    "essay_type": "글짓기",
    "essay_level": "2",
    "essay_len": 626,
    "essay_main_subject": "소중함을 잃었던 경험"
  }
}