{
  "paragraph": [
    {
      "paragraph_txt": "저는 참 과거에 연연하는 스타일 같습니다.#@문장구분# 현실에 만족해야 하는데 그렇지 못하는 것 같습니다.#@문장구분# 여름에는 겨울이 그립고, 겨울에는 여름이 그립습니다.#@문장구분# 여름엔 눈오는 예쁜 겨울이 소중하다 느껴지고, 겨울에는 워터파크에 가서 신나게 물놀이 하는 여름이 소중하게 느껴집니다.#@문장구분# 오늘은 밖에 눈이 많이 내렸습니다.#@문장구분# 날씨가 너무 추울 것 같아 밖에 나가는 것도 귀찮아 창밖에 내리는 눈만 우두커니 바라 보았습니다.#@문장구분# 이렇게 눈이 오는 날에는 예쁜 눈에 집중하고 감상하면 그만인 것을 왜 이렇게 바람이 쌩쌩불고 추운거야 라며 불평을 늘어놓는 저의 모습을 발견했습니다.#@문장구분# 저를 비롯한 많은 사람들은 주변의 소중한 것들을 많이 놓치고 살아가고 있습니다.#@문장구분# 본인에게 주어진 상황을 우리는 당연하게 받아들이고 그 당연하다고 생각되었던 것들이 눈앞에 사려져 불편하게 되었을 때 그 소중함을 느끼기는 커녕 불평만 하고 있지는 않은지 우리 자신을 되돌아 볼 필요가 있을 것입니다.#@문장구분# 여름에는 활기차게 물놀이 할 수 있는 즐거움에 감사하고, 겨울에는 예쁜 눈을 볼 수 있어 또 그것에 감사하면 될 것입니다.#@문장구분# 지금 닥친 상황에서 주위의 소중한 것들을 놓치고 있지는 않은지 살펴보고 그것들에 대한 세심한 배려와 감사함을 잊지 말아야 할 것입니다.#@문장구분# 하루 하루를 소중하고 감사한 마음으로 살아가면 더 긍정적이고 사려깊은 사람이 될 것이라고 생각됩니다.#@문장구분#",
      "paragraph_len": 916,
      "paragraph_id": "001"
    }
  ],
  "score": {
    "paragraph_score": [
      {
        "paragraph_scoreT": [
          3,
          2.6666667,
          2.6666667
        ],
        "paragraph_scoreT_detail": {
          "paragraph_scoreT_exp": [
            [
              3,
              3,
              3
            ],
            [
              2,
              3,
              3
            ],
            [
              2,
              3,
              3
            ]
          ]
        },
        "paragraph_scoreT_avg": 2.777778,
        "paragraph_id": "001"
      }
    ],
    "essay_scoreT": [
      26,
      28.666668,
      27.333334
    ],
    "essay_scoreT_avg": 27.333334,
    "essay_scoreT_detail": {
      "essay_scoreT_org": [
        [
          3,
          3,
          3,
          3
        ],
        [
          3,
          3,
          3,
          3
        ],
        [
          2,
          2,
          3,
          3
        ]
      ],
      "essay_scoreT_cont": [
        [
          2,
          2,
          0,
          2
        ],
        [
          3,
          3,
          0,
          3
        ],
        [
          3,
          3,
          0,
          3
        ]
      ],
      "essay_scoreT_exp": [
        [
          3,
          3,
          3
        ],
        [
          2,
          3,
          3
        ],
        [
          2,
          3,
          3
        ]
      ]
    }
  },
  "student": {
    "date": "2021.12.17",
    "student_educated": true,
    "student_grade": "고등_1학년",
    "location": "063",
    "student_grade_group": "고등",
    "student_reading": 1
  },
  "rubric": {
    "essay_grade": "고등_1학년",
    "organization_weight": {
      "org_paragraph": 2,
      "org": 2,
      "org_essay": 4,
      "org_coherence": 2,
      "org_quantity": 1
    },
    "essay_type": "글짓기",
    "content_weight": {
      "con_clearance": 4,
      "con_novelty": 3,
      "con": 4,
      "con_prompt": 0,
      "con_description": 1
    },
    "essay_main_subject": "소중함을 잃었던 경험",
    "expression_weight": {
      "exp_style": 1,
      "exp_grammar": 2,
      "exp_vocab": 3,
      "exp": 4
    }
  },
  "correction": [],
  "info": {
    "essay_id": "ESSAY_72007",
    "essay_prompt": " 익숙함에 속아 소중함을 잊지 말자는 명언 (Do not get fooled by something familiar and forget what is priceless.)이 있습니다.\n\n 부모님께서 매일 해주시는 아침밥이나, 너무 친해서 매일 맛있는 간식을 사주는 친구 등 처음에는 매우 감사했지만 반복되는 호의에 우리는 소중함을 잊어가기도 합니다.\n\n 작은 소중함일지라도 그 소중함을 잃게 되면 호의를 베푸는 사람 입장에서는 매우 당황스럽고 기분이 나쁠 수 있어요.\n\n 여러분은 익숙함에 속아 소중함을 잊었던 사례와 그로 인해 상대방의 기분을 나쁘게 했던 경험이 있나요? 만약 있다면 관계를 회복하기 위해 어떤 노력을 하셨나요? 본인의 경험을 작성해주세요.\n\n 만약 그런 적이 없다면 주변의 이야기나 본인에게 소중함을 주는 사람들에 관해 설명해주세요.",
    "essay_type": "글짓기",
    "essay_level": "2",
    "essay_len": 676,
    "essay_main_subject": "소중함을 잃었던 경험"
  }
}