{
  "paragraph": [
    {
      "paragraph_txt": "내가 소중함을 잃어버렸던 경험은 어렸을적에 강아지를 키웠던적이 있는데 아빠가 새끼를 데리고 왔었다.#@문장구분# 그래서 언니랑 동생이랑 나랑 이름도 붙여주고 했는데 그 강아지 이름은 몽몽이였다.#@문장구분# 왜냐면 생긴게 갈색인데 털이 몽실몽실해서 몽몽이로 지었다. #@문장구분#몽몽이는 밥도 잘 먹고 잘 놀고 똥오줌도 잘가리고 무럭무럭 잘 커서 산책도 나가면 다른 강아지들이랑도 잘놀고 우리 말을 되게 잘들어서 우리도 엄청 좋아했던 강아지다.#@문장구분# 동물들을 무서워하는 우리 언니도 몽몽이는 좋아하고 귀여워했다.#@문장구분# 근데 그런 씩씩한 몽몽이가 밥도 잘 안먹고 잘 안자더니 상태가 매우 안좋아졌었다. #@문장구분#그래서 동물병원에 데려갔는데 몽몽이 상태가 굉장히 안좋다는 의사선생님의 말을 들었다. #@문장구분#그래서 우리는 침울한 상태로 집에 와서 약도 먹이고 컨디션을 회복시켜주려고 노력했지만 우리의 노력은 마음만 전해졌나보다.#@문장구분#몽몽이는 한두달 괜찮더니 점점 상태가 안좋아져서 다시 동물병원에 가보니 마음의 준비를 해야할거같다는 소리를 들었다.#@문장구분#그런 소리를 들은 우리는 정말 그 자리에서 눈물이 펑펑 났다.#@문장구분# 너무나도 슬펐다.#@문장구분# 내 가족이 죽는거나 다름 없었는데 난 그 나이대에 몽몽이의 죽음을 받아들일수없었다.#@문장구분# 우리가 안받아들이면 뭐하나 몽몽이는 자신만의 준비를 해가고있었다.#@문장구분# 결국 몽몽이는 며칠 안돼서 우리 곁을 떠났다.#@문장구분# 물론 자지러지게 슬펐지만 현실을 단념하고 우린 항상 기억하고있다.#@문장구분#",
      "paragraph_len": 979,
      "paragraph_id": "001"
    }
  ],
  "score": {
    "paragraph_score": [
      {
        "paragraph_scoreT": [
          3,
          3,
          2.6666667
        ],
        "paragraph_scoreT_detail": {
          "paragraph_scoreT_exp": [
            [
              3,
              3,
              3
            ],
            [
              3,
              3,
              3
            ],
            [
              2,
              3,
              3
            ]
          ]
        },
        "paragraph_scoreT_avg": 2.888889,
        "paragraph_id": "001"
      }
    ],
    "essay_scoreT": [
      24.88889,
      28.5,
      25.166668
    ],
    "essay_scoreT_avg": 26.185186,
    "essay_scoreT_detail": {
      "essay_scoreT_org": [
        [
          2,
          3,
          3,
          2
        ],
        [
          3,
          3,
          3,
          3
        ],
        [
          3,
          3,
          3,
          3
        ]
      ],
      "essay_scoreT_cont": [
        [
          2,
          2,
          0,
          2
        ],
        [
          3,
          2,
          0,
          3
        ],
        [
          2,
          2,
          0,
          3
        ]
      ],
      "essay_scoreT_exp": [
        [
          3,
          3,
          3
        ],
        [
          3,
          3,
          3
        ],
        [
          2,
          3,
          3
        ]
      ]
    }
  },
  "student": {
    "date": "2021.12.19",
    "student_educated": true,
    "student_grade": "고등_1학년",
    "location": "063",
    "student_grade_group": "고등",
    "student_reading": 1
  },
  "rubric": {
    "essay_grade": "고등_1학년",
    "organization_weight": {
      "org_paragraph": 2,
      "org": 2,
      "org_essay": 4,
      "org_coherence": 2,
      "org_quantity": 1
    },
    "essay_type": "글짓기",
    "content_weight": {
      "con_clearance": 4,
      "con_novelty": 3,
      "con": 4,
      "con_prompt": 0,
      "con_description": 1
    },
    "essay_main_subject": "소중함을 잃었던 경험",
    "expression_weight": {
      "exp_style": 1,
      "exp_grammar": 2,
      "exp_vocab": 3,
      "exp": 4
    }
  },
  "correction": [],
  "info": {
    "essay_id": "ESSAY_75465",
    "essay_prompt": " 익숙함에 속아 소중함을 잊지 말자는 명언 (Do not get fooled by something familiar and forget what is priceless.)이 있습니다.\n\n 부모님께서 매일 해주시는 아침밥이나, 너무 친해서 매일 맛있는 간식을 사주는 친구 등 처음에는 매우 감사했지만 반복되는 호의에 우리는 소중함을 잊어가기도 합니다.\n\n 작은 소중함일지라도 그 소중함을 잃게 되면 호의를 베푸는 사람 입장에서는 매우 당황스럽고 기분이 나쁠 수 있어요.\n\n 여러분은 익숙함에 속아 소중함을 잊었던 사례와 그로 인해 상대방의 기분을 나쁘게 했던 경험이 있나요? 만약 있다면 관계를 회복하기 위해 어떤 노력을 하셨나요? 본인의 경험을 작성해주세요.\n\n 만약 그런 적이 없다면 주변의 이야기나 본인에게 소중함을 주는 사람들에 관해 설명해주세요.",
    "essay_type": "글짓기",
    "essay_level": "2",
    "essay_len": 681,
    "essay_main_subject": "소중함을 잃었던 경험"
  }
}