{
  "paragraph": [
    {
      "paragraph_txt": "익숙함에 속아 소중함을 잊지 말자!#@문장구분# 정말 좋은 명언이라고 생각합니다.#@문장구분# 세상에 많은 명언이 있지만 제일 마음에 와닿는 명언은 익숙함에 속아 소중함을 잊지 말자고 생각합니다.#@문장구분# 근데 제가 살면서 익숙하고 편하고 오래돼서 소중한 사람들을 서운하거나, 마음을 불편하게 만든 적이 없지는 않은 거 같습니다.#@문장구분# 저도 아직 나이가 고등학생이고 어리지만 익숙하고 편하다는 감정은 나이가 드나 어리나 공평한 마음이라고 생각합니다.#@문장구분# 저도 같은 반 친구에게 그렇게 행동했습니다.#@문장구분# 서로 같은 반이다 보니 매일매일 학교에 갈 때마다 마주치고 얘기하고 정말 익숙하고 편하고 정말 좋을 정도로 친하게 지냈습니다.#@문장구분# 근데 저는 항상 이런 게 문제였습니다.#@문장구분# 익숙하고 편하고 제가 생각하기에 친하다고 생각하면 점점 그 친구를 챙기고 배려하는 거에 집중하지 못하고 새롭고 흥미가 생기는 게 생기면 친구를 잊어버리곤 했습니다.#@문장구분# 그러다가 사건이 생겼습니다.#@문장구분# 친구 급하게 저를 찾는다는 연락이 왔는데 그 당시에 제가 좋아하던 여자애를 만나기 위해 그 연락을 무시하고 좋아하던 여자애한테 가서 그 친한 친구는 저한테 실망과 배신감을 느끼게 되었죠.#@문장구분# 저는 서로 친하니깐 이 정도는 이해해주겠지? 라고 생각했습니다.#@문장구분# 하지만 그건 저의 착각이었고 상대방 입장은 달랐습니다.#@문장구분# 정말 많은 사과를 해서 화해를 했지만 두 번다시는 이런 일이 없게끔 익숙하고 편하고 친하다고 해서 소중한 친구를 잊지 않을 거라고 다짐했습니다.#@문장구분#",
      "paragraph_len": 988,
      "paragraph_id": "001"
    }
  ],
  "score": {
    "paragraph_score": [
      {
        "paragraph_scoreT": [
          3,
          2,
          2.1666667
        ],
        "paragraph_scoreT_detail": {
          "paragraph_scoreT_exp": [
            [
              3,
              3,
              3
            ],
            [
              2,
              2,
              2
            ],
            [
              2,
              2,
              3
            ]
          ]
        },
        "paragraph_scoreT_avg": 2.388889,
        "paragraph_id": "001"
      }
    ],
    "essay_scoreT": [
      30,
      25.555555,
      25.555555
    ],
    "essay_scoreT_avg": 27.037039,
    "essay_scoreT_detail": {
      "essay_scoreT_org": [
        [
          3,
          3,
          3,
          3
        ],
        [
          3,
          2,
          3,
          3
        ],
        [
          3,
          2,
          3,
          3
        ]
      ],
      "essay_scoreT_cont": [
        [
          3,
          3,
          0,
          3
        ],
        [
          3,
          3,
          0,
          3
        ],
        [
          2,
          3,
          0,
          3
        ]
      ],
      "essay_scoreT_exp": [
        [
          3,
          3,
          3
        ],
        [
          2,
          2,
          2
        ],
        [
          2,
          3,
          2
        ]
      ]
    }
  },
  "student": {
    "date": "2021.12.17",
    "student_educated": true,
    "student_grade": "고등_1학년",
    "location": "044",
    "student_grade_group": "고등",
    "student_reading": 2
  },
  "rubric": {
    "essay_grade": "고등_1학년",
    "organization_weight": {
      "org_paragraph": 2,
      "org": 2,
      "org_essay": 4,
      "org_coherence": 2,
      "org_quantity": 1
    },
    "essay_type": "글짓기",
    "content_weight": {
      "con_clearance": 4,
      "con_novelty": 3,
      "con": 4,
      "con_prompt": 0,
      "con_description": 1
    },
    "essay_main_subject": "소중함을 잃었던 경험",
    "expression_weight": {
      "exp_style": 1,
      "exp_grammar": 2,
      "exp_vocab": 3,
      "exp": 4
    }
  },
  "correction": [],
  "info": {
    "essay_id": "ESSAY_66031",
    "essay_prompt": " 익숙함에 속아 소중함을 잊지 말자는 명언 (Do not get fooled by something familiar and forget what is priceless.)이 있습니다.\n\n 부모님께서 매일 해주시는 아침밥이나, 너무 친해서 매일 맛있는 간식을 사주는 친구 등 처음에는 매우 감사했지만 반복되는 호의에 우리는 소중함을 잊어가기도 합니다.\n\n 작은 소중함일지라도 그 소중함을 잃게 되면 호의를 베푸는 사람 입장에서는 매우 당황스럽고 기분이 나쁠 수 있어요.\n\n 여러분은 익숙함에 속아 소중함을 잊었던 사례와 그로 인해 상대방의 기분을 나쁘게 했던 경험이 있나요? 만약 있다면 관계를 회복하기 위해 어떤 노력을 하셨나요? 본인의 경험을 작성해주세요.\n\n 만약 그런 적이 없다면 주변의 이야기나 본인에게 소중함을 주는 사람들에 관해 설명해주세요.",
    "essay_type": "글짓기",
    "essay_level": "2",
    "essay_len": 709,
    "essay_main_subject": "소중함을 잃었던 경험"
  }
}