{
  "paragraph": [
    {
      "paragraph_txt": "제가 격었던 익숙함에 속아 소중함을 잃었던 사례는 제 몸에 관한 사례입니다.#@문장구분# 저는 사람들의 시선과 말로 인해 많은 상처를 받고 그로 인해 다이어트를 결심했습니다.#@문장구분# 스트레스를 너무 많이 받아서 인지 스스로를 완전히 변화시키기 위해 다이어트를 엄청 열심히 했습니다.#@문장구분# 남들보다 더 안먹고 남들보다 더 운동하려했습니다.#@문장구분# 운동에는 관심이 없던 저는 밥은 먹지도 않고 굶으며 다이어트를 했습니다.#@문장구분# 그렇게 점점 시간이 지나고 제 몸도 점점 망가지고 있었습니다.#@문장구분# 그리고 계속 다이어트를 하던 어느날 영양실조로 인해 잠깐 쓰러지기도 했습니다.#@문장구분# 그래도 다이어트의 욕심이 과했던 저는 계속 다이어트를 하며 나름 다이어트에 성공하였습니다.#@문장구분# 점심을 하루에 한끼 먹어도 살찐다는 생각으로 망가져 있었으며 운동도 했지만 먹은 것이 없어 근육량은 계속 빠져 근육량이 일반사람들 보다 한참 작았습니다. #@문장구분#그리고 음식소화로 잘 시키지 못할 정도로 몸이 망가졌습니다.#@문장구분# 저는 항상 같이 붙어 있던 제 몸이라는 익숙함에 속아 사는데 가장 중요한 몸과 건강을 잃었습니다.#@문장구분# 그리고 저는 이것을 다시 해결하기 위해 상담도 받고 식생활도 고치려고 노력을 했습니다.#@문장구분# 식생활을 고치기 위해 일부러 더 먹으려고 하고 근육량을 되돌리기 위해 헬스선생님과 함께 균형잡힌 운동도 하고 있습니다. #@문장구분#제 몸이 망가지는 데는 몇개월이 걸렸지만 다시 되돌리기 위한 노력을 해를 넘겨도 돌아오지 않았습니다.#@문장구분# 저는 앞으로 계속 노력할 것이며 다시는 소중한 몸을 잃지 않으려고 할 것입니다.#@문장구분# 자기 자신에게 긍정적인 말을 하면서 힘든 상황을 벗어나 몸과 마음을 치유시킨다면, 잊혀질 뻔한 추억도 다시 돌아오게 됩니다.#@문장구분# 우리는 자존감이 필요하며 그 자존감은 당신을 살리는 길입니다.#@문장구분# 앞으로 우리 모두 소중한 것들에게 소중히 대하는 태도가 필요하다고 생각합니다.#@문장구분#",
      "paragraph_len": 1247,
      "paragraph_id": "001"
    }
  ],
  "score": {
    "paragraph_score": [
      {
        "paragraph_scoreT": [
          3,
          3,
          3
        ],
        "paragraph_scoreT_detail": {
          "paragraph_scoreT_exp": [
            [
              3,
              3,
              3
            ],
            [
              3,
              3,
              3
            ],
            [
              3,
              3,
              3
            ]
          ]
        },
        "paragraph_scoreT_avg": 3,
        "paragraph_id": "001"
      }
    ],
    "essay_scoreT": [
      25.11111,
      28.5,
      30
    ],
    "essay_scoreT_avg": 27.87037,
    "essay_scoreT_detail": {
      "essay_scoreT_org": [
        [
          2,
          3,
          3,
          3
        ],
        [
          3,
          3,
          3,
          3
        ],
        [
          3,
          3,
          3,
          3
        ]
      ],
      "essay_scoreT_cont": [
        [
          2,
          2,
          0,
          2
        ],
        [
          3,
          2,
          0,
          3
        ],
        [
          3,
          3,
          0,
          3
        ]
      ],
      "essay_scoreT_exp": [
        [
          3,
          3,
          3
        ],
        [
          3,
          3,
          3
        ],
        [
          3,
          3,
          3
        ]
      ]
    }
  },
  "student": {
    "date": "2021.12.20",
    "student_educated": true,
    "student_grade": "고등_1학년",
    "location": "063",
    "student_grade_group": "고등",
    "student_reading": 1
  },
  "rubric": {
    "essay_grade": "고등_1학년",
    "organization_weight": {
      "org_paragraph": 2,
      "org": 2,
      "org_essay": 4,
      "org_coherence": 2,
      "org_quantity": 1
    },
    "essay_type": "글짓기",
    "content_weight": {
      "con_clearance": 4,
      "con_novelty": 3,
      "con": 4,
      "con_prompt": 0,
      "con_description": 1
    },
    "essay_main_subject": "소중함을 잃었던 경험",
    "expression_weight": {
      "exp_style": 1,
      "exp_grammar": 2,
      "exp_vocab": 3,
      "exp": 4
    }
  },
  "correction": [],
  "info": {
    "essay_id": "ESSAY_73774",
    "essay_prompt": " 익숙함에 속아 소중함을 잊지 말자는 명언 (Do not get fooled by something familiar and forget what is priceless.)이 있습니다.\n\n 부모님께서 매일 해주시는 아침밥이나, 너무 친해서 매일 맛있는 간식을 사주는 친구 등 처음에는 매우 감사했지만 반복되는 호의에 우리는 소중함을 잊어가기도 합니다.\n\n 작은 소중함일지라도 그 소중함을 잃게 되면 호의를 베푸는 사람 입장에서는 매우 당황스럽고 기분이 나쁠 수 있어요.\n\n 여러분은 익숙함에 속아 소중함을 잊었던 사례와 그로 인해 상대방의 기분을 나쁘게 했던 경험이 있나요? 만약 있다면 관계를 회복하기 위해 어떤 노력을 하셨나요? 본인의 경험을 작성해주세요.\n\n 만약 그런 적이 없다면 주변의 이야기나 본인에게 소중함을 주는 사람들에 관해 설명해주세요.",
    "essay_type": "글짓기",
    "essay_level": "2",
    "essay_len": 890,
    "essay_main_subject": "소중함을 잃었던 경험"
  }
}