{
  "paragraph": [
    {
      "paragraph_txt": "저희 부모님께서 항상 하시는 말씀이 있는데 몸이 건강만하면 뭐든지 할 수 있다.#@문장구분# 건강이 최고다 입니다.#@문장구분# 이런 말씀을 들을 때마다 항상 의문이 들었습니다.#@문장구분#건강하다고 갑자기 공부를 잘하는 것도 아니고 돈을 많이 벌 수 있는 것도 아니고 그냥 건강만 한다고 뭐가 되지는 않는데 라는 의문 이였습니다. #@문장구분#하지만 이러한 의심이 자전거사고 한 번으로 완전히 사라지게 되었습니다.#@문장구분# 학교가 끝나고 하교 중에 사거리 횡단보도를 건너기 위해 신호를 기다리고 있다가 초록불로 바뀌고 바로 건너는 중에 우회전을 하는 자전거 미쳐 저를 보지 못하고 덮쳤습니다.#@문장구분# 저는 자전거에 치여서 쓰러졌으며, 오른쪽 정강이가 너무 아파 소리를 지르며 뒹굴거렸습니다.#@문장구분# 주변 사람들이 119에 신고하여 병원으로 이송되었고 오른쪽 다리가 골절되었다는 판정을 받게 되었습니다.#@문장구분# 자전거를 몰고 가던 아저씨는 타박상으로 그쳤고 나중에 깁스를 한 저에게 미안하다고 사과를 하셨으며, 부모님과 이야기하여 보험처리 하는 것으로 마무리 지었다고 들었습니다.#@문장구분# 항상 두 발로 걷는 것이 당연하고 익숙하게 느꼈던 저였지만 막상 깁스를 하고 부터는 걷는 것도 불편하고 씻는 것도 불편하고 친구들과 축구도 하지 못하고 앉을 때도 다리를 펴고 있어야 해서 불편하고 온통 불편한 것 투성 이였습니다.#@문장구분# 익숙하게만 느껴졌던 생활이 불편함으로 다가오면서 왜 건강이 중요한지를 다시 한 번 느낄 수 있었습니다.#@문장구분#",
      "paragraph_len": 910,
      "paragraph_id": "001"
    }
  ],
  "score": {
    "paragraph_score": [
      {
        "paragraph_scoreT": [
          3,
          3,
          3
        ],
        "paragraph_scoreT_detail": {
          "paragraph_scoreT_exp": [
            [
              3,
              3,
              3
            ],
            [
              3,
              3,
              3
            ],
            [
              3,
              3,
              3
            ]
          ]
        },
        "paragraph_scoreT_avg": 3,
        "paragraph_id": "001"
      }
    ],
    "essay_scoreT": [
      30,
      30,
      30
    ],
    "essay_scoreT_avg": 30,
    "essay_scoreT_detail": {
      "essay_scoreT_org": [
        [
          3,
          3,
          3,
          3
        ],
        [
          3,
          3,
          3,
          3
        ],
        [
          3,
          3,
          3,
          3
        ]
      ],
      "essay_scoreT_cont": [
        [
          3,
          3,
          0,
          3
        ],
        [
          3,
          3,
          0,
          3
        ],
        [
          3,
          3,
          0,
          3
        ]
      ],
      "essay_scoreT_exp": [
        [
          3,
          3,
          3
        ],
        [
          3,
          3,
          3
        ],
        [
          3,
          3,
          3
        ]
      ]
    }
  },
  "student": {
    "date": "2021.12.15",
    "student_educated": true,
    "student_grade": "고등_1학년",
    "location": "044",
    "student_grade_group": "고등",
    "student_reading": 1
  },
  "rubric": {
    "essay_grade": "고등_1학년",
    "organization_weight": {
      "org_paragraph": 2,
      "org": 2,
      "org_essay": 4,
      "org_coherence": 2,
      "org_quantity": 1
    },
    "essay_type": "글짓기",
    "content_weight": {
      "con_clearance": 4,
      "con_novelty": 3,
      "con": 4,
      "con_prompt": 0,
      "con_description": 1
    },
    "essay_main_subject": "소중함을 잃었던 경험",
    "expression_weight": {
      "exp_style": 1,
      "exp_grammar": 2,
      "exp_vocab": 3,
      "exp": 4
    }
  },
  "correction": [],
  "info": {
    "essay_id": "ESSAY_66000",
    "essay_prompt": " 익숙함에 속아 소중함을 잊지 말자는 명언 (Do not get fooled by something familiar and forget what is priceless.)이 있습니다.\n\n 부모님께서 매일 해주시는 아침밥이나, 너무 친해서 매일 맛있는 간식을 사주는 친구 등 처음에는 매우 감사했지만 반복되는 호의에 우리는 소중함을 잊어가기도 합니다.\n\n 작은 소중함일지라도 그 소중함을 잃게 되면 호의를 베푸는 사람 입장에서는 매우 당황스럽고 기분이 나쁠 수 있어요.\n\n 여러분은 익숙함에 속아 소중함을 잊었던 사례와 그로 인해 상대방의 기분을 나쁘게 했던 경험이 있나요? 만약 있다면 관계를 회복하기 위해 어떤 노력을 하셨나요? 본인의 경험을 작성해주세요.\n\n 만약 그런 적이 없다면 주변의 이야기나 본인에게 소중함을 주는 사람들에 관해 설명해주세요.",
    "essay_type": "글짓기",
    "essay_level": "2",
    "essay_len": 696,
    "essay_main_subject": "소중함을 잃었던 경험"
  }
}