{
  "paragraph": [
    {
      "paragraph_txt": "얼마전 친구들고 농구를 하다가 왼쪽 새끼손가락이 골절되었다.#@문장구분# 처음엔 아파 죽는줄 알았는데 기부스를 하고 진통제를 맞으니 참을만 했다.#@문장구분# 뭐 손가락 중에서도 가장 작고 오른손 잡이인 나에게 있어 왼쪽 손가락 그것도 새끼 손가락은 별 필요도 없는 존재라 그냥 잘 버틸 수 있는줄 알았다.#@문장구분# 하지만 하루하루 시간이 지날 수록 이 새끼 손가락이 나에게 얼마나 중요한 역할을 하고 있었는지를 알게 되었다.#@문장구분# 새끼손가락이 아프니 옷입는 것도 힘들고 뭘 잡을 때도 힘들고 신발신을때도 불편했고 아무튼 생활 곳곳에서 힘든 것이 한두개가 아니였다.#@문장구분# 내몸에 붙어 있어 그냥 있는 건가 싶었던 것들이 아프고 쓰기 힘들어 지니 내 생활이 원활하게 돌아가지 않는 것이 아닌가.#@문장구분# 이번에 정말 이세상에는 아니 내몸에는 필요없는 것은 하나도 없다는 것을 다시 한번 알게 되었다.#@문장구분# 그러고 보니 옆을 돌아보게 된것 같다.#@문장구분# 내 주변에 많은 소중한 것들이 항상 나를 돌봐주고 지켜주고 있다는 것을 다시 한번 깨달았다.#@문장구분# 항상 공기처럼 옆에 있다보니 얼마나 나를 위해 존재하고 있었는지 애쓰고 있었는지 잊고 살았지만 없어지면 정말 많이 힘들겠구나 싶은 것들이 한둘이 아니다. #@문장구분#생각이 여기가지 미치니 참 많은 것에 감사하게 되었다.#@문장구분# 항상 나를 위해 묵묵히 희생하시는 부모님, 장난꾸러기에 귀찮아 죽겠지만 그래도 간혹귀여운 내동생. 항상 나의 스트레스 해소와 웃음을 주는 내 친구들. 아파트 경비원아저씨들 청소부 아줌마 아저씨들, 아파트 관리실 아저씨들등 정말 없어서는 안될 분들이다.#@문장구분# 항상 고마워하며 감사하며 살아야 겠다.#@문장구분#",
      "paragraph_len": 1030,
      "paragraph_id": "001"
    }
  ],
  "score": {
    "paragraph_score": [
      {
        "paragraph_scoreT": [
          2.6666667,
          3,
          3
        ],
        "paragraph_scoreT_detail": {
          "paragraph_scoreT_exp": [
            [
              2,
              3,
              3
            ],
            [
              3,
              3,
              3
            ],
            [
              3,
              3,
              3
            ]
          ]
        },
        "paragraph_scoreT_avg": 2.888889,
        "paragraph_id": "001"
      }
    ],
    "essay_scoreT": [
      27.777779,
      22.5,
      26
    ],
    "essay_scoreT_avg": 25.425926,
    "essay_scoreT_detail": {
      "essay_scoreT_org": [
        [
          2,
          3,
          3,
          3
        ],
        [
          3,
          3,
          3,
          3
        ],
        [
          3,
          3,
          3,
          3
        ]
      ],
      "essay_scoreT_cont": [
        [
          3,
          3,
          0,
          3
        ],
        [
          1,
          1,
          0,
          2
        ],
        [
          2,
          2,
          0,
          2
        ]
      ],
      "essay_scoreT_exp": [
        [
          2,
          3,
          3
        ],
        [
          3,
          3,
          3
        ],
        [
          3,
          3,
          3
        ]
      ]
    }
  },
  "student": {
    "date": "2021.12.22",
    "student_educated": true,
    "student_grade": "고등_1학년",
    "location": "063",
    "student_grade_group": "고등",
    "student_reading": 1
  },
  "rubric": {
    "essay_grade": "고등_1학년",
    "organization_weight": {
      "org_paragraph": 2,
      "org": 2,
      "org_essay": 4,
      "org_coherence": 2,
      "org_quantity": 1
    },
    "essay_type": "글짓기",
    "content_weight": {
      "con_clearance": 4,
      "con_novelty": 3,
      "con": 4,
      "con_prompt": 0,
      "con_description": 1
    },
    "essay_main_subject": "소중함을 잃었던 경험",
    "expression_weight": {
      "exp_style": 1,
      "exp_grammar": 2,
      "exp_vocab": 3,
      "exp": 4
    }
  },
  "correction": [],
  "info": {
    "essay_id": "ESSAY_75444",
    "essay_prompt": " 익숙함에 속아 소중함을 잊지 말자는 명언 (Do not get fooled by something familiar and forget what is priceless.)이 있습니다.\n\n 부모님께서 매일 해주시는 아침밥이나, 너무 친해서 매일 맛있는 간식을 사주는 친구 등 처음에는 매우 감사했지만 반복되는 호의에 우리는 소중함을 잊어가기도 합니다.\n\n 작은 소중함일지라도 그 소중함을 잃게 되면 호의를 베푸는 사람 입장에서는 매우 당황스럽고 기분이 나쁠 수 있어요.\n\n 여러분은 익숙함에 속아 소중함을 잊었던 사례와 그로 인해 상대방의 기분을 나쁘게 했던 경험이 있나요? 만약 있다면 관계를 회복하기 위해 어떤 노력을 하셨나요? 본인의 경험을 작성해주세요.\n\n 만약 그런 적이 없다면 주변의 이야기나 본인에게 소중함을 주는 사람들에 관해 설명해주세요.",
    "essay_type": "글짓기",
    "essay_level": "2",
    "essay_len": 772,
    "essay_main_subject": "소중함을 잃었던 경험"
  }
}