{
  "paragraph": [
    {
      "paragraph_txt": "소중한 것은 잘 보이지 않는다.#@문장구분# \"내 비밀을 알고 싶니? 그건 하나도 어려운 게 아니야. 이 세상에는 눈에 보이지 않아도 마음으로만 볼 수 있는 아주 소중한 게 있다는 거야.\"#@문장구분# 위 글은 <어린 왕자>를 쓴 생텍쥐페리의 말이다.#@문장구분# 바깥 세상의 일들이 생각대로 잘 되고, 몸도 건강하며, 주위 사람들과 좋은 관계가 유지될 때 우리는 행복하다고 느낀다.#@문장구분# 점점 살기 좋은 환경이 되어가고 있다.#@문장구분# 하지만 우리에게는 그렇지 않은 행복도 있다.#@문장구분# 그것이 '비밀'이다.#@문장구분# 그 '비밀'을 알게 되면, 세상일이 원하는 대로 이루어지지 않더라도 그다지 힘들어지지 않게 된다.#@문장구분# 마음의 평화를 유지하고 살아갈 수 있게 된다.#@문장구분# 그 '비밀'이란 마음으로만 보이는 아주 소중한 것임을 기억해 두라고 생텍쥐페리는 말하고 있다.#@문장구분# 미국에서 어느 해 추수감사절에 초등학교 선생님들이 어린 학생들에게 항상 감사하게 생각하는 것을 그림으로 표현하도록 하였다.#@문장구분# 미국의 추수감사절은 우리의 추석과 같이 모든 가족이 모여 맛있는 음식을 먹고 선물을 주고받으며 즐겁게 지내는 날이다.#@문장구분# 선생님의 말씀에 아이들은 선물로 받은 갖가지 물건들을 그림으로 그렸다.#@문장구분# 그런데 유독 한 아이는 선물 받은 장난감이 아니라 손을 그렸다.#@문장구분# 아이는 아무 말도 하지 않았다.#@문장구분# 아주 내성적인 아이였기 때문이다.#@문장구분# 그 아이는 집에서  매우 힘든 일을 겪고 있어서 학교에서도 쉽게 친구들과 어울리지 못하며 지냈다.#@문장구분# 그래서 그 아이가 교실 한 구석에 서 있을 때면 선생님이 살짝 다가가 아무 말 하지 않고 아이의 손을 잡아 주곤 했던 것이다.#@문장구분# 이 그림은 아이의 손을 잡아 주시는 선생님 손이었다.#@문장구분# 이 아이에게 가장 소중한 것은 선생님의 애정이었던 것이다.#@문장구분#",
      "paragraph_len": 1229,
      "paragraph_id": "001"
    }
  ],
  "score": {
    "paragraph_score": [
      {
        "paragraph_scoreT": [
          3,
          3,
          3
        ],
        "paragraph_scoreT_detail": {
          "paragraph_scoreT_exp": [
            [
              3,
              3,
              3
            ],
            [
              3,
              3,
              3
            ],
            [
              3,
              3,
              3
            ]
          ]
        },
        "paragraph_scoreT_avg": 3,
        "paragraph_id": "001"
      }
    ],
    "essay_scoreT": [
      30,
      30,
      30
    ],
    "essay_scoreT_avg": 30,
    "essay_scoreT_detail": {
      "essay_scoreT_org": [
        [
          3,
          3,
          3,
          3
        ],
        [
          3,
          3,
          3,
          3
        ],
        [
          3,
          3,
          3,
          3
        ]
      ],
      "essay_scoreT_cont": [
        [
          3,
          3,
          0,
          3
        ],
        [
          3,
          3,
          0,
          3
        ],
        [
          3,
          3,
          0,
          3
        ]
      ],
      "essay_scoreT_exp": [
        [
          3,
          3,
          3
        ],
        [
          3,
          3,
          3
        ],
        [
          3,
          3,
          3
        ]
      ]
    }
  },
  "student": {
    "date": "2021.12.16",
    "student_educated": true,
    "student_grade": "고등_1학년",
    "location": "063",
    "student_grade_group": "고등",
    "student_reading": 2
  },
  "rubric": {
    "essay_grade": "고등_1학년",
    "organization_weight": {
      "org_paragraph": 2,
      "org": 2,
      "org_essay": 4,
      "org_coherence": 2,
      "org_quantity": 1
    },
    "essay_type": "글짓기",
    "content_weight": {
      "con_clearance": 4,
      "con_novelty": 3,
      "con": 4,
      "con_prompt": 0,
      "con_description": 1
    },
    "essay_main_subject": "소중함을 잃었던 경험",
    "expression_weight": {
      "exp_style": 1,
      "exp_grammar": 2,
      "exp_vocab": 3,
      "exp": 4
    }
  },
  "correction": [],
  "info": {
    "essay_id": "ESSAY_65805",
    "essay_prompt": " 익숙함에 속아 소중함을 잊지 말자는 명언 (Do not get fooled by something familiar and forget what is priceless.)이 있습니다.\n\n 부모님께서 매일 해주시는 아침밥이나, 너무 친해서 매일 맛있는 간식을 사주는 친구 등 처음에는 매우 감사했지만 반복되는 호의에 우리는 소중함을 잊어가기도 합니다.\n\n 작은 소중함일지라도 그 소중함을 잃게 되면 호의를 베푸는 사람 입장에서는 매우 당황스럽고 기분이 나쁠 수 있어요.\n\n 여러분은 익숙함에 속아 소중함을 잊었던 사례와 그로 인해 상대방의 기분을 나쁘게 했던 경험이 있나요? 만약 있다면 관계를 회복하기 위해 어떤 노력을 하셨나요? 본인의 경험을 작성해주세요.\n\n 만약 그런 적이 없다면 주변의 이야기나 본인에게 소중함을 주는 사람들에 관해 설명해주세요.",
    "essay_type": "글짓기",
    "essay_level": "2",
    "essay_len": 823,
    "essay_main_subject": "소중함을 잃었던 경험"
  }
}