{
  "paragraph": [
    {
      "paragraph_txt": "저는 익숙함에 속아 소중함을 잊었던 사례들이 많은 편인 거 같습니다.#@문장구분# 제가 하나의 집중을 하면 다른 거에 집중을 잘못하고 사람이나 물건을 잘 챙기지 못하고 까먹고 잊어버리는 성격이라서 그런지 익숙함이 속아 소중함을 챙기지 못한 친구들이 많이 있습니다.#@문장구분# 그중에서 저랑 초등학교 때부터 고등학생까지 친구로 지낸 절친이 있습니다.#@문장구분# 워낙 초등학교 때부터 알고 지내서 부모님들끼리 서로 아시기도 했고, 초중고를 같은 데서 나오다 보니 말로 설명할 수 없듯이 친형 같은 존재였습니다.#@문장구분# 친형 같은 사람이면 서로 너무 익숙하고 편하고 가족 같은 존재여서 서로 서운한 감정을 들게 하여도 아무렇지 않다는 듯이 넘어가는 게 많았습니다.#@문장구분# 그러다 제가 이 친구랑 다른 친구들이랑 함께 피시방을 갔는데 게임을 하다가 다른 친구들이 있는 앞에서 게임을 못한다는 이유로 제 친구를 무시하는 행동을 했습니다.#@문장구분# 그러다 제 친구가 화나서 아무리 친해도 그렇지 다른 친구들 앞에서 자존심 상하게 못 한다고 뭐라 하느냐고 화를 내는 상황이 벌어졌습니다.#@문장구분# 저는 바로 사과를 하였고 다시는 그러지 않겠다면서 화해를 한 적이 있습니다.#@문장구분# 이 사건처럼 아무리 편하고 오래 보고 익숙하더라도 소중한 친구라는 존재를 까먹지 않고 소중한 친구일수록 더 챙겨주고, 칭찬해주고, 더 아껴야 소중한 사람이랑 사이좋은 관계를 유지 할 수 있는 거 같습니다.#@문장구분#",
      "paragraph_len": 851,
      "paragraph_id": "001"
    }
  ],
  "score": {
    "paragraph_score": [
      {
        "paragraph_scoreT": [
          3,
          2,
          2.1666667
        ],
        "paragraph_scoreT_detail": {
          "paragraph_scoreT_exp": [
            [
              3,
              3,
              3
            ],
            [
              2,
              2,
              2
            ],
            [
              2,
              2,
              3
            ]
          ]
        },
        "paragraph_scoreT_avg": 2.388889,
        "paragraph_id": "001"
      }
    ],
    "essay_scoreT": [
      30,
      25.11111,
      26.666668
    ],
    "essay_scoreT_avg": 27.25926,
    "essay_scoreT_detail": {
      "essay_scoreT_org": [
        [
          3,
          3,
          3,
          3
        ],
        [
          2,
          3,
          3,
          3
        ],
        [
          3,
          3,
          3,
          3
        ]
      ],
      "essay_scoreT_cont": [
        [
          3,
          3,
          0,
          3
        ],
        [
          3,
          3,
          0,
          3
        ],
        [
          3,
          3,
          0,
          3
        ]
      ],
      "essay_scoreT_exp": [
        [
          3,
          3,
          3
        ],
        [
          2,
          2,
          2
        ],
        [
          2,
          2,
          3
        ]
      ]
    }
  },
  "student": {
    "date": "2021.12.17",
    "student_educated": true,
    "student_grade": "고등_1학년",
    "location": "044",
    "student_grade_group": "고등",
    "student_reading": 3
  },
  "rubric": {
    "essay_grade": "고등_1학년",
    "organization_weight": {
      "org_paragraph": 2,
      "org": 2,
      "org_essay": 4,
      "org_coherence": 2,
      "org_quantity": 1
    },
    "essay_type": "글짓기",
    "content_weight": {
      "con_clearance": 4,
      "con_novelty": 3,
      "con": 4,
      "con_prompt": 0,
      "con_description": 1
    },
    "essay_main_subject": "소중함을 잃었던 경험",
    "expression_weight": {
      "exp_style": 1,
      "exp_grammar": 2,
      "exp_vocab": 3,
      "exp": 4
    }
  },
  "correction": [],
  "info": {
    "essay_id": "ESSAY_66022",
    "essay_prompt": " 익숙함에 속아 소중함을 잊지 말자는 명언 (Do not get fooled by something familiar and forget what is priceless.)이 있습니다.\n\n 부모님께서 매일 해주시는 아침밥이나, 너무 친해서 매일 맛있는 간식을 사주는 친구 등 처음에는 매우 감사했지만 반복되는 호의에 우리는 소중함을 잊어가기도 합니다.\n\n 작은 소중함일지라도 그 소중함을 잃게 되면 호의를 베푸는 사람 입장에서는 매우 당황스럽고 기분이 나쁠 수 있어요.\n\n 여러분은 익숙함에 속아 소중함을 잊었던 사례와 그로 인해 상대방의 기분을 나쁘게 했던 경험이 있나요? 만약 있다면 관계를 회복하기 위해 어떤 노력을 하셨나요? 본인의 경험을 작성해주세요.\n\n 만약 그런 적이 없다면 주변의 이야기나 본인에게 소중함을 주는 사람들에 관해 설명해주세요.",
    "essay_type": "글짓기",
    "essay_level": "2",
    "essay_len": 672,
    "essay_main_subject": "소중함을 잃었던 경험"
  }
}