{
  "paragraph": [
    {
      "paragraph_txt": "많은 사람들이 집에서 혹은 다른 곳에서 하지 말아야 하는 행위를 익숙하고 편해서 하는 경우가 많다.#@문장구분# \n나의 경우만 봐도 등교, 하교 할 때마다 무단횡단 하는 사람들이 꽤 많이 본다.#@문장구분# 빠르게 뛰어가 무단횡단하면 빨리 도착할 수 있고 기다리지 않아도 되니까 편하고 좋겠지만, 잘못해서 교통사고 나면 골로 간다.#@문장구분#\n뉴스에서 무단횡단 사고들을 살펴보면 숨지는 경우가 있다.#@문장구분# 제발 무단횡단이 얼마나 위험한 행동인지 무단횡단 하는 사람들이 깨달았으면 좋겠다.#@문장구분# 가해자나 피해자나 사고 나면 귀찮고 힘들다.#@문장구분#\n빨간불에 멈추고 초록불에 건너는 쉽고 간편한 것이니 꼭 지켰으면 좋겠다.#@문장구분#\n다른 경우는 자전거, 오토바이, 전동킥보드 같은 것은 보호장비를 착용하고 탄다.#@문장구분# 그러나 주위 사람들 보면 착용하지 않는다.#@문장구분# 보호장비 종류만 봐도 헬멧, (무릎, 팔꿈치)보호장비 정도 있는데 헬멧이라도 착용했으면 좋겠다.#@문장구분# 헬멧을 착용하지 않으면 어떻게 되는지 영상을 보면서 조사해보니까 헬멧 덕분에 뇌진탕을 피하고 약간의 충격만 받고 끝났다.#@문장구분# 뇌진탕도 막아주는데 사람들은 헬멧이 불편한 건지, 안 쓰고 다니는게 편하고 익숙한 건지 안 쓰고 다닌다.#@문장구분# 보호장비 없이 사고 나면 정말 큰일 난다.#@문장구분# \n실제로 나도 헬멧 같은 보호장비 사용하지 않다가 자전거 사고 나서 매우 큰일 난 적이 있다.#@문장구분#  \n자전거나 오토바이를 탈 때 헬멧을 쓰라고 하는 법이 있는데 그럼에도 불구하고 왜 안 쓰는지 모르겠다.#@문장구분#\n사람들이 위험하다는 것을 인지하고 편안함과 익숙함에 속아 소중한 것을 잃지 않았으면 좋겠다.#@문장구분# 나만 잃으면 나만 손해지만 대부분 근처 사람들, 가족들까지 피해가 간다.#@문장구분# 이를 사람들이 인지하고 있으면 좋겠다.#@문장구분#",
      "paragraph_len": 1176,
      "paragraph_id": "001"
    }
  ],
  "score": {
    "paragraph_score": [
      {
        "paragraph_scoreT": [
          2.5,
          2.5,
          3
        ],
        "paragraph_scoreT_detail": {
          "paragraph_scoreT_exp": [
            [
              3,
              2,
              3
            ],
            [
              2,
              3,
              2
            ],
            [
              3,
              3,
              3
            ]
          ]
        },
        "paragraph_scoreT_avg": 2.6666667,
        "paragraph_id": "001"
      }
    ],
    "essay_scoreT": [
      27.11111,
      26.5,
      25.555555
    ],
    "essay_scoreT_avg": 26.388887,
    "essay_scoreT_detail": {
      "essay_scoreT_org": [
        [
          2,
          3,
          3,
          3
        ],
        [
          3,
          3,
          3,
          3
        ],
        [
          2,
          2,
          1,
          2
        ]
      ],
      "essay_scoreT_cont": [
        [
          3,
          3,
          0,
          3
        ],
        [
          3,
          2,
          0,
          3
        ],
        [
          3,
          2,
          0,
          2
        ]
      ],
      "essay_scoreT_exp": [
        [
          3,
          2,
          3
        ],
        [
          2,
          3,
          2
        ],
        [
          3,
          3,
          3
        ]
      ]
    }
  },
  "student": {
    "date": "2021.10.30",
    "student_educated": true,
    "student_grade": "고등_1학년",
    "location": "063",
    "student_grade_group": "고등",
    "student_reading": 1
  },
  "rubric": {
    "essay_grade": "고등_1학년",
    "organization_weight": {
      "org_paragraph": 2,
      "org": 2,
      "org_essay": 4,
      "org_coherence": 2,
      "org_quantity": 1
    },
    "essay_type": "글짓기",
    "content_weight": {
      "con_clearance": 4,
      "con_novelty": 3,
      "con": 4,
      "con_prompt": 0,
      "con_description": 1
    },
    "essay_main_subject": "소중함을 잃었던 경험",
    "expression_weight": {
      "exp_style": 1,
      "exp_grammar": 2,
      "exp_vocab": 3,
      "exp": 4
    }
  },
  "correction": [],
  "info": {
    "essay_id": "ESSAY_42733",
    "essay_prompt": " 익숙함에 속아 소중함을 잊지 말자는 명언 (Do not get fooled by something familiar and forget what is priceless.)이 있습니다.\n\n 부모님께서 매일 해주시는 아침밥이나, 너무 친해서 매일 맛있는 간식을 사주는 친구 등 처음에는 매우 감사했지만 반복되는 호의에 우리는 소중함을 잊어가기도 합니다.\n\n 작은 소중함일지라도 그 소중함을 잃게 되면 호의를 베푸는 사람 입장에서는 매우 당황스럽고 기분이 나쁠 수 있어요.\n\n 여러분은 익숙함에 속아 소중함을 잊었던 사례와 그로 인해 상대방의 기분을 나쁘게 했던 경험이 있나요? 만약 있다면 관계를 회복하기 위해 어떤 노력을 하셨나요? 본인의 경험을 작성해주세요.\n\n 만약 그런 적이 없다면 주변의 이야기나 본인에게 소중함을 주는 사람들에 관해 설명해주세요.",
    "essay_type": "글짓기",
    "essay_level": "2",
    "essay_len": 816,
    "essay_main_subject": "소중함을 잃었던 경험"
  }
}