{
  "paragraph": [
    {
      "paragraph_txt": "인생에서 가장 소중한 것에 대한 성찰을 하는 사람은 그렇게 많지는 않을 것입니다.#@문장구분# 그리고 그것을 혹시 잃어버리는 것에 대해 생각해보는 사람들은 더 없을 것 같습니다.#@문장구분# 우리는 이제 우리가 가장 소중한 것이 무엇인가에 대한 성찰과 반성이 필요하고 주기적으로 나의 정신에 이러한 각성이 있어야 한다고 생각합니다.#@문장구분# 이제는 우리는 인정을 하고 나름대로의 준비를 해야 한다.#@문장구분# 마음의 준비를 해야 한다.#@문장구분# 가끔 메모지에 내게 가장 소중한 것을 적어 보곤 합니다.#@문장구분#가족, 친구, 따뜻한 가슴, 책, 일 등....#@문장구분#하나 하나씩 적어 가다 보면 참 흥미로운 사실 한 가지를 발견하게 됩니다.#@문장구분# '나는 참으로 많은 것을 가진 사람이구나.' 하고 말입니다.#@문장구분# 늘 없는 것과 모자란 것 만을 생각하며 불평하고 불만스러워했지만 '그래도 내 곁엔 소중한 것들이 참 많이도 살아 숨쉬고 있구나.' 하며 흐믓한 웃음을 내짓곤 합니다.#@문장구분# 사람들에게는 누구나 중요하게 여기는 것이 있습니다.#@문장구분# 그 중에는 필히 자신이 하는 일도 포함 됩니다.#@문장구분# 그런데 그 일이라는 것이 돈을 버는 수단으로서만 의미를 가진다면 그것처럼 불행한 일도 없습니다.#@문장구분# 진정한 행복이란 어떤 것을 가졌을 때 느끼는 것이 아니라 어떤 것을 가지기 위해 흘리는 땀과 눈물과 시간속에서 찾을 수 있기 때문입니다.#@문장구분# 우리는 너무나 소중한 것들이 사라지는 경험들을 자주 합니다.#@문장구분# 그것이 물건일수도 있고 사람도 있고 우리는 우리의 소중한 것들이 사라지는 경험이 우리의 삶을 송두리째 가져가는 일은 없게 해야 겠다.#@문장구분#",
      "paragraph_len": 1060,
      "paragraph_id": "001"
    }
  ],
  "score": {
    "paragraph_score": [
      {
        "paragraph_scoreT": [
          3,
          3,
          3
        ],
        "paragraph_scoreT_detail": {
          "paragraph_scoreT_exp": [
            [
              3,
              3,
              3
            ],
            [
              3,
              3,
              3
            ],
            [
              3,
              3,
              3
            ]
          ]
        },
        "paragraph_scoreT_avg": 3,
        "paragraph_id": "001"
      }
    ],
    "essay_scoreT": [
      30,
      28.5,
      28.5
    ],
    "essay_scoreT_avg": 29,
    "essay_scoreT_detail": {
      "essay_scoreT_org": [
        [
          3,
          3,
          3,
          3
        ],
        [
          3,
          3,
          3,
          3
        ],
        [
          3,
          3,
          3,
          3
        ]
      ],
      "essay_scoreT_cont": [
        [
          3,
          3,
          0,
          3
        ],
        [
          3,
          2,
          0,
          3
        ],
        [
          3,
          2,
          0,
          3
        ]
      ],
      "essay_scoreT_exp": [
        [
          3,
          3,
          3
        ],
        [
          3,
          3,
          3
        ],
        [
          3,
          3,
          3
        ]
      ]
    }
  },
  "student": {
    "date": "2021.12.16",
    "student_educated": true,
    "student_grade": "고등_1학년",
    "location": "041",
    "student_grade_group": "고등",
    "student_reading": 2
  },
  "rubric": {
    "essay_grade": "고등_1학년",
    "organization_weight": {
      "org_paragraph": 2,
      "org": 2,
      "org_essay": 4,
      "org_coherence": 2,
      "org_quantity": 1
    },
    "essay_type": "글짓기",
    "content_weight": {
      "con_clearance": 4,
      "con_novelty": 3,
      "con": 4,
      "con_prompt": 0,
      "con_description": 1
    },
    "essay_main_subject": "소중함을 잃었던 경험",
    "expression_weight": {
      "exp_style": 1,
      "exp_grammar": 2,
      "exp_vocab": 3,
      "exp": 4
    }
  },
  "correction": [],
  "info": {
    "essay_id": "ESSAY_66138",
    "essay_prompt": " 익숙함에 속아 소중함을 잊지 말자는 명언 (Do not get fooled by something familiar and forget what is priceless.)이 있습니다.\n\n 부모님께서 매일 해주시는 아침밥이나, 너무 친해서 매일 맛있는 간식을 사주는 친구 등 처음에는 매우 감사했지만 반복되는 호의에 우리는 소중함을 잊어가기도 합니다.\n\n 작은 소중함일지라도 그 소중함을 잃게 되면 호의를 베푸는 사람 입장에서는 매우 당황스럽고 기분이 나쁠 수 있어요.\n\n 여러분은 익숙함에 속아 소중함을 잊었던 사례와 그로 인해 상대방의 기분을 나쁘게 했던 경험이 있나요? 만약 있다면 관계를 회복하기 위해 어떤 노력을 하셨나요? 본인의 경험을 작성해주세요.\n\n 만약 그런 적이 없다면 주변의 이야기나 본인에게 소중함을 주는 사람들에 관해 설명해주세요.",
    "essay_type": "글짓기",
    "essay_level": "2",
    "essay_len": 740,
    "essay_main_subject": "소중함을 잃었던 경험"
  }
}