{
  "paragraph": [
    {
      "paragraph_txt": "SBS 예능프로 중에 스타킹이라는 프로그램이 있는데 유부브에서 알고리즘으로 올라온 영상의 화면이 독특하여 보게 된것에서 발가락으로 피아노를 치는 사람이 나온 부분이었습니다.#@문장구분# 두 팔이 없이 피아노 앞에 않은 남자는 발가락으로 놀라운 연주 실력을 뽑내었습니다.#@문장구분# 그 모습을 본 패널들은 기립박수를 치며 눈에는 눈물까지 그렁그렁 하고 그가 이렇게 잘치게 되기까지 얼마나 많은 노력을 했는가에 박수를 보내는 듯 했습니다.#@문장구분# 그 남자는 어떻게 발로 피아노를 치게 된거냐는 질문에 피아노 연주가 꿈이었고 피아노 연주할때 가장 행복하다고 그런데 사고로 두 팔을 잃고 꿈도 목표도 없어졌지만 인생에서 한번 넘어져다고 다시 일어나지 못하게 되면 않된다는 생각으로 다시 일어 나서 발가락으로 많은 연습을 했다고 합니다.#@문장구분# 그의 마지막 말은 저의 인생 목표가 되었습니다.#@문장구분# \"어제의 불행은 바꿀수 없지만 오늘의 행복은 나의 선택입니다.\"#@문장구분# 저는 공부도 잘하지 못하고 다른 친구들 처럼 특기가 있어서 미래에 무슨 직업을 가지겠다라는 포부나 야망도 없습니다.#@문장구분# 그래서 삶은 재미없다고 생각하고 그냥 시간이 흘러가는 대로 부모님이 하라는대로 살아왔습니다.#@문장구분# 하지만 내 인생의 소중함과 시간의 소중함을 새삼 깨닫고 지난 시간과 지난 과오는 지금 바꿔서 고칠수는 없지만 앞으로 나의 인생은 내가 만들어가는 나의 선택이기 때문에 내가 어떤 선택을 하느냐에 따라 다른 인생이 된다는 것을 알게 되었습니다.#@문장구분# 우리의 인생은 소중합니다.#@문장구분# 어느 누구의 인생도 소중하지 않은 인생은 없습니다.#@문장구분# 우리는 우리 인생의 주인공으로써 내가 가진 유일한 자산인 시간을 이용해서 오늘을 최고의 순간으로 만들면 된다는 것을 알아야 합니다.#@문장구분# 저도 이점을 알고 내 소중한 인생과 시간을 이용해 앞으로 많은 경험으로 인생목표를 설정할 것입니다.#@문장구분#",
      "paragraph_len": 1139,
      "paragraph_id": "001"
    }
  ],
  "score": {
    "paragraph_score": [
      {
        "paragraph_scoreT": [
          3,
          3,
          3
        ],
        "paragraph_scoreT_detail": {
          "paragraph_scoreT_exp": [
            [
              3,
              3,
              3
            ],
            [
              3,
              3,
              3
            ],
            [
              3,
              3,
              3
            ]
          ]
        },
        "paragraph_scoreT_avg": 3,
        "paragraph_id": "001"
      }
    ],
    "essay_scoreT": [
      28.5,
      28.5,
      30
    ],
    "essay_scoreT_avg": 29,
    "essay_scoreT_detail": {
      "essay_scoreT_org": [
        [
          3,
          3,
          3,
          3
        ],
        [
          3,
          3,
          3,
          3
        ],
        [
          3,
          3,
          3,
          3
        ]
      ],
      "essay_scoreT_cont": [
        [
          3,
          2,
          0,
          3
        ],
        [
          3,
          2,
          0,
          3
        ],
        [
          3,
          3,
          0,
          3
        ]
      ],
      "essay_scoreT_exp": [
        [
          3,
          3,
          3
        ],
        [
          3,
          3,
          3
        ],
        [
          3,
          3,
          3
        ]
      ]
    }
  },
  "student": {
    "date": "2021.12.15",
    "student_educated": true,
    "student_grade": "고등_1학년",
    "location": "063",
    "student_grade_group": "고등",
    "student_reading": 2
  },
  "rubric": {
    "essay_grade": "고등_1학년",
    "organization_weight": {
      "org_paragraph": 2,
      "org": 2,
      "org_essay": 4,
      "org_coherence": 2,
      "org_quantity": 1
    },
    "essay_type": "글짓기",
    "content_weight": {
      "con_clearance": 4,
      "con_novelty": 3,
      "con": 4,
      "con_prompt": 0,
      "con_description": 1
    },
    "essay_main_subject": "소중함을 잃었던 경험",
    "expression_weight": {
      "exp_style": 1,
      "exp_grammar": 2,
      "exp_vocab": 3,
      "exp": 4
    }
  },
  "correction": [],
  "info": {
    "essay_id": "ESSAY_62960",
    "essay_prompt": " 익숙함에 속아 소중함을 잊지 말자는 명언 (Do not get fooled by something familiar and forget what is priceless.)이 있습니다.\n\n 부모님께서 매일 해주시는 아침밥이나, 너무 친해서 매일 맛있는 간식을 사주는 친구 등 처음에는 매우 감사했지만 반복되는 호의에 우리는 소중함을 잊어가기도 합니다.\n\n 작은 소중함일지라도 그 소중함을 잃게 되면 호의를 베푸는 사람 입장에서는 매우 당황스럽고 기분이 나쁠 수 있어요.\n\n 여러분은 익숙함에 속아 소중함을 잊었던 사례와 그로 인해 상대방의 기분을 나쁘게 했던 경험이 있나요? 만약 있다면 관계를 회복하기 위해 어떤 노력을 하셨나요? 본인의 경험을 작성해주세요.\n\n 만약 그런 적이 없다면 주변의 이야기나 본인에게 소중함을 주는 사람들에 관해 설명해주세요.",
    "essay_type": "글짓기",
    "essay_level": "2",
    "essay_len": 879,
    "essay_main_subject": "소중함을 잃었던 경험"
  }
}