{
  "paragraph": [
    {
      "paragraph_txt": "우리는 어떠한 물체를 소유하고 있다는 것을 당연하는듯 받아들여 그 물건의 가치를 소중하게 생각하지 않는 것 같다.#@문장구분# 이렇듯 우리는 소유 대상에 대한 소중함을 인지하지 못하다가 그 소유 대상이 사라지고 난 뒤 소중함을 생각하려고 한다.#@문장구분# 하나의 예시로 우리가 당연시 여겼던 평범한 일상이 있는 거 같다.#@문장구분# 코로나 19바이러스가 터지기 전에는 모든 사람과의 만남을 당연시 여겨 소중함을 느끼지 못했지만 코로나 19 사태가 터지고 난 후 그때의 만남들이 정말 소중했다라고 느끼는 사람들이 많다.#@문장구분# 우리는 그 때의 소중함을 다시 느끼기 위해 마스크 착용과 거리두기와 같은 방역수칙을 잘 준수하기 위해 노력하고 있다.#@문장구분# 이렇듯 우리가 지니고 있는 여러가지들에 대해 소중함을 느끼는 사람이 되면 어ᄄᅠᆯ까?#@문장구분# 제시문 처럼 익숙함에 속아 소중함을 잊지말자라는 명언처럼 곁에있는것들 하나 하나를 소중하게 여겨보는 습관을 지녀 보는 것도 좋을 거 같다.#@문장구분# 두번째 예시로 나에게 주어진 시공간적인 것들이 있다.#@문장구분#  우리가 눈을 뜨고 생활하는것을 당연시 여겨 하루하루 최선을 다하지 않는 사람들이 대다수가 되고 있는 것 같다.#@문장구분# 우리의 삶은 무한적인 것이 아니라 언젠간 끝난다.#@문장구분# 평소 나는 이러한 생각을 가지고 생활함으로 인해 모든 일에 대해 최선을 다해 노력한다.#@문장구분# 다수의 사람들은 처해진 상황에 대해 노력하지 않는 것 같다. #@문장구분#이제부터라도 늦지 않았으니 자신을 위해 모든 것에 최선을 다하면서 사는 것이 좋을 거 같다.#@문장구분#",
      "paragraph_len": 978,
      "paragraph_id": "001"
    }
  ],
  "score": {
    "paragraph_score": [
      {
        "paragraph_scoreT": [
          2.6666667,
          3,
          3
        ],
        "paragraph_scoreT_detail": {
          "paragraph_scoreT_exp": [
            [
              2,
              3,
              3
            ],
            [
              3,
              3,
              3
            ],
            [
              3,
              3,
              3
            ]
          ]
        },
        "paragraph_scoreT_avg": 2.888889,
        "paragraph_id": "001"
      }
    ],
    "essay_scoreT": [
      26.055555,
      28.5,
      30
    ],
    "essay_scoreT_avg": 28.185186,
    "essay_scoreT_detail": {
      "essay_scoreT_org": [
        [
          2,
          3,
          3,
          2
        ],
        [
          3,
          3,
          3,
          3
        ],
        [
          3,
          3,
          3,
          3
        ]
      ],
      "essay_scoreT_cont": [
        [
          3,
          2,
          0,
          3
        ],
        [
          3,
          2,
          0,
          3
        ],
        [
          3,
          3,
          0,
          3
        ]
      ],
      "essay_scoreT_exp": [
        [
          2,
          3,
          3
        ],
        [
          3,
          3,
          3
        ],
        [
          3,
          3,
          3
        ]
      ]
    }
  },
  "student": {
    "date": "2021.12.13",
    "student_educated": true,
    "student_grade": "고등_1학년",
    "location": "063",
    "student_grade_group": "고등",
    "student_reading": 1
  },
  "rubric": {
    "essay_grade": "고등_1학년",
    "organization_weight": {
      "org_paragraph": 2,
      "org": 2,
      "org_essay": 4,
      "org_coherence": 2,
      "org_quantity": 1
    },
    "essay_type": "글짓기",
    "content_weight": {
      "con_clearance": 4,
      "con_novelty": 3,
      "con": 4,
      "con_prompt": 0,
      "con_description": 1
    },
    "essay_main_subject": "소중함을 잃었던 경험",
    "expression_weight": {
      "exp_style": 1,
      "exp_grammar": 2,
      "exp_vocab": 3,
      "exp": 4
    }
  },
  "correction": [],
  "info": {
    "essay_id": "ESSAY_75459",
    "essay_prompt": " 익숙함에 속아 소중함을 잊지 말자는 명언 (Do not get fooled by something familiar and forget what is priceless.)이 있습니다.\n\n 부모님께서 매일 해주시는 아침밥이나, 너무 친해서 매일 맛있는 간식을 사주는 친구 등 처음에는 매우 감사했지만 반복되는 호의에 우리는 소중함을 잊어가기도 합니다.\n\n 작은 소중함일지라도 그 소중함을 잃게 되면 호의를 베푸는 사람 입장에서는 매우 당황스럽고 기분이 나쁠 수 있어요.\n\n 여러분은 익숙함에 속아 소중함을 잊었던 사례와 그로 인해 상대방의 기분을 나쁘게 했던 경험이 있나요? 만약 있다면 관계를 회복하기 위해 어떤 노력을 하셨나요? 본인의 경험을 작성해주세요.\n\n 만약 그런 적이 없다면 주변의 이야기나 본인에게 소중함을 주는 사람들에 관해 설명해주세요.",
    "essay_type": "글짓기",
    "essay_level": "2",
    "essay_len": 718,
    "essay_main_subject": "소중함을 잃었던 경험"
  }
}