{
  "paragraph": [
    {
      "paragraph_txt": "우리 부모님이 경제활동으로 바빠서 어릴때부터 친할머니 손에 자랐다.#@문장구분# 우리 할머니는 요리 솜씨가 뛰어나 시골에서 잔치가 열리면 무조건 데려가는 1순위 요리사이다.#@문장구분#내가 어릴때  할머니 말씀이 아주 입이 짧아서 어딜가도 음식을 먹지 않았는데 할머니가한 음식만 잘 먹 었다고 한다.#@문장구분# 아니 지금 내가 얼마나 없어서 못먹는데 거짓말하는것 같았다.#@문장구분# 방학마다 시골에 내려가면 할머니는 완전 상다리가 부러지도록 맛있는것을 해주신다.#@문장구분# 여러가지 음식들 중에 제일 맛있는거는 김치 종류다.#@문장구분# 매년 김장철에 도와드리면서 수육을 먹으면 그 맛은 먹어본 자만 알 수있는 맛이다.#@문장구분# 그래서 동네 할머니들이 김치를 달라고 하거나 돈을 줄테니 좀 담가 달라고 한다.#@문장구분# 할머니가 서울에 오면 나와 같이 목욕탕도 가고 미용실에 가서 뽀글이 파마와 염색도하고 시장에가서 군것질하면서 데이트를 하고 온다.#@문장구분# 이렇게 매년 할머니와 즐겁게 추억을 쌓았는데 작년에 갑자기 할머니가 심장마비로 돌아가셨다.#@문장구분# 수업 중에 선생님이 갑자기 할머니가 돌아가셨으니 집에 가라고 하는데 내가 너무 충격을 받아서 집에 어떻게 간지 몰랐다.#@문장구분# 엄청 정정한신 분인데 거짓말인 줄 알았다.#@문장구분# 그렇게 장례를 치루고 납골당에 모셨고 나는 너무 우울하고 눈물만  났다.#@문장구분# 아직 할머니랑 하고 싶은게 많고 아직 못 한것도 많은데 말이다.#@문장구분# 항상 할머니가 그립거나 보고 싶을때 빈자리가 생각날 때 혼자서라도 납골당에서 가서 보고 온다.#@문장구분#",
      "paragraph_len": 997,
      "paragraph_id": "001"
    }
  ],
  "score": {
    "paragraph_score": [
      {
        "paragraph_scoreT": [
          3,
          3,
          2.3333333
        ],
        "paragraph_scoreT_detail": {
          "paragraph_scoreT_exp": [
            [
              3,
              3,
              3
            ],
            [
              3,
              3,
              3
            ],
            [
              3,
              2,
              2
            ]
          ]
        },
        "paragraph_scoreT_avg": 2.7777777,
        "paragraph_id": "001"
      }
    ],
    "essay_scoreT": [
      30,
      27.38889,
      22.5
    ],
    "essay_scoreT_avg": 26.62963,
    "essay_scoreT_detail": {
      "essay_scoreT_org": [
        [
          3,
          3,
          3,
          3
        ],
        [
          2,
          3,
          3,
          2
        ],
        [
          2,
          3,
          2,
          3
        ]
      ],
      "essay_scoreT_cont": [
        [
          3,
          3,
          0,
          3
        ],
        [
          3,
          2,
          0,
          3
        ],
        [
          2,
          2,
          0,
          3
        ]
      ],
      "essay_scoreT_exp": [
        [
          3,
          3,
          3
        ],
        [
          3,
          3,
          3
        ],
        [
          3,
          2,
          2
        ]
      ]
    }
  },
  "student": {
    "date": "2021.12.15",
    "student_educated": true,
    "student_grade": "고등_1학년",
    "location": "042",
    "student_grade_group": "고등",
    "student_reading": 1
  },
  "rubric": {
    "essay_grade": "고등_1학년",
    "organization_weight": {
      "org_paragraph": 2,
      "org": 2,
      "org_essay": 4,
      "org_coherence": 2,
      "org_quantity": 1
    },
    "essay_type": "글짓기",
    "content_weight": {
      "con_clearance": 4,
      "con_novelty": 3,
      "con": 4,
      "con_prompt": 0,
      "con_description": 1
    },
    "essay_main_subject": "소중함을 잃었던 경험",
    "expression_weight": {
      "exp_style": 1,
      "exp_grammar": 2,
      "exp_vocab": 3,
      "exp": 4
    }
  },
  "correction": [],
  "info": {
    "essay_id": "ESSAY_62881",
    "essay_prompt": " 익숙함에 속아 소중함을 잊지 말자는 명언 (Do not get fooled by something familiar and forget what is priceless.)이 있습니다.\n\n 부모님께서 매일 해주시는 아침밥이나, 너무 친해서 매일 맛있는 간식을 사주는 친구 등 처음에는 매우 감사했지만 반복되는 호의에 우리는 소중함을 잊어가기도 합니다.\n\n 작은 소중함일지라도 그 소중함을 잃게 되면 호의를 베푸는 사람 입장에서는 매우 당황스럽고 기분이 나쁠 수 있어요.\n\n 여러분은 익숙함에 속아 소중함을 잊었던 사례와 그로 인해 상대방의 기분을 나쁘게 했던 경험이 있나요? 만약 있다면 관계를 회복하기 위해 어떤 노력을 하셨나요? 본인의 경험을 작성해주세요.\n\n 만약 그런 적이 없다면 주변의 이야기나 본인에게 소중함을 주는 사람들에 관해 설명해주세요.",
    "essay_type": "글짓기",
    "essay_level": "2",
    "essay_len": 707,
    "essay_main_subject": "소중함을 잃었던 경험"
  }
}