{
  "paragraph": [
    {
      "paragraph_txt": "인생에서 가장 소중한 것은 나 자신이다.#@문장구분# 가장 소중한 것인 자신을 잃은 것은 가장 슬프고 아픈 경험이다.#@문장구분# 자기를 함부로 주지 말라고 한다.#@문장구분# 아무 것에게나 함부로 맡기지 말라고 한다.#@문장구분# 술 한테 주고 말라고 하고, 잡담 한테 주지 말라고 하고, 놀이 한테 주지 말라고 하고, 너무 많은 자기를 주지 않았나 돌아다 보라고 한다.#@문장구분# 가장 나쁜 것은 슬픔한테 절망한테 자기를 맡기는 일이고 더욱 좋지 않은 것은 남을 미워하는 마음에 자기를 던져버리는 일이다.#@문장구분# 그야말로 그것은 끝장이다.#@문장구분# 그런 마음들을 모두 거두어 들여 기쁨에게 주고 아름다움에게 주고 무엇보다도 사랑하는 마음에게 주어야 한다.#@문장구분# 그러면 대번에 세상이 달라질 것이다.#@문장구분# 세상은 젊어지다 못해 어려질 것이고 싱싱해질 것이고 반짝이기 시작 할 것이다.#@문장구분# 자기를 함부로 아무 것에나 주지 말아야 한다.#@문장구분# 부디 무가치하고 무익한 것들에게 자기를 맡기지 말아야 한다.#@문장구분# 그것은 무익한 일이고 눈감은 일이고 악덕이며 죄 짓는 일이다 가장 아깝고 소중한 것은 자기 자신이다.#@문장구분# 그러므로 보다 많은 시간을 자기 자신한테 주는데 주저하지 말아야 할 일이다.#@문장구분# 그것이 날마다 가장 중요한 삶의 명제요 실천이다.#@문장구분# 이것을 잃으면 우리의 가장 소중한 자아를 잃는 것이다.#@문장구분# 나를 잃는 경험을 하는 것이다.#@문장구분# 나를 사랑하면 남들도 사랑하고 인생의 모든 것을 아낄 수 있다.#@문장구분# 이것을 하지 않으면 우리의 자아는 무너진다.#@문장구분#누구나 소중한 것들을 잃고 싶지 않아 한다.#@문장구분# 그런데 사람들은 그 소중한 것이 내가 아닌 다른 사람이며, 돈이며 시간이며, 물질적인 것이다.#@문장구분# 나라는 가장 소중한 것을 잃는 경험은 피해야 한다.#@문장구분#",
      "paragraph_len": 1234,
      "paragraph_id": "001"
    }
  ],
  "score": {
    "paragraph_score": [
      {
        "paragraph_scoreT": [
          3,
          2.3333333,
          3
        ],
        "paragraph_scoreT_detail": {
          "paragraph_scoreT_exp": [
            [
              3,
              3,
              3
            ],
            [
              3,
              2,
              2
            ],
            [
              3,
              3,
              3
            ]
          ]
        },
        "paragraph_scoreT_avg": 2.7777777,
        "paragraph_id": "001"
      }
    ],
    "essay_scoreT": [
      30,
      24.944445,
      30
    ],
    "essay_scoreT_avg": 28.314814,
    "essay_scoreT_detail": {
      "essay_scoreT_org": [
        [
          3,
          3,
          3,
          3
        ],
        [
          3,
          2,
          2,
          3
        ],
        [
          3,
          3,
          3,
          3
        ]
      ],
      "essay_scoreT_cont": [
        [
          3,
          3,
          0,
          3
        ],
        [
          3,
          2,
          0,
          3
        ],
        [
          3,
          3,
          0,
          3
        ]
      ],
      "essay_scoreT_exp": [
        [
          3,
          3,
          3
        ],
        [
          3,
          2,
          2
        ],
        [
          3,
          3,
          3
        ]
      ]
    }
  },
  "student": {
    "date": "2021.12.16",
    "student_educated": true,
    "student_grade": "고등_1학년",
    "location": "063",
    "student_grade_group": "고등",
    "student_reading": 2
  },
  "rubric": {
    "essay_grade": "고등_1학년",
    "organization_weight": {
      "org_paragraph": 2,
      "org": 2,
      "org_essay": 4,
      "org_coherence": 2,
      "org_quantity": 1
    },
    "essay_type": "글짓기",
    "content_weight": {
      "con_clearance": 4,
      "con_novelty": 3,
      "con": 4,
      "con_prompt": 0,
      "con_description": 1
    },
    "essay_main_subject": "소중함을 잃었던 경험",
    "expression_weight": {
      "exp_style": 1,
      "exp_grammar": 2,
      "exp_vocab": 3,
      "exp": 4
    }
  },
  "correction": [],
  "info": {
    "essay_id": "ESSAY_65835",
    "essay_prompt": " 익숙함에 속아 소중함을 잊지 말자는 명언 (Do not get fooled by something familiar and forget what is priceless.)이 있습니다.\n\n 부모님께서 매일 해주시는 아침밥이나, 너무 친해서 매일 맛있는 간식을 사주는 친구 등 처음에는 매우 감사했지만 반복되는 호의에 우리는 소중함을 잊어가기도 합니다.\n\n 작은 소중함일지라도 그 소중함을 잃게 되면 호의를 베푸는 사람 입장에서는 매우 당황스럽고 기분이 나쁠 수 있어요.\n\n 여러분은 익숙함에 속아 소중함을 잊었던 사례와 그로 인해 상대방의 기분을 나쁘게 했던 경험이 있나요? 만약 있다면 관계를 회복하기 위해 어떤 노력을 하셨나요? 본인의 경험을 작성해주세요.\n\n 만약 그런 적이 없다면 주변의 이야기나 본인에게 소중함을 주는 사람들에 관해 설명해주세요.",
    "essay_type": "글짓기",
    "essay_level": "2",
    "essay_len": 796,
    "essay_main_subject": "소중함을 잃었던 경험"
  }
}