{
  "paragraph": [
    {
      "paragraph_txt": "동생과 같이 길을 걸어가고 있었습니다.#@문장구분# 참고로 제 동생은 어머니가 늦은 나이에 낳으신 저랑 나이 차이가 많이 나는 늦둥이 초등학생 동생입니다.#@문장구분# 동생이 학교에서 자연보호와 지구를 사랑하는 것에 대해 배웠다고 하면서 우리 지구를 아끼고 사랑하는 방법에 대해 이야기 합니다.#@문장구분# 그 이야기에 대꾸를 해주며 걸어서 마트에 가다보니 이런 생각이 들었습니다.#@문장구분# 나도 어린때 저런 이야기를 듣고 환경을 보호 하기 위해 여러 행동을 했었던거 같은데 지금은 학교나 미디어 매체 등에서 환경을 보호 해야 하고 쓰레기를 줄여야 하고 지구를 살려야 한다는 이야기를 듣고 보지만 그것을 실생활에 적용하여 실행하지 않습니다.#@문장구분# 동생은 길거리에 버려진 쓰레기를 주워서 봉투에 담습니다.#@문장구분# 선생님께서 산책할때 쓰레기를 주워담아서 집에와서 버리면 지구를 사랑하는 행동이 된다고 하셨다며 실천하는 모습에 제 얼굴이 붉어 집니다.#@문장구분# 우리는 우리 마음속에 동심을 잊고 살아 왔나 봅니다.#@문장구분# 분명 몇해 전만해도 존재 했던 동심이었을 텐데 무엇이 그것을 마음속 깊숙이 숨어버리게 했는지 고민해 봅니다.#@문장구분# 그리고 동생의 행동과 표정을 보면서 제 마음의 동심이 다시 나오고 있습니다.#@문장구분# 그리고 저에게 말을 걸어오는 것 같습니다.#@문장구분# 너도 어서 쓰레기를 주워서 봉지에 담고 지구를 사랑해보라고 합니다.#@문장구분# 부끄럽고 챙피하지만 동생을 따라서 집에 오는 길에 쓰레기를 주워담았습니다.#@문장구분# 우리는 우리 마음속의 동심을 찾아서 어린시절의 착하고 바르고 소중했던 마음을 찾아야 겠습니다.#@문장구분# 그런 마음들은 누구에게나 존재합니다.#@문장구분# 이 마음을 꺼내어 사용하면 우리 사회는 한층 밝고 따뜻한 사회가 될거라고 생각합니다.#@문장구분#",
      "paragraph_len": 1120,
      "paragraph_id": "001"
    }
  ],
  "score": {
    "paragraph_score": [
      {
        "paragraph_scoreT": [
          3,
          3,
          2.3333333
        ],
        "paragraph_scoreT_detail": {
          "paragraph_scoreT_exp": [
            [
              3,
              3,
              3
            ],
            [
              3,
              3,
              3
            ],
            [
              3,
              2,
              2
            ]
          ]
        },
        "paragraph_scoreT_avg": 2.7777777,
        "paragraph_id": "001"
      }
    ],
    "essay_scoreT": [
      30,
      25.61111,
      22.5
    ],
    "essay_scoreT_avg": 26.037039,
    "essay_scoreT_detail": {
      "essay_scoreT_org": [
        [
          3,
          3,
          3,
          3
        ],
        [
          2,
          3,
          3,
          3
        ],
        [
          2,
          3,
          2,
          3
        ]
      ],
      "essay_scoreT_cont": [
        [
          3,
          3,
          0,
          3
        ],
        [
          2,
          2,
          0,
          3
        ],
        [
          2,
          2,
          0,
          3
        ]
      ],
      "essay_scoreT_exp": [
        [
          3,
          3,
          3
        ],
        [
          3,
          3,
          3
        ],
        [
          3,
          2,
          2
        ]
      ]
    }
  },
  "student": {
    "date": "2021.12.15",
    "student_educated": true,
    "student_grade": "고등_1학년",
    "location": "063",
    "student_grade_group": "고등",
    "student_reading": 1
  },
  "rubric": {
    "essay_grade": "고등_1학년",
    "organization_weight": {
      "org_paragraph": 2,
      "org": 2,
      "org_essay": 4,
      "org_coherence": 2,
      "org_quantity": 1
    },
    "essay_type": "글짓기",
    "content_weight": {
      "con_clearance": 4,
      "con_novelty": 3,
      "con": 4,
      "con_prompt": 0,
      "con_description": 1
    },
    "essay_main_subject": "소중함을 잃었던 경험",
    "expression_weight": {
      "exp_style": 1,
      "exp_grammar": 2,
      "exp_vocab": 3,
      "exp": 4
    }
  },
  "correction": [],
  "info": {
    "essay_id": "ESSAY_62939",
    "essay_prompt": " 익숙함에 속아 소중함을 잊지 말자는 명언 (Do not get fooled by something familiar and forget what is priceless.)이 있습니다.\n\n 부모님께서 매일 해주시는 아침밥이나, 너무 친해서 매일 맛있는 간식을 사주는 친구 등 처음에는 매우 감사했지만 반복되는 호의에 우리는 소중함을 잊어가기도 합니다.\n\n 작은 소중함일지라도 그 소중함을 잃게 되면 호의를 베푸는 사람 입장에서는 매우 당황스럽고 기분이 나쁠 수 있어요.\n\n 여러분은 익숙함에 속아 소중함을 잊었던 사례와 그로 인해 상대방의 기분을 나쁘게 했던 경험이 있나요? 만약 있다면 관계를 회복하기 위해 어떤 노력을 하셨나요? 본인의 경험을 작성해주세요.\n\n 만약 그런 적이 없다면 주변의 이야기나 본인에게 소중함을 주는 사람들에 관해 설명해주세요.",
    "essay_type": "글짓기",
    "essay_level": "2",
    "essay_len": 800,
    "essay_main_subject": "소중함을 잃었던 경험"
  }
}