{
  "paragraph": [
    {
      "paragraph_txt": "평소 때와 같이 난 친구들과 열심히 축구를 하고 있었다.#@문장구분# 축구를 끝내고 다 같이 모여서 음료수를 마시고 있었는데 한 친구가 음료수를 조금만 달라고 하였다.#@문장구분# 그 친구는 나와 많이 아니 가장 친한 친구였다.#@문장구분# 난 그 친구를 너무 편하게 생각한 나머지 그 친구를 배려하지 않고 음료수를 주지 않았다.#@문장구분# 난 그냥 기분이 안좋구나라고 생각하고 별 문제없이 넘겼다.#@문장구분# 그때 이후로 그 친구가 나의 말을 조금씩 무시하더니 결국은 나를 멀리하기 시작했다.#@문장구분# 시간이 조금 지난 뒤 집에 돌아와 자기 전에 왜 그때 그 친구가 그런 선택을 하였는지 생각했다.#@문장구분# 난 그제서야 깨달았다.#@문장구분# 친하면 더욱 배려해야 되는데 친하다고 너무 무례하게 대한 것이었다.#@문장구분# 남들은 사소한 것이라고 생각할 수도 있지만 사람마다 받아들이는 것이 다르니 그 친구가 나를 싫어하게 된 것도 이해가 갔다.#@문장구분# 그날 이후로 난 그 친구에게 가서 진지하게 사과를 하며 그 친구와 풀려고 노력을 하였다.#@문장구분# 너무 늦게 간 것인지 그 친구의 마음은 많이 떠나있었다.#@문장구분# 그래도 포기하지 않고 그 친구와 사이를 풀려고 노력했다.#@문장구분# 결국 그 친구도 나의 진심을 알게 되었고 다시 친한 친구 사이로 돌아왔다.#@문장구분# 그 일 이후로 난 깨달았다.#@문장구분# 옆에 항상 있다고 함부로 대하면 안 되고 옆에 항상 있어주니 더 소중한 존재이니 남들보다 더 배려 해 주어야 된다는 것을.#@문장구분# 지금 생각해 봐도 그 친구는 나에게 많은 것을 알려주고 나에게는 소중한 존재인데 내가 너무 무심하게 대했던 것 같다.#@문장구분# 그러니 옆에 있는 사람이 편하게 느껴진다고 '아 얘는 괜찮겠지'라는 생각을 가지지 말자.#@문장구분# 옆에 있는 사람일수록 더욱 소중한 사람이니 더 아껴주고 배려해 주자.#@문장구분#",
      "paragraph_len": 1193,
      "paragraph_id": "001"
    }
  ],
  "score": {
    "paragraph_score": [
      {
        "paragraph_scoreT": [
          2.6666667,
          2,
          2
        ],
        "paragraph_scoreT_detail": {
          "paragraph_scoreT_exp": [
            [
              2,
              3,
              3
            ],
            [
              2,
              2,
              2
            ],
            [
              2,
              2,
              2
            ]
          ]
        },
        "paragraph_scoreT_avg": 2.2222223,
        "paragraph_id": "001"
      }
    ],
    "essay_scoreT": [
      28.666668,
      22.666666,
      20.222221
    ],
    "essay_scoreT_avg": 23.851852,
    "essay_scoreT_detail": {
      "essay_scoreT_org": [
        [
          3,
          3,
          3,
          3
        ],
        [
          2,
          2,
          3,
          3
        ],
        [
          2,
          2,
          2,
          3
        ]
      ],
      "essay_scoreT_cont": [
        [
          3,
          3,
          0,
          3
        ],
        [
          2,
          3,
          0,
          3
        ],
        [
          2,
          2,
          0,
          2
        ]
      ],
      "essay_scoreT_exp": [
        [
          2,
          3,
          3
        ],
        [
          2,
          2,
          2
        ],
        [
          2,
          2,
          2
        ]
      ]
    }
  },
  "student": {
    "date": "2021.12.08",
    "student_educated": true,
    "student_grade": "고등_1학년",
    "location": "063",
    "student_grade_group": "고등",
    "student_reading": 2
  },
  "rubric": {
    "essay_grade": "고등_1학년",
    "organization_weight": {
      "org_paragraph": 2,
      "org": 2,
      "org_essay": 4,
      "org_coherence": 2,
      "org_quantity": 1
    },
    "essay_type": "글짓기",
    "content_weight": {
      "con_clearance": 4,
      "con_novelty": 3,
      "con": 4,
      "con_prompt": 0,
      "con_description": 1
    },
    "essay_main_subject": "소중함을 잃었던 경험",
    "expression_weight": {
      "exp_style": 1,
      "exp_grammar": 2,
      "exp_vocab": 3,
      "exp": 4
    }
  },
  "correction": [],
  "info": {
    "essay_id": "ESSAY_60289",
    "essay_prompt": " 익숙함에 속아 소중함을 잊지 말자는 명언 (Do not get fooled by something familiar and forget what is priceless.)이 있습니다.\n\n 부모님께서 매일 해주시는 아침밥이나, 너무 친해서 매일 맛있는 간식을 사주는 친구 등 처음에는 매우 감사했지만 반복되는 호의에 우리는 소중함을 잊어가기도 합니다.\n\n 작은 소중함일지라도 그 소중함을 잃게 되면 호의를 베푸는 사람 입장에서는 매우 당황스럽고 기분이 나쁠 수 있어요.\n\n 여러분은 익숙함에 속아 소중함을 잊었던 사례와 그로 인해 상대방의 기분을 나쁘게 했던 경험이 있나요? 만약 있다면 관계를 회복하기 위해 어떤 노력을 하셨나요? 본인의 경험을 작성해주세요.\n\n 만약 그런 적이 없다면 주변의 이야기나 본인에게 소중함을 주는 사람들에 관해 설명해주세요.",
    "essay_type": "글짓기",
    "essay_level": "2",
    "essay_len": 814,
    "essay_main_subject": "소중함을 잃었던 경험"
  }
}