{
  "paragraph": [
    {
      "paragraph_txt": "요즘 고구마가 참 맛있다며 엄마는 아침마다 에어후라이기에 고구마를 구워놓으십니다.#@문장구분# 꿀고구마는 찐득하고 노란 점액이 있어서 달달하고 쫀득거리고 정말 맛이 있습니다.#@문장구분# \"엄마 친구랑 같이 나눠먹게 몇개 싸주세요!\"#@문장구분# 엄마는 그럴래 하고 몇개 담아 주셨습니다.#@문장구분# 아침에 친구들과 학교에 가서 우유와 맛있게 고구마를 먹었습니다.#@문장구분# 너무 맛이 있어서 다음날도 그 다음날도 그리고 그 다음날도 계속 싸갔습니다.#@문장구분# 엄마는 이제 제가 아침에 친구들이랑 우유랑 고구마먹는다고 했던 말을 잊지 않고 아침마다 구워서 싸주십니다.#@문장구분# 고구마를 같이 먹는 친구는 저를 포함해서 세명입니다.#@문장구분# 제가 고구마를 싸오자 친구 한명은 귤이랑 우유랑 바꿔가면서 싸옵니다.#@문장구분# 아침을 않먹고 나오기 일쑤인데 이렇게 일찍 학교에 와서 친구들이랑 먹으니까 좋다면서 셋이 아침마다 모여서 수다도 떨고 고구마와 간식을 먹었습니다.#@문장구분# 그런데 친구 한명은 한번도 준비를 해오지 않고 먹기만 하였습니다.#@문장구분# 먹기만 해도 밉지 않았을 텐데 귤이 시다는둥 오늘은 고구마가 좀더 익었어야 한다는 둥 평가하기 바쁩니다.#@문장구분# 처음에는 웃으며 그냥 넘기었는데 기분이 나빠졌습니다.#@문장구분# 지는 한번도 준비도 않해오면서 좋네 나쁘네 평가를 하는 모습이 꼴 보기 싫어지고 그 친구가 미워졌습니다.#@문장구분# 소심한 저는 친구한테 표현도 못하고 속으로만 미워하고 있었는데 다른 친구 한명이 그래도 준비해온 사람의 성의가 있는데 고맙게 먹어야지 이렇다 저렇다 하면 기분이 나쁘지 않겠냐며 핀잔을 주자 그 친구가 화들짝 놀라며 미안하다고 합니다.#@문장구분# 이렇게 우리 셋은 다시 사이가 좋아졌습니다.#@문장구분# 사람들은 누구나 베푸는 사람의 입장에 대해 생각하지 못하는 경우가 발생할수 있습니다.#@문장구분# 그럴때 꿍하고 기분나빠하지 말고 솔직히 말하고 서로 이야기를 나누어서 오해를 풀어야 될것입니다.#@문장구분# 호의를 베풀면 호구로 안다는 요즘 말을 비유하며 내가 호구가 되긴 싫다고 생각하고 친구에게 화를 냈다면 우리 셋 사이는 틀어졌을 것입니다.#@문장구분# 하지만 서운함에 대해 고마움에 대해 서로 이야기하고 풀어내어 오해도 풀어지고 다음날 친구가 음식도 싸와서 더 재미난 웃음꽃도 피어났습니다.#@문장구분# 서로의 입장에서 생각하고 오해가 생기면 서로 대화를 통해 풀어낸다면 아무리 큰 문제라도 모두 해결될 거라고 생각합니다.#@문장구분#",
      "paragraph_len": 1516,
      "paragraph_id": "001"
    }
  ],
  "score": {
    "paragraph_score": [
      {
        "paragraph_scoreT": [
          2.6666667,
          2.6666667,
          3
        ],
        "paragraph_scoreT_detail": {
          "paragraph_scoreT_exp": [
            [
              2,
              3,
              3
            ],
            [
              2,
              3,
              3
            ],
            [
              3,
              3,
              3
            ]
          ]
        },
        "paragraph_scoreT_avg": 2.777778,
        "paragraph_id": "001"
      }
    ],
    "essay_scoreT": [
      27.166668,
      27.166668,
      30
    ],
    "essay_scoreT_avg": 28.111113,
    "essay_scoreT_detail": {
      "essay_scoreT_org": [
        [
          3,
          3,
          3,
          3
        ],
        [
          3,
          3,
          3,
          3
        ],
        [
          3,
          3,
          3,
          3
        ]
      ],
      "essay_scoreT_cont": [
        [
          3,
          2,
          0,
          3
        ],
        [
          3,
          2,
          0,
          3
        ],
        [
          3,
          3,
          0,
          3
        ]
      ],
      "essay_scoreT_exp": [
        [
          2,
          3,
          3
        ],
        [
          2,
          3,
          3
        ],
        [
          3,
          3,
          3
        ]
      ]
    }
  },
  "student": {
    "date": "2021.12.15",
    "student_educated": true,
    "student_grade": "고등_1학년",
    "location": "063",
    "student_grade_group": "고등",
    "student_reading": 1
  },
  "rubric": {
    "essay_grade": "고등_1학년",
    "organization_weight": {
      "org_paragraph": 2,
      "org": 2,
      "org_essay": 4,
      "org_coherence": 2,
      "org_quantity": 1
    },
    "essay_type": "글짓기",
    "content_weight": {
      "con_clearance": 4,
      "con_novelty": 3,
      "con": 4,
      "con_prompt": 0,
      "con_description": 1
    },
    "essay_main_subject": "소중함을 잃었던 경험",
    "expression_weight": {
      "exp_style": 1,
      "exp_grammar": 2,
      "exp_vocab": 3,
      "exp": 4
    }
  },
  "correction": [],
  "info": {
    "essay_id": "ESSAY_62959",
    "essay_prompt": " 익숙함에 속아 소중함을 잊지 말자는 명언 (Do not get fooled by something familiar and forget what is priceless.)이 있습니다.\n\n 부모님께서 매일 해주시는 아침밥이나, 너무 친해서 매일 맛있는 간식을 사주는 친구 등 처음에는 매우 감사했지만 반복되는 호의에 우리는 소중함을 잊어가기도 합니다.\n\n 작은 소중함일지라도 그 소중함을 잃게 되면 호의를 베푸는 사람 입장에서는 매우 당황스럽고 기분이 나쁠 수 있어요.\n\n 여러분은 익숙함에 속아 소중함을 잊었던 사례와 그로 인해 상대방의 기분을 나쁘게 했던 경험이 있나요? 만약 있다면 관계를 회복하기 위해 어떤 노력을 하셨나요? 본인의 경험을 작성해주세요.\n\n 만약 그런 적이 없다면 주변의 이야기나 본인에게 소중함을 주는 사람들에 관해 설명해주세요.",
    "essay_type": "글짓기",
    "essay_level": "2",
    "essay_len": 1096,
    "essay_main_subject": "소중함을 잃었던 경험"
  }
}