{
  "paragraph": [
    {
      "paragraph_txt": "잃어봐야 안다.#@문장구분# 소박한 보통날의 소중함을..#@문장구분#\n너무 오래되어 일상이 되어버려 언제 시작된지도 모르겠다.#@문장구분# 코로나로 인해 우리의 일상을 잃게된지도.#@문장구분#\n느닷없이 그리웠다.#@문장구분# 아이들과 집안에서 복작대고 있는 지금 불과 얼마전의 일상이 그리웠다.#@문장구분# 나가고 싶으면 나가고, 만나고 싶으면 만나고, 바깥 세상과 부대끼던 소박한 보통날이 한없이 그리웠다.#@문장구분#\n나갈 때 마다 마스크 쓰고 들어오면 .빠득빠득 손 씻는게 일상인 지금, 상상도 못한, 한번도 경험해보지 못한 현실이 아직도 낯설다.#@문장구분# 날이 좋은 주말이면 친구들과 약속을 잡아 놀이동산도 가고 시내에 나가 옷도 구경하고 신나게 쇼핑을 즐기던 우리의 젊은 날의 시간이 그리웠다.#@문장구분#\n보고 싶었던 영화가 있으면 삼삼오오 모여서 극장에도 자주 갔었는데, 지금 극장가서 영화본지도 엄청 오래되었다.#@문장구분# 대신 집에서 다시보기나 넷플릭스 같은 TV플랫폼을 통해 영화를 보곤 한다.#@문장구분#\n특히 봄이고, 가을이고 나들이철이 되면 한강 망원지구 가서 돗자리 펴고 친구들과 산책하고 웃고 떠들며 편의점에서 라면을 끓여 먹던일, 자전거를 빌려서 자전거도 마음껏 탔던일, 사람들이 바글바글한 롯데몰에서 맛있는 거 먹겠다고 줄섰던 일, 잃어버린 일상들이 당연한줄 알았던 일상들이 이렇게 소중한 줄 몰랐었다.#@문장구분# 나가고 싶으면 나가고, 만나고 싶으면 만나고,바깥세상과 부대끼던 소박한 보통날의 소중함을.#@문장구분# 그건 눈부신 축복이었다.#@문장구분# 마스크와 열 체크없이 어디든 들어가고, 여행가고, 먹고 마시며 즐기던 삶의 생생함은 아무리 숨기려 해도 숨겨지지 않는 행복이었다.#@문장구분#",
      "paragraph_len": 1054,
      "paragraph_id": "001"
    }
  ],
  "score": {
    "paragraph_score": [
      {
        "paragraph_scoreT": [
          2.8333333,
          2.8333333,
          2.5
        ],
        "paragraph_scoreT_detail": {
          "paragraph_scoreT_exp": [
            [
              3,
              3,
              2
            ],
            [
              3,
              3,
              2
            ],
            [
              3,
              2,
              3
            ]
          ]
        },
        "paragraph_scoreT_avg": 2.722222,
        "paragraph_id": "001"
      }
    ],
    "essay_scoreT": [
      26.944445,
      26.444445,
      24.222221
    ],
    "essay_scoreT_avg": 25.87037,
    "essay_scoreT_detail": {
      "essay_scoreT_org": [
        [
          2,
          3,
          3,
          3
        ],
        [
          2,
          3,
          3,
          3
        ],
        [
          2,
          2,
          2,
          3
        ]
      ],
      "essay_scoreT_cont": [
        [
          3,
          2,
          0,
          3
        ],
        [
          3,
          2,
          0,
          2
        ],
        [
          3,
          2,
          0,
          2
        ]
      ],
      "essay_scoreT_exp": [
        [
          3,
          3,
          2
        ],
        [
          3,
          3,
          2
        ],
        [
          3,
          2,
          3
        ]
      ]
    }
  },
  "student": {
    "date": "2021.11.24",
    "student_educated": true,
    "student_grade": "고등_1학년",
    "location": "063",
    "student_grade_group": "고등",
    "student_reading": 2
  },
  "rubric": {
    "essay_grade": "고등_1학년",
    "organization_weight": {
      "org_paragraph": 2,
      "org": 2,
      "org_essay": 4,
      "org_coherence": 2,
      "org_quantity": 1
    },
    "essay_type": "글짓기",
    "content_weight": {
      "con_clearance": 4,
      "con_novelty": 3,
      "con": 4,
      "con_prompt": 0,
      "con_description": 1
    },
    "essay_main_subject": "소중함을 잃었던 경험",
    "expression_weight": {
      "exp_style": 1,
      "exp_grammar": 2,
      "exp_vocab": 3,
      "exp": 4
    }
  },
  "correction": [],
  "info": {
    "essay_id": "ESSAY_52432",
    "essay_prompt": " 익숙함에 속아 소중함을 잊지 말자는 명언 (Do not get fooled by something familiar and forget what is priceless.)이 있습니다.\n\n 부모님께서 매일 해주시는 아침밥이나, 너무 친해서 매일 맛있는 간식을 사주는 친구 등 처음에는 매우 감사했지만 반복되는 호의에 우리는 소중함을 잊어가기도 합니다.\n\n 작은 소중함일지라도 그 소중함을 잃게 되면 호의를 베푸는 사람 입장에서는 매우 당황스럽고 기분이 나쁠 수 있어요.\n\n 여러분은 익숙함에 속아 소중함을 잊었던 사례와 그로 인해 상대방의 기분을 나쁘게 했던 경험이 있나요? 만약 있다면 관계를 회복하기 위해 어떤 노력을 하셨나요? 본인의 경험을 작성해주세요.\n\n 만약 그런 적이 없다면 주변의 이야기나 본인에게 소중함을 주는 사람들에 관해 설명해주세요.",
    "essay_type": "글짓기",
    "essay_level": "2",
    "essay_len": 754,
    "essay_main_subject": "소중함을 잃었던 경험"
  }
}