{
  "paragraph": [
    {
      "paragraph_txt": "좋은 사람을 만다는 것은 커다른 행복이고 기쁨이고 좋은 사람을 잃는 다는 것은 큰 슬픔이라는 말이 있습니다.#@문장구분# 모든 사회 활동은 사람과 사람이 연결되어 이루어지고 있습니다.#@문장구분# 사람들간의 관계망이 사회인 것입니다.#@문장구분# 우리는 학교에서 친구를 만나고 친구들과 선생님들과의 관계를 맺으며 학교생활을 하는 것입니다.#@문장구분# 좋은 사람을 만나기 위해 우리는 어떤 일을 해야 할까? 생각하게 됩니다.#@문장구분# 좋은 사람을 만나고 싶으면 나 자신이 먼저 좋은 사람인가 생각해 보아야 겠습니다.#@문장구분# 사람은 자석과 같다고 합니다.#@문장구분# 서로 서로 성향이나 성격이 비슷한 사람들 끼리 끌려서 사귀어지기 때문입니다.#@문장구분# 내가 바르고 좋은 사람이 될때 내 주위에 바르고 좋은 사람들이 모이고 서로 관계 형성이 되는 것입니다.#@문장구분# 내 주위는 온통 사기꾼만 있는 것 같다고 한탄하는 사람을 보면 그사람은 사람을 대할때 사기꾼 같이 대하는 경우가 있을 것입니다.#@문장구분# 사람의 관계라는 것은 서로 부족한 점을 채워주고 도와주고 허물을 덮어주어야 되고 비밀은 지켜주고 실수를 하면 감추어 주고 장점이 있으면 말해주고 능력이 있다면 인정해 주어야 합니다.#@문장구분# 내가 사람들과의 관계를 소중히 여기며 이렇게 행동할때 그 사람들도 나와의 관계에서 이렇게 대해 주게 될것입니다.#@문장구분# 좋은 사람들과 관계를 맺고 그사람들과 관계를 유지하며 살아간다면 힘들고 지치는 현실도 이겨낼수 있는 용기와 지혜를 줄것입니다.#@문장구분# 우리는 사람들과의 관계를 소중히 여기고 서로 서로 사랑하며 감싸고 살아가야 합니다.#@문장구분# 이렇게 될때 우리 사회는 조금더 따뜻하고 좋은 사회가 될것이라고 생각합니다.#@문장구분#",
      "paragraph_len": 1071,
      "paragraph_id": "001"
    }
  ],
  "score": {
    "paragraph_score": [
      {
        "paragraph_scoreT": [
          3,
          2.8333333,
          2.3333333
        ],
        "paragraph_scoreT_detail": {
          "paragraph_scoreT_exp": [
            [
              3,
              3,
              3
            ],
            [
              3,
              3,
              2
            ],
            [
              3,
              2,
              2
            ]
          ]
        },
        "paragraph_scoreT_avg": 2.722222,
        "paragraph_id": "001"
      }
    ],
    "essay_scoreT": [
      30,
      25.722221,
      22.5
    ],
    "essay_scoreT_avg": 26.074074,
    "essay_scoreT_detail": {
      "essay_scoreT_org": [
        [
          3,
          3,
          3,
          3
        ],
        [
          2,
          3,
          3,
          2
        ],
        [
          2,
          3,
          2,
          3
        ]
      ],
      "essay_scoreT_cont": [
        [
          3,
          3,
          0,
          3
        ],
        [
          2,
          3,
          0,
          2
        ],
        [
          2,
          2,
          0,
          3
        ]
      ],
      "essay_scoreT_exp": [
        [
          3,
          3,
          3
        ],
        [
          3,
          3,
          2
        ],
        [
          3,
          2,
          2
        ]
      ]
    }
  },
  "student": {
    "date": "2021.12.16",
    "student_educated": true,
    "student_grade": "고등_1학년",
    "location": "063",
    "student_grade_group": "고등",
    "student_reading": 1
  },
  "rubric": {
    "essay_grade": "고등_1학년",
    "organization_weight": {
      "org_paragraph": 2,
      "org": 2,
      "org_essay": 4,
      "org_coherence": 2,
      "org_quantity": 1
    },
    "essay_type": "글짓기",
    "content_weight": {
      "con_clearance": 4,
      "con_novelty": 3,
      "con": 4,
      "con_prompt": 0,
      "con_description": 1
    },
    "essay_main_subject": "소중함을 잃었던 경험",
    "expression_weight": {
      "exp_style": 1,
      "exp_grammar": 2,
      "exp_vocab": 3,
      "exp": 4
    }
  },
  "correction": [],
  "info": {
    "essay_id": "ESSAY_65721",
    "essay_prompt": " 익숙함에 속아 소중함을 잊지 말자는 명언 (Do not get fooled by something familiar and forget what is priceless.)이 있습니다.\n\n 부모님께서 매일 해주시는 아침밥이나, 너무 친해서 매일 맛있는 간식을 사주는 친구 등 처음에는 매우 감사했지만 반복되는 호의에 우리는 소중함을 잊어가기도 합니다.\n\n 작은 소중함일지라도 그 소중함을 잃게 되면 호의를 베푸는 사람 입장에서는 매우 당황스럽고 기분이 나쁠 수 있어요.\n\n 여러분은 익숙함에 속아 소중함을 잊었던 사례와 그로 인해 상대방의 기분을 나쁘게 했던 경험이 있나요? 만약 있다면 관계를 회복하기 위해 어떤 노력을 하셨나요? 본인의 경험을 작성해주세요.\n\n 만약 그런 적이 없다면 주변의 이야기나 본인에게 소중함을 주는 사람들에 관해 설명해주세요.",
    "essay_type": "글짓기",
    "essay_level": "2",
    "essay_len": 771,
    "essay_main_subject": "소중함을 잃었던 경험"
  }
}