{
  "paragraph": [
    {
      "paragraph_txt": "저에게 소중한 것은 가족 다음으로 고등학교 때 친해진 친구입니다.#@문장구분# 아직 소중함을 잊어버리지는 않았습니다.#@문장구분# 그 친구는 내가 슬픈 날 같이 슬퍼해 주고 기쁜 날 같이 기뻐해 주고 싫다 좋다 투정 부려도 다 받아주는 착한 친구입니다.#@문장구분# 힘들 때 누구보다 더 힘이 되어 주는 친구이고, 나도 그 친구에게 힘이 되어 주려고 노력하고 있습니다.#@문장구분# 가끔은 작은 오해로 서로에게 상처를 줄 수도 있지만 그래도 소중한 것은 맞는 것 같습니다.#@문장구분# 몇 년 만나 친해진 것은 아닌데 몇 년 만난 친구처럼 둘이 있을 때 굳이 말을 안 해도 편하고 갑자기 만나도 즐겁고 추억을 쌓을 수 있는 그런 관계인 친구입니다.#@문장구분# 친구는 우리에게는 인생의 보석과 같은 존재라고 생각합니다.#@문장구분# 물론 가족보다는 덜 가까운 사이인데 어떻게 보면 가족만큼 가까운 사이라고 생각하며 그 가까움이 오히려 짐이 되어 서로의 관계에 틈을 만들기 일쑤인 사실을 누구나 경험하고 있을 것입니다.#@문장구분# 그렇게 만들어진 틈이 일생 동안 메워지지 않는 경우도 허다합니다.#@문장구분# 그러나 친구라면 인생의 어느 시기에 형성된 친밀함에 다른 이해가 끼어들 여지가 없기에 친구는 스스럼없는 관계를 유지 할 수 있습니다.#@문장구분# 인간관계의 밀도가 예전처럼 끈끈하지 않은 것이 우리가 살아가는 현실의 모습이기에 친구는 서로에 대한 객관적인 판단이 가능하며 진정한 의미의 충고나 격리하고 진정한 의미의 친구는 일생에서 반드시 필요한 존재입니다.#@문장구분#",
      "paragraph_len": 915,
      "paragraph_id": "001"
    }
  ],
  "score": {
    "paragraph_score": [
      {
        "paragraph_scoreT": [
          3,
          2.8333333,
          2.5
        ],
        "paragraph_scoreT_detail": {
          "paragraph_scoreT_exp": [
            [
              3,
              3,
              3
            ],
            [
              3,
              3,
              2
            ],
            [
              3,
              2,
              3
            ]
          ]
        },
        "paragraph_scoreT_avg": 2.7777777,
        "paragraph_id": "001"
      }
    ],
    "essay_scoreT": [
      29.277779,
      26.88889,
      27.555555
    ],
    "essay_scoreT_avg": 27.907408,
    "essay_scoreT_detail": {
      "essay_scoreT_org": [
        [
          3,
          3,
          3,
          2
        ],
        [
          3,
          3,
          2,
          3
        ],
        [
          3,
          3,
          2,
          3
        ]
      ],
      "essay_scoreT_cont": [
        [
          3,
          3,
          0,
          2
        ],
        [
          3,
          2,
          0,
          2
        ],
        [
          3,
          3,
          0,
          3
        ]
      ],
      "essay_scoreT_exp": [
        [
          3,
          3,
          3
        ],
        [
          3,
          3,
          2
        ],
        [
          3,
          2,
          3
        ]
      ]
    }
  },
  "student": {
    "date": "2021.12.08",
    "student_educated": true,
    "student_grade": "고등_1학년",
    "location": "063",
    "student_grade_group": "고등",
    "student_reading": 2
  },
  "rubric": {
    "essay_grade": "고등_1학년",
    "organization_weight": {
      "org_paragraph": 2,
      "org": 2,
      "org_essay": 4,
      "org_coherence": 2,
      "org_quantity": 1
    },
    "essay_type": "글짓기",
    "content_weight": {
      "con_clearance": 4,
      "con_novelty": 3,
      "con": 4,
      "con_prompt": 0,
      "con_description": 1
    },
    "essay_main_subject": "소중함을 잃었던 경험",
    "expression_weight": {
      "exp_style": 1,
      "exp_grammar": 2,
      "exp_vocab": 3,
      "exp": 4
    }
  },
  "correction": [],
  "info": {
    "essay_id": "ESSAY_57012",
    "essay_prompt": " 익숙함에 속아 소중함을 잊지 말자는 명언 (Do not get fooled by something familiar and forget what is priceless.)이 있습니다.\n\n 부모님께서 매일 해주시는 아침밥이나, 너무 친해서 매일 맛있는 간식을 사주는 친구 등 처음에는 매우 감사했지만 반복되는 호의에 우리는 소중함을 잊어가기도 합니다.\n\n 작은 소중함일지라도 그 소중함을 잃게 되면 호의를 베푸는 사람 입장에서는 매우 당황스럽고 기분이 나쁠 수 있어요.\n\n 여러분은 익숙함에 속아 소중함을 잊었던 사례와 그로 인해 상대방의 기분을 나쁘게 했던 경험이 있나요? 만약 있다면 관계를 회복하기 위해 어떤 노력을 하셨나요? 본인의 경험을 작성해주세요.\n\n 만약 그런 적이 없다면 주변의 이야기나 본인에게 소중함을 주는 사람들에 관해 설명해주세요.",
    "essay_type": "글짓기",
    "essay_level": "2",
    "essay_len": 695,
    "essay_main_subject": "소중함을 잃었던 경험"
  }
}