{
  "paragraph": [
    {
      "paragraph_txt": "우리는 소중한 것을 잊고 살떄가 많다.#@문장구분# 특히 신체부위중에서 허리나 다리등을 다칠 때 그것의 소중함을 그때서야 알게 된다.#@문장구분# 다리를 다치고 삼 주째 불편한 일상을 보내며 지금까지 나는 얼마나 많은 소중한 것들을 지니고 가지고 살아왔는지 한 번쯤 집고 가게 해주는 자연의 섭리를 생각한다.#@문장구분# 그저 건성으로 느끼지 못하는 감사를 하며 살아온 긴여정의 시간 살아가면서 얼마나 많은 축복과 은혜 속에 살아왔는지 그리 말하고 생각하면서도 진정 느끼지는 못했는데 늘 다가오는 일상이기에 내가 느끼지 못하고 당연히 가지고 있는 것을 가지지 못한 사람이 늘 원하고 갈망하는 그 소원의 소원 이라는 것을 알지 못하기에 모든 소원을 다 가지고 있었음에도 더 많은것을 가지려 욕심을 부렸고 그러다 이루어지지 않으면 그것에 마음이 상해 슬퍼하고 더 높이 높이 오르지 못함에 주저앉기도 했었는데 나의 작은 부분이라도 그 어떤것과 바꾸리﻿내가 누릴 수 있는 것을 찾아 감사하고 건강히 일상적인 것을 행할 수 있음에 진정 감사해야 할 것이다.#@문장구분#",
      "paragraph_len": 589,
      "paragraph_id": "001"
    },
    {
      "paragraph_txt": "오늘 해 뜨는 아침과 노을지는 저녁의 아름다운 모습을 볼 수 있기에 내 곁에 사랑하는 사람들이 늘 함께 있음을 이 모든 축복을 허락하신 자연과 세상에게 감사를 하며 하루하루를 보내고 싶다.#@문장구분# 다리가 다치거나 허리가 불편하여 전혀 거동을 못할 때 바로 이러한 경우가 우리가 소중한 것을 잃어버리는 때라고 나는 생각한다.#@문장구분# 평소에는 전혀 느끼지 못하는 소중함일 것이다.#@문장구분# 꼭 잃고 나서야 우리는 깨닫는다.#@문장구분#",
      "paragraph_len": 301,
      "paragraph_id": "002"
    }
  ],
  "score": {
    "paragraph_score": [
      {
        "paragraph_scoreT": [
          3,
          3,
          3
        ],
        "paragraph_scoreT_detail": {
          "paragraph_scoreT_exp": [
            [
              3,
              3,
              3
            ],
            [
              3,
              3,
              3
            ],
            [
              3,
              3,
              3
            ]
          ]
        },
        "paragraph_scoreT_avg": 3,
        "paragraph_id": "001"
      },
      {
        "paragraph_scoreT": [
          3,
          3,
          3
        ],
        "paragraph_scoreT_detail": {
          "paragraph_scoreT_exp": [
            [
              3,
              3,
              3
            ],
            [
              3,
              3,
              3
            ],
            [
              3,
              3,
              3
            ]
          ]
        },
        "paragraph_scoreT_avg": 3,
        "paragraph_id": "002"
      }
    ],
    "essay_scoreT": [
      30,
      30,
      30
    ],
    "essay_scoreT_avg": 30,
    "essay_scoreT_detail": {
      "essay_scoreT_org": [
        [
          3,
          3,
          3,
          3
        ],
        [
          3,
          3,
          3,
          3
        ],
        [
          3,
          3,
          3,
          3
        ]
      ],
      "essay_scoreT_cont": [
        [
          3,
          3,
          0,
          3
        ],
        [
          3,
          3,
          0,
          3
        ],
        [
          3,
          3,
          0,
          3
        ]
      ],
      "essay_scoreT_exp": [
        [
          3,
          3,
          3
        ],
        [
          3,
          3,
          3
        ],
        [
          3,
          3,
          3
        ]
      ]
    }
  },
  "student": {
    "date": "2021.12.16",
    "student_educated": true,
    "student_grade": "고등_1학년",
    "location": "041",
    "student_grade_group": "고등",
    "student_reading": 2
  },
  "rubric": {
    "essay_grade": "고등_1학년",
    "organization_weight": {
      "org_paragraph": 2,
      "org": 2,
      "org_essay": 4,
      "org_coherence": 2,
      "org_quantity": 1
    },
    "essay_type": "글짓기",
    "content_weight": {
      "con_clearance": 4,
      "con_novelty": 3,
      "con": 4,
      "con_prompt": 0,
      "con_description": 1
    },
    "essay_main_subject": "소중함을 잃었던 경험",
    "expression_weight": {
      "exp_style": 1,
      "exp_grammar": 2,
      "exp_vocab": 3,
      "exp": 4
    }
  },
  "correction": [],
  "info": {
    "essay_id": "ESSAY_66147",
    "essay_prompt": " 익숙함에 속아 소중함을 잊지 말자는 명언 (Do not get fooled by something familiar and forget what is priceless.)이 있습니다.\n\n 부모님께서 매일 해주시는 아침밥이나, 너무 친해서 매일 맛있는 간식을 사주는 친구 등 처음에는 매우 감사했지만 반복되는 호의에 우리는 소중함을 잊어가기도 합니다.\n\n 작은 소중함일지라도 그 소중함을 잃게 되면 호의를 베푸는 사람 입장에서는 매우 당황스럽고 기분이 나쁠 수 있어요.\n\n 여러분은 익숙함에 속아 소중함을 잊었던 사례와 그로 인해 상대방의 기분을 나쁘게 했던 경험이 있나요? 만약 있다면 관계를 회복하기 위해 어떤 노력을 하셨나요? 본인의 경험을 작성해주세요.\n\n 만약 그런 적이 없다면 주변의 이야기나 본인에게 소중함을 주는 사람들에 관해 설명해주세요.",
    "essay_type": "글짓기",
    "essay_level": "2",
    "essay_len": 732,
    "essay_main_subject": "소중함을 잃었던 경험"
  }
}