{
  "paragraph": [
    {
      "paragraph_txt": "중학교 3학년 마지막 겨울방학 때 저의 용돈을 벌기위해 음식점 알바를 하였습니다.#@문장구분# 첫날 출근은 설거지를 하였습니다.#@문장구분# 생각보다 많이 빡빡했습니다.#@문장구분# 단순히 설거지를 하기보다는 빠르게 많은 양을 끝내야만 했습니다.#@문장구분# 어느덧 2시간이라는 시간이 지났습니다.#@문장구분# 비록 2시간만 일하였는데 허리만 많이 수셨습니다. #@문장구분#이때부터 일하는 것이 쉬운 게 아닌 걸 알았습니다.#@문장구분# 저희 아버지께서는 12시간 가까이 일하시고도 힘든 내색 하나 없이 파스 한 장으로 끝내버립니다.#@문장구분# 저는 고작 2시간 일했다고 알바를 그만두고 싶었습니다.#@문장구분# 또한 아버지께서 일을 하셔야 하는 것을 당연하다는 식으로 생각한 제가 너무 야속했습니다. #@문장구분#그리고 어머니께서도 설거지, 빨래, 청소 등, 집안일 모두 혼자서 하고 계십니다.#@문장구분# 이러한 어머니의 수고가 너무 감사했습니다.#@문장구분# 그리고 매일 꾸준히 하시는 모습에도 존경스러웠습니다. #@문장구분#그래서 저도 고등학교 입학하기 전까지 겨울방학을 완수하기로 마음먹었습니다. #@문장구분#그렇게 약2달이 흐르고 제 몸도 적응하기 시작했습니다.#@문장구분# 고등학교 가서도 알바를 하고 싶었지만 학업과 기숙사 생활로 인해 그만두어야 하였습니다.#@문장구분# 아쉬운 마음도 있지만 이런 일보다 더 힘든 일을 매일 꾸준히 하시는 부모님의 덕에 감사한 마음이 들었습니다.#@문장구분# 있을 때 잘하자 라는 마음을 품고 효도하며 살 것입니다.#@문장구분# 절대 이 마음다짐을 잊지않고 사는 권경민이 되도록 하겠습니다.#@문장구분#",
      "paragraph_len": 1060,
      "paragraph_id": "001"
    }
  ],
  "score": {
    "paragraph_score": [
      {
        "paragraph_scoreT": [
          2,
          2,
          2.3333333
        ],
        "paragraph_scoreT_detail": {
          "paragraph_scoreT_exp": [
            [
              2,
              2,
              2
            ],
            [
              2,
              2,
              2
            ],
            [
              3,
              2,
              2
            ]
          ]
        },
        "paragraph_scoreT_avg": 2.111111,
        "paragraph_id": "001"
      }
    ],
    "essay_scoreT": [
      20.944445,
      24.61111,
      26.88889
    ],
    "essay_scoreT_avg": 24.148148,
    "essay_scoreT_detail": {
      "essay_scoreT_org": [
        [
          2,
          2,
          3,
          2
        ],
        [
          2,
          3,
          3,
          3
        ],
        [
          3,
          3,
          2,
          3
        ]
      ],
      "essay_scoreT_cont": [
        [
          2,
          2,
          0,
          3
        ],
        [
          3,
          3,
          0,
          2
        ],
        [
          3,
          3,
          0,
          3
        ]
      ],
      "essay_scoreT_exp": [
        [
          2,
          2,
          2
        ],
        [
          2,
          2,
          2
        ],
        [
          3,
          2,
          2
        ]
      ]
    }
  },
  "student": {
    "date": "2021.11.16",
    "student_educated": true,
    "student_grade": "고등_1학년",
    "location": "054",
    "student_grade_group": "고등",
    "student_reading": 1
  },
  "rubric": {
    "essay_grade": "고등_1학년",
    "organization_weight": {
      "org_paragraph": 2,
      "org": 2,
      "org_essay": 4,
      "org_coherence": 2,
      "org_quantity": 1
    },
    "essay_type": "글짓기",
    "content_weight": {
      "con_clearance": 4,
      "con_novelty": 3,
      "con": 4,
      "con_prompt": 0,
      "con_description": 1
    },
    "essay_main_subject": "소중함을 잃었던 경험",
    "expression_weight": {
      "exp_style": 1,
      "exp_grammar": 2,
      "exp_vocab": 3,
      "exp": 4
    }
  },
  "correction": [],
  "info": {
    "essay_id": "ESSAY_47312",
    "essay_prompt": " 익숙함에 속아 소중함을 잊지 말자는 명언 (Do not get fooled by something familiar and forget what is priceless.)이 있습니다.\n\n 부모님께서 매일 해주시는 아침밥이나, 너무 친해서 매일 맛있는 간식을 사주는 친구 등 처음에는 매우 감사했지만 반복되는 호의에 우리는 소중함을 잊어가기도 합니다.\n\n 작은 소중함일지라도 그 소중함을 잃게 되면 호의를 베푸는 사람 입장에서는 매우 당황스럽고 기분이 나쁠 수 있어요.\n\n 여러분은 익숙함에 속아 소중함을 잊었던 사례와 그로 인해 상대방의 기분을 나쁘게 했던 경험이 있나요? 만약 있다면 관계를 회복하기 위해 어떤 노력을 하셨나요? 본인의 경험을 작성해주세요.\n\n 만약 그런 적이 없다면 주변의 이야기나 본인에게 소중함을 주는 사람들에 관해 설명해주세요.",
    "essay_type": "글짓기",
    "essay_level": "2",
    "essay_len": 680,
    "essay_main_subject": "소중함을 잃었던 경험"
  }
}