{
  "paragraph": [
    {
      "paragraph_txt": "2019년11월 중국으로부터 시작된 코로나로 우리의 일상이 멈추고 온라인 수업으로 바뀌었을 때 학교를 가지 않는다는 것에 기뻐했던 것이 기억난다.#@문장구분# 그때는 이렇게 오랫동안 지속될 줄 몰랐는데, 코로나로 인해 온라인 수업으로 바뀌면서 나는 자세가 나빠지고 병원을 갔더니 결국에는 척추측만증으로 허리와 등이 많이 아팠었다.#@문장구분# 바른자세로 들으라고 부모님이 항상말했는데  내몸은건강해 하며 소홀이 대했던것같다.#@문장구분# 몸이 건강하니 영원히 건강할줄알고 막썼던 기억에 앞으로 내몸은 소중이 다뤄야겠다 라고 생각했다. #@문장구분#그리고 친구들도 자주 만나지 못하니까 오랜만에 보면 조금 어색해지는 경향도 있었던것 같다.#@문장구분# 심지어는 중학교때 가장 친했던 친구와 만나자고 했는데 코로나로 인해 만나지 못한지 거의 1년이 넘었다.#@문장구분# 정말 내 친구인지 그냥  랜선 친구인지 구분이 안간다.#@문장구분# 학교를 가지 못하고 디지털 기기로 수업을 하다보니 수업에 집중을 못했다.#@문장구분# 당연히 서적도떨어지고 그랬다.#@문장구분# 또한 밖에 나갈때는 답답한 마스크를 써야만 하는것도 짜증났다.#@문장구분# 마스크없이는 밖에 나갈수도 없어 맑은 공기 마시며 친구들과 함께 뛰어놀며 같이 여행도 가고싶다.#@문장구분# 나는 우리 일상의 소중함을 깨달았고 이 평범했던 일상이 행복이란 것을 알았다.#@문장구분# 평범했던 일상이 그립고 되찾고 싶다.#@문장구분# 끝이 언제인지는 아무도 모른다.#@문장구분# 코로나 사태 전의 익숙함은 코로나 사태가 끝난 후 더 큰 소중함으로 느껴질 것이다.#@문장구분# 모든 시민들이 조금 더 인내하고, 서로에게 의지를 한다면 우린 조금 더 쉽게 헤쳐 나갈 수 있지 않을까. #@문장구분#코로나가 빨리 종식이 됬으면 좋겠다.#@문장구분#",
      "paragraph_len": 1114,
      "paragraph_id": "001"
    }
  ],
  "score": {
    "paragraph_score": [
      {
        "paragraph_scoreT": [
          3,
          2.6666667,
          2.6666667
        ],
        "paragraph_scoreT_detail": {
          "paragraph_scoreT_exp": [
            [
              3,
              3,
              3
            ],
            [
              2,
              3,
              3
            ],
            [
              2,
              3,
              3
            ]
          ]
        },
        "paragraph_scoreT_avg": 2.777778,
        "paragraph_id": "001"
      }
    ],
    "essay_scoreT": [
      30,
      27.166668,
      28
    ],
    "essay_scoreT_avg": 28.388891,
    "essay_scoreT_detail": {
      "essay_scoreT_org": [
        [
          3,
          3,
          3,
          3
        ],
        [
          3,
          3,
          3,
          3
        ],
        [
          3,
          3,
          3,
          3
        ]
      ],
      "essay_scoreT_cont": [
        [
          3,
          3,
          0,
          3
        ],
        [
          3,
          2,
          0,
          3
        ],
        [
          3,
          2,
          0,
          2
        ]
      ],
      "essay_scoreT_exp": [
        [
          3,
          3,
          3
        ],
        [
          2,
          3,
          3
        ],
        [
          3,
          3,
          3
        ]
      ]
    }
  },
  "student": {
    "date": "2021.12.18",
    "student_educated": true,
    "student_grade": "고등_1학년",
    "location": "063",
    "student_grade_group": "고등",
    "student_reading": 2
  },
  "rubric": {
    "essay_grade": "고등_1학년",
    "organization_weight": {
      "org_paragraph": 2,
      "org": 2,
      "org_essay": 4,
      "org_coherence": 2,
      "org_quantity": 1
    },
    "essay_type": "글짓기",
    "content_weight": {
      "con_clearance": 4,
      "con_novelty": 3,
      "con": 4,
      "con_prompt": 0,
      "con_description": 1
    },
    "essay_main_subject": "소중함을 잃었던 경험",
    "expression_weight": {
      "exp_style": 1,
      "exp_grammar": 2,
      "exp_vocab": 3,
      "exp": 4
    }
  },
  "correction": [],
  "info": {
    "essay_id": "ESSAY_73424",
    "essay_prompt": " 익숙함에 속아 소중함을 잊지 말자는 명언 (Do not get fooled by something familiar and forget what is priceless.)이 있습니다.\n\n 부모님께서 매일 해주시는 아침밥이나, 너무 친해서 매일 맛있는 간식을 사주는 친구 등 처음에는 매우 감사했지만 반복되는 호의에 우리는 소중함을 잊어가기도 합니다.\n\n 작은 소중함일지라도 그 소중함을 잃게 되면 호의를 베푸는 사람 입장에서는 매우 당황스럽고 기분이 나쁠 수 있어요.\n\n 여러분은 익숙함에 속아 소중함을 잊었던 사례와 그로 인해 상대방의 기분을 나쁘게 했던 경험이 있나요? 만약 있다면 관계를 회복하기 위해 어떤 노력을 하셨나요? 본인의 경험을 작성해주세요.\n\n 만약 그런 적이 없다면 주변의 이야기나 본인에게 소중함을 주는 사람들에 관해 설명해주세요.",
    "essay_type": "글짓기",
    "essay_level": "2",
    "essay_len": 774,
    "essay_main_subject": "소중함을 잃었던 경험"
  }
}