{
  "paragraph": [
    {
      "paragraph_txt": "어렸을적에 외할머니집에서 잠깐 방학때 있었던 적이 있었는데 그때 잠시 친해진 강아지가 너무 좋아서 집에 돌아왔을때 엄마에게 조르고 졸라 생일선물로 받아낸 우리 집으로 오게 된 강아지가 있었다.#@문장구분# 나 10살때쯤 우리 집으로 온 강아지 였는데 이름은 몽실이로 지어줬었다.#@문장구분# 어찌나 신나고 행복하던지 내가 잘 돌봐주지는 못하지만, 나름 목욕아닌 목욕도 시켜주고 먹을것도 챙겨주고 알뜰살뜰 배고플까봐 밥이랑 물도 챙겨줬었다.#@문장구분# 그리고 1년 ..2년..3년 그렇게 나의 친구이기도 하고 그렇게 집에오면 나를 반겨주던 우리 강아지가 우리 몽실이가 나이가 들어 많이 쇠약해지고 ,, 아프고 그러면서 결국에는 작년에 나의 곁을 우리 가족의 곁을 떠나고 말았다.#@문장구분# 무지개 다리를 건너고야 말았다.#@문장구분# 늘 곁에 있던 우리 몽실이.#@문장구분# 꼬리를 살랑살랑 흔들며 항상 나를 반겨주었던..#@문장구분# 사람보다 더 나를 포근히 감싸주고 안아주었던 나의 친구가 갑자기 나의 곁에 없다고 생각하니 하염없이 눈물만 나고 ..#@문장구분# 딱히 못해준건 아니지만 좀더 잘해줄걸이라는 후회만 남고..#@문장구분# 나와 늘 함께 산책하고 내가 몽실이 운동시켜준다는 명목하에 나도 스트레스를 받으면 그런 몽실이를 데리고 무작정 공원으로 나가 몽실이를 위로삼아 친구삼아 함께 위로를 받곤 했던 것 같다.#@문장구분# 그래서 그런지 다른 강아지라도 키워볼래 라고 엄마는 나에게 말했지만 아직 나는 몽실이말고 다른 아이를 받아들일 자신이 없다.#@문장구분#",
      "paragraph_len": 912,
      "paragraph_id": "001"
    }
  ],
  "score": {
    "paragraph_score": [
      {
        "paragraph_scoreT": [
          3,
          2.1666667,
          2.6666667
        ],
        "paragraph_scoreT_detail": {
          "paragraph_scoreT_exp": [
            [
              3,
              3,
              3
            ],
            [
              2,
              2,
              3
            ],
            [
              2,
              3,
              3
            ]
          ]
        },
        "paragraph_scoreT_avg": 2.6111114,
        "paragraph_id": "001"
      }
    ],
    "essay_scoreT": [
      26,
      26.666668,
      28.666668
    ],
    "essay_scoreT_avg": 27.111113,
    "essay_scoreT_detail": {
      "essay_scoreT_org": [
        [
          3,
          3,
          3,
          3
        ],
        [
          3,
          3,
          3,
          3
        ],
        [
          3,
          3,
          3,
          3
        ]
      ],
      "essay_scoreT_cont": [
        [
          2,
          2,
          0,
          2
        ],
        [
          3,
          3,
          0,
          3
        ],
        [
          3,
          3,
          0,
          3
        ]
      ],
      "essay_scoreT_exp": [
        [
          3,
          3,
          3
        ],
        [
          2,
          2,
          3
        ],
        [
          2,
          3,
          3
        ]
      ]
    }
  },
  "student": {
    "date": "2021.12.21",
    "student_educated": true,
    "student_grade": "고등_1학년",
    "location": "063",
    "student_grade_group": "고등",
    "student_reading": 1
  },
  "rubric": {
    "essay_grade": "고등_1학년",
    "organization_weight": {
      "org_paragraph": 2,
      "org": 2,
      "org_essay": 4,
      "org_coherence": 2,
      "org_quantity": 1
    },
    "essay_type": "글짓기",
    "content_weight": {
      "con_clearance": 4,
      "con_novelty": 3,
      "con": 4,
      "con_prompt": 0,
      "con_description": 1
    },
    "essay_main_subject": "소중함을 잃었던 경험",
    "expression_weight": {
      "exp_style": 1,
      "exp_grammar": 2,
      "exp_vocab": 3,
      "exp": 4
    }
  },
  "correction": [],
  "info": {
    "essay_id": "ESSAY_72099",
    "essay_prompt": " 익숙함에 속아 소중함을 잊지 말자는 명언 (Do not get fooled by something familiar and forget what is priceless.)이 있습니다.\n\n 부모님께서 매일 해주시는 아침밥이나, 너무 친해서 매일 맛있는 간식을 사주는 친구 등 처음에는 매우 감사했지만 반복되는 호의에 우리는 소중함을 잊어가기도 합니다.\n\n 작은 소중함일지라도 그 소중함을 잃게 되면 호의를 베푸는 사람 입장에서는 매우 당황스럽고 기분이 나쁠 수 있어요.\n\n 여러분은 익숙함에 속아 소중함을 잊었던 사례와 그로 인해 상대방의 기분을 나쁘게 했던 경험이 있나요? 만약 있다면 관계를 회복하기 위해 어떤 노력을 하셨나요? 본인의 경험을 작성해주세요.\n\n 만약 그런 적이 없다면 주변의 이야기나 본인에게 소중함을 주는 사람들에 관해 설명해주세요.",
    "essay_type": "글짓기",
    "essay_level": "2",
    "essay_len": 692,
    "essay_main_subject": "소중함을 잃었던 경험"
  }
}