{
  "paragraph": [
    {
      "paragraph_txt": "친한 친구와 장난을 하다가 친구의 기분을 상하게 한 적이 있다.#@문장구분# 곧바로 사과를 해서 다행이긴 했지만 몇분동안 친구의 기분이 매우 상해 있어서 말을 걸어도 단답이나 반응이 없었고 무뚝뚝해서 친구가 나랑 놀아주지 않을까봐 한참 불안했던 적이 있었다.#@문장구분# 그때 들었던 생각이 어, 얘가 원래 잘 받아주는 친구인데 오늘따라 기분이 안좋은가? 라는 생각을 했었다.#@문장구분# 그 친구가 원래 되게 착하고 성격이 좋은 친구였는데 그래서 장난도 잘받아주는 친구였는데 그날따라 무슨일이 있었는지 기분이 안좋아보였기 때문이다. #@문장구분#그날 내가 장난을 안치고 잘 대해주었다면 좋았을지도 모른다.#@문장구분# 결국 그 친구를 잃은건 아니지만 거의 잃기 전까지 가서 그래도 무서웠다.#@문장구분# 친구를 잃는 경험은 정말 하고싶지 않은 경험이다.#@문장구분# 혼자 남게되는 경험을 하는 것은 죽기만큼 싫은것이니까 말이다.#@문장구분# 소중한 사람이 내 곁에서 떠나간다는 것만큼 인생이 비참하고 불쌍한 인생은 없을것이라고 생각한다.#@문장구분# 그렇다면 어떻게 해야될까 생각했다.#@문장구분# 일단 아무리 친한 친구라도 일단 존중해주어야 한다고 생각한다.#@문장구분# 아무리 친하다 생각해도 존중을 하지않고 놀다보면 선을 넘을수도 있는거고 그러다보면 내 경험같이 친구에게 무시당하거나 심하다면 절교까지 당할수도 있을거같다.#@문장구분# 그렇게 되지 않기 위해서는 일단 나부터 잘해야 한다고 생각한다.#@문장구분# 이글을 보는 여러분들도 내 경험을 반면교사 삼길 바란다.#@문장구분#",
      "paragraph_len": 959,
      "paragraph_id": "001"
    }
  ],
  "score": {
    "paragraph_score": [
      {
        "paragraph_scoreT": [
          3,
          3,
          3
        ],
        "paragraph_scoreT_detail": {
          "paragraph_scoreT_exp": [
            [
              3,
              3,
              3
            ],
            [
              3,
              3,
              3
            ],
            [
              3,
              3,
              3
            ]
          ]
        },
        "paragraph_scoreT_avg": 3,
        "paragraph_id": "001"
      }
    ],
    "essay_scoreT": [
      27.61111,
      26,
      26
    ],
    "essay_scoreT_avg": 26.537039,
    "essay_scoreT_detail": {
      "essay_scoreT_org": [
        [
          2,
          3,
          3,
          3
        ],
        [
          3,
          3,
          3,
          3
        ],
        [
          3,
          3,
          3,
          3
        ]
      ],
      "essay_scoreT_cont": [
        [
          3,
          2,
          0,
          3
        ],
        [
          2,
          2,
          0,
          2
        ],
        [
          2,
          2,
          0,
          2
        ]
      ],
      "essay_scoreT_exp": [
        [
          3,
          3,
          3
        ],
        [
          3,
          3,
          3
        ],
        [
          3,
          3,
          3
        ]
      ]
    }
  },
  "student": {
    "date": "2021.12.21",
    "student_educated": true,
    "student_grade": "고등_1학년",
    "location": "051",
    "student_grade_group": "고등",
    "student_reading": 2
  },
  "rubric": {
    "essay_grade": "고등_1학년",
    "organization_weight": {
      "org_paragraph": 2,
      "org": 2,
      "org_essay": 4,
      "org_coherence": 2,
      "org_quantity": 1
    },
    "essay_type": "글짓기",
    "content_weight": {
      "con_clearance": 4,
      "con_novelty": 3,
      "con": 4,
      "con_prompt": 0,
      "con_description": 1
    },
    "essay_main_subject": "소중함을 잃었던 경험",
    "expression_weight": {
      "exp_style": 1,
      "exp_grammar": 2,
      "exp_vocab": 3,
      "exp": 4
    }
  },
  "correction": [],
  "info": {
    "essay_id": "ESSAY_75431",
    "essay_prompt": " 익숙함에 속아 소중함을 잊지 말자는 명언 (Do not get fooled by something familiar and forget what is priceless.)이 있습니다.\n\n 부모님께서 매일 해주시는 아침밥이나, 너무 친해서 매일 맛있는 간식을 사주는 친구 등 처음에는 매우 감사했지만 반복되는 호의에 우리는 소중함을 잊어가기도 합니다.\n\n 작은 소중함일지라도 그 소중함을 잃게 되면 호의를 베푸는 사람 입장에서는 매우 당황스럽고 기분이 나쁠 수 있어요.\n\n 여러분은 익숙함에 속아 소중함을 잊었던 사례와 그로 인해 상대방의 기분을 나쁘게 했던 경험이 있나요? 만약 있다면 관계를 회복하기 위해 어떤 노력을 하셨나요? 본인의 경험을 작성해주세요.\n\n 만약 그런 적이 없다면 주변의 이야기나 본인에게 소중함을 주는 사람들에 관해 설명해주세요.",
    "essay_type": "글짓기",
    "essay_level": "2",
    "essay_len": 679,
    "essay_main_subject": "소중함을 잃었던 경험"
  }
}