{
  "paragraph": [
    {
      "paragraph_txt": "소중함을 알수있는건 내 마음을 얼마나 표현하느냐에 있는거 같다.#@문장구분# 우리는 소중한 마음을 표현할줄 모르는 것 같다.#@문장구분# 당연히 소중하고 당연히 내편인 내편이라고 생각하는 거 같다#@문장구분# 우리는 누군가 \"당신에게 가장 소중한 것은 무엇인가요?\"라는 질문을 받으면 많은 이들이 가족 이라고 말한다.#@문장구분# 우리는 누구보다 가족의 소중함을 머리로는 잘 알고 있지만 그걸 행동이나 말로 잘 표현하지는 못한다.#@문장구분# 이유가 무엇일까?#@문장구분# 내가 생각한 이유는 편하고 익숙하기 때문인 것 같다.#@문장구분# 우리는 연인이나 친구들에게는 장난이든 진심이든 사랑한다, 좋아한다, 보고 싶다 등 우리가 모르는 사이 생각보다 많은 애정표현을 한다.#@문장구분# 하지만 가족에게는 친구와 연인에게 하는 애정표현에 반도 안 한다.#@문장구분# 가족은 나와 가장 많은 시간을 보내는 사람들이다.#@문장구분# 그만큼 익숙하고 편하다.#@문장구분# 사랑한다고 말하지 않아도 사랑한다는 것을 다 안다고 생각하고, 보고 싶다고 하지 않아도 언젠가는 봐야 할 사이기에 말을 하지 않는 것 같다.#@문장구분# 하지만 사람들은 확인 받고 싶어한다.#@문장구분# 그게 가족일지라도 사랑한다는 말을 듣고 싶어 하고, 사랑받는 느낌을 느끼고 싶어 한다.#@문장구분# 우리는 가까운 사이일수록 익숙함에 속아 소중함을 잃는다.#@문장구분# 나 또한 마찬가지다.#@문장구분# 오래 사귄 연인에게 소홀해 지고, 가족들에게 괜히 짜증 내고 화를 내고, 가까운 친구들에게 연락이 뜸해지고 이런 관계들에 익숙해진다.#@문장구분# 학교에서든 먼저 이 세상을 살아온 사람들에게는 항상 가족에게 지금이라도 사랑한다는 말하라고 하지만 그때뿐이다.#@문장구분#",
      "paragraph_len": 1096,
      "paragraph_id": "001"
    }
  ],
  "score": {
    "paragraph_score": [
      {
        "paragraph_scoreT": [
          3,
          3,
          3
        ],
        "paragraph_scoreT_detail": {
          "paragraph_scoreT_exp": [
            [
              3,
              3,
              3
            ],
            [
              3,
              3,
              3
            ],
            [
              3,
              3,
              3
            ]
          ]
        },
        "paragraph_scoreT_avg": 3,
        "paragraph_id": "001"
      }
    ],
    "essay_scoreT": [
      30,
      26.61111,
      30
    ],
    "essay_scoreT_avg": 28.87037,
    "essay_scoreT_detail": {
      "essay_scoreT_org": [
        [
          3,
          3,
          3,
          3
        ],
        [
          2,
          3,
          3,
          3
        ],
        [
          3,
          3,
          3,
          3
        ]
      ],
      "essay_scoreT_cont": [
        [
          3,
          3,
          0,
          3
        ],
        [
          2,
          3,
          0,
          2
        ],
        [
          3,
          3,
          0,
          3
        ]
      ],
      "essay_scoreT_exp": [
        [
          3,
          3,
          3
        ],
        [
          3,
          3,
          3
        ],
        [
          3,
          3,
          3
        ]
      ]
    }
  },
  "student": {
    "date": "2021.12.12",
    "student_educated": true,
    "student_grade": "고등_1학년",
    "location": "063",
    "student_grade_group": "고등",
    "student_reading": 2
  },
  "rubric": {
    "essay_grade": "고등_1학년",
    "organization_weight": {
      "org_paragraph": 2,
      "org": 2,
      "org_essay": 4,
      "org_coherence": 2,
      "org_quantity": 1
    },
    "essay_type": "글짓기",
    "content_weight": {
      "con_clearance": 4,
      "con_novelty": 3,
      "con": 4,
      "con_prompt": 0,
      "con_description": 1
    },
    "essay_main_subject": "소중함을 잃었던 경험",
    "expression_weight": {
      "exp_style": 1,
      "exp_grammar": 2,
      "exp_vocab": 3,
      "exp": 4
    }
  },
  "correction": [],
  "info": {
    "essay_id": "ESSAY_61299",
    "essay_prompt": " 익숙함에 속아 소중함을 잊지 말자는 명언 (Do not get fooled by something familiar and forget what is priceless.)이 있습니다.\n\n 부모님께서 매일 해주시는 아침밥이나, 너무 친해서 매일 맛있는 간식을 사주는 친구 등 처음에는 매우 감사했지만 반복되는 호의에 우리는 소중함을 잊어가기도 합니다.\n\n 작은 소중함일지라도 그 소중함을 잃게 되면 호의를 베푸는 사람 입장에서는 매우 당황스럽고 기분이 나쁠 수 있어요.\n\n 여러분은 익숙함에 속아 소중함을 잊었던 사례와 그로 인해 상대방의 기분을 나쁘게 했던 경험이 있나요? 만약 있다면 관계를 회복하기 위해 어떤 노력을 하셨나요? 본인의 경험을 작성해주세요.\n\n 만약 그런 적이 없다면 주변의 이야기나 본인에게 소중함을 주는 사람들에 관해 설명해주세요.",
    "essay_type": "글짓기",
    "essay_level": "2",
    "essay_len": 737,
    "essay_main_subject": "소중함을 잃었던 경험"
  }
}