{
  "paragraph": [
    {
      "paragraph_txt": "부모님은 항상 저에게 종이 좀 아껴 쓰라고 말씀하십니다.#@문장구분# 저는 이런 잔소리 듣는것이 너무 싫었습니다.#@문장구분# 매일 저에게 종이 아껴써라, 물티슈는 한장씩만 뽑아 쓰거라, 휴지는 필요한 만큼만 뽑아쓰고 수건을 이용해서 손을 닦아라 등 유난히 종이에 집착하여 아껴쓰라는 말씀을 많이 하십니다.#@문장구분# 아버지가 종이만드는 회사에 다니시는 통에 저희집은 A4 종이 뿐만 아니라 각종 휴지나 이런것들이 많이 있습니다.#@문장구분# 하지만 이렇게 많은데 항상 아껴쓰라고 하시는 이유를 알수가 없습니다.#@문장구분# 하루는 아빠께서 프린터 옆에 버리려고 둔 이면지 뭉치를 뒤적거리시더니 앞면만 사용한 종이를 다시 재활용하라면서 이면지를 모아서 연습장으로 만들어 오셨습니다.#@문장구분# 종이가 몇 박스나 있는데 이면지까지 재활용해서 써야 하는지 아빠는 쪼잔하다고 생각하였고 엄마께 불평을 늘어놓았습니다.#@문장구분# 엄마는 아빠께서 회사 일로 인도네시아 벌목현장에 다녀오셨는데 그때 너무 많은 나무를 베어서 종이 만드는데 사용하니까 종이를 아껴야 겠다고 생각하셨다고 그렇게 많은 나무를 베면 지구에 나무가 다 사라질수도 있겠다고 하셨던 젊은 시절 이야기를 해주셨습니다.#@문장구분# 나무가 종이가 되려면 십년은 족히 걸리는데 내가 종이를 사용하는데 1분도 걸리지 않습니다.#@문장구분# 이런 시간차를 생각해서 우리는 종이를 아껴쓰고 자연을 보호하여야 됩니다.#@문장구분# 나중에 나무가 모두 사라져서 종이가 소중해 지지 않도록 지금 우리가 흔히 사용하는 종이를 아껴서 나무를 보호해야 겠습니다.#@문장구분#",
      "paragraph_len": 936,
      "paragraph_id": "001"
    }
  ],
  "score": {
    "paragraph_score": [
      {
        "paragraph_scoreT": [
          3,
          3,
          2.6666667
        ],
        "paragraph_scoreT_detail": {
          "paragraph_scoreT_exp": [
            [
              3,
              3,
              3
            ],
            [
              3,
              3,
              3
            ],
            [
              2,
              3,
              3
            ]
          ]
        },
        "paragraph_scoreT_avg": 2.888889,
        "paragraph_id": "001"
      }
    ],
    "essay_scoreT": [
      25.61111,
      28,
      26.5
    ],
    "essay_scoreT_avg": 26.703705,
    "essay_scoreT_detail": {
      "essay_scoreT_org": [
        [
          2,
          3,
          3,
          3
        ],
        [
          3,
          3,
          3,
          3
        ],
        [
          3,
          3,
          3,
          3
        ]
      ],
      "essay_scoreT_cont": [
        [
          2,
          2,
          0,
          3
        ],
        [
          3,
          2,
          0,
          2
        ],
        [
          2,
          2,
          0,
          3
        ]
      ],
      "essay_scoreT_exp": [
        [
          3,
          3,
          3
        ],
        [
          3,
          3,
          3
        ],
        [
          3,
          3,
          3
        ]
      ]
    }
  },
  "student": {
    "date": "2021.12.18",
    "student_educated": true,
    "student_grade": "고등_1학년",
    "location": "063",
    "student_grade_group": "고등",
    "student_reading": 2
  },
  "rubric": {
    "essay_grade": "고등_1학년",
    "organization_weight": {
      "org_paragraph": 2,
      "org": 2,
      "org_essay": 4,
      "org_coherence": 2,
      "org_quantity": 1
    },
    "essay_type": "글짓기",
    "content_weight": {
      "con_clearance": 4,
      "con_novelty": 3,
      "con": 4,
      "con_prompt": 0,
      "con_description": 1
    },
    "essay_main_subject": "소중함을 잃었던 경험",
    "expression_weight": {
      "exp_style": 1,
      "exp_grammar": 2,
      "exp_vocab": 3,
      "exp": 4
    }
  },
  "correction": [],
  "info": {
    "essay_id": "ESSAY_73746",
    "essay_prompt": " 익숙함에 속아 소중함을 잊지 말자는 명언 (Do not get fooled by something familiar and forget what is priceless.)이 있습니다.\n\n 부모님께서 매일 해주시는 아침밥이나, 너무 친해서 매일 맛있는 간식을 사주는 친구 등 처음에는 매우 감사했지만 반복되는 호의에 우리는 소중함을 잊어가기도 합니다.\n\n 작은 소중함일지라도 그 소중함을 잃게 되면 호의를 베푸는 사람 입장에서는 매우 당황스럽고 기분이 나쁠 수 있어요.\n\n 여러분은 익숙함에 속아 소중함을 잊었던 사례와 그로 인해 상대방의 기분을 나쁘게 했던 경험이 있나요? 만약 있다면 관계를 회복하기 위해 어떤 노력을 하셨나요? 본인의 경험을 작성해주세요.\n\n 만약 그런 적이 없다면 주변의 이야기나 본인에게 소중함을 주는 사람들에 관해 설명해주세요.",
    "essay_type": "글짓기",
    "essay_level": "2",
    "essay_len": 716,
    "essay_main_subject": "소중함을 잃었던 경험"
  }
}