{
  "paragraph": [
    {
      "paragraph_txt": "저는 익숙함에 속아 소중함을 잊었던 사례가 많지는 않지만, 누나에게 그런 사례가 있습니다.#@문장구분# 제가 유치원을 다녔을 때 저희 부모님이 맞벌이하셔서 누나가 유치원을 데려다주고 유치원이 끝나면 데려오는 날들이 많았어요.#@문장구분# 그때 누나도 초등학생이어서 많이 어린 나이였죠.#@문장구분# 어린 나이인데도 저를 항상 데려다주고 데려오는 그런 모습이 너무 좋고 행복했었던 적이 있습니다.#@문장구분# 그렇게 시간이 지나 저도 나이를 먹고 고등학생이 되고, 누나는 성인이 되었죠.#@문장구분# 이렇게 시간이 많이 지나가 보니 누나가 예전에 저한테 해준 그런 모습들은 까먹고 편하다는 이유로 누나가 저한테 사소한 부탁을 해도 친구들이 먼저였고, 누나는 뒷전이고 말싸움을 하면 지기 싫어서 오히려 누나를 울린 적도 많아요.#@문장구분# 생각해보니 이런 게 익숙함에 속아서 소중한 누나를 잊은 사례 같아요#@문장구분#. 항상 보는 가족이라 너무 편하게 생각했고 사과하면 끝이지 이런 생각들도 한 거 같아요.#@문장구분# 오히려 가족이고 세상에 하나뿐인 저희 누나인데 실망스럽게 한 거 같아요.#@문장구분# 그래서 저는 앞으로 더 친근하게 먼저 다가가고 무슨 사건으로 싸우게 돼도 먼저 사과하는 사람이 되려고 노력해요.#@문장구분# 저보다 3살 많은 누나이고 부모님 다음으로 저의 부모님이기 때문에 누나한테 정말 잘해야 하고 누구보다 사이좋은 남매로 지내고 싶어요.#@문장구분# 익숙함에 속아 소중한 저희 누나를 잊으면 안 되잖아요.#@문장구분#",
      "paragraph_len": 908,
      "paragraph_id": "001"
    }
  ],
  "score": {
    "paragraph_score": [
      {
        "paragraph_scoreT": [
          3,
          2.1666667,
          2.1666667
        ],
        "paragraph_scoreT_detail": {
          "paragraph_scoreT_exp": [
            [
              3,
              3,
              3
            ],
            [
              2,
              2,
              3
            ],
            [
              2,
              2,
              3
            ]
          ]
        },
        "paragraph_scoreT_avg": 2.4444447,
        "paragraph_id": "001"
      }
    ],
    "essay_scoreT": [
      30,
      24.666668,
      25.333334
    ],
    "essay_scoreT_avg": 26.666666,
    "essay_scoreT_detail": {
      "essay_scoreT_org": [
        [
          3,
          3,
          3,
          3
        ],
        [
          3,
          3,
          3,
          3
        ],
        [
          2,
          2,
          3,
          3
        ]
      ],
      "essay_scoreT_cont": [
        [
          3,
          3,
          0,
          3
        ],
        [
          2,
          3,
          0,
          3
        ],
        [
          3,
          3,
          0,
          3
        ]
      ],
      "essay_scoreT_exp": [
        [
          3,
          3,
          3
        ],
        [
          2,
          2,
          3
        ],
        [
          2,
          2,
          3
        ]
      ]
    }
  },
  "student": {
    "date": "2021.12.14",
    "student_educated": true,
    "student_grade": "고등_1학년",
    "location": "053",
    "student_grade_group": "고등",
    "student_reading": 2
  },
  "rubric": {
    "essay_grade": "고등_1학년",
    "organization_weight": {
      "org_paragraph": 2,
      "org": 2,
      "org_essay": 4,
      "org_coherence": 2,
      "org_quantity": 1
    },
    "essay_type": "글짓기",
    "content_weight": {
      "con_clearance": 4,
      "con_novelty": 3,
      "con": 4,
      "con_prompt": 0,
      "con_description": 1
    },
    "essay_main_subject": "소중함을 잃었던 경험",
    "expression_weight": {
      "exp_style": 1,
      "exp_grammar": 2,
      "exp_vocab": 3,
      "exp": 4
    }
  },
  "correction": [],
  "info": {
    "essay_id": "ESSAY_61587",
    "essay_prompt": " 익숙함에 속아 소중함을 잊지 말자는 명언 (Do not get fooled by something familiar and forget what is priceless.)이 있습니다.\n\n 부모님께서 매일 해주시는 아침밥이나, 너무 친해서 매일 맛있는 간식을 사주는 친구 등 처음에는 매우 감사했지만 반복되는 호의에 우리는 소중함을 잊어가기도 합니다.\n\n 작은 소중함일지라도 그 소중함을 잃게 되면 호의를 베푸는 사람 입장에서는 매우 당황스럽고 기분이 나쁠 수 있어요.\n\n 여러분은 익숙함에 속아 소중함을 잊었던 사례와 그로 인해 상대방의 기분을 나쁘게 했던 경험이 있나요? 만약 있다면 관계를 회복하기 위해 어떤 노력을 하셨나요? 본인의 경험을 작성해주세요.\n\n 만약 그런 적이 없다면 주변의 이야기나 본인에게 소중함을 주는 사람들에 관해 설명해주세요.",
    "essay_type": "글짓기",
    "essay_level": "2",
    "essay_len": 670,
    "essay_main_subject": "소중함을 잃었던 경험"
  }
}