{
  "paragraph": [
    {
      "paragraph_txt": "전염되고 감염되면 좋은 웃음.#@문장구분# 코로나 시대를 맞이하여 마스크에 친구들의 미소가 감춰지고, 줄어들었다.#@문장구분#팝콘을 먹으면서 영화를 보고, 왁자지껄 수다 떨며 밥에 웃음을 비벼먹고 입으로 할 수 있는 최고의 선물인 웃음을 나눌 수 있었다.#@문장구분# 친구들과 만나 밤늦게 까지 놀고, 어른들은 술자리를 통해 그 날의 회포와 노고를 나누며 풀었고, 비행기를 타고 해외로 여행을 가서 새로운 견을 쌓는 것은 우리들에게 '당연한 것'으로 여겨져 왔다.#@문장구분# 하지만 '코로나'라는 언택트 환경이 도래되면서 우리는 우리가 자유롭게, 편하게 누리던 것들을 마음껏 여기지 못하게 되었고 사치가 되었다.#@문장구분# 안하는 것이 아닌 못하는 것이 되어버린 우리가 즐기던 것들은 '당연한 것'들이 아닌 '소중한 것'들이었던 것이다.#@문장구분# 질병 때문에 우리가 누려야 할 것들을 누리지 못하는 것은 사회의 안전과 건강을 위해서 마땅히 바쳐야 하는 것이지만, 익숙하고 당연하게 여겨왔던 것들일수록 그 소중함을 뼈저리게 느끼게 되는 것은 피할 수 없는 현실이다.#@문장구분# 대한민국에 첫 코로나 환자가 생겼던 2020년 1월부터 2021년 12월까지 우리는 마스크를 벗고 친구나 가족과 함께 돗자리를 깔고 공원에 누워 밤하늘을 올려다보며 신선한 공기를 마시는 것의 '사소한 행복'을 누리지도 못했다.#@문장구분# 한마디로 우리는, 질병에게 우리의 자유와 소중함을 빼앗긴 것이다.#@문장구분# 익숙한 것에 속아 소중한 것을 느끼지 못했던 것은 단순히 우리의 자유에만 국한되는 이야기가 아니다.#@문장구분# 나는 코로나 시대가 시작된 이후 우리나라의 의료체계를 더욱 소중히 여기게 되었다. 아프면 당연히 병원을 가고, 돈을 지불한 만큼 일종의 '서비스'를 받는 것인 줄로만 알았던 의료 치료들은 더 이상 함부로 여겨야 할 것이 아닌, 소중하게 여겨야 한다는 것을 깨달았다.#@문장구분# 대한민국 국민들의 건강과 사회 완전을 위해서 기꺼이 자신을 희생하여 오늘도 대한민국의 방역체계가 뚫리지 않게 노력하는 의료진들과 의료서비스는 더 이상 '익숙한 것'이 아닌 '소중한 것'으로 정의되어야 할 것이다.#@문장구분# 우리의 사소한 행동들 하나로 큰 변화를 불러일으킬 수 있다.#@문장구분# 불편함을 조금만 더 참고, 늘 긴장을 늦추지 않는다면, 정말로 모두의 염원처럼 '코로나 종말'을 맞이할 수도 있을 것이라고 생각한다.#@문장구분#",
      "paragraph_len": 1378,
      "paragraph_id": "001"
    }
  ],
  "score": {
    "paragraph_score": [
      {
        "paragraph_scoreT": [
          3,
          3,
          2.1666667
        ],
        "paragraph_scoreT_detail": {
          "paragraph_scoreT_exp": [
            [
              3,
              3,
              3
            ],
            [
              3,
              3,
              3
            ],
            [
              2,
              2,
              3
            ]
          ]
        },
        "paragraph_scoreT_avg": 2.7222223,
        "paragraph_id": "001"
      }
    ],
    "essay_scoreT": [
      30,
      30,
      26.666668
    ],
    "essay_scoreT_avg": 28.888891,
    "essay_scoreT_detail": {
      "essay_scoreT_org": [
        [
          3,
          3,
          3,
          3
        ],
        [
          3,
          3,
          3,
          3
        ],
        [
          3,
          3,
          3,
          3
        ]
      ],
      "essay_scoreT_cont": [
        [
          3,
          3,
          0,
          3
        ],
        [
          3,
          3,
          0,
          3
        ],
        [
          3,
          3,
          0,
          3
        ]
      ],
      "essay_scoreT_exp": [
        [
          3,
          3,
          3
        ],
        [
          3,
          3,
          3
        ],
        [
          2,
          2,
          3
        ]
      ]
    }
  },
  "student": {
    "date": "2021.12.07",
    "student_educated": true,
    "student_grade": "고등_1학년",
    "location": "031",
    "student_grade_group": "고등",
    "student_reading": 2
  },
  "rubric": {
    "essay_grade": "고등_1학년",
    "organization_weight": {
      "org_paragraph": 2,
      "org": 2,
      "org_essay": 4,
      "org_coherence": 2,
      "org_quantity": 1
    },
    "essay_type": "글짓기",
    "content_weight": {
      "con_clearance": 4,
      "con_novelty": 3,
      "con": 4,
      "con_prompt": 0,
      "con_description": 1
    },
    "essay_main_subject": "소중함을 잃었던 경험",
    "expression_weight": {
      "exp_style": 1,
      "exp_grammar": 2,
      "exp_vocab": 3,
      "exp": 4
    }
  },
  "correction": [],
  "info": {
    "essay_id": "ESSAY_57003",
    "essay_prompt": " 익숙함에 속아 소중함을 잊지 말자는 명언 (Do not get fooled by something familiar and forget what is priceless.)이 있습니다.\n\n 부모님께서 매일 해주시는 아침밥이나, 너무 친해서 매일 맛있는 간식을 사주는 친구 등 처음에는 매우 감사했지만 반복되는 호의에 우리는 소중함을 잊어가기도 합니다.\n\n 작은 소중함일지라도 그 소중함을 잃게 되면 호의를 베푸는 사람 입장에서는 매우 당황스럽고 기분이 나쁠 수 있어요.\n\n 여러분은 익숙함에 속아 소중함을 잊었던 사례와 그로 인해 상대방의 기분을 나쁘게 했던 경험이 있나요? 만약 있다면 관계를 회복하기 위해 어떤 노력을 하셨나요? 본인의 경험을 작성해주세요.\n\n 만약 그런 적이 없다면 주변의 이야기나 본인에게 소중함을 주는 사람들에 관해 설명해주세요.",
    "essay_type": "글짓기",
    "essay_level": "2",
    "essay_len": 1099,
    "essay_main_subject": "소중함을 잃었던 경험"
  }
}