{
  "paragraph": [
    {
      "paragraph_txt": "우리는 항상 똑같은 일상 속 반복되는 현실에 마주하여 살고 있다. #@문장구분#이러한 삶에 익숙해져 우리는 지금가장 중요한 것을 놓치고 있다.#@문장구분# 어른들은 항상 우리의 앞만 생각하며 책상에 앉히고 우리는 그저 그것에순응하여 반복되는 루틴을 살아오고 있는 것이다. #@문장구분#나도 어렸을 적에는 아이디어가 넘쳐났었다.#@문장구분# 누군가가보았을 때 이상한 정도로 말도 안 되는 이야기들을 나열해 계속 말해 나갔기 때문이다.#@문장구분# 하지만 그것도얼마 가지 않아 초등학교에 졸업 후 중학교에 입학하게 된다. #@문장구분#모든 부모들은 아마 생각할 것이다 우리아이가 기초부터 잘 잡아놔야 나중에 가서도 잘 되겠지 이런 식으로 시작하게 된다면 이 부모들은 분명실패한 것이다. #@문장구분#생각해 보아라 당신들이 만약 이 선택권에 놓이게 되고 하게 된다면 누가 이것을좋아하겠는가 이제 막 성장기에 접어들어 경험하고 배워야 할 것도 많은데 그냥 책상에 앉혀놓고 공부만하라고 하면 그게 되겠는가#@문장구분#오히려 아이는 그것을 탈출하려고 애를 쓰게 될 것이다.#@문장구분# 아이가 최적의조건에서 발달하게 되는 것은 자신이 직접 경험해보고 직접 느껴봐야 한다는 것이다,#@문장구분# 하지만 아이가 이것을 느끼지도 못하게 자신들이 경험을 해봤느니 이것은 안 좋다느냐 이렇게 하면 아이가 자체적으로 무엇을 느끼겠냐는 말이다.#@문장구분# 결국 직접 느껴서 책을 잡고 공부를 시작하는 것보다 다른 시선을 피해 점점 더 숨고 더 놀고 싶은 충동을 나중에 더 느끼게 될 것이다.#@문장구분# 이러한 이유들 때문에 중학교 때 어릴 때는 정신교육으로 기강을 잡지 말라는 이야기이다.#@문장구분# 지금의 나를 보고 느끼는 것은 옛날에는 아이디어가 뭐만 하면 수십 개로 머릿속에서 튀어나왔지만 지금으로선 주입식 교육으로 그냥 저건 저거구나 하며 새로운 아이디어가 나오지 않는다#@문장구분# 이런 모습을 보면 내가 참 한심하고 생각에 깊이 잠기게 된다.#@문장구분# 소중함이란 정리해 보자면 눈에는 안 보이지만 항상 우리의 곁에 존재하는 것이다. #@문장구분#필요하지 않을 때는 어디에나 존재하지만 그 존재를 필요로 할 때는 그 존재는 흔적도 없이 찾을 수 없을 것이다. #@문장구분#그러므로 우리는 주변에 존재하는 작지만 소중한 존재를 생각하며 하루하루를 보내야 한다.#@문장구분# 왜냐하면 그것은 항상 자신의 곁에 존재하는 게 아니기 때문에..........#@문장구분# 우리는 항상 고마움을 느끼며 소중함을 잊지 말아야 한다.#@문장구분#",
      "paragraph_len": 1506,
      "paragraph_id": "001"
    }
  ],
  "score": {
    "paragraph_score": [
      {
        "paragraph_scoreT": [
          3,
          2.8333333,
          1.8333334
        ],
        "paragraph_scoreT_detail": {
          "paragraph_scoreT_exp": [
            [
              3,
              3,
              3
            ],
            [
              3,
              3,
              2
            ],
            [
              2,
              2,
              1
            ]
          ]
        },
        "paragraph_scoreT_avg": 2.5555556,
        "paragraph_id": "001"
      }
    ],
    "essay_scoreT": [
      30,
      27.333332,
      15.555555
    ],
    "essay_scoreT_avg": 24.296295,
    "essay_scoreT_detail": {
      "essay_scoreT_org": [
        [
          3,
          3,
          3,
          3
        ],
        [
          3,
          3,
          3,
          3
        ],
        [
          2,
          2,
          2,
          3
        ]
      ],
      "essay_scoreT_cont": [
        [
          3,
          3,
          0,
          3
        ],
        [
          3,
          2,
          0,
          2
        ],
        [
          1,
          1,
          0,
          1
        ]
      ],
      "essay_scoreT_exp": [
        [
          3,
          3,
          3
        ],
        [
          3,
          3,
          2
        ],
        [
          2,
          2,
          1
        ]
      ]
    }
  },
  "student": {
    "date": "2021.09.02",
    "student_educated": true,
    "student_grade": "고등_1학년",
    "location": "051",
    "student_grade_group": "고등",
    "student_reading": 2
  },
  "rubric": {
    "essay_grade": "고등_1학년",
    "organization_weight": {
      "org_paragraph": 2,
      "org": 2,
      "org_essay": 4,
      "org_coherence": 2,
      "org_quantity": 1
    },
    "essay_type": "글짓기",
    "content_weight": {
      "con_clearance": 4,
      "con_novelty": 3,
      "con": 4,
      "con_prompt": 0,
      "con_description": 1
    },
    "essay_main_subject": "소중함을 잃었던 경험",
    "expression_weight": {
      "exp_style": 1,
      "exp_grammar": 2,
      "exp_vocab": 3,
      "exp": 4
    }
  },
  "correction": [],
  "info": {
    "essay_id": "ESSAY_34087",
    "essay_prompt": " 익숙함에 속아 소중함을 잊지 말자는 명언 (Do not get fooled by something familiar and forget what is priceless.)이 있습니다.\n\n 부모님께서 매일 해주시는 아침밥이나, 너무 친해서 매일 맛있는 간식을 사주는 친구 등 처음에는 매우 감사했지만 반복되는 호의에 우리는 소중함을 잊어가기도 합니다.\n\n 작은 소중함일지라도 그 소중함을 잃게 되면 호의를 베푸는 사람 입장에서는 매우 당황스럽고 기분이 나쁠 수 있어요.\n\n 여러분은 익숙함에 속아 소중함을 잊었던 사례와 그로 인해 상대방의 기분을 나쁘게 했던 경험이 있나요? 만약 있다면 관계를 회복하기 위해 어떤 노력을 하셨나요? 본인의 경험을 작성해주세요.\n\n 만약 그런 적이 없다면 주변의 이야기나 본인에게 소중함을 주는 사람들에 관해 설명해주세요.",
    "essay_type": "글짓기",
    "essay_level": "2",
    "essay_len": 1108,
    "essay_main_subject": "소중함을 잃었던 경험"
  }
}