{
  "paragraph": [
    {
      "paragraph_txt": "나에게 소중함이 뭐였을지 다시 생각하게 된다.#@문장구분# 첫 번째로는 가족이있을거고 이건 세상무엇과도 누구와도 바꿀수 없을 것 이다.#@문장구분# 이건 나뿐만이 아니라 모든이들이 생각하는 공통점일 수도 있겟다.#@문장구분# 가족을 잃은것에 대한 경험을 말해보려고 한다.#@문장구분# 이건 지극히 개인적인 견해이기도하고 오롯이 내생각과 경험에서 나오는 것들이다.#@문장구분# 난 오랜 시절 동안 할머니와 살았다. #@문장구분#부모님이 이혼을 했고 , 거기에 난 내선택권이 없이 할머니와 살아야 했다.#@문장구분# 처음엔 부모님 원망도 많이했다.#@문장구분# 다른 아이들처럼 가족들끼리 놀러도 가고 싶었고, 우리 가족들과 함께이고 싶은 적도 많았다. #@문장구분#어린나이지만 가족이 무척이나 그리웠다.#@문장구분# 엄마아빠와 함께해야하는 필요를 느끼는 매순간 순간엔 할머니와 외삼촌이 함께였고, 난 하나밖에없는 내동생과 함께였다. #@문장구분#일년이지나고 이년이 지나고 한해 한해가 지나갈수록 할머니와 정은 두터워져갔다.#@문장구분# 나역시 부모님께 의지할곳이 없어 할머니에게 의지 하곤했다.#@문장구분# 어렸을적을 생각하니 덜컥 눈물부터난다. #@문장구분#친구들은 이해못할 말들과 생각을 할머니는 이해해 주셨고 , 내친구가 되어주셨고 내 부모님이 되어주셨다.#@문장구분#아니 바로잡자면 그시절엔 내부모와 다름 없었다.#@문장구분# 그렇게 10년을 할머니와 부대끼며 살았고 할머니는 점점 나이가 먹을수록 아픈곳이 늘었다.#@문장구분# 그러다 자궁 경부암 진단을 받으셨고, 병원이아닌 호스피스 병동에 계셨다.#@문장구분# 늘 나와 함께일것만 같았던 할머니를 지켜보는게 너무 마음이 아팠다.#@문장구분# 아니 그냥 억장이 무너져 내렸다.#@문장구분# 호흡기를 꽂는 모습 .누워있는 할머니모습 할머니가 병동에 있는동안 따뜻한 손한번 잡아드리지 못했다.#@문장구분# 무서웠다.#@문장구분# 이러다 없어지실까바 더만질 수가 없었다.#@문장구분# 볼때마다 눈물이 났다.#@문장구분# 무엇과도 비교 할 수 없이 너무 소중한 사람인데 아니 내전부라도 과언이 아닐만큼 너무너무 좋은사람인데 하루아침에 없어질까바 그생각에 사로잡혀서 아무것도 할 수가 없었다. #@문장구분#그렇게지내기를 두달이 지났다.#@문장구분# 오후 2시가넘어서 연락이왔다.#@문장구분# 할머니가 돌아가셨다고 . 세상이 무너지면 이런 느낌일까?#@문장구분# 뭐라고 말로 표현해야 할지를 모르겠다. #@문장구분#아니 말이 안나왔다.#@문장구분# 엄마이자 친구이나 내전부였는데 할머니는 없었다.#@문장구분# 사라졌다.#@문장구분# 허공에 계속 불렀다. #@문장구분#할머니 할머니 할머니 우리할머니 .. 몇 년이 지났지만 지금도 생각이난다.#@문장구분# 우리할머니 불쌍한 우리할머니 .. 소중한 걸 잃는다는건 세상에 내존재가 사라지는 것 같앗다. #@문장구분#되돌릴수가 없다는게 내가할수 있는게 없다는게 더나를 힘들게 했다.#@문장구분# 어떻게 살아가야할지 어떻게 해야할지 막막했다.#@문장구분# 보고싶다 우리할머니 소중함을 잃었던 경험을 써보려하니 할머니밖에 생각이 안 난다. #@문장구분#소중함은 소중함으로 간직하고싶다.#@문장구분#",
      "paragraph_len": 2064,
      "paragraph_id": "001"
    }
  ],
  "score": {
    "paragraph_score": [
      {
        "paragraph_scoreT": [
          2.5,
          3,
          3
        ],
        "paragraph_scoreT_detail": {
          "paragraph_scoreT_exp": [
            [
              2,
              3,
              2
            ],
            [
              3,
              3,
              3
            ],
            [
              3,
              3,
              3
            ]
          ]
        },
        "paragraph_scoreT_avg": 2.8333333,
        "paragraph_id": "001"
      }
    ],
    "essay_scoreT": [
      27.11111,
      28.5,
      30
    ],
    "essay_scoreT_avg": 28.537039,
    "essay_scoreT_detail": {
      "essay_scoreT_org": [
        [
          2,
          3,
          3,
          3
        ],
        [
          3,
          3,
          3,
          3
        ],
        [
          3,
          3,
          3,
          3
        ]
      ],
      "essay_scoreT_cont": [
        [
          3,
          3,
          0,
          3
        ],
        [
          3,
          2,
          0,
          3
        ],
        [
          3,
          3,
          0,
          3
        ]
      ],
      "essay_scoreT_exp": [
        [
          2,
          3,
          2
        ],
        [
          3,
          3,
          3
        ],
        [
          3,
          3,
          3
        ]
      ]
    }
  },
  "student": {
    "date": "2021.12.22",
    "student_educated": true,
    "student_grade": "고등_1학년",
    "location": "063",
    "student_grade_group": "고등",
    "student_reading": 1
  },
  "rubric": {
    "essay_grade": "고등_1학년",
    "organization_weight": {
      "org_paragraph": 2,
      "org": 2,
      "org_essay": 4,
      "org_coherence": 2,
      "org_quantity": 1
    },
    "essay_type": "글짓기",
    "content_weight": {
      "con_clearance": 4,
      "con_novelty": 3,
      "con": 4,
      "con_prompt": 0,
      "con_description": 1
    },
    "essay_main_subject": "소중함을 잃었던 경험",
    "expression_weight": {
      "exp_style": 1,
      "exp_grammar": 2,
      "exp_vocab": 3,
      "exp": 4
    }
  },
  "correction": [],
  "info": {
    "essay_id": "ESSAY_75454",
    "essay_prompt": " 익숙함에 속아 소중함을 잊지 말자는 명언 (Do not get fooled by something familiar and forget what is priceless.)이 있습니다.\n\n 부모님께서 매일 해주시는 아침밥이나, 너무 친해서 매일 맛있는 간식을 사주는 친구 등 처음에는 매우 감사했지만 반복되는 호의에 우리는 소중함을 잊어가기도 합니다.\n\n 작은 소중함일지라도 그 소중함을 잃게 되면 호의를 베푸는 사람 입장에서는 매우 당황스럽고 기분이 나쁠 수 있어요.\n\n 여러분은 익숙함에 속아 소중함을 잊었던 사례와 그로 인해 상대방의 기분을 나쁘게 했던 경험이 있나요? 만약 있다면 관계를 회복하기 위해 어떤 노력을 하셨나요? 본인의 경험을 작성해주세요.\n\n 만약 그런 적이 없다면 주변의 이야기나 본인에게 소중함을 주는 사람들에 관해 설명해주세요.",
    "essay_type": "글짓기",
    "essay_level": "2",
    "essay_len": 1284,
    "essay_main_subject": "소중함을 잃었던 경험"
  }
}