{
  "paragraph": [
    {
      "paragraph_txt": "항상 저와 같이 게임을 즐겨했던 친한, 아주 친한 친구가 있었습니다.#@문장구분# 그 친구와 저는 어렸을 때부터 친한건 아니지만 중학교때 처음 만나서 저희가 잘 어울린다는걸 알았습니다.#@문장구분# 왜냐하면 그 친구와 저는 죽과 합이 잘 맞았었고 취미도 비슷해서 마음이 정말 잘 맞는 친구였습니다.#@문장구분# 난 그 친구가 계속 똑같이 행동 할 줄 알았기 때문입니다.#@문장구분# 그 친구는 아마 내가 자신을 등한시 한다는 것을 알고있을 것입니다.#@문장구분# 모른다면 나의 착각일것이고, 기만일 뿐입니다.#@문장구분# 지금 저버려도 나중에도 만날 수 있다고 생각하기에 나를 찾아오는 사람을 후순위에 두고 내가 만나고 싶은 사람을 우선순위에 두어 나를 찾아오는 사람들이 점점 멀어 질 수도 있고 나도 내가 멀리한 사람처럼 내가 찾아가는 사람에게 내가 행동한 것처럼 문전박대 당할수도 있습니다. #@문장구분#그렇게 되지 않기 위해서는 일단 나부터 변해야된다고 생각합니다. #@문장구분#인간관계에서는 나를 찾아줄 때 멀리하지 말고 인간관계에 대해 복잡하게 생각하지말고 그냥 잴것없이 내가 끌린다면 만나는게 좋다고 생각합니다. #@문장구분#그렇게 서로의 기억에서 지워지나 싶을 때 저는 아무리 그래도 가장 친한 친구를 그렇게 떠나보내고 싶진 않았고 용기내어 먼저 연락했을때에 친구도 저를 반갑다고 해주었고 다시금 연락이 닿아 지금은 간간히 놀러도 가면서 과거처럼 잘 지내고 있습니다.#@문장구분# 저는 이번 일을 계기로 정말 소중했던 친구는 자주자주 연락하자는 마음가짐을 가지게 되었습니다.#@문장구분# 내가 좋은 관계를 유지하고 싶으면 먼저 평소에도 잘 대해야 된다는 것을 알았습니다. #@문장구분#앞으로 익숙하고 친밀한 관계이더라도 더 신중하게 행동해야하겠습니다.#@문장구분#",
      "paragraph_len": 1051,
      "paragraph_id": "001"
    }
  ],
  "score": {
    "paragraph_score": [
      {
        "paragraph_scoreT": [
          2.5,
          3,
          2.6666667
        ],
        "paragraph_scoreT_detail": {
          "paragraph_scoreT_exp": [
            [
              3,
              2,
              3
            ],
            [
              3,
              3,
              3
            ],
            [
              2,
              3,
              3
            ]
          ]
        },
        "paragraph_scoreT_avg": 2.7222223,
        "paragraph_id": "001"
      }
    ],
    "essay_scoreT": [
      23.61111,
      28,
      24.666668
    ],
    "essay_scoreT_avg": 25.425926,
    "essay_scoreT_detail": {
      "essay_scoreT_org": [
        [
          2,
          3,
          3,
          3
        ],
        [
          3,
          3,
          3,
          3
        ],
        [
          3,
          3,
          3,
          3
        ]
      ],
      "essay_scoreT_cont": [
        [
          2,
          2,
          0,
          3
        ],
        [
          3,
          2,
          0,
          2
        ],
        [
          2,
          2,
          0,
          2
        ]
      ],
      "essay_scoreT_exp": [
        [
          3,
          2,
          3
        ],
        [
          3,
          3,
          3
        ],
        [
          2,
          3,
          3
        ]
      ]
    }
  },
  "student": {
    "date": "2021.12.20",
    "student_educated": true,
    "student_grade": "고등_1학년",
    "location": "063",
    "student_grade_group": "고등",
    "student_reading": 1
  },
  "rubric": {
    "essay_grade": "고등_1학년",
    "organization_weight": {
      "org_paragraph": 2,
      "org": 2,
      "org_essay": 4,
      "org_coherence": 2,
      "org_quantity": 1
    },
    "essay_type": "글짓기",
    "content_weight": {
      "con_clearance": 4,
      "con_novelty": 3,
      "con": 4,
      "con_prompt": 0,
      "con_description": 1
    },
    "essay_main_subject": "소중함을 잃었던 경험",
    "expression_weight": {
      "exp_style": 1,
      "exp_grammar": 2,
      "exp_vocab": 3,
      "exp": 4
    }
  },
  "correction": [],
  "info": {
    "essay_id": "ESSAY_73773",
    "essay_prompt": " 익숙함에 속아 소중함을 잊지 말자는 명언 (Do not get fooled by something familiar and forget what is priceless.)이 있습니다.\n\n 부모님께서 매일 해주시는 아침밥이나, 너무 친해서 매일 맛있는 간식을 사주는 친구 등 처음에는 매우 감사했지만 반복되는 호의에 우리는 소중함을 잊어가기도 합니다.\n\n 작은 소중함일지라도 그 소중함을 잃게 되면 호의를 베푸는 사람 입장에서는 매우 당황스럽고 기분이 나쁠 수 있어요.\n\n 여러분은 익숙함에 속아 소중함을 잊었던 사례와 그로 인해 상대방의 기분을 나쁘게 했던 경험이 있나요? 만약 있다면 관계를 회복하기 위해 어떤 노력을 하셨나요? 본인의 경험을 작성해주세요.\n\n 만약 그런 적이 없다면 주변의 이야기나 본인에게 소중함을 주는 사람들에 관해 설명해주세요.",
    "essay_type": "글짓기",
    "essay_level": "2",
    "essay_len": 793,
    "essay_main_subject": "소중함을 잃었던 경험"
  }
}