{
  "paragraph": [
    {
      "paragraph_txt": "나는 인형 모으는 것을 굉장히 좋아하는데 그 중에서 가장 좋아하는 베개 인형과 이별하게 된 사연을 소개해보고자 한다.#@문장구분# 우리 집은 어린 시절부터 아버지 직장 때문에 자주 이사를 다닌 편이었다.#@문장구분#",
      "paragraph_len": 146,
      "paragraph_id": "001"
    },
    {
      "paragraph_txt": "결국 잦은 이사로 인해 부모님은 강제적으로 주말 부부화 되었고, 나와 남동생은 어머니와 같이 살기 시작하며 드디어 지긋지긋하던 이사에서 벗어날 수 있었다.#@문장구분# 그러던 어느 날 아버지와 드디어 다같이 살 수 있는 기회가 주어졌다.#@문장구분# 몇 년 동안 헤어져있던 가족과 같이 살 수 있다는 것이 너무 좋았었고, 새로운 집을 구하게 되었다.#@문장구분# 한 번 남동생한테 아빠 없는 애라고 놀림을 하던 애가 있었는데, 동생도 아닌 걸 알고 있지만 서운하긴 했는지 그 말을 나한테 전했었다.#@문장구분# 그 소식을 들은 나는 엄마가 슬퍼할테니까 우리끼리만 알고 있자고 하였다.#@문장구분# 그 이후로 나는 누나로써 책임감 있게 행동 해야 된다고 생각했고 어머니에게 어떻게 하면 더 책임감 있는 누나가 될 수 있는지 여쭤봤을 때 어머니가 장난삼아 집에 있던 인형들을 얘기를 한 것이었다.#@문장구분# 나는 그때 정말 진지하게 받아들여서 집에 있던 인형들을 대부분 정리하고, 특히 가장 좋아하던 베개 인형은 오래 사용해서 허름해지고 낡아버려서 누구한테도 줄 수 없는 상태였기 때문에 그냥 수거장에 넘겨버리고 말았다.#@문장구분# 지금이야 웃으면서 얘기할 수 있지만 당시에 어머니는 얘가 뭘 잘못 먹었길래 그 말을 진지하게 받아들인 걸까 했었다고 한다.#@문장구분# 물론 나에게 소중한 베개 인형이었지만 더 소중한 가족을 위해 사용한 것에 대해 아직까지 후회를 하지는 않는다.#@문장구분# 가끔 생각이 나는 정도이다.#@문장구분#",
      "paragraph_len": 875,
      "paragraph_id": "002"
    }
  ],
  "score": {
    "paragraph_score": [
      {
        "paragraph_scoreT": [
          2.5,
          2.5,
          2
        ],
        "paragraph_scoreT_detail": {
          "paragraph_scoreT_exp": [
            [
              2,
              3,
              2
            ],
            [
              2,
              3,
              2
            ],
            [
              2,
              2,
              2
            ]
          ]
        },
        "paragraph_scoreT_avg": 2.3333333,
        "paragraph_id": "001"
      },
      {
        "paragraph_scoreT": [
          2.5,
          2.5,
          2
        ],
        "paragraph_scoreT_detail": {
          "paragraph_scoreT_exp": [
            [
              3,
              2,
              3
            ],
            [
              2,
              3,
              2
            ],
            [
              2,
              2,
              2
            ]
          ]
        },
        "paragraph_scoreT_avg": 2.3333333,
        "paragraph_id": "002"
      }
    ],
    "essay_scoreT": [
      24.166666,
      23.555555,
      20
    ],
    "essay_scoreT_avg": 22.574074,
    "essay_scoreT_detail": {
      "essay_scoreT_org": [
        [
          2,
          2,
          3,
          3
        ],
        [
          3,
          2,
          3,
          3
        ],
        [
          2,
          2,
          2,
          2
        ]
      ],
      "essay_scoreT_cont": [
        [
          2,
          3,
          0,
          2
        ],
        [
          2,
          2,
          0,
          2
        ],
        [
          2,
          2,
          0,
          2
        ]
      ],
      "essay_scoreT_exp": [
        [
          3,
          2,
          3
        ],
        [
          2,
          3,
          2
        ],
        [
          2,
          2,
          2
        ]
      ]
    }
  },
  "student": {
    "date": "2021.10.20",
    "student_educated": true,
    "student_grade": "고등_1학년",
    "location": "02",
    "student_grade_group": "고등",
    "student_reading": 1
  },
  "rubric": {
    "essay_grade": "고등_1학년",
    "organization_weight": {
      "org_paragraph": 2,
      "org": 2,
      "org_essay": 4,
      "org_coherence": 2,
      "org_quantity": 1
    },
    "essay_type": "글짓기",
    "content_weight": {
      "con_clearance": 4,
      "con_novelty": 3,
      "con": 4,
      "con_prompt": 0,
      "con_description": 1
    },
    "essay_main_subject": "소중함을 잃었던 경험",
    "expression_weight": {
      "exp_style": 1,
      "exp_grammar": 2,
      "exp_vocab": 3,
      "exp": 4
    }
  },
  "correction": [],
  "info": {
    "essay_id": "ESSAY_37998",
    "essay_prompt": " 익숙함에 속아 소중함을 잊지 말자는 명언 (Do not get fooled by something familiar and forget what is priceless.)이 있습니다.\n\n 부모님께서 매일 해주시는 아침밥이나, 너무 친해서 매일 맛있는 간식을 사주는 친구 등 처음에는 매우 감사했지만 반복되는 호의에 우리는 소중함을 잊어가기도 합니다.\n\n 작은 소중함일지라도 그 소중함을 잃게 되면 호의를 베푸는 사람 입장에서는 매우 당황스럽고 기분이 나쁠 수 있어요.\n\n 여러분은 익숙함에 속아 소중함을 잊었던 사례와 그로 인해 상대방의 기분을 나쁘게 했던 경험이 있나요? 만약 있다면 관계를 회복하기 위해 어떤 노력을 하셨나요? 본인의 경험을 작성해주세요.\n\n 만약 그런 적이 없다면 주변의 이야기나 본인에게 소중함을 주는 사람들에 관해 설명해주세요.",
    "essay_type": "글짓기",
    "essay_level": "2",
    "essay_len": 784,
    "essay_main_subject": "소중함을 잃었던 경험"
  }
}