{
  "paragraph": [
    {
      "paragraph_txt": "\"익숙함에 속아 소중함을 잊지말자 (Do not get fooled by something familiar and forget what is priceless)\" 라는 명언은 우리가 살아가면서 만드는 인간관계에 가장 잘 적용되고 있다고 생각이 든다.#@문장구분# 예를 들면 가까운 사이로 친하게 지냈던 친구와 다툼이 생겨 안좋은 사이가 되고, 화해를 한 이후에도 서먹한 사이가 되었을때, 거짓말 등을 하여 다른 사람의 신뢰를 잃었을때이다.#@문장구분# 나의 경우에는 친하게 지냈던 친구와 갈등을 빚어 사이가 안좋아졌을때이다.#@문장구분# 나는 한 친구와 아주 가깝게 지냈고, 그 친구는 내 이야기도 잘 들어주었으며 지내는 동안 행복했었고, 우리 친구관계가 소중하게 느껴졌다.#@문장구분# 하지만 나는 이러한 친구의 노력에도 불구하고, 익숙함에 속아 친구의 기분을 생각하지 않고 장난을 쳤었다.#@문장구분# 나는 그장난이 친구도 같이 즐겼다고 생각했다.#@문장구분# 하지만 나의 장난때문에 친구는 나를 멀리하기 시작하였고, 나의 기분또한 침울해졌다.#@문장구분# 소중함을 잃은것이다.#@문장구분# 하지만 나는 친구와의 관계를 다시금 회복하기 위해서 진심어린 사과를 했다.#@문장구분# 친구는 그것을 받아주었고, 우리 둘은 다시 친하게 지내자고 말하였지만, 예전과 같은 관계는 다시 회복되지 못했다.#@문장구분# 내게는 조금의 소중함이라도 되찾은것이 그나마 다행이였다.#@문장구분# 그때 익숙함에 속지않고 현실에 감사하며 친구의 입장을 한번이라도 생각해보았으면 지금은 달라지지 않았을까?#@문장구분# 아직까지 가끔씩 드는 생각이다.#@문장구분#",
      "paragraph_len": 975,
      "paragraph_id": "001"
    },
    {
      "paragraph_txt": " 그 이후로 나는 친구에게든 누구에게든 내 스스로 선을 지키며 행동하자고 다짐했다.#@문장구분#",
      "paragraph_len": 66,
      "paragraph_id": "002"
    },
    {
      "paragraph_txt": " 어떤 사람이건 편견을 가지지않고 누구에게든 친절하게 대하자고 다짐했다.#@문장구분# 내가 지고들어갈지라도 한낱 내 자존심을 위해 다툼과 갈등을 빚는것은 몰상식한 행동이라고 생각했다.#@문장구분# 그때의 다짐이 지금까지 이루어지고 있는지 아닌지 나는 모르겠다.#@문장구분# 내가 상대방에게 상처를 주는 의도로 하지 않았던 말또는 행동이 상대방에게 상처가 됐었던 적이 있었을 지도 모른다.#@문장구분# \"아픔이 없는 교훈엔 의미가 없다\"라는 말이 있다.#@문장구분# 나는 예전의 나의 잘못된 행동으로 인해 소중함을 잃었던 것을 교훈삼아 소중함을 지키며 살 것이다.#@문장구분#",
      "paragraph_len": 399,
      "paragraph_id": "003"
    }
  ],
  "score": {
    "paragraph_score": [
      {
        "paragraph_scoreT": [
          2.8333333,
          3,
          3
        ],
        "paragraph_scoreT_detail": {
          "paragraph_scoreT_exp": [
            [
              3,
              3,
              2
            ],
            [
              3,
              3,
              3
            ],
            [
              3,
              3,
              3
            ]
          ]
        },
        "paragraph_scoreT_avg": 2.9444444,
        "paragraph_id": "001"
      },
      {
        "paragraph_scoreT": [
          2.8333333,
          3,
          2
        ],
        "paragraph_scoreT_detail": {
          "paragraph_scoreT_exp": [
            [
              3,
              3,
              2
            ],
            [
              3,
              3,
              3
            ],
            [
              2,
              2,
              2
            ]
          ]
        },
        "paragraph_scoreT_avg": 2.611111,
        "paragraph_id": "002"
      },
      {
        "paragraph_scoreT": [
          2.8333333,
          3,
          3
        ],
        "paragraph_scoreT_detail": {
          "paragraph_scoreT_exp": [
            [
              3,
              3,
              2
            ],
            [
              3,
              3,
              3
            ],
            [
              3,
              3,
              3
            ]
          ]
        },
        "paragraph_scoreT_avg": 2.9444444,
        "paragraph_id": "003"
      }
    ],
    "essay_scoreT": [
      27.833332,
      27.61111,
      26.666666
    ],
    "essay_scoreT_avg": 27.370369,
    "essay_scoreT_detail": {
      "essay_scoreT_org": [
        [
          3,
          3,
          3,
          3
        ],
        [
          2,
          3,
          3,
          3
        ],
        [
          2,
          2,
          3,
          3
        ]
      ],
      "essay_scoreT_cont": [
        [
          3,
          2,
          0,
          3
        ],
        [
          3,
          2,
          0,
          3
        ],
        [
          2,
          3,
          0,
          3
        ]
      ],
      "essay_scoreT_exp": [
        [
          3,
          3,
          2
        ],
        [
          3,
          3,
          3
        ],
        [
          3,
          3,
          3
        ]
      ]
    }
  },
  "student": {
    "date": "2021.09.29",
    "student_educated": true,
    "student_grade": "고등_1학년",
    "location": "051",
    "student_grade_group": "고등",
    "student_reading": 1
  },
  "rubric": {
    "essay_grade": "고등_1학년",
    "organization_weight": {
      "org_paragraph": 2,
      "org": 2,
      "org_essay": 4,
      "org_coherence": 2,
      "org_quantity": 1
    },
    "essay_type": "글짓기",
    "content_weight": {
      "con_clearance": 4,
      "con_novelty": 3,
      "con": 4,
      "con_prompt": 0,
      "con_description": 1
    },
    "essay_main_subject": "소중함을 잃었던 경험",
    "expression_weight": {
      "exp_style": 1,
      "exp_grammar": 2,
      "exp_vocab": 3,
      "exp": 4
    }
  },
  "correction": [],
  "info": {
    "essay_id": "ESSAY_35802",
    "essay_prompt": " 익숙함에 속아 소중함을 잊지 말자는 명언 (Do not get fooled by something familiar and forget what is priceless.)이 있습니다.\n\n 부모님께서 매일 해주시는 아침밥이나, 너무 친해서 매일 맛있는 간식을 사주는 친구 등 처음에는 매우 감사했지만 반복되는 호의에 우리는 소중함을 잊어가기도 합니다.\n\n 작은 소중함일지라도 그 소중함을 잃게 되면 호의를 베푸는 사람 입장에서는 매우 당황스럽고 기분이 나쁠 수 있어요.\n\n 여러분은 익숙함에 속아 소중함을 잊었던 사례와 그로 인해 상대방의 기분을 나쁘게 했던 경험이 있나요? 만약 있다면 관계를 회복하기 위해 어떤 노력을 하셨나요? 본인의 경험을 작성해주세요.\n\n 만약 그런 적이 없다면 주변의 이야기나 본인에게 소중함을 주는 사람들에 관해 설명해주세요.",
    "essay_type": "글짓기",
    "essay_level": "2",
    "essay_len": 1044,
    "essay_main_subject": "소중함을 잃었던 경험"
  }
}