{
  "paragraph": [
    {
      "paragraph_txt": "저희 엄마는 아침마다 생선도 구우시고 달걀찜도 하시고 맛있는 아침밥상을 차려 주십니다.#@문장구분# 항상 매일 새벽부터 일어나셔서 뚝딱뚝딱 요리를 하시는데 엄마는 아침을 잘먹어야 하루종일 힘도 나고 머리가 잘돌아가서 공부도 잘하게 된다는 본인만의 확고한 신념으로 이렇게 아침을 거하게 차려주십니다.#@문장구분# 가끔 아침부터 삼겹살을 굽기도 하시고, 갈비찜까지 주시니 아침에 입맛이 없는 저에게는 곤욕이 아닐수 없습니다.#@문장구분# 아빠는 엄마의 성의를 봐서라도 한그릇 뚝딱 드시고 출근하시고 오빠는 워낙 식성이 좋은 사람이라 한그릇 먹고 과일까지 먹고 학교에 갑니다.#@문장구분# 하지만 저는 다이어트도 해야 하고 아침밥은 먹지 않아도 됩니다.#@문장구분# 그시간에 잠이나 더 자고 머리나 더 이뿌게 꾸미고 싶은데 엄마는 아침밥 먹으라고 계속 부르시는 통에 화가 나서 짜증을 부렸습니다.#@문장구분# 엄마는 왜 맨날 밥 밥 밥 거리느냐고 밥 말고 할 이야기 없느냐고 화를 내며 아침부터 이렇게 먹는 거 정말 싫다고 짜증을 부리자 엄마는 눈이 동그랗게 커지셨습니다.#@문장구분# 화를 낼줄 알았던 엄마가 아무 말도 없이 뒤돌아서 설거지를 하시는데 좀 죄송한 마음이 들었지만 이제 밥 먹으라는 소리 않하겠지 하고 생각이 들었습니다.#@문장구분# 다음날 아침 학교 갈시간이 다 되었는데 밥 먹으라는 잔소리가 없어서 나가 봤더니 오빠랑 아빠는 벌써 맛있는 된장국에 밥을 한그릇씩 뚝딱 비우고 있었습니다.#@문장구분# 그런데 제 자리에는 숟가락도 밥그릇도 아무것도 없었습니다.#@문장구분# 않 먹긴 할건데 그래도 먹으라는 소리도 않하니 매우 서운했습니다.#@문장구분# 며칠을 아침을 않챙겨주시는 엄마에게 저때문에 화가 나서 그러시는건지 물었는데 엄마는 너가 다 커서 이제 엄마 마음 대로 않되는거 같아서 너 마음대로 하라고 이러십니다.#@문장구분# 엄마가 저를 사랑해서 챙겨주시는 마음도 모르고 제가 나쁜말을 한거 같아 너무 죄송해서 엄마께 정말 죄송하고 울고 불고 용서를 빌었습니다.#@문장구분# 그리고 아침밥 제발 주세요 하고 그다음날부터 한그릇씩 뚝딱 먹고 학교에 갑니다.#@문장구분# 엄마의 아침밥은 어디가도 먹지못할 조식인데 제가 그걸 모르고 살았습니다.#@문장구분#",
      "paragraph_len": 1298,
      "paragraph_id": "001"
    }
  ],
  "score": {
    "paragraph_score": [
      {
        "paragraph_scoreT": [
          3,
          2.6666667,
          2.3333333
        ],
        "paragraph_scoreT_detail": {
          "paragraph_scoreT_exp": [
            [
              3,
              3,
              3
            ],
            [
              2,
              3,
              3
            ],
            [
              3,
              2,
              2
            ]
          ]
        },
        "paragraph_scoreT_avg": 2.6666667,
        "paragraph_id": "001"
      }
    ],
    "essay_scoreT": [
      30,
      26.277779,
      22.5
    ],
    "essay_scoreT_avg": 26.25926,
    "essay_scoreT_detail": {
      "essay_scoreT_org": [
        [
          3,
          3,
          3,
          3
        ],
        [
          2,
          3,
          3,
          3
        ],
        [
          2,
          3,
          2,
          3
        ]
      ],
      "essay_scoreT_cont": [
        [
          3,
          3,
          0,
          3
        ],
        [
          3,
          2,
          0,
          3
        ],
        [
          2,
          2,
          0,
          3
        ]
      ],
      "essay_scoreT_exp": [
        [
          3,
          3,
          3
        ],
        [
          2,
          3,
          3
        ],
        [
          3,
          2,
          2
        ]
      ]
    }
  },
  "student": {
    "date": "2021.12.15",
    "student_educated": true,
    "student_grade": "고등_1학년",
    "location": "063",
    "student_grade_group": "고등",
    "student_reading": 1
  },
  "rubric": {
    "essay_grade": "고등_1학년",
    "organization_weight": {
      "org_paragraph": 2,
      "org": 2,
      "org_essay": 4,
      "org_coherence": 2,
      "org_quantity": 1
    },
    "essay_type": "글짓기",
    "content_weight": {
      "con_clearance": 4,
      "con_novelty": 3,
      "con": 4,
      "con_prompt": 0,
      "con_description": 1
    },
    "essay_main_subject": "소중함을 잃었던 경험",
    "expression_weight": {
      "exp_style": 1,
      "exp_grammar": 2,
      "exp_vocab": 3,
      "exp": 4
    }
  },
  "correction": [],
  "info": {
    "essay_id": "ESSAY_62934",
    "essay_prompt": " 익숙함에 속아 소중함을 잊지 말자는 명언 (Do not get fooled by something familiar and forget what is priceless.)이 있습니다.\n\n 부모님께서 매일 해주시는 아침밥이나, 너무 친해서 매일 맛있는 간식을 사주는 친구 등 처음에는 매우 감사했지만 반복되는 호의에 우리는 소중함을 잊어가기도 합니다.\n\n 작은 소중함일지라도 그 소중함을 잃게 되면 호의를 베푸는 사람 입장에서는 매우 당황스럽고 기분이 나쁠 수 있어요.\n\n 여러분은 익숙함에 속아 소중함을 잊었던 사례와 그로 인해 상대방의 기분을 나쁘게 했던 경험이 있나요? 만약 있다면 관계를 회복하기 위해 어떤 노력을 하셨나요? 본인의 경험을 작성해주세요.\n\n 만약 그런 적이 없다면 주변의 이야기나 본인에게 소중함을 주는 사람들에 관해 설명해주세요.",
    "essay_type": "글짓기",
    "essay_level": "2",
    "essay_len": 999,
    "essay_main_subject": "소중함을 잃었던 경험"
  }
}