{
  "paragraph": [
    {
      "paragraph_txt": "난 하나의 노래에 꽂히면 질릴 때까지 반복하는 만큼 음악을 좋아하는데, 처음 노래를 들었을 때 느꼈던 기분을 두 번째에 들을 때는 느끼지 못했다.#@문장구분# 그리고는 몇 년 후 그 노래를 다시 듣고 향수병에 걸린다.#@문장구분# 그러니까 처음에 들었을 때는 정말 감명 깊다 생각했지만 질릴 때까지 듣다 보면 귀에 익숙해져 노래를 들어도 별 감흥이 없다는 것이다.#@문장구분# 이럴 때 익숙함에 속아 소중함을 잊지 말자는 말을 쓴다고 나는 생각했다.#@문장구분#\n우리의 삶 주변에는 이러한 소중함이 매우 많다.#@문장구분# 사람, 물건, 식물 등 세상에 있는 모든 것은 소중하다고 생각한다.#@문장구분# 다만 우리는 그에 대한 가치를 잊고 산다.#@문장구분# 예를 하나 더 들자면, 한창 에어팟이 유명할 때 난 유선 이어폰을 쓰고 있었다.#@문장구분# 부모님께 부탁해 에어팟을 샀었는데 음악을 자주 듣는 나에게는 삶의 질을 올릴 만큼의 물건이었다.#@문장구분# 하지만 며칠이 지나고 난 에어팟을 소중히 대하지 않았다.#@문장구분# 모서리에 긁혀 흠집이 나도 신경을 쓰지 않고 살았다.#@문장구분# 하루는 에어팟 케이스를 끼우려고 에어팟을 연 순간 더러워져 있는 내부가 눈에 띄었다.#@문장구분# 후회와 함께 난 잠시 생각했다.#@문장구분# '익숙함을 매번 새롭고 가치 있게 여기려면 어떻게 해야 할까?' #@문장구분#한참을 고민하다 내린 결론은 익숙한 것을 쓰거나, 대할 때 그의 장점, 고마움 등을 생각하고 표현하는 게 가장 중요하다는 것이다.#@문장구분# 그 이후로 난 고마움과 미안함 등의 감정을 직접 나타내려 노력하였고, 작은 물건 하나를 쓸 때도 의미를 생각하며 지내왔다.#@문장구분# 이렇게 지내오면서 느낀 점은 삶이 뜻깊어진다는 것이다.#@문장구분# 세상에서 쓸모가 없는 것은 없다는 것을 깊게 느낄 수 있었다.#@문장구분# 또한 줄어드는 큰 장점이 있었다.#@문장구분# 결국 바라보는 시각에 따라 삶의 의미가 달라진다는 것을 느낄 수 있었다.#@문장구분# 오늘 하루는 이때까지의 익숙함에 대해 돌아보고 항상 곁에 있었던 주변 사람들에게 고마움을 전할 수 있는 하루가 되었으면 좋겠다.#@문장구분#",
      "paragraph_len": 1342,
      "paragraph_id": "001"
    }
  ],
  "score": {
    "paragraph_score": [
      {
        "paragraph_scoreT": [
          2.8333333,
          3,
          2.5
        ],
        "paragraph_scoreT_detail": {
          "paragraph_scoreT_exp": [
            [
              3,
              3,
              2
            ],
            [
              3,
              3,
              3
            ],
            [
              2,
              3,
              2
            ]
          ]
        },
        "paragraph_scoreT_avg": 2.7777777,
        "paragraph_id": "001"
      }
    ],
    "essay_scoreT": [
      27.61111,
      27.5,
      24.222221
    ],
    "essay_scoreT_avg": 26.444443,
    "essay_scoreT_detail": {
      "essay_scoreT_org": [
        [
          3,
          3,
          3,
          2
        ],
        [
          3,
          3,
          3,
          3
        ],
        [
          2,
          2,
          2,
          3
        ]
      ],
      "essay_scoreT_cont": [
        [
          3,
          2,
          0,
          3
        ],
        [
          2,
          3,
          0,
          2
        ],
        [
          3,
          2,
          0,
          2
        ]
      ],
      "essay_scoreT_exp": [
        [
          3,
          3,
          2
        ],
        [
          3,
          3,
          3
        ],
        [
          2,
          3,
          2
        ]
      ]
    }
  },
  "student": {
    "date": "2021.09.13",
    "student_educated": true,
    "student_grade": "고등_1학년",
    "location": "051",
    "student_grade_group": "고등",
    "student_reading": 1
  },
  "rubric": {
    "essay_grade": "고등_1학년",
    "organization_weight": {
      "org_paragraph": 2,
      "org": 2,
      "org_essay": 4,
      "org_coherence": 2,
      "org_quantity": 1
    },
    "essay_type": "글짓기",
    "content_weight": {
      "con_clearance": 4,
      "con_novelty": 3,
      "con": 4,
      "con_prompt": 0,
      "con_description": 1
    },
    "essay_main_subject": "소중함을 잃었던 경험",
    "expression_weight": {
      "exp_style": 1,
      "exp_grammar": 2,
      "exp_vocab": 3,
      "exp": 4
    }
  },
  "correction": [],
  "info": {
    "essay_id": "ESSAY_33990",
    "essay_prompt": " 익숙함에 속아 소중함을 잊지 말자는 명언 (Do not get fooled by something familiar and forget what is priceless.)이 있습니다.\n\n 부모님께서 매일 해주시는 아침밥이나, 너무 친해서 매일 맛있는 간식을 사주는 친구 등 처음에는 매우 감사했지만 반복되는 호의에 우리는 소중함을 잊어가기도 합니다.\n\n 작은 소중함일지라도 그 소중함을 잃게 되면 호의를 베푸는 사람 입장에서는 매우 당황스럽고 기분이 나쁠 수 있어요.\n\n 여러분은 익숙함에 속아 소중함을 잊었던 사례와 그로 인해 상대방의 기분을 나쁘게 했던 경험이 있나요? 만약 있다면 관계를 회복하기 위해 어떤 노력을 하셨나요? 본인의 경험을 작성해주세요.\n\n 만약 그런 적이 없다면 주변의 이야기나 본인에게 소중함을 주는 사람들에 관해 설명해주세요.",
    "essay_type": "글짓기",
    "essay_level": "2",
    "essay_len": 922,
    "essay_main_subject": "소중함을 잃었던 경험"
  }
}