{
  "paragraph": [
    {
      "paragraph_txt": "나는 어릴 때 익숙함에 속아 흰둥이라고 있는 강아지를 잃어 버린것에 대해 어리석다고 생각한다.#@문장구분# 왜냐하면 주택에서 대문을 닫지 않았던 것과 강아지에게 목줄을 달지 않은 것이다.#@문장구분# 톰은 너무 순하고 착하다보니 내가 방치에 가까운 행동을 해도 집을 나가지 않았다.#@문장구분# 하지만 어느날 대문을 닫지않고있다가 톰이 사라진 것을 보았다.#@문장구분# 그렇다 톰은 밖으로 나가버린 것이다.#@문장구분# 만약 내가 익숙함에 속아서 저런 어리석은 것들을 하지 않았더라면 흰둥이는 지금쯤 톰이라 부르던 골든 리트리버와 함께 자라며서 나이를 먹었겠다.#@문장구분# 안좋은 맞이하지 않았을까? 하는 생각들을 한다.#@문장구분#이때, 개장수가 있을거라는 소문들이 돌았던 때라서 흰둥이의 미래가 더욱 걱정되었다.#@문장구분# 이때는 반려 견은 위한 집이 없던 시대라서 찾을 방법은 단순히 발로 뛰면서 찾는 것 뿐이었다.#@문장구분# 잃어버린 당일날 하루종일 찾아도 톰은 보이지 않았다.#@문장구분# 다음날에는 전단지까지 붙여가면서 찾았고 그 이후에도 톰을 찾았다는 연락만을 기다리면서 하루하루 보내왔다.#@문장구분# 하지만 연락은 오지 않았고 결국 톰은 우리집으로 돌아오지 못했다.#@문장구분# 때문에 따라서 나는 애완동물에게 칩 삽입은 필수라고 생각한다.#@문장구분# 내가 가장 최근 애완동물의 전자칩에 대하여 보았을 때는 정보를 입력해두는 수준이었지만 현재는 더욱 발전하였을것이라고 본다.#@문장구분# 이를 이용하면 만약 잃어 버린다면 적어도 다시 찾을때 도움이 되겠다.#@문장구분# 그렇기에 나는 전자칩을 삽입시키는 것을 제안한다.#@문장구분#",
      "paragraph_len": 1022,
      "paragraph_id": "001"
    }
  ],
  "score": {
    "paragraph_score": [
      {
        "paragraph_scoreT": [
          2.6666667,
          2.6666667,
          1.8333334
        ],
        "paragraph_scoreT_detail": {
          "paragraph_scoreT_exp": [
            [
              2,
              3,
              3
            ],
            [
              2,
              3,
              3
            ],
            [
              2,
              2,
              1
            ]
          ]
        },
        "paragraph_scoreT_avg": 2.388889,
        "paragraph_id": "001"
      }
    ],
    "essay_scoreT": [
      28.444445,
      28.666668,
      17.055555
    ],
    "essay_scoreT_avg": 24.722223,
    "essay_scoreT_detail": {
      "essay_scoreT_org": [
        [
          3,
          3,
          3,
          2
        ],
        [
          3,
          3,
          3,
          3
        ],
        [
          1,
          1,
          1,
          2
        ]
      ],
      "essay_scoreT_cont": [
        [
          3,
          3,
          0,
          3
        ],
        [
          3,
          3,
          0,
          3
        ],
        [
          2,
          2,
          0,
          1
        ]
      ],
      "essay_scoreT_exp": [
        [
          2,
          3,
          3
        ],
        [
          2,
          3,
          3
        ],
        [
          2,
          2,
          1
        ]
      ]
    }
  },
  "student": {
    "date": "2021.10.12",
    "student_educated": true,
    "student_grade": "고등_1학년",
    "location": "051",
    "student_grade_group": "고등",
    "student_reading": 2
  },
  "rubric": {
    "essay_grade": "고등_1학년",
    "organization_weight": {
      "org_paragraph": 2,
      "org": 2,
      "org_essay": 4,
      "org_coherence": 2,
      "org_quantity": 1
    },
    "essay_type": "글짓기",
    "content_weight": {
      "con_clearance": 4,
      "con_novelty": 3,
      "con": 4,
      "con_prompt": 0,
      "con_description": 1
    },
    "essay_main_subject": "소중함을 잃었던 경험",
    "expression_weight": {
      "exp_style": 1,
      "exp_grammar": 2,
      "exp_vocab": 3,
      "exp": 4
    }
  },
  "correction": [],
  "info": {
    "essay_id": "ESSAY_37009",
    "essay_prompt": " 익숙함에 속아 소중함을 잊지 말자는 명언 (Do not get fooled by something familiar and forget what is priceless.)이 있습니다.\n\n 부모님께서 매일 해주시는 아침밥이나, 너무 친해서 매일 맛있는 간식을 사주는 친구 등 처음에는 매우 감사했지만 반복되는 호의에 우리는 소중함을 잊어가기도 합니다.\n\n 작은 소중함일지라도 그 소중함을 잃게 되면 호의를 베푸는 사람 입장에서는 매우 당황스럽고 기분이 나쁠 수 있어요.\n\n 여러분은 익숙함에 속아 소중함을 잊었던 사례와 그로 인해 상대방의 기분을 나쁘게 했던 경험이 있나요? 만약 있다면 관계를 회복하기 위해 어떤 노력을 하셨나요? 본인의 경험을 작성해주세요.\n\n 만약 그런 적이 없다면 주변의 이야기나 본인에게 소중함을 주는 사람들에 관해 설명해주세요.",
    "essay_type": "글짓기",
    "essay_level": "2",
    "essay_len": 703,
    "essay_main_subject": "소중함을 잃었던 경험"
  }
}