{
  "paragraph": [
    {
      "paragraph_txt": "익숙해서 잘 잊어버리지만 소중한 것을 생각하니 떠오는 것이 있다.#@문장구분# 사람은 아니지만 이보다 소중한 것이 없기에 글을 써 보려 한다.#@문장구분# 그것은 공기, 물, 태양과 같은 자연이다.#@문장구분# 나를 낳아주시고 길러주신 부모님도 소중하고 늘 내 옆에서 나를 믿어주는 친구도 소중하고 다 소중한데 그것 이전에 소중한 그분들을 존재하게 만든 것이 자연이라고 생각한다.#@문장구분# 이런 자연이 무한하다고 착각하며 살고 있다. 그래서 낭비하며 쓰고 함부로 썼다.#@문장구분# 공기는 오염되면 폐가 망가져 고통스러운 삶을 살아야 한다.#@문장구분# 단 5분이라도 산소가 공급되지 않으면 몸의 기능이 멈춰버린다.#@문장구분# 그렇게 소중한 것이다.#@문장구분# 물도 마찬가지다.#@문장구분# 우리 몸의 70%가 물로 되어 있다.#@문장구분# 새로운 물을 마시고 노폐물을 물과 함께 내보낸다.#@문장구분# 그렇게 순화되어 살고 있다.#@문장구분# 태양은 모든 에너지의 근원이 된다 .#@문장구분# 모든 물질을 태우면 빛과 열을 내는데 그것은 태양으로 부터오는 에너지를 받고 자랐기 때문에 소멸하면서 다시 그 에너지를 내뿜는 것이다.#@문장구분# 그렇게 중요하다.#@문장구분# 너무나 익숙하고 항상 존재하기에 소중함을 잊어버리고 살지만 우리는 경각심을 가지고 이런 것들을 보호하고 가꾸며 깨끗하게 할 의무가 있다.#@문장구분# 이렇게 자연을 조사하고 관리하고 위험성을 알리는 과학자들이 소중하다.#@문장구분# 빙하가 녹아 동물이 멸종할 것을 알리고 앞으로 지구의 환경이 어떻게 변해 갈 것인지를 예측하고 보고하여 우리에게 경각심을 주고 경고를 하는 이들이 사명감이 아니면 할 수 없는 일이라 생각된다.#@문장구분# 나만 잘 살면 그만이다. 나만 피해를 보지 않으면 된다. 라는 생각은 이제 접어 두어야 한다.#@문장구분# 이것은 자연을 관찰하는 과학자의 몫이 아니라 지구에 살고 있는 우리 모두의 몫이며 우리 모두의 가장 소중한 것이다.#@문장구분# 우리를 존재하게 하며 우리를 살아가게 하고 그 삶을 유지시켜주는 것. 비용을 지불하지 않고 선물로 받아 매일매일 사용하는 것들. 잠시라도 없으면 살아갈 수 없는 것들, 존재자체도 인지하지 못할 때가 많지만 그것의 소중함을 기억해야 한다.#@문장구분#",
      "paragraph_len": 1394,
      "paragraph_id": "001"
    }
  ],
  "score": {
    "paragraph_score": [
      {
        "paragraph_scoreT": [
          3,
          3,
          3
        ],
        "paragraph_scoreT_detail": {
          "paragraph_scoreT_exp": [
            [
              3,
              3,
              3
            ],
            [
              3,
              3,
              3
            ],
            [
              3,
              3,
              3
            ]
          ]
        },
        "paragraph_scoreT_avg": 3,
        "paragraph_id": "001"
      }
    ],
    "essay_scoreT": [
      30,
      28.5,
      30
    ],
    "essay_scoreT_avg": 29.5,
    "essay_scoreT_detail": {
      "essay_scoreT_org": [
        [
          3,
          3,
          3,
          3
        ],
        [
          3,
          3,
          3,
          3
        ],
        [
          3,
          3,
          3,
          3
        ]
      ],
      "essay_scoreT_cont": [
        [
          3,
          3,
          0,
          3
        ],
        [
          3,
          2,
          0,
          3
        ],
        [
          3,
          3,
          0,
          3
        ]
      ],
      "essay_scoreT_exp": [
        [
          3,
          3,
          3
        ],
        [
          3,
          3,
          3
        ],
        [
          3,
          3,
          3
        ]
      ]
    }
  },
  "student": {
    "date": "2021.12.13",
    "student_educated": true,
    "student_grade": "고등_1학년",
    "location": "031",
    "student_grade_group": "고등",
    "student_reading": 2
  },
  "rubric": {
    "essay_grade": "고등_1학년",
    "organization_weight": {
      "org_paragraph": 2,
      "org": 2,
      "org_essay": 4,
      "org_coherence": 2,
      "org_quantity": 1
    },
    "essay_type": "글짓기",
    "content_weight": {
      "con_clearance": 4,
      "con_novelty": 3,
      "con": 4,
      "con_prompt": 0,
      "con_description": 1
    },
    "essay_main_subject": "소중함을 잃었던 경험",
    "expression_weight": {
      "exp_style": 1,
      "exp_grammar": 2,
      "exp_vocab": 3,
      "exp": 4
    }
  },
  "correction": [],
  "info": {
    "essay_id": "ESSAY_73577",
    "essay_prompt": " 익숙함에 속아 소중함을 잊지 말자는 명언 (Do not get fooled by something familiar and forget what is priceless.)이 있습니다.\n\n 부모님께서 매일 해주시는 아침밥이나, 너무 친해서 매일 맛있는 간식을 사주는 친구 등 처음에는 매우 감사했지만 반복되는 호의에 우리는 소중함을 잊어가기도 합니다.\n\n 작은 소중함일지라도 그 소중함을 잃게 되면 호의를 베푸는 사람 입장에서는 매우 당황스럽고 기분이 나쁠 수 있어요.\n\n 여러분은 익숙함에 속아 소중함을 잊었던 사례와 그로 인해 상대방의 기분을 나쁘게 했던 경험이 있나요? 만약 있다면 관계를 회복하기 위해 어떤 노력을 하셨나요? 본인의 경험을 작성해주세요.\n\n 만약 그런 적이 없다면 주변의 이야기나 본인에게 소중함을 주는 사람들에 관해 설명해주세요.",
    "essay_type": "글짓기",
    "essay_level": "2",
    "essay_len": 975,
    "essay_main_subject": "소중함을 잃었던 경험"
  }
}