{
  "paragraph": [
    {
      "paragraph_txt": "우리에겐 소중한 것들이 참 많다.#@문장구분# 또 당연하다라는 생각을 가지고 생활 속에서 잊고 사는 것들이 있을 것이다.#@문장구분# 많은 사람들이 소중하다곳 생각하는 것은 무엇일까요?#@문장구분# 다들 다양하듯이 가족 친구 그리고 그 외의 여러가지 사람과 물건들이 있을 것이라고 생각합니다.#@문장구분# 그렇다면 모든 사람들이 그것들을 소중히 아끼고 다뤄줄까요?#@문장구분# 너무 편하고 익숙하다는 이유로 무시하지는 않았을까요?#@문장구분# 저에게는 소중한 강아지가 있었습니다.#@문장구분# 항상 저의 곁에 있을 거 같았던 강아지가 어느 날 아파서 세상을 떠났습니다.#@문장구분# 저는 그때 생각했습니다.#@문장구분# 내가 익숙함에 속아 그냥 지내던 나날들이 그 익숙함을 잃게 되니 다시는 오지 않을 너무나 소중한 시간이였음을요. #@문장구분#그렇기에 저는 항상 모든 사람들이 소중히 여기고 사랑하는 것들에게 최선을 다해 표현하라고, 소중한 사람들과 보내는 시간 그리고 그들과의 추억을 많이 남기라고 하고 싶습니다.#@문장구분# 모든 사람은 완벽하지 않습니다.#@문장구분# 인간은 후회도 해보고 다치면서 성장하는 거라고 생각합니다.#@문장구분# 그렇게 저는 성장하였습니다.#@문장구분# 항상 저의 주위에 있는 모든 것을 사랑하며 사는 사람이 되겠다고 마음먹었죠.#@문장구분# 저는 많은 사람들이 소중한 사람과 보내는 시간과 추억을 소중히 여기며 의미있는 삶을 꾸려나가시기를 바랍니다. #@문장구분#소중한 사람을 더 많이 사랑해주고 소중하게 대하고 그들에게 보답하며 사는 사람이 많아졌으면 좋겠습니다.#@문장구분#",
      "paragraph_len": 1012,
      "paragraph_id": "001"
    }
  ],
  "score": {
    "paragraph_score": [
      {
        "paragraph_scoreT": [
          3,
          3,
          2.1666667
        ],
        "paragraph_scoreT_detail": {
          "paragraph_scoreT_exp": [
            [
              3,
              3,
              3
            ],
            [
              3,
              3,
              3
            ],
            [
              2,
              2,
              3
            ]
          ]
        },
        "paragraph_scoreT_avg": 2.7222223,
        "paragraph_id": "001"
      }
    ],
    "essay_scoreT": [
      30,
      28.055555,
      25.166668
    ],
    "essay_scoreT_avg": 27.740744,
    "essay_scoreT_detail": {
      "essay_scoreT_org": [
        [
          3,
          3,
          3,
          3
        ],
        [
          3,
          3,
          2,
          3
        ],
        [
          3,
          3,
          3,
          3
        ]
      ],
      "essay_scoreT_cont": [
        [
          3,
          3,
          0,
          3
        ],
        [
          3,
          2,
          0,
          3
        ],
        [
          3,
          2,
          0,
          3
        ]
      ],
      "essay_scoreT_exp": [
        [
          3,
          3,
          3
        ],
        [
          3,
          3,
          3
        ],
        [
          2,
          2,
          3
        ]
      ]
    }
  },
  "student": {
    "date": "2021.12.13",
    "student_educated": true,
    "student_grade": "고등_1학년",
    "location": "063",
    "student_grade_group": "고등",
    "student_reading": 1
  },
  "rubric": {
    "essay_grade": "고등_1학년",
    "organization_weight": {
      "org_paragraph": 2,
      "org": 2,
      "org_essay": 4,
      "org_coherence": 2,
      "org_quantity": 1
    },
    "essay_type": "글짓기",
    "content_weight": {
      "con_clearance": 4,
      "con_novelty": 3,
      "con": 4,
      "con_prompt": 0,
      "con_description": 1
    },
    "essay_main_subject": "소중함을 잃었던 경험",
    "expression_weight": {
      "exp_style": 1,
      "exp_grammar": 2,
      "exp_vocab": 3,
      "exp": 4
    }
  },
  "correction": [],
  "info": {
    "essay_id": "ESSAY_73441",
    "essay_prompt": " 익숙함에 속아 소중함을 잊지 말자는 명언 (Do not get fooled by something familiar and forget what is priceless.)이 있습니다.\n\n 부모님께서 매일 해주시는 아침밥이나, 너무 친해서 매일 맛있는 간식을 사주는 친구 등 처음에는 매우 감사했지만 반복되는 호의에 우리는 소중함을 잊어가기도 합니다.\n\n 작은 소중함일지라도 그 소중함을 잃게 되면 호의를 베푸는 사람 입장에서는 매우 당황스럽고 기분이 나쁠 수 있어요.\n\n 여러분은 익숙함에 속아 소중함을 잊었던 사례와 그로 인해 상대방의 기분을 나쁘게 했던 경험이 있나요? 만약 있다면 관계를 회복하기 위해 어떤 노력을 하셨나요? 본인의 경험을 작성해주세요.\n\n 만약 그런 적이 없다면 주변의 이야기나 본인에게 소중함을 주는 사람들에 관해 설명해주세요.",
    "essay_type": "글짓기",
    "essay_level": "2",
    "essay_len": 673,
    "essay_main_subject": "소중함을 잃었던 경험"
  }
}