{
  "paragraph": [
    {
      "paragraph_txt": "나는 몇 년 전도 아니고 몇개월전에 69일을 사귀던 여자친구가 있었다.#@문장구분# 69일이 언뜻 보면 길 수 도 있고 짧을 수 도 있다.#@문장구분# 나는 그 친구와 짧지만 길었던 연애를 하였다.#@문장구분# 처음에 서로 알게 된 사건이 있다.#@문장구분# 그것은 나도 그 친구도 친구의 소개로 알게 되었다.#@문장구분# 그렇게 나와 그 친구는 연락을 주고 받았다.#@문장구분# 썸을 타면서 서로 안 맞는 것도 맞추면서 가고 오래 가자고 약속도 하며 썸을 탔다.#@문장구분# 썸 타는 기간에 그 친구를 실제로 한 번 보고 싶었지만 썸이 5개월정도 됐을 때 그친구와 만났다.#@문장구분#그 애는 작고 귀여웠다.#@문장구분# 그 뒤로 우린 사귀게 됐다.#@문장구분# 처음에는 서로 맞추고 연락도 빨리 빨리 보고 애정표현도 많이 했다.#@문장구분# 나는 그친구를 위해 계속 내가 맞추어주었다.#@문장구분# 하지만 이게 익숙했던 것일까.. #@문장구분#그 애는 직접적으로 자기 불만을 말하진않았지만 내가 느끼기엔 자기는 바쁘니까 연락을 알아서 좀 늦게 해라 이런 식이었다.#@문장구분# 이렇게 갑과 을 같은 사이가 된 뒤 부터는 애정표현도 잘 안하고 답장도 3,4시간에 한 번 꼴로 대답하였다.#@문장구분# 그리고 며칠뒤 그 친구는 점심시간 쯤에 헤어지자고 나한테 말했다.#@문장구분# 나는 붙잡았지만 그 친구는 이미 마음이 없는거 같아 나도 놓아주었다.#@문장구분# 그 친구는 내가 다 이해해주고 배려하는게 당연시 느끼며 나와 연애를 한거 같다.#@문장구분# 그 애는 꼭 익숙함에 속아 날 잃은거에 후회를 했으면 좋겠다라고 매일 생각한다.#@문장구분# 나는 그 익숨함을 잃고 날 잃은 애를 잊지 못하고 다시 몇 번을 연락할 려고 했지만 인스타를 언팔을 당했다.#@문장구분# 그리고 내 친구 한테 들었는데 그친구는 나랑 헤어진지 몇개월이 지났다고 벌써 남자가 생긴가 같다거 얘기를 한다.#@문장구분# 난 슬펐지만 나도 내가 너무 잘해준게 후회 스럽기도하고 잘해준건 내 선택이니까 내가 잘못한거 같기도 하다.#@문장구분# 다음에 누구를 만나거나 썸을 탈 때는 내 정을 쉽게 안주겠다고 결심도 하고 이쁘다고 다 좋은 여자애가 아니란걸 걔가 날 떠난 뒤로 알게되었다.#@문장구분#",
      "paragraph_len": 1401,
      "paragraph_id": "001"
    }
  ],
  "score": {
    "paragraph_score": [
      {
        "paragraph_scoreT": [
          1.1666666,
          1.5,
          1.5
        ],
        "paragraph_scoreT_detail": {
          "paragraph_scoreT_exp": [
            [
              1,
              1,
              2
            ],
            [
              1,
              2,
              1
            ],
            [
              1,
              2,
              1
            ]
          ]
        },
        "paragraph_scoreT_avg": 1.3888888,
        "paragraph_id": "001"
      }
    ],
    "essay_scoreT": [
      18.166666,
      16.5,
      15.111111
    ],
    "essay_scoreT_avg": 16.592592,
    "essay_scoreT_detail": {
      "essay_scoreT_org": [
        [
          2,
          2,
          2,
          2
        ],
        [
          2,
          2,
          2,
          2
        ],
        [
          2,
          1,
          1,
          2
        ]
      ],
      "essay_scoreT_cont": [
        [
          2,
          3,
          0,
          2
        ],
        [
          2,
          1,
          0,
          2
        ],
        [
          2,
          1,
          0,
          1
        ]
      ],
      "essay_scoreT_exp": [
        [
          1,
          1,
          2
        ],
        [
          1,
          2,
          1
        ],
        [
          1,
          2,
          1
        ]
      ]
    }
  },
  "student": {
    "date": "2021.10.01",
    "student_educated": true,
    "student_grade": "고등_1학년",
    "location": "051",
    "student_grade_group": "고등",
    "student_reading": 1
  },
  "rubric": {
    "essay_grade": "고등_1학년",
    "organization_weight": {
      "org_paragraph": 2,
      "org": 2,
      "org_essay": 4,
      "org_coherence": 2,
      "org_quantity": 1
    },
    "essay_type": "글짓기",
    "content_weight": {
      "con_clearance": 4,
      "con_novelty": 3,
      "con": 4,
      "con_prompt": 0,
      "con_description": 1
    },
    "essay_main_subject": "소중함을 잃었던 경험",
    "expression_weight": {
      "exp_style": 1,
      "exp_grammar": 2,
      "exp_vocab": 3,
      "exp": 4
    }
  },
  "correction": [],
  "info": {
    "essay_id": "ESSAY_37006",
    "essay_prompt": " 익숙함에 속아 소중함을 잊지 말자는 명언 (Do not get fooled by something familiar and forget what is priceless.)이 있습니다.\n\n 부모님께서 매일 해주시는 아침밥이나, 너무 친해서 매일 맛있는 간식을 사주는 친구 등 처음에는 매우 감사했지만 반복되는 호의에 우리는 소중함을 잊어가기도 합니다.\n\n 작은 소중함일지라도 그 소중함을 잃게 되면 호의를 베푸는 사람 입장에서는 매우 당황스럽고 기분이 나쁠 수 있어요.\n\n 여러분은 익숙함에 속아 소중함을 잊었던 사례와 그로 인해 상대방의 기분을 나쁘게 했던 경험이 있나요? 만약 있다면 관계를 회복하기 위해 어떤 노력을 하셨나요? 본인의 경험을 작성해주세요.\n\n 만약 그런 적이 없다면 주변의 이야기나 본인에게 소중함을 주는 사람들에 관해 설명해주세요.",
    "essay_type": "글짓기",
    "essay_level": "2",
    "essay_len": 941,
    "essay_main_subject": "소중함을 잃었던 경험"
  }
}