{
  "paragraph": [
    {
      "paragraph_txt": "저는 예전에 엄청 친하게 지냈던 소중한 친구가 있었는데 지금은 좀 멀어진 사례가 있어요.#@문장구분# 그때는 정말 친했던 친구여서 서로 맛있는 밥도 사주고 피시방 비용도 같이 내주고 정말 아낌없이 쓰면서 친하게 지냈던 친구였습니다.#@문장구분# 근데 제가 말투나 말하는 방법이 장난기가 많고, 친구를 놀리는 듯이 말하고, 친구의 여자친구에 대해서 심하게 장난을 치고, 여자친구를 알지도 못하면서 함부로 말하고 정말 익숙하다는 이유로 상대방을 놀리면서 말하는 습관들이 있습니다.#@문장구분# 여기서 문제가 생겼어요.#@문장구분# 친구가 여자친구가 생기고 친구한테 그냥 심심해서 장난치고 싶다는 이유로 친구의 여자친구를 놀리고 잘 알지도 못하는데 함부로 말했던 사건이 일어났죠.#@문장구분# 친구는 저한테 한 번도 화를 내 본 적이 없는 친구였어요.#@문장구분# 근데 처음으로 진지하게 미안하다고 사과하라고 화내면서 말하더라고요.#@문장구분# 저는 왜 그렇게 행동했는지는 잘 모르겠지만 적반하장으로 오히려 화를 더 내고 집으로 가버렸죠.#@문장구분#그렇게 정말 친하게 지냈던 소중한 친구랑 6개월 이상을 말을 안 하고 서로 모른 척하면서 지냈습니다.#@문장구분# 저는 관계를 회복하기 위해 친구 집도 찾아가기도 하고 기다리면서 친구가 나오면 사과도 하고 카톡으로 장문으로 연락을 길게 써서 보내는 정말 많은 사과를 했던 기억이 있어요.#@문장구분# 그래서 사람은 말을 할 때 상대방이 상처받지 않게 이쁘게 말해야 하고, 익숙함이라는 감정에 휘둘리지 않고 매번 소중함을 느끼려고 노력해야 해요.#@문장구분# 그래야 몇 년이 지나도 소중한 사람들이 제 옆에 있어 줄 거로 생각합니다.#@문장구분#",
      "paragraph_len": 989,
      "paragraph_id": "001"
    }
  ],
  "score": {
    "paragraph_score": [
      {
        "paragraph_scoreT": [
          3,
          2,
          3
        ],
        "paragraph_scoreT_detail": {
          "paragraph_scoreT_exp": [
            [
              3,
              3,
              3
            ],
            [
              2,
              2,
              2
            ],
            [
              3,
              3,
              3
            ]
          ]
        },
        "paragraph_scoreT_avg": 2.6666667,
        "paragraph_id": "001"
      }
    ],
    "essay_scoreT": [
      30,
      22.666666,
      30
    ],
    "essay_scoreT_avg": 27.555555,
    "essay_scoreT_detail": {
      "essay_scoreT_org": [
        [
          3,
          3,
          3,
          3
        ],
        [
          2,
          2,
          3,
          3
        ],
        [
          3,
          3,
          3,
          3
        ]
      ],
      "essay_scoreT_cont": [
        [
          3,
          3,
          0,
          3
        ],
        [
          2,
          3,
          0,
          3
        ],
        [
          3,
          3,
          0,
          3
        ]
      ],
      "essay_scoreT_exp": [
        [
          3,
          3,
          3
        ],
        [
          2,
          2,
          2
        ],
        [
          3,
          3,
          3
        ]
      ]
    }
  },
  "student": {
    "date": "2021.12.14",
    "student_educated": true,
    "student_grade": "고등_1학년",
    "location": "053",
    "student_grade_group": "고등",
    "student_reading": 3
  },
  "rubric": {
    "essay_grade": "고등_1학년",
    "organization_weight": {
      "org_paragraph": 2,
      "org": 2,
      "org_essay": 4,
      "org_coherence": 2,
      "org_quantity": 1
    },
    "essay_type": "글짓기",
    "content_weight": {
      "con_clearance": 4,
      "con_novelty": 3,
      "con": 4,
      "con_prompt": 0,
      "con_description": 1
    },
    "essay_main_subject": "소중함을 잃었던 경험",
    "expression_weight": {
      "exp_style": 1,
      "exp_grammar": 2,
      "exp_vocab": 3,
      "exp": 4
    }
  },
  "correction": [],
  "info": {
    "essay_id": "ESSAY_61584",
    "essay_prompt": " 익숙함에 속아 소중함을 잊지 말자는 명언 (Do not get fooled by something familiar and forget what is priceless.)이 있습니다.\n\n 부모님께서 매일 해주시는 아침밥이나, 너무 친해서 매일 맛있는 간식을 사주는 친구 등 처음에는 매우 감사했지만 반복되는 호의에 우리는 소중함을 잊어가기도 합니다.\n\n 작은 소중함일지라도 그 소중함을 잃게 되면 호의를 베푸는 사람 입장에서는 매우 당황스럽고 기분이 나쁠 수 있어요.\n\n 여러분은 익숙함에 속아 소중함을 잊었던 사례와 그로 인해 상대방의 기분을 나쁘게 했던 경험이 있나요? 만약 있다면 관계를 회복하기 위해 어떤 노력을 하셨나요? 본인의 경험을 작성해주세요.\n\n 만약 그런 적이 없다면 주변의 이야기나 본인에게 소중함을 주는 사람들에 관해 설명해주세요.",
    "essay_type": "글짓기",
    "essay_level": "2",
    "essay_len": 769,
    "essay_main_subject": "소중함을 잃었던 경험"
  }
}