{
  "paragraph": [
    {
      "paragraph_txt": "현대 사회는 각종 질병으로 고통 받고 있습니다.#@문장구분# 그중에 스트레스라는 보이지 않는 질병으로 인하여 많은 사람들이 정신적으로 고통을 받고 있는 실정입니다. #@문장구분#연예인들의 경우 스트레스로 인해 대인기피증, 공황장애, 우울증 등 여러 정신질환으로 상담과 약물치료를 하고 있다고 공개되어 안타까움을 사고 있으며 이런 질병은 연예인 뿐만 아니고 우리 주변의 지인들도 알게 모르게 진행되어 오고 있는 질병입니다.#@문장구분# 이렇게 정신적으로 피폐되고 힘든 현실에서 이것을 이겨내고 버틸수 있는 것은 나에 대한 소중함을 느끼는 방법이라고 생각합니다.#@문장구분# 어떤 사람들은 힘든 현실 상황에서 더이상 회피할수 없다고 판단하여 자신을 포기하여 자살이라는 극단적인 선택까지 하는 사람들도 보입니다.#@문장구분# 하지만 죽을 용기가 있다면 그 용기로 그 강단으로 이겨내고 극복해라 라는 말이 있습니다. #@문장구분#언니와 운동을 하는데 제가 힘들어서 죽을거 같다며 못하겠다고 포기 하려고 하자 언니는 \"이거 운동 한다고 죽는 사람 없어. 않죽으니까 계속 하자. 몸은 정신이 지배하는 거야. 정신차리고 내 몸을 지배해봐!\" 라고 쏘아붙였습니다.#@문장구분#서운하기도 하고 어처구니 없었지만 계속 운동을 했습니다.#@문장구분# 운동이 끝나고 나니 뿌듯하고 개운하고 건강해지는 느낌도 들었습니다. #@문장구분#그렇습니다.#@문장구분# 정신을 바로 세우고 나를 소중히 생각하며 포기하지 않으면 누구든지 성공의 기쁨을 맛볼수 있습니다.#@문장구분# 나를 소중히 여길 지 모르는 사람은 아무일도 하지 못합니다. #@문장구분#나를 소중히 여기고 무슨 일을 하든지 나를 위해서 한다면 스트레스나 정신적 공황상태 모두 이겨낼수 있을 것입니다.#@문장구분# 여러분도 나를 사랑하세요.#@문장구분#",
      "paragraph_len": 1069,
      "paragraph_id": "001"
    }
  ],
  "score": {
    "paragraph_score": [
      {
        "paragraph_scoreT": [
          3,
          3,
          2.3333333
        ],
        "paragraph_scoreT_detail": {
          "paragraph_scoreT_exp": [
            [
              3,
              3,
              3
            ],
            [
              3,
              3,
              3
            ],
            [
              3,
              2,
              2
            ]
          ]
        },
        "paragraph_scoreT_avg": 2.7777777,
        "paragraph_id": "001"
      }
    ],
    "essay_scoreT": [
      30,
      25.38889,
      22.944445
    ],
    "essay_scoreT_avg": 26.111113,
    "essay_scoreT_detail": {
      "essay_scoreT_org": [
        [
          3,
          3,
          3,
          3
        ],
        [
          2,
          3,
          3,
          2
        ],
        [
          3,
          2,
          2,
          3
        ]
      ],
      "essay_scoreT_cont": [
        [
          3,
          3,
          0,
          3
        ],
        [
          2,
          2,
          0,
          3
        ],
        [
          2,
          2,
          0,
          3
        ]
      ],
      "essay_scoreT_exp": [
        [
          3,
          3,
          3
        ],
        [
          3,
          3,
          3
        ],
        [
          3,
          2,
          2
        ]
      ]
    }
  },
  "student": {
    "date": "2021.12.16",
    "student_educated": true,
    "student_grade": "고등_1학년",
    "location": "063",
    "student_grade_group": "고등",
    "student_reading": 2
  },
  "rubric": {
    "essay_grade": "고등_1학년",
    "organization_weight": {
      "org_paragraph": 2,
      "org": 2,
      "org_essay": 4,
      "org_coherence": 2,
      "org_quantity": 1
    },
    "essay_type": "글짓기",
    "content_weight": {
      "con_clearance": 4,
      "con_novelty": 3,
      "con": 4,
      "con_prompt": 0,
      "con_description": 1
    },
    "essay_main_subject": "소중함을 잃었던 경험",
    "expression_weight": {
      "exp_style": 1,
      "exp_grammar": 2,
      "exp_vocab": 3,
      "exp": 4
    }
  },
  "correction": [],
  "info": {
    "essay_id": "ESSAY_65720",
    "essay_prompt": " 익숙함에 속아 소중함을 잊지 말자는 명언 (Do not get fooled by something familiar and forget what is priceless.)이 있습니다.\n\n 부모님께서 매일 해주시는 아침밥이나, 너무 친해서 매일 맛있는 간식을 사주는 친구 등 처음에는 매우 감사했지만 반복되는 호의에 우리는 소중함을 잊어가기도 합니다.\n\n 작은 소중함일지라도 그 소중함을 잃게 되면 호의를 베푸는 사람 입장에서는 매우 당황스럽고 기분이 나쁠 수 있어요.\n\n 여러분은 익숙함에 속아 소중함을 잊었던 사례와 그로 인해 상대방의 기분을 나쁘게 했던 경험이 있나요? 만약 있다면 관계를 회복하기 위해 어떤 노력을 하셨나요? 본인의 경험을 작성해주세요.\n\n 만약 그런 적이 없다면 주변의 이야기나 본인에게 소중함을 주는 사람들에 관해 설명해주세요.",
    "essay_type": "글짓기",
    "essay_level": "2",
    "essay_len": 791,
    "essay_main_subject": "소중함을 잃었던 경험"
  }
}