{
  "paragraph": [
    {
      "paragraph_txt": "저는 익숙함에 속아 소중함을 잊었던 사례가 많이 있지는 않지만 제가 중학교 때 친한 친구의 익숙하고, 편한 감정에 속아 소중함을 잊고 친구를 소홀하게 만들어 친구랑 크게 싸우게 된 사례를 이야기해보겠습니다.#@문장구분# 저랑 초등학교 때부터 친하게 지내온 친구 한 명이 있었습니다.#@문장구분# 그 친구랑 떨어지기 싫어서 중학교도 같은 곳으로 진학하게 되었죠.#@문장구분# 중학교를 진학하다 보니 처음 보는 친구들도 많았고, 친하게 지내고 싶은 친구들도 많았습니다.#@문장구분# 그러다 보니 저랑 초등학교 때부터 5년 동안 친구를 저절로 소홀하게 됐고, 초등학교 때부터 친했던 친구보단 새로 사귄 친구랑 더 놀려고 거짓말도 하면서 새로 사귄 친구랑만 놀다 보니 초등학교 때부터 친구는 저절로 멀어지게 됐습니다.#@문장구분# 그렇게 시간이 지나 그 친구가 저한테 찾아와 서운했던 일들을 얘기하면서 얘기를 하게 됐습니다.#@문장구분# 저는 거기서 제 잘못을 인정하고 사과를 했으면 좋게 끝나면서 서로의 관계가 회복되면서 예전처럼 놀았을 텐데 저의 감정만 생각하여 적반하장으로 나도 그럴 수 있는 거 아니냐면서 서로 싸우게 되었죠.#@문장구분# 그렇게 저희는 서로 절교를 하였고 지금 후회해봐도 지나간 버스는 절대 돌아오지 않았습니다.#@문장구분# 이런 일이 생기다 보니 저도 많은 생각이 바뀌었습니다.#@문장구분# 다시는 익숙하고, 편하고 자기 자신만 생각하는 게 아닌 소중함을 더 생각해 앞으로의 내가 더 노력해야 한다고 생각합니다.#@문장구분#",
      "paragraph_len": 882,
      "paragraph_id": "001"
    }
  ],
  "score": {
    "paragraph_score": [
      {
        "paragraph_scoreT": [
          3,
          3,
          3
        ],
        "paragraph_scoreT_detail": {
          "paragraph_scoreT_exp": [
            [
              3,
              3,
              3
            ],
            [
              3,
              3,
              3
            ],
            [
              3,
              3,
              3
            ]
          ]
        },
        "paragraph_scoreT_avg": 3,
        "paragraph_id": "001"
      }
    ],
    "essay_scoreT": [
      30,
      28.5,
      30
    ],
    "essay_scoreT_avg": 29.5,
    "essay_scoreT_detail": {
      "essay_scoreT_org": [
        [
          3,
          3,
          3,
          3
        ],
        [
          3,
          3,
          3,
          3
        ],
        [
          3,
          3,
          3,
          3
        ]
      ],
      "essay_scoreT_cont": [
        [
          3,
          3,
          0,
          3
        ],
        [
          3,
          2,
          0,
          3
        ],
        [
          3,
          3,
          0,
          3
        ]
      ],
      "essay_scoreT_exp": [
        [
          3,
          3,
          3
        ],
        [
          3,
          3,
          3
        ],
        [
          3,
          3,
          3
        ]
      ]
    }
  },
  "student": {
    "date": "2021.12.13",
    "student_educated": true,
    "student_grade": "고등_1학년",
    "location": "031",
    "student_grade_group": "고등",
    "student_reading": 2
  },
  "rubric": {
    "essay_grade": "고등_1학년",
    "organization_weight": {
      "org_paragraph": 2,
      "org": 2,
      "org_essay": 4,
      "org_coherence": 2,
      "org_quantity": 1
    },
    "essay_type": "글짓기",
    "content_weight": {
      "con_clearance": 4,
      "con_novelty": 3,
      "con": 4,
      "con_prompt": 0,
      "con_description": 1
    },
    "essay_main_subject": "소중함을 잃었던 경험",
    "expression_weight": {
      "exp_style": 1,
      "exp_grammar": 2,
      "exp_vocab": 3,
      "exp": 4
    }
  },
  "correction": [],
  "info": {
    "essay_id": "ESSAY_73582",
    "essay_prompt": " 익숙함에 속아 소중함을 잊지 말자는 명언 (Do not get fooled by something familiar and forget what is priceless.)이 있습니다.\n\n 부모님께서 매일 해주시는 아침밥이나, 너무 친해서 매일 맛있는 간식을 사주는 친구 등 처음에는 매우 감사했지만 반복되는 호의에 우리는 소중함을 잊어가기도 합니다.\n\n 작은 소중함일지라도 그 소중함을 잃게 되면 호의를 베푸는 사람 입장에서는 매우 당황스럽고 기분이 나쁠 수 있어요.\n\n 여러분은 익숙함에 속아 소중함을 잊었던 사례와 그로 인해 상대방의 기분을 나쁘게 했던 경험이 있나요? 만약 있다면 관계를 회복하기 위해 어떤 노력을 하셨나요? 본인의 경험을 작성해주세요.\n\n 만약 그런 적이 없다면 주변의 이야기나 본인에게 소중함을 주는 사람들에 관해 설명해주세요.",
    "essay_type": "글짓기",
    "essay_level": "2",
    "essay_len": 682,
    "essay_main_subject": "소중함을 잃었던 경험"
  }
}