{
  "paragraph": [
    {
      "paragraph_txt": "저는 익숙함에 속아 소중함을 잃었던 경험이 있습니다.#@문장구분# 제가 잃은 소중한 것은 중학교때 저의 가장 친한친구였던 한 친구 입니다.#@문장구분# 처음에는 단짝처럼 붙어다니고 엄청 친하게 지냈던 친구였는데, 몇몇의 친구들과 함께 다니기 시작하면서 부터 였던거 같습니다.#@문장구분#  처음에는 둘이 다니다가 한 무리가 되니 다른 친구들과도 친하게 지내고 싶다는 생각에 단짝처럼 붙어 다니던 친구보다 다른 친구들을 먼저 챙기고 찾게 되었던거 같습니다.#@문장구분#  그리고 새로 사귄 친구들과 친해 지기위해 단짝 친구와의 약속을 미루는등 관계를 소홀하게 만드는 행동을 계속 했던거 같습니다.#@문장구분# 지금 생각해 보면 저는 소중함, 편안함을 잊고 제가 멍청한 행동을 한 것 같습니다.#@문장구분#  그러면서 단짝친구랑은 점점 멀어졌던것 같습니다.#@문장구분#  그때 친구의 빈자리를 많이 느꼈지만 용기가 없어 다시 다가가지 못했던거 같습니다.#@문장구분# 그렇게 시간이 흐르고 고등학생이 되어 그 단짝 친구를 길가다 우연히 만나게 되었는데 한동안 연락을 안하고 멀어져서 그런지 너무 어색했습니다.#@문장구분#  그 이후로 서로 다시 연락을 하고 지내고 있는데 그 친구만큼 편한한 친구는 없던 것 같다는걸 많이 느꼈습니다.#@문장구분# 그래도 이렇게 다시 친구를 찾게되어 너무 기쁩니다.#@문장구분# 만약에 그때 내가 그런 행동을 하지 않고 단짝 친구랑 더 잘 지냈다면 지금쯤 우리는 더 돈독한 친구가 되어있을 거란 생각이 들었습니다.#@문장구분#  우리의 소중한 것은 멀리있지 않고 바로 우리 옆에 있는 사람이라는 것을 잊지말아야 한다고 생각합니다.#@문장구분# 친구 뿐만 아니라 부모님도 마찬가지 입니다.#@문장구분#",
      "paragraph_len": 1036,
      "paragraph_id": "001"
    }
  ],
  "score": {
    "paragraph_score": [
      {
        "paragraph_scoreT": [
          2.6666667,
          2.6666667,
          2
        ],
        "paragraph_scoreT_detail": {
          "paragraph_scoreT_exp": [
            [
              2,
              3,
              3
            ],
            [
              2,
              3,
              3
            ],
            [
              2,
              2,
              2
            ]
          ]
        },
        "paragraph_scoreT_avg": 2.4444444,
        "paragraph_id": "001"
      }
    ],
    "essay_scoreT": [
      28.666668,
      27.333334,
      24.666666
    ],
    "essay_scoreT_avg": 26.888887,
    "essay_scoreT_detail": {
      "essay_scoreT_org": [
        [
          3,
          3,
          3,
          3
        ],
        [
          2,
          2,
          3,
          3
        ],
        [
          2,
          2,
          3,
          3
        ]
      ],
      "essay_scoreT_cont": [
        [
          3,
          3,
          0,
          3
        ],
        [
          3,
          3,
          0,
          3
        ],
        [
          3,
          3,
          0,
          3
        ]
      ],
      "essay_scoreT_exp": [
        [
          2,
          3,
          3
        ],
        [
          2,
          3,
          3
        ],
        [
          2,
          2,
          2
        ]
      ]
    }
  },
  "student": {
    "date": "2021.12.15",
    "student_educated": true,
    "student_grade": "고등_1학년",
    "location": "063",
    "student_grade_group": "고등",
    "student_reading": 2
  },
  "rubric": {
    "essay_grade": "고등_1학년",
    "organization_weight": {
      "org_paragraph": 2,
      "org": 2,
      "org_essay": 4,
      "org_coherence": 2,
      "org_quantity": 1
    },
    "essay_type": "글짓기",
    "content_weight": {
      "con_clearance": 4,
      "con_novelty": 3,
      "con": 4,
      "con_prompt": 0,
      "con_description": 1
    },
    "essay_main_subject": "소중함을 잃었던 경험",
    "expression_weight": {
      "exp_style": 1,
      "exp_grammar": 2,
      "exp_vocab": 3,
      "exp": 4
    }
  },
  "correction": [],
  "info": {
    "essay_id": "ESSAY_66036",
    "essay_prompt": " 익숙함에 속아 소중함을 잊지 말자는 명언 (Do not get fooled by something familiar and forget what is priceless.)이 있습니다.\n\n 부모님께서 매일 해주시는 아침밥이나, 너무 친해서 매일 맛있는 간식을 사주는 친구 등 처음에는 매우 감사했지만 반복되는 호의에 우리는 소중함을 잊어가기도 합니다.\n\n 작은 소중함일지라도 그 소중함을 잃게 되면 호의를 베푸는 사람 입장에서는 매우 당황스럽고 기분이 나쁠 수 있어요.\n\n 여러분은 익숙함에 속아 소중함을 잊었던 사례와 그로 인해 상대방의 기분을 나쁘게 했던 경험이 있나요? 만약 있다면 관계를 회복하기 위해 어떤 노력을 하셨나요? 본인의 경험을 작성해주세요.\n\n 만약 그런 적이 없다면 주변의 이야기나 본인에게 소중함을 주는 사람들에 관해 설명해주세요.",
    "essay_type": "글짓기",
    "essay_level": "2",
    "essay_len": 756,
    "essay_main_subject": "소중함을 잃었던 경험"
  }
}