{
  "paragraph": [
    {
      "paragraph_txt": "저는 익숙함에 속아 소중함을 잊었던 사례는 없어서 저에게 소중함을 주는 사람이 있어서 그거에 대해서 한번 말해볼까 해요.#@문장구분# 저한테 소중함을 주는 사람은 다름이 아니라 제 여자친구예요.#@문장구분# 나이가 어려서 아직 사랑 같은 거는 잘 모르지만 서로 의지가 되고, 혼자라는 생각보다 같이 있구나, 내가 도움이 필요할 때 도와줄 수 있는 사람이 생긴 거 같아서 제 여자친구가 너무 소중해요.#@문장구분# 근데 한편으론 여자친구라는 게 언젠 간 헤어짐이 있다고 생각하는 편이에요.#@문장구분# 하지만 이 소중한 관계를 끝까지 유지하고 싶은 제 욕심도 있는데 어떻게 행동해야 이 소중함을 주는 사람이나 사람들을 잘 유지할 수 있을까를 생각해 봤어요.#@문장구분# 아마 사람의 관계라는 게 누가 더 잘해야 오래가고 누가 더 열심히 해야 하고 이런 건 없는 거 같아요. #@문장구분#그냥 더 잘해주고 싶은 사람이 아니면 더 열심히 하고 싶은 사람이 먼저 하면 되는 거 같아요.#@문장구분# 그러면 알아서 제 마음을 알아주는 사람이나 저한테 잘해주고 소중하게 생각하고 저에게 더 열심히 행동하지 않을까요?#@문장구분# 그래서 저는 아직 익숙함에 속아 소중함을 잊었던 사례는 없어서 제가 정말 소중한 사람인 여자친구랑 가족들에게 제가 먼저 솔선수범해서 저한테 소중한 사람들에게 제가 얼마나 소중하게 여기고 있는지 그 감정을 느껴주고 싶어요.#@문장구분# 그러려면 하루에 못 해도 한 번 정도는 그 사람이 나에게 얼마나 소중했는지 생각하는 시간을 가지면 좋을 거 같다고 생각해요.#@문장구분#",
      "paragraph_len": 907,
      "paragraph_id": "001"
    }
  ],
  "score": {
    "paragraph_score": [
      {
        "paragraph_scoreT": [
          3,
          3,
          3
        ],
        "paragraph_scoreT_detail": {
          "paragraph_scoreT_exp": [
            [
              3,
              3,
              3
            ],
            [
              3,
              3,
              3
            ],
            [
              3,
              3,
              3
            ]
          ]
        },
        "paragraph_scoreT_avg": 3,
        "paragraph_id": "001"
      }
    ],
    "essay_scoreT": [
      30,
      30,
      30
    ],
    "essay_scoreT_avg": 30,
    "essay_scoreT_detail": {
      "essay_scoreT_org": [
        [
          3,
          3,
          3,
          3
        ],
        [
          3,
          3,
          3,
          3
        ],
        [
          3,
          3,
          3,
          3
        ]
      ],
      "essay_scoreT_cont": [
        [
          3,
          3,
          0,
          3
        ],
        [
          3,
          3,
          0,
          3
        ],
        [
          3,
          3,
          0,
          3
        ]
      ],
      "essay_scoreT_exp": [
        [
          3,
          3,
          3
        ],
        [
          3,
          3,
          3
        ],
        [
          3,
          3,
          3
        ]
      ]
    }
  },
  "student": {
    "date": "2021.12.14",
    "student_educated": true,
    "student_grade": "고등_1학년",
    "location": "053",
    "student_grade_group": "고등",
    "student_reading": 2
  },
  "rubric": {
    "essay_grade": "고등_1학년",
    "organization_weight": {
      "org_paragraph": 2,
      "org": 2,
      "org_essay": 4,
      "org_coherence": 2,
      "org_quantity": 1
    },
    "essay_type": "글짓기",
    "content_weight": {
      "con_clearance": 4,
      "con_novelty": 3,
      "con": 4,
      "con_prompt": 0,
      "con_description": 1
    },
    "essay_main_subject": "소중함을 잃었던 경험",
    "expression_weight": {
      "exp_style": 1,
      "exp_grammar": 2,
      "exp_vocab": 3,
      "exp": 4
    }
  },
  "correction": [],
  "info": {
    "essay_id": "ESSAY_61585",
    "essay_prompt": " 익숙함에 속아 소중함을 잊지 말자는 명언 (Do not get fooled by something familiar and forget what is priceless.)이 있습니다.\n\n 부모님께서 매일 해주시는 아침밥이나, 너무 친해서 매일 맛있는 간식을 사주는 친구 등 처음에는 매우 감사했지만 반복되는 호의에 우리는 소중함을 잊어가기도 합니다.\n\n 작은 소중함일지라도 그 소중함을 잃게 되면 호의를 베푸는 사람 입장에서는 매우 당황스럽고 기분이 나쁠 수 있어요.\n\n 여러분은 익숙함에 속아 소중함을 잊었던 사례와 그로 인해 상대방의 기분을 나쁘게 했던 경험이 있나요? 만약 있다면 관계를 회복하기 위해 어떤 노력을 하셨나요? 본인의 경험을 작성해주세요.\n\n 만약 그런 적이 없다면 주변의 이야기나 본인에게 소중함을 주는 사람들에 관해 설명해주세요.",
    "essay_type": "글짓기",
    "essay_level": "2",
    "essay_len": 722,
    "essay_main_subject": "소중함을 잃었던 경험"
  }
}