{
  "paragraph": [
    {
      "paragraph_txt": "나는 엄마가 싫다.#@문장구분# 다음부터 그러지 않겠다 약속해놓고 다음에 또 그러고, 말도 안되는 논리로 자기가 옳다고만 하는 엄마가 너무 밉다.#@문장구분# 그래도 엄마는 맨날 나를 위해서라고 변명한다.#@문장구분# 도저히 스트레스만 받게하는 짓이 왜 나를 위한 일인지 모르겠다.#@문장구분#\n..라고 생각한지 몇 달쯤 지났다.#@문장구분# 언제부턴가 엄마는 운동을 하기 시작했다.#@문장구분# 매일 나가서 1시간 정도 걷고 오고 요가도 다니기 시작했다.#@문장구분# 나는 그저 또 얼마가지 않을 다이어트라 생각했는데, 평소처럼 친구들과 게임하고 있던 어느날 엄마가 방에 들어오자 굽은 내 허리를 펴주면서 말했다.#@문장구분# 나중에 엄마가 늙어서 몸이 불편하면 그 엄마를 챙기는 내가 힘들어지니까 지금 운동을 하는거라고.#@문장구분# 엄마가 하는 운동은 다이어트가 아니라 미래에 나를 위한 노력이었다#@문장구분#  (물론 다이어트도 맞는 것 같긴 하지만). #@문장구분#그리고 말을 이어갔다.#@문장구분# 그러니까 너도 엄마를 위해서 몸 건강 챙기라고.#@문장구분# 엄마가 내 허리에 악착같이 집착하는 이유는 여기에 있었다.#@문장구분# 엄마는 여태까지 나를 걱정해주고 있었지만 나는 들은채도 하지 않았다.#@문장구분# 엄마 입장에서 미운건 오히려 나였다.#@문장구분# 엄마 마음을 알게되자 그저 미안한 마음이 들었다.#@문장구분# 표정은 딱히 변화가 없었지만 머리는 복잡해졌다.#@문장구분# 내가 엄마한테 얼마나 실망할 짓을 많이 했는지, 내가 어떻게 해야 엄마 기분을 낫게 할지, 이런저런 생각으로 가득했다.#@문장구분# 우선 굽은 허리부터 폈다.#@문장구분# 엄마가 가장 걱정하던 허리.#@문장구분# 언젠간 꼬부랑 할아버지가 될거라 하던 허리.#@문장구분# 허리를 펴야 키도 커보인다고 엄마가 늘 말했다.#@문장구분# 그리고 엄마는 항상 내가 밖에 나가서 운동하는걸 원했다.#@문장구분# 원래부터 나가는 걸 싫어하던 나는 나가서 운동하라는 말이 딱히 내키지 않았다.#@문장구분# 지금도 밖에 나가는건 여전히 힘든것 같다.#@문장구분# 그래도 엄마를 위해서, 나를 위해서 저녁에 10분이라도 나가는 중이다.#@문장구분# 또, 며칠 전 치과에 충치제거하러 갔었다.#@문장구분# 부끄럽지만 난 하루에 자기전 한번밖에 양치를 하지 않았다.#@문장구분# 그래서 앞으로 이빨에 돈 들지 않도록 양치도 꼼꼼히 하고 있다.#@문장구분# 이렇게 글로 쓰고보니 내가 지금까지 애먹일 일을 참 많이도 저지른 것 같다.#@문장구분# 다시한번 엄마에게 미안하고, 반성한다.#@문장구분#\n위대한 어머니.#@문장구분# 소중한 엄마.#@문장구분# (그리고 맨날 밥해줘서 고마워요).#@문장구분#",
      "paragraph_len": 1784,
      "paragraph_id": "001"
    }
  ],
  "score": {
    "paragraph_score": [
      {
        "paragraph_scoreT": [
          2,
          2.8333333,
          1.8333334
        ],
        "paragraph_scoreT_detail": {
          "paragraph_scoreT_exp": [
            [
              2,
              2,
              2
            ],
            [
              3,
              3,
              2
            ],
            [
              2,
              2,
              1
            ]
          ]
        },
        "paragraph_scoreT_avg": 2.222222,
        "paragraph_id": "001"
      }
    ],
    "essay_scoreT": [
      20,
      26.88889,
      18.11111
    ],
    "essay_scoreT_avg": 21.666666,
    "essay_scoreT_detail": {
      "essay_scoreT_org": [
        [
          2,
          2,
          2,
          2
        ],
        [
          3,
          3,
          2,
          3
        ],
        [
          2,
          1,
          2,
          3
        ]
      ],
      "essay_scoreT_cont": [
        [
          2,
          2,
          0,
          2
        ],
        [
          3,
          2,
          0,
          2
        ],
        [
          2,
          1,
          0,
          3
        ]
      ],
      "essay_scoreT_exp": [
        [
          2,
          2,
          2
        ],
        [
          3,
          3,
          2
        ],
        [
          2,
          2,
          1
        ]
      ]
    }
  },
  "student": {
    "date": "2021.08.11",
    "student_educated": true,
    "student_grade": "고등_1학년",
    "location": "051",
    "student_grade_group": "고등",
    "student_reading": 2
  },
  "rubric": {
    "essay_grade": "고등_1학년",
    "organization_weight": {
      "org_paragraph": 2,
      "org": 2,
      "org_essay": 4,
      "org_coherence": 2,
      "org_quantity": 1
    },
    "essay_type": "글짓기",
    "content_weight": {
      "con_clearance": 4,
      "con_novelty": 3,
      "con": 4,
      "con_prompt": 0,
      "con_description": 1
    },
    "essay_main_subject": "소중함을 잃었던 경험",
    "expression_weight": {
      "exp_style": 1,
      "exp_grammar": 2,
      "exp_vocab": 3,
      "exp": 4
    }
  },
  "correction": [],
  "info": {
    "essay_id": "ESSAY_34082",
    "essay_prompt": " 익숙함에 속아 소중함을 잊지 말자는 명언 (Do not get fooled by something familiar and forget what is priceless.)이 있습니다.\n\n 부모님께서 매일 해주시는 아침밥이나, 너무 친해서 매일 맛있는 간식을 사주는 친구 등 처음에는 매우 감사했지만 반복되는 호의에 우리는 소중함을 잊어가기도 합니다.\n\n 작은 소중함일지라도 그 소중함을 잃게 되면 호의를 베푸는 사람 입장에서는 매우 당황스럽고 기분이 나쁠 수 있어요.\n\n 여러분은 익숙함에 속아 소중함을 잊었던 사례와 그로 인해 상대방의 기분을 나쁘게 했던 경험이 있나요? 만약 있다면 관계를 회복하기 위해 어떤 노력을 하셨나요? 본인의 경험을 작성해주세요.\n\n 만약 그런 적이 없다면 주변의 이야기나 본인에게 소중함을 주는 사람들에 관해 설명해주세요.",
    "essay_type": "글짓기",
    "essay_level": "2",
    "essay_len": 1084,
    "essay_main_subject": "소중함을 잃었던 경험"
  }
}