{
  "paragraph": [
    {
      "paragraph_txt": "같은 엄마뱃속에서 태어났지만 나는 동생이랑 너무 다르다.#@문장구분# 생김새도 다르고 성향도 다르다.#@문장구분# 그래서 동생과 부딪힐때가 많았다.#@문장구분# 싸우지는 않았다.#@문장구분# 내가 일방적이다.#@문장구분# 그런데 어느날 뭉쳐야찬다라는 프로를 보고있는데 동생과 내가 같은걸 보고서 다르게 생각한다는걸 알았다. #@문장구분#말그대로 동상이몽이다.#@문장구분# 어떤 출연자가 한마디를 내뱉었다.#@문장구분# 내가 듣기엔 상대방에게 수치심을 줄 것같아서 \"왜 저런말을 하지 상대를 너무 배려하지 않는 것 같애\" 라고 했더니 동생은 \"왜 나는 오히려 배려해서 저렇게 말해준거 같은데\"라고 말하는 것이다.#@문장구분# 그때 동생도 나도 서로에게 놀랐다.#@문장구분# 동상이몽의 상황라는것에 서로가 서로를 너무 모른다고 생각했기 때문이다. #@문장구분#그때부터 동생과 나는 습관이 생겼다.#@문장구분# 내가 동생에게 동생이 나에게 말을 할 때 자신이 왜그렇게 말을 하는지 행동하는지에 대해서 서로 설명을 해줬다.#@문장구분# 그제서야 나는 동생이 이해되는 부분들이 있었다.#@문장구분# 사실 나는 간섭하는 것을 싫어한다.#@문장구분# 뭐든 혼자서 알아서하는편인데 동생은 일일이 체크하고 확인하는 스타일이다.#@문장구분# 이게 나한테는 간섭이고 잔소리같았다.#@문장구분# 그런데 그날이후 동생은 말했다.#@문장구분# 관심이고 챙겨주고 싶은거라고.. 그 이야기를 들으니 동생은 나를 지금까지 많이 좋아해주고 있었다는 생각이 들었다.#@문장구분# 소중한 마음인데 내가 지금껏 몰라줬다.#@문장구분#그리고 동생도 알게됐다.#@문장구분# 언니는 그런성향이 아니라서 일일이 체크하는게 잔소리로 받아들인다는 것을... 그 이후 서로 우애가 더 좋아진거 같다.#@문장구분# 동생은 언니가 너무 무심하다고 생각했다고 한다.#@문장구분# 그런데 언니의 성향이  간섭하는걸 싫어하다보니 자신에게 간섭한다고 생각할까봐 가만히 둔것이란걸 알게된 후 섭섭하지 않기로 했다고했다.#@문장구분# 아무것도 아닐수 있었던 그날의 대화를 시작으로 우리는 서로를 이해하고 서로의 마음이 지금까지 얼마나 서로를 향해 따뜻했었는지를 알게되었다.#@문장구분# 서로의 마음이 소중하고 그 소중함을 서로 알기위해 나눈 자매의 대화시간도 소중했다.#@문장구분#",
      "paragraph_len": 1467,
      "paragraph_id": "001"
    }
  ],
  "score": {
    "paragraph_score": [
      {
        "paragraph_scoreT": [
          3,
          2.8333333,
          3
        ],
        "paragraph_scoreT_detail": {
          "paragraph_scoreT_exp": [
            [
              3,
              3,
              3
            ],
            [
              3,
              3,
              2
            ],
            [
              3,
              3,
              3
            ]
          ]
        },
        "paragraph_scoreT_avg": 2.9444444,
        "paragraph_id": "001"
      }
    ],
    "essay_scoreT": [
      30,
      26.944445,
      26.5
    ],
    "essay_scoreT_avg": 27.814814,
    "essay_scoreT_detail": {
      "essay_scoreT_org": [
        [
          3,
          3,
          3,
          3
        ],
        [
          2,
          3,
          3,
          3
        ],
        [
          3,
          3,
          3,
          3
        ]
      ],
      "essay_scoreT_cont": [
        [
          3,
          3,
          0,
          3
        ],
        [
          3,
          2,
          0,
          3
        ],
        [
          2,
          2,
          0,
          3
        ]
      ],
      "essay_scoreT_exp": [
        [
          3,
          3,
          3
        ],
        [
          3,
          3,
          2
        ],
        [
          3,
          3,
          3
        ]
      ]
    }
  },
  "student": {
    "date": "2021.12.20",
    "student_educated": true,
    "student_grade": "고등_1학년",
    "location": "044",
    "student_grade_group": "고등",
    "student_reading": 1
  },
  "rubric": {
    "essay_grade": "고등_1학년",
    "organization_weight": {
      "org_paragraph": 2,
      "org": 2,
      "org_essay": 4,
      "org_coherence": 2,
      "org_quantity": 1
    },
    "essay_type": "글짓기",
    "content_weight": {
      "con_clearance": 4,
      "con_novelty": 3,
      "con": 4,
      "con_prompt": 0,
      "con_description": 1
    },
    "essay_main_subject": "소중함을 잃었던 경험",
    "expression_weight": {
      "exp_style": 1,
      "exp_grammar": 2,
      "exp_vocab": 3,
      "exp": 4
    }
  },
  "correction": [],
  "info": {
    "essay_id": "ESSAY_73544",
    "essay_prompt": " 익숙함에 속아 소중함을 잊지 말자는 명언 (Do not get fooled by something familiar and forget what is priceless.)이 있습니다.\n\n 부모님께서 매일 해주시는 아침밥이나, 너무 친해서 매일 맛있는 간식을 사주는 친구 등 처음에는 매우 감사했지만 반복되는 호의에 우리는 소중함을 잊어가기도 합니다.\n\n 작은 소중함일지라도 그 소중함을 잃게 되면 호의를 베푸는 사람 입장에서는 매우 당황스럽고 기분이 나쁠 수 있어요.\n\n 여러분은 익숙함에 속아 소중함을 잊었던 사례와 그로 인해 상대방의 기분을 나쁘게 했던 경험이 있나요? 만약 있다면 관계를 회복하기 위해 어떤 노력을 하셨나요? 본인의 경험을 작성해주세요.\n\n 만약 그런 적이 없다면 주변의 이야기나 본인에게 소중함을 주는 사람들에 관해 설명해주세요.",
    "essay_type": "글짓기",
    "essay_level": "2",
    "essay_len": 949,
    "essay_main_subject": "소중함을 잃었던 경험"
  }
}