{
  "paragraph": [
    {
      "paragraph_txt": "고등학교 1학년의 나는 인생에 영원히 남는 것은 무엇일지 고민을 많이 했고 방황을 많이 했던 것 같다.#@문장구분# 돈도, 인간관계도, 사랑도, 성적도 그 무엇도 나는 아직 영원히 남는다고 생각하지 않는다.#@문장구분# 돌이켜보면. 난 영원히 남는 것에 집착하다가 그 순간의 즐거움과 소중함을 잊어버린 것 같다.#@문장구분#  내가 영원히 남는 것만을 좇으며 다른 것은 등한시하게 된 이유는 세상의 모든 것이 허무해졌다고 느꼈기 때문이다.#@문장구분# 믿었던 친구에게 비밀을 말했지만 배신당해 상처를 입었던 적이 있었다.#@문장구분# 인간관계란 영원하지 않고 일회성이라고 생각해 주변의 모든 이들에게 벽을 치고 밀어냈다.#@문장구분# 지금은 그것만큼 미련한 행동이 또 없는 것 같다.#@문장구분# 지금의 생각은 순간순간의 소중함을 알고, 그것을 바탕으로 관계를 즐기는 것이다.#@문장구분# 애초에 인간관계, 능력, 사랑 등등 내가 가지고 싶고 발전시키고 싶은 무언가는 시시각각 변화한다.#@문장구분# 그 예로 초등학교, 중학교, 고등학교의 나는 매우 다르다.#@문장구분# 외형뿐만 아니라 내 생각과 내면도 변화했고 무엇보다 주어진 외부 환경이 많이 변화했다.#@문장구분#그렇기에 그저 순간순간마다 가치의 우선도와 중요도도 변화했다.#@문장구분# 나는 그저 지금에 최선을 다하는 것이 옳다는 생각이 든다.#@문장구분#어쩌면 내가 지금 내 할 일, 내 친구들, 내 가족들을 옆에 두고 영원을 좇았던 것이야말로 익숙함에 속아 소중함을 잃어버린 것이 아니었나 되새겨본다.#@문장구분#",
      "paragraph_len": 952,
      "paragraph_id": "001"
    }
  ],
  "score": {
    "paragraph_score": [
      {
        "paragraph_scoreT": [
          2,
          2.3333333,
          2.3333333
        ],
        "paragraph_scoreT_detail": {
          "paragraph_scoreT_exp": [
            [
              2,
              2,
              2
            ],
            [
              3,
              2,
              2
            ],
            [
              3,
              2,
              2
            ]
          ]
        },
        "paragraph_scoreT_avg": 2.222222,
        "paragraph_id": "001"
      }
    ],
    "essay_scoreT": [
      23.38889,
      21.777779,
      22
    ],
    "essay_scoreT_avg": 22.388891,
    "essay_scoreT_detail": {
      "essay_scoreT_org": [
        [
          2,
          3,
          3,
          2
        ],
        [
          2,
          3,
          2,
          2
        ],
        [
          2,
          2,
          3,
          3
        ]
      ],
      "essay_scoreT_cont": [
        [
          3,
          2,
          0,
          3
        ],
        [
          2,
          2,
          0,
          2
        ],
        [
          2,
          2,
          0,
          2
        ]
      ],
      "essay_scoreT_exp": [
        [
          2,
          2,
          2
        ],
        [
          3,
          2,
          2
        ],
        [
          3,
          2,
          2
        ]
      ]
    }
  },
  "student": {
    "date": "2021.11.26",
    "student_educated": true,
    "student_grade": "고등_1학년",
    "location": "041",
    "student_grade_group": "고등",
    "student_reading": 2
  },
  "rubric": {
    "essay_grade": "고등_1학년",
    "organization_weight": {
      "org_paragraph": 2,
      "org": 2,
      "org_essay": 4,
      "org_coherence": 2,
      "org_quantity": 1
    },
    "essay_type": "글짓기",
    "content_weight": {
      "con_clearance": 4,
      "con_novelty": 3,
      "con": 4,
      "con_prompt": 0,
      "con_description": 1
    },
    "essay_main_subject": "소중함을 잃었던 경험",
    "expression_weight": {
      "exp_style": 1,
      "exp_grammar": 2,
      "exp_vocab": 3,
      "exp": 4
    }
  },
  "correction": [],
  "info": {
    "essay_id": "ESSAY_52428",
    "essay_prompt": " 익숙함에 속아 소중함을 잊지 말자는 명언 (Do not get fooled by something familiar and forget what is priceless.)이 있습니다.\n\n 부모님께서 매일 해주시는 아침밥이나, 너무 친해서 매일 맛있는 간식을 사주는 친구 등 처음에는 매우 감사했지만 반복되는 호의에 우리는 소중함을 잊어가기도 합니다.\n\n 작은 소중함일지라도 그 소중함을 잃게 되면 호의를 베푸는 사람 입장에서는 매우 당황스럽고 기분이 나쁠 수 있어요.\n\n 여러분은 익숙함에 속아 소중함을 잊었던 사례와 그로 인해 상대방의 기분을 나쁘게 했던 경험이 있나요? 만약 있다면 관계를 회복하기 위해 어떤 노력을 하셨나요? 본인의 경험을 작성해주세요.\n\n 만약 그런 적이 없다면 주변의 이야기나 본인에게 소중함을 주는 사람들에 관해 설명해주세요.",
    "essay_type": "글짓기",
    "essay_level": "2",
    "essay_len": 675,
    "essay_main_subject": "소중함을 잃었던 경험"
  }
}