{
  "paragraph": [
    {
      "paragraph_txt": "소중한 경험은 누구에게나 존재한다.#@문장구분# 사람마다 소중하게 느끼는건 모두 다를 것이다.#@문장구분# 누군가에겐 가족일수도, 누군가에겐 애완동물일수도있으며 누군가에겐 거창하지 않지만 그만의 사연이 담긴 컵일수도 있다.#@문장구분# 그리고 그 소중함은 내 의지와 상관없이 사라지기도 한다.#@문장구분# 원하지 않던 소중함을 떠나보낸 사람들에게는 위로가, 아직 손에 쥐고있는 사람들에게는 그것을 더욱 소중하게 대해주길 바라며 나의 이야기를 적어나가본다.#@문장구분# 나에게 있어 소중했던 존재는 강아지였다.#@문장구분# 작고 부드러운 존재가 내 품에 처음 안겼을 때 난 마음을 빼앗겼다.#@문장구분# 너무 귀엽고 소중한 존재.#@문장구분#말이 통하지 않아도 대화가 통하는 것만 같았고 내가 힘들때나 기쁠때나 내 곁을 지켜주던 작은 아이.#@문장구분# 나의 가족이다.#@문장구분# 지금은 곁에 없는 이 아이를 생각할 때면 너무나도 그립지만 나와 함께 지낼 수 있어서 고맙고 행복했다.#@문장구분# 해맑게 뛰어놀던 산책을 좋아하는 아이였는데 갈수록 힘없이 잠만자는 모습을 보니 건강할 때 산책가자고 조르던 아이를 피곤하다는 이유로 외면하던 내가 미웠다.#@문장구분# 왜 소중함은 잃고서야 깨닫는지.. #@문장구분#비슷한 후회를 하는 사람들도 있을것이고 나를 비난하는 사람도 있을거다.#@문장구분# 그래도 내 경험을 이야기하는 것은 나를 통해 다른 누군가 후회하는 사람이 적어지길 바라는 마음에서다.#@문장구분# 무지개 위를 달리고있을 나의 소중한 동생!#@문장구분# 아프지 말고 맛있는거도 많이 먹고있어야해!#@문장구분# 덕분에 행복했어 사랑하는 우리 강아지에게 이 글을 바칩니다.#@문장구분#",
      "paragraph_len": 1069,
      "paragraph_id": "001"
    }
  ],
  "score": {
    "paragraph_score": [
      {
        "paragraph_scoreT": [
          3,
          3,
          2.6666667
        ],
        "paragraph_scoreT_detail": {
          "paragraph_scoreT_exp": [
            [
              3,
              3,
              3
            ],
            [
              3,
              3,
              3
            ],
            [
              2,
              3,
              3
            ]
          ]
        },
        "paragraph_scoreT_avg": 2.888889,
        "paragraph_id": "001"
      }
    ],
    "essay_scoreT": [
      30,
      28.5,
      25.166668
    ],
    "essay_scoreT_avg": 27.888891,
    "essay_scoreT_detail": {
      "essay_scoreT_org": [
        [
          3,
          3,
          3,
          3
        ],
        [
          3,
          3,
          3,
          3
        ],
        [
          3,
          3,
          3,
          3
        ]
      ],
      "essay_scoreT_cont": [
        [
          3,
          3,
          0,
          3
        ],
        [
          3,
          2,
          0,
          3
        ],
        [
          2,
          2,
          0,
          3
        ]
      ],
      "essay_scoreT_exp": [
        [
          3,
          3,
          3
        ],
        [
          3,
          3,
          3
        ],
        [
          2,
          3,
          3
        ]
      ]
    }
  },
  "student": {
    "date": "2021.11.17",
    "student_educated": true,
    "student_grade": "고등_1학년",
    "location": "063",
    "student_grade_group": "고등",
    "student_reading": 1
  },
  "rubric": {
    "essay_grade": "고등_1학년",
    "organization_weight": {
      "org_paragraph": 2,
      "org": 2,
      "org_essay": 4,
      "org_coherence": 2,
      "org_quantity": 1
    },
    "essay_type": "글짓기",
    "content_weight": {
      "con_clearance": 4,
      "con_novelty": 3,
      "con": 4,
      "con_prompt": 0,
      "con_description": 1
    },
    "essay_main_subject": "소중함을 잃었던 경험",
    "expression_weight": {
      "exp_style": 1,
      "exp_grammar": 2,
      "exp_vocab": 3,
      "exp": 4
    }
  },
  "correction": [],
  "info": {
    "essay_id": "ESSAY_48466",
    "essay_prompt": " 익숙함에 속아 소중함을 잊지 말자는 명언 (Do not get fooled by something familiar and forget what is priceless.)이 있습니다.\n\n 부모님께서 매일 해주시는 아침밥이나, 너무 친해서 매일 맛있는 간식을 사주는 친구 등 처음에는 매우 감사했지만 반복되는 호의에 우리는 소중함을 잊어가기도 합니다.\n\n 작은 소중함일지라도 그 소중함을 잃게 되면 호의를 베푸는 사람 입장에서는 매우 당황스럽고 기분이 나쁠 수 있어요.\n\n 여러분은 익숙함에 속아 소중함을 잊었던 사례와 그로 인해 상대방의 기분을 나쁘게 했던 경험이 있나요? 만약 있다면 관계를 회복하기 위해 어떤 노력을 하셨나요? 본인의 경험을 작성해주세요.\n\n 만약 그런 적이 없다면 주변의 이야기나 본인에게 소중함을 주는 사람들에 관해 설명해주세요.",
    "essay_type": "글짓기",
    "essay_level": "2",
    "essay_len": 710,
    "essay_main_subject": "소중함을 잃었던 경험"
  }
}