{
  "paragraph": [
    {
      "paragraph_txt": "소중한 것을 위해 노력해야 한다.#@문장구분# 도서관에 책을 반납하고 잠깐 신간 코너를 둘러보다가 발견했다.#@문장구분# 책을 빌릴 생각은 없었고, 그냥 만지고 싶어서 잠깐 집어 들었다.#@문장구분# 그런데 하필이면 다자이 오사무라는 이름이 눈에 들어왔다.#@문장구분# 다자이 오사무 상을 수상한 작품이라는 설명이 표지 안쪽에 새겨져 있었다.#@문장구분# 분량도 많지 않고 새 책이기도 하니까, 하는 생각으로 가볍게 빌려왔다.#@문장구분# 빌려오길 잘했다.#@문장구분# 꽤 재미있는 소설이었다.#@문장구분#",
      "paragraph_len": 387,
      "paragraph_id": "001"
    },
    {
      "paragraph_txt": "겉으로 보기에는 아무런 문제가 없어 보이는 사람이 있다.#@문장구분# 주인공 하지메도 그렇다.#@문장구분# 시청에서 근무하는 그는 격무에 시달리지만 그렇다고 큰 문제를 품고 있는 사람처럼 보이지는 않는다.#@문장구분# 그 자신도 그렇게 생각한다.#@문장구분# 그러나 사실은 그는 엄청난 문제를 품고 있다.#@문장구분# 그는 부인의 얼굴을 볼 수 없는 나날이 하루하루 이어지는데도 한동안은 커다란 문제 의식을 느끼지 못한다.#@문장구분# 부인과의 관계가 상당히 위태로운 상황이 되었는데도, 그것조차 깨닫지 못하고 있었던 것이다.#@문장구분# 주인공 하지메는 K를 오직 어둠 속에서만 만날 수 있다.#@문장구분# 목소리는 들리지만 절대 만질 수는 없다.#@문장구분# 어쩌면 지금까지 그것이 하지메가 K를 대해온 태도였는지도 모른다.#@문장구분# 있는 건 알지만 상관 없는, 관심 없는, 존재.#@문장구분# 무력한 하지메는 조력자의 조언을 얻어 플루트를 가지고 지하실로 내려간다.#@문장구분# 연주를 시작하자 K가 합류한다.#@문장구분# 두 사람은 오랜만에 합주를 하게 되고, K는 계속해서 하지메가 플루트 연습을 해올 것은 지시한다.#@문장구분# 그리고 마침내 깊숙이 파묻혀 있던 기억이 떠오른다.#@문장구분# 정말로 소중한 것을, 오랫동안 어둠 속에 남아있도록 하는 때가 있다.#@문장구분# 그렇게 해서는 안 된다는 마음을 충분히 전달받을 수 있는 소설이다.#@문장구분# 소중한 것은 숨어있다가 다시 나오게 된다.#@문장구분#",
      "paragraph_len": 975,
      "paragraph_id": "002"
    }
  ],
  "score": {
    "paragraph_score": [
      {
        "paragraph_scoreT": [
          2.6666667,
          3,
          3
        ],
        "paragraph_scoreT_detail": {
          "paragraph_scoreT_exp": [
            [
              2,
              3,
              3
            ],
            [
              3,
              3,
              3
            ],
            [
              3,
              3,
              3
            ]
          ]
        },
        "paragraph_scoreT_avg": 2.888889,
        "paragraph_id": "001"
      },
      {
        "paragraph_scoreT": [
          2.6666667,
          3,
          3
        ],
        "paragraph_scoreT_detail": {
          "paragraph_scoreT_exp": [
            [
              2,
              3,
              3
            ],
            [
              3,
              3,
              3
            ],
            [
              3,
              3,
              3
            ]
          ]
        },
        "paragraph_scoreT_avg": 2.888889,
        "paragraph_id": "002"
      }
    ],
    "essay_scoreT": [
      24.666668,
      30,
      30
    ],
    "essay_scoreT_avg": 28.222223,
    "essay_scoreT_detail": {
      "essay_scoreT_org": [
        [
          3,
          3,
          3,
          3
        ],
        [
          3,
          3,
          3,
          3
        ],
        [
          3,
          3,
          3,
          3
        ]
      ],
      "essay_scoreT_cont": [
        [
          2,
          2,
          0,
          2
        ],
        [
          3,
          3,
          0,
          3
        ],
        [
          3,
          3,
          0,
          3
        ]
      ],
      "essay_scoreT_exp": [
        [
          2,
          3,
          3
        ],
        [
          3,
          3,
          3
        ],
        [
          3,
          3,
          3
        ]
      ]
    }
  },
  "student": {
    "date": "2021.12.16",
    "student_educated": true,
    "student_grade": "고등_1학년",
    "location": "041",
    "student_grade_group": "고등",
    "student_reading": 2
  },
  "rubric": {
    "essay_grade": "고등_1학년",
    "organization_weight": {
      "org_paragraph": 2,
      "org": 2,
      "org_essay": 4,
      "org_coherence": 2,
      "org_quantity": 1
    },
    "essay_type": "글짓기",
    "content_weight": {
      "con_clearance": 4,
      "con_novelty": 3,
      "con": 4,
      "con_prompt": 0,
      "con_description": 1
    },
    "essay_main_subject": "소중함을 잃었던 경험",
    "expression_weight": {
      "exp_style": 1,
      "exp_grammar": 2,
      "exp_vocab": 3,
      "exp": 4
    }
  },
  "correction": [],
  "info": {
    "essay_id": "ESSAY_66133",
    "essay_prompt": " 익숙함에 속아 소중함을 잊지 말자는 명언 (Do not get fooled by something familiar and forget what is priceless.)이 있습니다.\n\n 부모님께서 매일 해주시는 아침밥이나, 너무 친해서 매일 맛있는 간식을 사주는 친구 등 처음에는 매우 감사했지만 반복되는 호의에 우리는 소중함을 잊어가기도 합니다.\n\n 작은 소중함일지라도 그 소중함을 잃게 되면 호의를 베푸는 사람 입장에서는 매우 당황스럽고 기분이 나쁠 수 있어요.\n\n 여러분은 익숙함에 속아 소중함을 잊었던 사례와 그로 인해 상대방의 기분을 나쁘게 했던 경험이 있나요? 만약 있다면 관계를 회복하기 위해 어떤 노력을 하셨나요? 본인의 경험을 작성해주세요.\n\n 만약 그런 적이 없다면 주변의 이야기나 본인에게 소중함을 주는 사람들에 관해 설명해주세요.",
    "essay_type": "글짓기",
    "essay_level": "2",
    "essay_len": 844,
    "essay_main_subject": "소중함을 잃었던 경험"
  }
}