{
  "paragraph": [
    {
      "paragraph_txt": "나는 지방에서 학교를 다니다가 고등학교때 나만 서울로 올라왔다.#@문장구분# 친척집에서 지내면서 고등학교를 다녔다.#@문장구분# 그때 엄마의 모든 것이 그리워졌었던거 같다.#@문장구분# 일상이고 평범하던 것들이 그립고 소중해지게 되었다.#@문장구분# 알람이 울리고도 계속 잠을 자는 나를 깨워주시는 엄마가 계셨지만 서울에 올라와서는 정해진 시간에 일어나지 않으면 고모에게 민폐라서 나는 잠투정 없이 일어난다.#@문장구분# 더 어른같아 보이긴 하겠지만 나는 엄마가 고마웠다.#@문장구분# 귀찮았을텐데...#@문장구분# 그리고 공부를 하다가 갑자기 먹고싶은게 있을 때 엄마에게 문자를 보내면 엄마가 저녁에 만들어 주셨다.#@문장구분# 그런데 서울에 올라와선 그런게 없다.#@문장구분# 먹고싶은게 생겨서 사먹어도 엄마맛이 안난다.#@문장구분# 고모가 날 불편하게 하는건 아니지만 엄마처럼 막 부탁할 수는 없는거니까 정말 독립한 사람의 서러움 같은걸 느낀다.#@문장구분# 학교에서 돌아오면 있었던 이야기를 엄마에게 하며 스트레스를 풀었다.#@문장구분# 엄마는 해결책을 제시하시진 않았지만 그래서... 그런데...라며 내 이야기에 관심을 가지고 이야기할수있게 다 들어주셨다.#@문장구분# 그런데 지금은 그럴수가 없다.#@문장구분# 처음엔 전화로 엄마에게 이야기를 했었는데 점점 횟수가 줄어들었다.#@문장구분# 같이 살지않는데 이런이야기를 하면 엄마가 걱정하실까봐 좋은이야기 아니면 전화를 안하게 된다.#@문장구분# 너무 일찍 엄마랑 떨어진 것 같다.#@문장구분# 이제 대학가고 직장생활하면 더더욱 엄마를 자주 못보게 될텐데 벌써부터 엄마랑 떨어져서 내가 독립심은 빨리 생길수있었는지 모르겠지만 아직 나는 엄마의 돌봄이 있었으면 하는데 엄마와 떨어져 지내게 된다는게 슬프다.#@문장구분# 새삼 엄마의 사랑을 느낀다.#@문장구분#",
      "paragraph_len": 1152,
      "paragraph_id": "001"
    }
  ],
  "score": {
    "paragraph_score": [
      {
        "paragraph_scoreT": [
          3,
          3,
          2.5
        ],
        "paragraph_scoreT_detail": {
          "paragraph_scoreT_exp": [
            [
              3,
              3,
              3
            ],
            [
              3,
              3,
              3
            ],
            [
              2,
              3,
              2
            ]
          ]
        },
        "paragraph_scoreT_avg": 2.8333333,
        "paragraph_id": "001"
      }
    ],
    "essay_scoreT": [
      30,
      28.88889,
      25.61111
    ],
    "essay_scoreT_avg": 28.166666,
    "essay_scoreT_detail": {
      "essay_scoreT_org": [
        [
          3,
          3,
          3,
          3
        ],
        [
          2,
          3,
          3,
          2
        ],
        [
          2,
          3,
          3,
          3
        ]
      ],
      "essay_scoreT_cont": [
        [
          3,
          3,
          0,
          3
        ],
        [
          3,
          3,
          0,
          3
        ],
        [
          3,
          2,
          0,
          3
        ]
      ],
      "essay_scoreT_exp": [
        [
          3,
          3,
          3
        ],
        [
          3,
          3,
          3
        ],
        [
          2,
          3,
          2
        ]
      ]
    }
  },
  "student": {
    "date": "2021.12.16",
    "student_educated": true,
    "student_grade": "고등_1학년",
    "location": "053",
    "student_grade_group": "고등",
    "student_reading": 1
  },
  "rubric": {
    "essay_grade": "고등_1학년",
    "organization_weight": {
      "org_paragraph": 2,
      "org": 2,
      "org_essay": 4,
      "org_coherence": 2,
      "org_quantity": 1
    },
    "essay_type": "글짓기",
    "content_weight": {
      "con_clearance": 4,
      "con_novelty": 3,
      "con": 4,
      "con_prompt": 0,
      "con_description": 1
    },
    "essay_main_subject": "소중함을 잃었던 경험",
    "expression_weight": {
      "exp_style": 1,
      "exp_grammar": 2,
      "exp_vocab": 3,
      "exp": 4
    }
  },
  "correction": [],
  "info": {
    "essay_id": "ESSAY_65668",
    "essay_prompt": " 익숙함에 속아 소중함을 잊지 말자는 명언 (Do not get fooled by something familiar and forget what is priceless.)이 있습니다.\n\n 부모님께서 매일 해주시는 아침밥이나, 너무 친해서 매일 맛있는 간식을 사주는 친구 등 처음에는 매우 감사했지만 반복되는 호의에 우리는 소중함을 잊어가기도 합니다.\n\n 작은 소중함일지라도 그 소중함을 잃게 되면 호의를 베푸는 사람 입장에서는 매우 당황스럽고 기분이 나쁠 수 있어요.\n\n 여러분은 익숙함에 속아 소중함을 잊었던 사례와 그로 인해 상대방의 기분을 나쁘게 했던 경험이 있나요? 만약 있다면 관계를 회복하기 위해 어떤 노력을 하셨나요? 본인의 경험을 작성해주세요.\n\n 만약 그런 적이 없다면 주변의 이야기나 본인에게 소중함을 주는 사람들에 관해 설명해주세요.",
    "essay_type": "글짓기",
    "essay_level": "2",
    "essay_len": 773,
    "essay_main_subject": "소중함을 잃었던 경험"
  }
}