{
  "paragraph": [
    {
      "paragraph_txt": "나에게 소중함을 주는 사람들은 내 친구들이다.#@문장구분# 내 친구들은 나에게 매우 소중하다.#@문장구분# 내가 요즘에 힘들 때 마다 내 얘기를 들어줄때도 있고 내가 친구들의 고민을 들어줄때도 있다.#@문장구분# 친구들은 지금 내 삶의 원동력이라고 할 수 있다.#@문장구분# 매일 같이 있지만 질리지도 않고 항상 즐겁다. #@문장구분#친구들과 함께라면 무엇이든 재미있게 할 수 있을거 같다.#@문장구분# 또 지금 친구들은 게임이나 놀러 다닐때도 좋지만 다같이 운동도 할 수 있어서 더더욱 소중한 것 같다.#@문장구분# 나는 운동 하는 것을 좋아한다.#@문장구분# 운동은 친구들과 같이하면 할수록 더 재미있기 때문에 같이 즐겨한다.#@문장구분# 이 모든 이유들이 친구들이 나에게 소중함을 느끼게 해준다.#@문장구분# 이 친구들과 평생동안 연락을 하며 친분을 유지하고 싶다.#@문장구분# 내 학창시절을 즐겁게 해준 이 친구들이 나에겐 너무나도 소중하다.#@문장구분#나도 그래서 이 친구들이 내 옆에 있는 동안은 최선을 다해서 잘해줄 것이다.#@문장구분# 그리고 이 친구들에게는 익숙함에 속아 소중함을 잊지 말자는 말을 꼭 명심하고 저런 행동은 하지 않을 것이다. #@문장구분#만약에 그러지 않는다면 이 친구들을 잃을거같다.#@문장구분# 친구들을 잃는다고 생각하면 끔찍하다.#@문장구분# 친구들을 잃지 않기 위해서는 내가 더 잘해야된다고 생각하고 만약에 친구와 충돌이나 갈등이 있을 때 그때그때 해결하고 괜한 자존심을 부리지 않는 것이 중요하다고 생각한다.#@문장구분# 이렇게 하는것이 친구를 잃지 않는 방법이라고 생각한다.#@문장구분#",
      "paragraph_len": 1035,
      "paragraph_id": "001"
    }
  ],
  "score": {
    "paragraph_score": [
      {
        "paragraph_scoreT": [
          3,
          3,
          2.6666667
        ],
        "paragraph_scoreT_detail": {
          "paragraph_scoreT_exp": [
            [
              3,
              3,
              3
            ],
            [
              3,
              3,
              3
            ],
            [
              2,
              3,
              3
            ]
          ]
        },
        "paragraph_scoreT_avg": 2.888889,
        "paragraph_id": "001"
      }
    ],
    "essay_scoreT": [
      24.88889,
      28.5,
      25.166668
    ],
    "essay_scoreT_avg": 26.185186,
    "essay_scoreT_detail": {
      "essay_scoreT_org": [
        [
          2,
          3,
          3,
          2
        ],
        [
          3,
          3,
          3,
          3
        ],
        [
          3,
          3,
          3,
          3
        ]
      ],
      "essay_scoreT_cont": [
        [
          2,
          2,
          0,
          2
        ],
        [
          3,
          2,
          0,
          3
        ],
        [
          2,
          2,
          0,
          3
        ]
      ],
      "essay_scoreT_exp": [
        [
          3,
          3,
          3
        ],
        [
          3,
          3,
          3
        ],
        [
          2,
          3,
          3
        ]
      ]
    }
  },
  "student": {
    "date": "2021.12.21",
    "student_educated": true,
    "student_grade": "고등_1학년",
    "location": "051",
    "student_grade_group": "고등",
    "student_reading": 2
  },
  "rubric": {
    "essay_grade": "고등_1학년",
    "organization_weight": {
      "org_paragraph": 2,
      "org": 2,
      "org_essay": 4,
      "org_coherence": 2,
      "org_quantity": 1
    },
    "essay_type": "글짓기",
    "content_weight": {
      "con_clearance": 4,
      "con_novelty": 3,
      "con": 4,
      "con_prompt": 0,
      "con_description": 1
    },
    "essay_main_subject": "소중함을 잃었던 경험",
    "expression_weight": {
      "exp_style": 1,
      "exp_grammar": 2,
      "exp_vocab": 3,
      "exp": 4
    }
  },
  "correction": [],
  "info": {
    "essay_id": "ESSAY_75421",
    "essay_prompt": " 익숙함에 속아 소중함을 잊지 말자는 명언 (Do not get fooled by something familiar and forget what is priceless.)이 있습니다.\n\n 부모님께서 매일 해주시는 아침밥이나, 너무 친해서 매일 맛있는 간식을 사주는 친구 등 처음에는 매우 감사했지만 반복되는 호의에 우리는 소중함을 잊어가기도 합니다.\n\n 작은 소중함일지라도 그 소중함을 잃게 되면 호의를 베푸는 사람 입장에서는 매우 당황스럽고 기분이 나쁠 수 있어요.\n\n 여러분은 익숙함에 속아 소중함을 잊었던 사례와 그로 인해 상대방의 기분을 나쁘게 했던 경험이 있나요? 만약 있다면 관계를 회복하기 위해 어떤 노력을 하셨나요? 본인의 경험을 작성해주세요.\n\n 만약 그런 적이 없다면 주변의 이야기나 본인에게 소중함을 주는 사람들에 관해 설명해주세요.",
    "essay_type": "글짓기",
    "essay_level": "2",
    "essay_len": 676,
    "essay_main_subject": "소중함을 잃었던 경험"
  }
}