{
  "paragraph": [
    {
      "paragraph_txt": "내게 가장 귀하고 소중한 사람은 부모님이 아닐까 생각해본다.#@문장구분# 하지만 부모님은 항상 내 옆에 있기에 그 소중함을 종종 잊고 사는 것 같다.#@문장구분# 부모님의 은혜와 사랑은 의식적으로 생각하면 세상 가장 소중하고 귀한것이지만 평상시엔항상 잊고 산다.#@문장구분# 나를 위한 엄마의 말은 모두 잔소리로 들리고 간섭처럼 느껴지며, 한 번씩 나에게 오는 아빠의 관심은 귀찮게 느껴지기 때문이다.#@문장구분# 얼마전 엄마가 아파서 입원하신 적이 있어서 밥도 내가 챙겨먹고 빨래도 내가 챙겨야 할때가 있었다.#@문장구분# 세상 손도 많이 가고 신경쓸 일도 많았다.#@문장구분# 나는 그냥 집밥은 뚝딱하면 나오고 깨끗한 옷은 세탁기가 다 하는줄 알았다.#@문장구분# 하지만 그 단순하다고 생각했던 일들이 정말 손이 많이 가고 신경이 많이 쓰인다는 걸 새삼 알게 되었다.#@문장구분# 엄마는 늘 이런 일들을 불평불만 없이 묵묵히 매일매일 하셨던 거였다.#@문장구분# 밖에서 친구들이랑 군것질을 하고 와서는 밥먹으라는 엄마에게 괜한 반찬투정을 부렸던 일들이 생각났다.#@문장구분# 정말 엄마에게 미안하고 죄스러운 마음이 들었다.#@문장구분# 만약 이세상에 엄마가 없다면, 생각만으로도 눈물이 나는 것 같다. 막막한 바다위에 혼자 있는 기분일 것 같다.#@문장구분# 항상 나의 곁에서 나를 지켜주시는 부모님의 은혜와 사랑을 소중하게 생각하고 귀하여 여겨야 할것같다.#@문장구분# 이 글을 쓰면서 나의 소중한 부모님에 대해 다시 한번 생각해보는 계기가 되어 정말 좋았다.#@문장구분# 앞으로 나의 소중한 부모님께 함부로 대하지 않도록 노력해야겠다.#@문장구분#",
      "paragraph_len": 1009,
      "paragraph_id": "001"
    }
  ],
  "score": {
    "paragraph_score": [
      {
        "paragraph_scoreT": [
          3,
          2.8333333,
          2.6666667
        ],
        "paragraph_scoreT_detail": {
          "paragraph_scoreT_exp": [
            [
              3,
              3,
              3
            ],
            [
              3,
              3,
              2
            ],
            [
              2,
              3,
              3
            ]
          ]
        },
        "paragraph_scoreT_avg": 2.8333333,
        "paragraph_id": "001"
      }
    ],
    "essay_scoreT": [
      30,
      26.722221,
      27.722221
    ],
    "essay_scoreT_avg": 28.148148,
    "essay_scoreT_detail": {
      "essay_scoreT_org": [
        [
          3,
          3,
          3,
          3
        ],
        [
          2,
          3,
          3,
          2
        ],
        [
          3,
          3,
          2,
          3
        ]
      ],
      "essay_scoreT_cont": [
        [
          3,
          3,
          0,
          3
        ],
        [
          3,
          2,
          0,
          3
        ],
        [
          3,
          3,
          0,
          2
        ]
      ],
      "essay_scoreT_exp": [
        [
          3,
          3,
          3
        ],
        [
          3,
          3,
          2
        ],
        [
          2,
          3,
          3
        ]
      ]
    }
  },
  "student": {
    "date": "2021.12.12",
    "student_educated": true,
    "student_grade": "고등_1학년",
    "location": "063",
    "student_grade_group": "고등",
    "student_reading": 2
  },
  "rubric": {
    "essay_grade": "고등_1학년",
    "organization_weight": {
      "org_paragraph": 2,
      "org": 2,
      "org_essay": 4,
      "org_coherence": 2,
      "org_quantity": 1
    },
    "essay_type": "글짓기",
    "content_weight": {
      "con_clearance": 4,
      "con_novelty": 3,
      "con": 4,
      "con_prompt": 0,
      "con_description": 1
    },
    "essay_main_subject": "소중함을 잃었던 경험",
    "expression_weight": {
      "exp_style": 1,
      "exp_grammar": 2,
      "exp_vocab": 3,
      "exp": 4
    }
  },
  "correction": [],
  "info": {
    "essay_id": "ESSAY_62716",
    "essay_prompt": " 익숙함에 속아 소중함을 잊지 말자는 명언 (Do not get fooled by something familiar and forget what is priceless.)이 있습니다.\n\n 부모님께서 매일 해주시는 아침밥이나, 너무 친해서 매일 맛있는 간식을 사주는 친구 등 처음에는 매우 감사했지만 반복되는 호의에 우리는 소중함을 잊어가기도 합니다.\n\n 작은 소중함일지라도 그 소중함을 잃게 되면 호의를 베푸는 사람 입장에서는 매우 당황스럽고 기분이 나쁠 수 있어요.\n\n 여러분은 익숙함에 속아 소중함을 잊었던 사례와 그로 인해 상대방의 기분을 나쁘게 했던 경험이 있나요? 만약 있다면 관계를 회복하기 위해 어떤 노력을 하셨나요? 본인의 경험을 작성해주세요.\n\n 만약 그런 적이 없다면 주변의 이야기나 본인에게 소중함을 주는 사람들에 관해 설명해주세요.",
    "essay_type": "글짓기",
    "essay_level": "2",
    "essay_len": 710,
    "essay_main_subject": "소중함을 잃었던 경험"
  }
}