{
  "paragraph": [
    {
      "paragraph_txt": "저는 배려의 소중함에 대해 이야기 해 보겠습니다.#@문장구분#배려는 유치원때 부터 배우는 말 입니다.#@문장구분# 친구들을 배려하거라.#@문장구분# 동생을 배려하거라.#@문장구분# 저는 배려의 의미를 양보하고 이해하는 것으로 생각합니다.#@문장구분# 내가 조금 손해를 보는 느낌이 들더라도 상대방을 먼저 이해하고 양보하는 미덕을 갖추라는 의미일 것입니다.#@문장구분# 지금 당장은 내가 배려를 하기 때문에 늦어지고 손해가 되더라고 나의 배려가 다른 이의 행복이 되고 그 다른이가 또 다른 사람을 위해 배려하고 이해하는 마음을 가지게 된다면 이것은 돌고 돌아서 내가 도움이 필요하거나 배려가 필요한 상황에 상대방이 나를 위해 배려해주게 될것입니다.#@문장구분# 그래서 배려는 돌고 돌아서 나에게 돌아오는 소중한 것입니다.#@문장구분#가끔 인터넷을 보다보면 댓글에 상대방을 비방하고 질타하는 내용의 글들이 많이 보이고 있습니다. #@문장구분#이것은 타인의 잘못을 포용하는 그들의 마음이 많이 부족한 탓이 아닐까 생각합니다.#@문장구분# 다른 사람을 비방하고 허물을 들추는 이런 모습은 불신과 대립을 야기시키며 이런 것이 반복되면서 사회는 어지럽혀 지게 됩니다.#@문장구분# 자신의 입장에서 바른 소리라고 생각할지 모르지만 그런일을 당하는 당사자는 얼마나 많은 마음의 상처를 입을까 생각하면 남의 일이라고 생각할수 없습니다.#@문장구분# 우리는 내가 먼저 남을 배려하고 상대방의 허물을 덮어서 보듬어 준다면 언제가 그들이 나를 존중해 주고 배려해 주게 될것입니다.#@문장구분# 행복한 사회를 만들기 위해 우리는 배려의 소중함을 잊지 않고 생각하며 살아가야 될 것입니다.#@문장구분#",
      "paragraph_len": 1008,
      "paragraph_id": "001"
    }
  ],
  "score": {
    "paragraph_score": [
      {
        "paragraph_scoreT": [
          3,
          3,
          2.6666667
        ],
        "paragraph_scoreT_detail": {
          "paragraph_scoreT_exp": [
            [
              3,
              3,
              3
            ],
            [
              3,
              3,
              3
            ],
            [
              2,
              3,
              3
            ]
          ]
        },
        "paragraph_scoreT_avg": 2.888889,
        "paragraph_id": "001"
      }
    ],
    "essay_scoreT": [
      30,
      24.88889,
      26.277779
    ],
    "essay_scoreT_avg": 27.055557,
    "essay_scoreT_detail": {
      "essay_scoreT_org": [
        [
          3,
          3,
          3,
          3
        ],
        [
          2,
          3,
          3,
          2
        ],
        [
          3,
          2,
          2,
          3
        ]
      ],
      "essay_scoreT_cont": [
        [
          3,
          3,
          0,
          3
        ],
        [
          2,
          2,
          0,
          2
        ],
        [
          3,
          2,
          0,
          3
        ]
      ],
      "essay_scoreT_exp": [
        [
          3,
          3,
          3
        ],
        [
          3,
          3,
          3
        ],
        [
          2,
          3,
          3
        ]
      ]
    }
  },
  "student": {
    "date": "2021.12.16",
    "student_educated": true,
    "student_grade": "고등_1학년",
    "location": "063",
    "student_grade_group": "고등",
    "student_reading": 2
  },
  "rubric": {
    "essay_grade": "고등_1학년",
    "organization_weight": {
      "org_paragraph": 2,
      "org": 2,
      "org_essay": 4,
      "org_coherence": 2,
      "org_quantity": 1
    },
    "essay_type": "글짓기",
    "content_weight": {
      "con_clearance": 4,
      "con_novelty": 3,
      "con": 4,
      "con_prompt": 0,
      "con_description": 1
    },
    "essay_main_subject": "소중함을 잃었던 경험",
    "expression_weight": {
      "exp_style": 1,
      "exp_grammar": 2,
      "exp_vocab": 3,
      "exp": 4
    }
  },
  "correction": [],
  "info": {
    "essay_id": "ESSAY_65715",
    "essay_prompt": " 익숙함에 속아 소중함을 잊지 말자는 명언 (Do not get fooled by something familiar and forget what is priceless.)이 있습니다.\n\n 부모님께서 매일 해주시는 아침밥이나, 너무 친해서 매일 맛있는 간식을 사주는 친구 등 처음에는 매우 감사했지만 반복되는 호의에 우리는 소중함을 잊어가기도 합니다.\n\n 작은 소중함일지라도 그 소중함을 잃게 되면 호의를 베푸는 사람 입장에서는 매우 당황스럽고 기분이 나쁠 수 있어요.\n\n 여러분은 익숙함에 속아 소중함을 잊었던 사례와 그로 인해 상대방의 기분을 나쁘게 했던 경험이 있나요? 만약 있다면 관계를 회복하기 위해 어떤 노력을 하셨나요? 본인의 경험을 작성해주세요.\n\n 만약 그런 적이 없다면 주변의 이야기나 본인에게 소중함을 주는 사람들에 관해 설명해주세요.",
    "essay_type": "글짓기",
    "essay_level": "2",
    "essay_len": 730,
    "essay_main_subject": "소중함을 잃었던 경험"
  }
}