{
  "paragraph": [
    {
      "paragraph_txt": "저는 익숙하다고 편하다고 해서 소중함을 잊는다는 명언을 전부터 알고 있었지만, 마음에 와 닿지는 않았습니다.#@문장구분# 제 인생에선 아직은 익숙하고 편하다고 해서 소중함을 잊거나 잃었던 경험이 아직 없고, 오히려 저에게 소중한 사람을 끝까지 가져가고 싶다는 바람이 익숙할수록 챙기고, 열심히 배려하려고 노력하는 사람 중 한 명입니다.#@문장구분# 이런 마음가짐을 가지고 살아보다 보니 익숙함에 속아 소중함을 잊었던 사례는 없었기 때문에 명언이 와 닿지 않는다고 생각했습니다.#@문장구분# 그래서 저는 제 인생에서 가장 소중한 사람인 저희 누나에 대해서 말해보려고 합니다.#@문장구분# 저희 누나는 저랑 2살 차이가 납니다.#@문장구분# 그래서 항상 저보다 2년 정도 먼저 많은 것들을 경험하고 저에게 항상 조언을 해주면서 도와주십니다.#@문장구분# 저희 누나는 부모님에게 잘 보이는 것이 효도라고 생각해 부모님 말씀을 어겨본 적도 없고, 공부를 열심히 해서 좋은 학교, 좋은 대학에 가려고 노력하는 사람입니다.#@문장구분# 이렇게 보는 거와 같이 자기가 설정과 목표와 결심이 서면 열심히 달려가는 추진력이 있는 사람입니다.#@문장구분# 이 추진력은 누가 와도 흔들리지 않는 사람이죠.#@문장구분# 그런 사람이 동생을 챙기기 위해 놀지도 않고 저를 챙기는 모습은 따듯한 누나의 사랑과 소중함 마음이 느껴져서 저도 반대로 누나를 존경하고 아끼고 사랑하는 모습을 보여주고 싶어 많은 노력을 하고 싶습니다.#@문장구분# 제 인생에서 누나는 단 한 명뿐이기 때문입니다.#@문장구분#",
      "paragraph_len": 912,
      "paragraph_id": "001"
    }
  ],
  "score": {
    "paragraph_score": [
      {
        "paragraph_scoreT": [
          3,
          3,
          3
        ],
        "paragraph_scoreT_detail": {
          "paragraph_scoreT_exp": [
            [
              3,
              3,
              3
            ],
            [
              3,
              3,
              3
            ],
            [
              3,
              3,
              3
            ]
          ]
        },
        "paragraph_scoreT_avg": 3,
        "paragraph_id": "001"
      }
    ],
    "essay_scoreT": [
      30,
      27.61111,
      26.666666
    ],
    "essay_scoreT_avg": 28.092592,
    "essay_scoreT_detail": {
      "essay_scoreT_org": [
        [
          3,
          3,
          3,
          3
        ],
        [
          2,
          3,
          3,
          3
        ],
        [
          2,
          2,
          3,
          3
        ]
      ],
      "essay_scoreT_cont": [
        [
          3,
          3,
          0,
          3
        ],
        [
          3,
          2,
          0,
          3
        ],
        [
          3,
          2,
          0,
          2
        ]
      ],
      "essay_scoreT_exp": [
        [
          3,
          3,
          3
        ],
        [
          3,
          3,
          3
        ],
        [
          3,
          3,
          3
        ]
      ]
    }
  },
  "student": {
    "date": "2021.12.13",
    "student_educated": true,
    "student_grade": "고등_1학년",
    "location": "031",
    "student_grade_group": "고등",
    "student_reading": 2
  },
  "rubric": {
    "essay_grade": "고등_1학년",
    "organization_weight": {
      "org_paragraph": 2,
      "org": 2,
      "org_essay": 4,
      "org_coherence": 2,
      "org_quantity": 1
    },
    "essay_type": "글짓기",
    "content_weight": {
      "con_clearance": 4,
      "con_novelty": 3,
      "con": 4,
      "con_prompt": 0,
      "con_description": 1
    },
    "essay_main_subject": "소중함을 잃었던 경험",
    "expression_weight": {
      "exp_style": 1,
      "exp_grammar": 2,
      "exp_vocab": 3,
      "exp": 4
    }
  },
  "correction": [],
  "info": {
    "essay_id": "ESSAY_73588",
    "essay_prompt": " 익숙함에 속아 소중함을 잊지 말자는 명언 (Do not get fooled by something familiar and forget what is priceless.)이 있습니다.\n\n 부모님께서 매일 해주시는 아침밥이나, 너무 친해서 매일 맛있는 간식을 사주는 친구 등 처음에는 매우 감사했지만 반복되는 호의에 우리는 소중함을 잊어가기도 합니다.\n\n 작은 소중함일지라도 그 소중함을 잃게 되면 호의를 베푸는 사람 입장에서는 매우 당황스럽고 기분이 나쁠 수 있어요.\n\n 여러분은 익숙함에 속아 소중함을 잊었던 사례와 그로 인해 상대방의 기분을 나쁘게 했던 경험이 있나요? 만약 있다면 관계를 회복하기 위해 어떤 노력을 하셨나요? 본인의 경험을 작성해주세요.\n\n 만약 그런 적이 없다면 주변의 이야기나 본인에게 소중함을 주는 사람들에 관해 설명해주세요.",
    "essay_type": "글짓기",
    "essay_level": "2",
    "essay_len": 692,
    "essay_main_subject": "소중함을 잃었던 경험"
  }
}