{
  "paragraph": [
    {
      "paragraph_txt": "지난주 갑자기 왼쪽 엄지발가락이 욱씬거린다.#@문장구분# 평소에는 왼쪽 엄지발톱의 오른쪽 가장자리가 아프기 시작하고 그럼 저는 손톱깍이로 발톱 사이에 있는 막 차오르기 시작하는 뭉근한 새살 발톱들이 덜어내면 신기하게 살을 누르던 압박이 사라지며 통증이 완화된다.#@문장구분# 당연히 평소처럼 능숙하게 발톱 손질을 했다.#@문장구분# 그런데 이상하게 이번에는 엄지발톱의 왼쪽 가장자리도 아팠다.#@문장구분# 너무 아프니 일단 발톱을 자르고 보자하며 아무 생각없이 바짝 발톱을 잘라 버렸는데 동그란 발톱의 끝이 발을 파고들었다.#@문장구분# 너무 아파서 급한 마음에 인터넷에 찾아보니 1번은 발톱을 일자로 깍으라는 것, 2단계는 항생제를 먹으며 발이 곪는 것을 예방하며 스스로 나아지기를 기다리는 것이다.#@문장구분# 만약 그 단계에서 치료가 안되면 발톱제거 수술을 해야 한다는 공포스러운 예고를 보고 두려움에 얼른 항생제 2알을 삼켰다.#@문장구분# 그리고 내발을 내려다 보니 무식한 주인을 만난 발관리를 못해서 이렇게 된 것 같아 내 발이 불쌍했다.#@문장구분# 세상 모든일이 그렇듯 하루아침에 일어난 일이 없다.#@문장구분# 조금씩 조금씩 아주 서서히 변해서 오늘까지 온 것이다.#@문장구분# 갑자기 제 발에게 너무 미안한 생각이 듭니다.#@문장구분# 살을 파고 드는 발톱으로 발을 디딜 때마다 왼쪽 엄지발가락이 지금 고통스럽다.#@문장구분# 친구들과 쇼핑가기로 했던 약속도 못가게 되었고 다니던 체육관도 발이 아파서 나가지 못하게 되었다.#@문장구분# 세상에~#@문장구분# 이 발가락 하나가 내 일상을 바꿀수 있다니..#@문장구분# 우리가 살면서 '건강이 최고다'라고 말한다.#@문장구분#그리고 우리 신체의 소중함도 늘 느낀다.#@문장구분# 그렇지만 '난 손가락이 제일 중요해, 난 발가락이 정말 중요해' 이렇게 말하지는 않았던 것 같다.#@문장구분# 그래도 신체라 하면 뇌, 심장, 팔, 다리, 장기 등 뭐 이런 다소 거창한 단어들을 당연시하며 떠올렸던 것 같다.#@문장구분# 그런데 이번에 알았다.#@문장구분# 우리가 살면서 만나는 모든 요소중 그 어떤것도 소중하지 않고 그 역할을 못하는 것은 없다는 것을 말이다.#@문장구분# 그 작은 하나가 잘못되면 커다란 그 무엇이 제대로 작동될 수 없다는 것이다.#@문장구분# 다행히 내 발은 2단계인 항생제 치료법으로 안정을 찾았고 이제 통증이 거의 없다.#@문장구분# 이렇게 엄지발톱 하나가 제 삶의 작은 것에 대한 소중함을 일깨워 주는 시간이 되었다.#@문장구분# 이 순간 내가 가진 모든 삶의 요소들에게 조용히 말하고 싶다.#@문장구분# '감사합니다.#@문장구분# 사랑합니다#@문장구분#",
      "paragraph_len": 1662,
      "paragraph_id": "001"
    }
  ],
  "score": {
    "paragraph_score": [
      {
        "paragraph_scoreT": [
          2.6666667,
          2.6666667,
          3
        ],
        "paragraph_scoreT_detail": {
          "paragraph_scoreT_exp": [
            [
              2,
              3,
              3
            ],
            [
              2,
              3,
              3
            ],
            [
              3,
              3,
              3
            ]
          ]
        },
        "paragraph_scoreT_avg": 2.777778,
        "paragraph_id": "001"
      }
    ],
    "essay_scoreT": [
      28.666668,
      30,
      30
    ],
    "essay_scoreT_avg": 29.555557,
    "essay_scoreT_detail": {
      "essay_scoreT_org": [
        [
          3,
          3,
          3,
          3
        ],
        [
          3,
          3,
          3,
          3
        ],
        [
          3,
          3,
          3,
          3
        ]
      ],
      "essay_scoreT_cont": [
        [
          3,
          3,
          0,
          3
        ],
        [
          3,
          3,
          0,
          3
        ],
        [
          3,
          3,
          0,
          3
        ]
      ],
      "essay_scoreT_exp": [
        [
          2,
          3,
          3
        ],
        [
          3,
          3,
          3
        ],
        [
          3,
          3,
          3
        ]
      ]
    }
  },
  "student": {
    "date": "2021.11.16",
    "student_educated": true,
    "student_grade": "고등_1학년",
    "location": "063",
    "student_grade_group": "고등",
    "student_reading": 1
  },
  "rubric": {
    "essay_grade": "고등_1학년",
    "organization_weight": {
      "org_paragraph": 2,
      "org": 2,
      "org_essay": 4,
      "org_coherence": 2,
      "org_quantity": 1
    },
    "essay_type": "글짓기",
    "content_weight": {
      "con_clearance": 4,
      "con_novelty": 3,
      "con": 4,
      "con_prompt": 0,
      "con_description": 1
    },
    "essay_main_subject": "소중함을 잃었던 경험",
    "expression_weight": {
      "exp_style": 1,
      "exp_grammar": 2,
      "exp_vocab": 3,
      "exp": 4
    }
  },
  "correction": [],
  "info": {
    "essay_id": "ESSAY_47425",
    "essay_prompt": " 익숙함에 속아 소중함을 잊지 말자는 명언 (Do not get fooled by something familiar and forget what is priceless.)이 있습니다.\n\n 부모님께서 매일 해주시는 아침밥이나, 너무 친해서 매일 맛있는 간식을 사주는 친구 등 처음에는 매우 감사했지만 반복되는 호의에 우리는 소중함을 잊어가기도 합니다.\n\n 작은 소중함일지라도 그 소중함을 잃게 되면 호의를 베푸는 사람 입장에서는 매우 당황스럽고 기분이 나쁠 수 있어요.\n\n 여러분은 익숙함에 속아 소중함을 잊었던 사례와 그로 인해 상대방의 기분을 나쁘게 했던 경험이 있나요? 만약 있다면 관계를 회복하기 위해 어떤 노력을 하셨나요? 본인의 경험을 작성해주세요.\n\n 만약 그런 적이 없다면 주변의 이야기나 본인에게 소중함을 주는 사람들에 관해 설명해주세요.",
    "essay_type": "글짓기",
    "essay_level": "2",
    "essay_len": 1123,
    "essay_main_subject": "소중함을 잃었던 경험"
  }
}