{
  "paragraph": [
    {
      "paragraph_txt": "저는 저의 신체중에 소중한 것을 최근에 잃었습니다.#@문장구분# 그것은 바로 왼쪽 눈썹입니다.#@문장구분# 요즘 유투브를 보면서 화장하는 스킬을 익히는 중인데 눈썹정리를 하면서 그만 눈썹을 너무 많이 밀어서 왼쪽눈썹이 거의 날아가 바렸습니다.#@문장구분# 앞부분만 남고 다 없어졌습니다.#@문장구분# 그때 제가 왜 그랬는지 모르겠습니다.#@문장구분# 왼쪽과 오른쪽 눈썹이 균형이 맞지 않는 것 같아 조절 한다는 것이 그만 모나리자를 만들어 버리고 말았습니다.#@문장구분# 그래서 저는 학교에 갈 때, 학원에 갈때도 항상 눈썹을 진하게 그리고 앞머리로 왼쪽 눈썹을 최대한 가리고 밖에 나갑니다.#@문장구분# 눈썹을 가리느라 가르마의 방향도 반대쪽으로 바꾸었습니다.#@문장구분# 한순간의 실수로 저는 화장을 더 진하게 해야하고 머리스타일도 신경을 써야 합니다.#@문장구분# 눈썹이 빨리 자라서 이런 수고를 줄였으면 좋겠습니다.#@문장구분# 이번 일을 계기로 눈썹 그리는 스킬이 조금 더 늘기는 했지만 양쪽 눈썹이 다르다 보니 스트레스가 이만 저만이 아닙니다.#@문장구분# 다음부터는 눈썹칼을 손에 들고 있을때는 집중해서 이런 불상사가 생기지 않도록 해야겠습니다.#@문장구분# 제 몸은 소중하고 저의 눈썹또한 엄청 소중합니다.#@문장구분# 사실 이전에는 눈썹이 인상에 이렇게 큰 영향을 끼칠거라 생각하지 못했는데 이번 일을 계기로 눈썹이 얼굴 인상에 많은 부분을 차지 한다는 것을 알게되었습니다.#@문장구분# 얼른 저의 소중한 눈썹을 되찾아 정상적인 얼굴이 되고 싶습니다.#@문장구분#",
      "paragraph_len": 967,
      "paragraph_id": "001"
    }
  ],
  "score": {
    "paragraph_score": [
      {
        "paragraph_scoreT": [
          2.6666667,
          2,
          2.1666667
        ],
        "paragraph_scoreT_detail": {
          "paragraph_scoreT_exp": [
            [
              2,
              3,
              3
            ],
            [
              2,
              2,
              2
            ],
            [
              2,
              2,
              3
            ]
          ]
        },
        "paragraph_scoreT_avg": 2.277778,
        "paragraph_id": "001"
      }
    ],
    "essay_scoreT": [
      24.666668,
      24.222221,
      25.333334
    ],
    "essay_scoreT_avg": 24.74074,
    "essay_scoreT_detail": {
      "essay_scoreT_org": [
        [
          3,
          3,
          3,
          3
        ],
        [
          2,
          2,
          2,
          3
        ],
        [
          2,
          2,
          3,
          3
        ]
      ],
      "essay_scoreT_cont": [
        [
          2,
          2,
          0,
          2
        ],
        [
          3,
          3,
          0,
          3
        ],
        [
          3,
          3,
          0,
          3
        ]
      ],
      "essay_scoreT_exp": [
        [
          2,
          3,
          3
        ],
        [
          2,
          2,
          2
        ],
        [
          2,
          2,
          3
        ]
      ]
    }
  },
  "student": {
    "date": "2021.12.17",
    "student_educated": true,
    "student_grade": "고등_1학년",
    "location": "063",
    "student_grade_group": "고등",
    "student_reading": 2
  },
  "rubric": {
    "essay_grade": "고등_1학년",
    "organization_weight": {
      "org_paragraph": 2,
      "org": 2,
      "org_essay": 4,
      "org_coherence": 2,
      "org_quantity": 1
    },
    "essay_type": "글짓기",
    "content_weight": {
      "con_clearance": 4,
      "con_novelty": 3,
      "con": 4,
      "con_prompt": 0,
      "con_description": 1
    },
    "essay_main_subject": "소중함을 잃었던 경험",
    "expression_weight": {
      "exp_style": 1,
      "exp_grammar": 2,
      "exp_vocab": 3,
      "exp": 4
    }
  },
  "correction": [],
  "info": {
    "essay_id": "ESSAY_71999",
    "essay_prompt": " 익숙함에 속아 소중함을 잊지 말자는 명언 (Do not get fooled by something familiar and forget what is priceless.)이 있습니다.\n\n 부모님께서 매일 해주시는 아침밥이나, 너무 친해서 매일 맛있는 간식을 사주는 친구 등 처음에는 매우 감사했지만 반복되는 호의에 우리는 소중함을 잊어가기도 합니다.\n\n 작은 소중함일지라도 그 소중함을 잃게 되면 호의를 베푸는 사람 입장에서는 매우 당황스럽고 기분이 나쁠 수 있어요.\n\n 여러분은 익숙함에 속아 소중함을 잊었던 사례와 그로 인해 상대방의 기분을 나쁘게 했던 경험이 있나요? 만약 있다면 관계를 회복하기 위해 어떤 노력을 하셨나요? 본인의 경험을 작성해주세요.\n\n 만약 그런 적이 없다면 주변의 이야기나 본인에게 소중함을 주는 사람들에 관해 설명해주세요.",
    "essay_type": "글짓기",
    "essay_level": "2",
    "essay_len": 668,
    "essay_main_subject": "소중함을 잃었던 경험"
  }
}