{
  "paragraph": [
    {
      "paragraph_txt": "어느날 갑자기 모든게 싫어졌다.#@문장구분# 아무런 이유도 없다 그냥 말이다.#@문장구분# 무척 그 날에는 무언가 하나가 빈 것만 같았다.#@문장구분# 마치 음식을 만들었을때 간을 안하고 만든것 같이 그 날은 유튜브로 공부자극을 본 날 이었다.#@문장구분# 영상에는 하루하루 조금씩이라도 노력하며 어제와 다른 오늘을 살아가라는 내용이었는데 문뜩 나는 보다가 \"내가 왜 지금 뭐를 위해서 노력을 해야하지? 어차피 세상살아가는거는 사람마다 어떻게 될지 모르고 요즘은 인서울해도 취업하기 힘든 시대라는데 굳이 열심히 해야하나?\" 라는 생각이 들었다.#@문장구분# 나는 하루하루를 공부를 하지않고 놀면서 보내는 하루에 익숙해져있었기 때문에 공부를 하지 않고 있었는데 영상을 보고 나에게는 소중한게 뭘까 생각하며 하루를 보냈다.#@문장구분# 그 뒤로 하루 또 하루하루 지나며 나에게는 가족과 친구들이 가장 소중하다는걸 깨달았다.#@문장구분# 가족이란 어떤존재인가?#@문장구분# 가족은 내가 웃을때는 같이 웃어주고 내가 슬플때는 같이 울어주는 존재이다.#@문장구분# 하지만 나같은 경우에는 항상 가족이 옆에 있어주기 때문에 소중하다는걸 잘 인지하지 못한다.#@문장구분# 그렇지만 나는 서울친구 몇몇과 헤어진적(?)이 있는데 그중 초등학교 친구들과 같이 놀때는 이런일이 있을줄은 몰랐는데 헤어지고 나니 그 친구들을 자주 보지못하는게 매우 심심하고 아쉬운 마음도 많다.#@문장구분# 그래도 괜찮다.#@문장구분# 아직도 몇몇과는 연락하고 지내며 나중에 자취도 같이 하자는 이야기도 있었으니 말이다.#@문장구분# 나는 친구들이라는 소중한것을 잃고싶지 않으며 그 친구들도 나를 잊지 않았으면 한다.#@문장구분# 그러기에 나는 나만의 소중한것을 지키기 위해 대학교를 서울로 갈 수 있게 나라는 존재를 변화시키고 싶다.#@문장구분# 그렇지만 솔직히 아직은 자신이 없다.#@문장구분# 지금은 그저 꾸준히 공부를 하는 수밖에 없는것 같다.#@문장구분# 위에서 본 영상의 주제는 \"쌓이고 쌓여서 빛나는 보석이 될거야\" 였다.#@문장구분# 앞으로 나도 나만의 보석을 만들어 나갈거다. 그날을 위해서....#@문장구분#",
      "paragraph_len": 1301,
      "paragraph_id": "001"
    }
  ],
  "score": {
    "paragraph_score": [
      {
        "paragraph_scoreT": [
          2,
          2.8333333,
          2
        ],
        "paragraph_scoreT_detail": {
          "paragraph_scoreT_exp": [
            [
              2,
              2,
              2
            ],
            [
              3,
              3,
              2
            ],
            [
              2,
              2,
              2
            ]
          ]
        },
        "paragraph_scoreT_avg": 2.2777777,
        "paragraph_id": "001"
      }
    ],
    "essay_scoreT": [
      20,
      26,
      26
    ],
    "essay_scoreT_avg": 24,
    "essay_scoreT_detail": {
      "essay_scoreT_org": [
        [
          2,
          2,
          2,
          2
        ],
        [
          2,
          2,
          3,
          3
        ],
        [
          3,
          3,
          3,
          3
        ]
      ],
      "essay_scoreT_cont": [
        [
          2,
          2,
          0,
          2
        ],
        [
          3,
          2,
          0,
          2
        ],
        [
          3,
          3,
          0,
          3
        ]
      ],
      "essay_scoreT_exp": [
        [
          2,
          2,
          2
        ],
        [
          3,
          3,
          2
        ],
        [
          2,
          2,
          2
        ]
      ]
    }
  },
  "student": {
    "date": "2021.09.29",
    "student_educated": true,
    "student_grade": "고등_1학년",
    "location": "051",
    "student_grade_group": "고등",
    "student_reading": 2
  },
  "rubric": {
    "essay_grade": "고등_1학년",
    "organization_weight": {
      "org_paragraph": 2,
      "org": 2,
      "org_essay": 4,
      "org_coherence": 2,
      "org_quantity": 1
    },
    "essay_type": "글짓기",
    "content_weight": {
      "con_clearance": 4,
      "con_novelty": 3,
      "con": 4,
      "con_prompt": 0,
      "con_description": 1
    },
    "essay_main_subject": "소중함을 잃었던 경험",
    "expression_weight": {
      "exp_style": 1,
      "exp_grammar": 2,
      "exp_vocab": 3,
      "exp": 4
    }
  },
  "correction": [],
  "info": {
    "essay_id": "ESSAY_35780",
    "essay_prompt": " 익숙함에 속아 소중함을 잊지 말자는 명언 (Do not get fooled by something familiar and forget what is priceless.)이 있습니다.\n\n 부모님께서 매일 해주시는 아침밥이나, 너무 친해서 매일 맛있는 간식을 사주는 친구 등 처음에는 매우 감사했지만 반복되는 호의에 우리는 소중함을 잊어가기도 합니다.\n\n 작은 소중함일지라도 그 소중함을 잃게 되면 호의를 베푸는 사람 입장에서는 매우 당황스럽고 기분이 나쁠 수 있어요.\n\n 여러분은 익숙함에 속아 소중함을 잊었던 사례와 그로 인해 상대방의 기분을 나쁘게 했던 경험이 있나요? 만약 있다면 관계를 회복하기 위해 어떤 노력을 하셨나요? 본인의 경험을 작성해주세요.\n\n 만약 그런 적이 없다면 주변의 이야기나 본인에게 소중함을 주는 사람들에 관해 설명해주세요.",
    "essay_type": "글짓기",
    "essay_level": "2",
    "essay_len": 921,
    "essay_main_subject": "소중함을 잃었던 경험"
  }
}