{
  "paragraph": [
    {
      "paragraph_txt": "'익숙함에 속아 소중한걸 잃지 말자' 요즘처럼 이말이 다가왔던 없었던 것 같다.#@문장구분# 전세계적으로 유래없는 펜데믹상황속에서 우리는 일상의 소중함을 다시 한번 느끼게 되는 것 같다.#@문장구분# 마스크없이 다니던 예전은 이젠 꿈과 같다. #@문장구분#친구들과 모여 수다를 떨고 함께 웃고 떠들고 친구들과 축구나 농구를 하며 재미있게 놀고. 수많은 관객들이 들어찬 콘서트장에서 땀을 뻘뻘 흘리면서 응원하던 모습들은 이젠 찾아볼 수 없으며 이런일들은 다른사람의 눈총을 받게 되어있다.#@문장구분# 우리는 마스크 없이는 집 밖을 나갈 수 없으며 심지어 집안에서도 마스크를 쓰고 있어야 하는 경우도 있다.#@문장구분# 그리고 핸드폰의 QR코드가 없이는 어느 식당도 마음대로 들어갈 수 없고 백신을 맞아야지만 식당에서 밥이라도 먹을 수 있는 세상이 되어버린 것이다.#@문장구분# 예전에는 이런 생활을 우리가 하게 될거라고는 꿈에도 생각해 보지 않았다.#@문장구분# 많은 사람들은 이런 현실을 받아들이지 못해서 폭력을 휘두르거나 다른사람을 모욕하는 상황도 발생한다.#@문장구분# 이모든 일들이 어느날 갑자기 우리 앞에 나타난 것이다.#@문장구분# 정말 평범한 일상. 그것을 다시 찾기 위해서 우리는 아직도 힘든 싸움을 하고 있다.#@문장구분# 우리가 항상 존재할 것 같았던 일상은 그것이 얼마나 소중한 것이며 그 일상이 존재하지 않을 때 우리가 얼마나 힘들어 진다는 것을 새삼느끼게 해주고 있다.#@문장구분# 평범한 일상 그것이 얼마나 소중한 것인지를 깨닫고 다시 일상으로 돌아가기 위해 우리는 방역을 더욱 철저히 해야겠다.#@문장구분#",
      "paragraph_len": 957,
      "paragraph_id": "001"
    }
  ],
  "score": {
    "paragraph_score": [
      {
        "paragraph_scoreT": [
          3,
          3,
          3
        ],
        "paragraph_scoreT_detail": {
          "paragraph_scoreT_exp": [
            [
              3,
              3,
              3
            ],
            [
              3,
              3,
              3
            ],
            [
              3,
              3,
              3
            ]
          ]
        },
        "paragraph_scoreT_avg": 3,
        "paragraph_id": "001"
      }
    ],
    "essay_scoreT": [
      27.38889,
      28.5,
      30
    ],
    "essay_scoreT_avg": 28.62963,
    "essay_scoreT_detail": {
      "essay_scoreT_org": [
        [
          2,
          3,
          3,
          2
        ],
        [
          3,
          3,
          3,
          3
        ],
        [
          3,
          3,
          3,
          3
        ]
      ],
      "essay_scoreT_cont": [
        [
          3,
          2,
          0,
          3
        ],
        [
          3,
          2,
          0,
          3
        ],
        [
          3,
          3,
          0,
          3
        ]
      ],
      "essay_scoreT_exp": [
        [
          3,
          3,
          3
        ],
        [
          3,
          3,
          3
        ],
        [
          3,
          3,
          3
        ]
      ]
    }
  },
  "student": {
    "date": "2021.12.22",
    "student_educated": true,
    "student_grade": "고등_1학년",
    "location": "063",
    "student_grade_group": "고등",
    "student_reading": 1
  },
  "rubric": {
    "essay_grade": "고등_1학년",
    "organization_weight": {
      "org_paragraph": 2,
      "org": 2,
      "org_essay": 4,
      "org_coherence": 2,
      "org_quantity": 1
    },
    "essay_type": "글짓기",
    "content_weight": {
      "con_clearance": 4,
      "con_novelty": 3,
      "con": 4,
      "con_prompt": 0,
      "con_description": 1
    },
    "essay_main_subject": "소중함을 잃었던 경험",
    "expression_weight": {
      "exp_style": 1,
      "exp_grammar": 2,
      "exp_vocab": 3,
      "exp": 4
    }
  },
  "correction": [],
  "info": {
    "essay_id": "ESSAY_75451",
    "essay_prompt": " 익숙함에 속아 소중함을 잊지 말자는 명언 (Do not get fooled by something familiar and forget what is priceless.)이 있습니다.\n\n 부모님께서 매일 해주시는 아침밥이나, 너무 친해서 매일 맛있는 간식을 사주는 친구 등 처음에는 매우 감사했지만 반복되는 호의에 우리는 소중함을 잊어가기도 합니다.\n\n 작은 소중함일지라도 그 소중함을 잃게 되면 호의를 베푸는 사람 입장에서는 매우 당황스럽고 기분이 나쁠 수 있어요.\n\n 여러분은 익숙함에 속아 소중함을 잊었던 사례와 그로 인해 상대방의 기분을 나쁘게 했던 경험이 있나요? 만약 있다면 관계를 회복하기 위해 어떤 노력을 하셨나요? 본인의 경험을 작성해주세요.\n\n 만약 그런 적이 없다면 주변의 이야기나 본인에게 소중함을 주는 사람들에 관해 설명해주세요.",
    "essay_type": "글짓기",
    "essay_level": "2",
    "essay_len": 717,
    "essay_main_subject": "소중함을 잃었던 경험"
  }
}