{
  "paragraph": [
    {
      "paragraph_txt": "소중한 것이라는 주제에 대해 생각해 봤을 때, 머릿속에 가장 많이 들었던 생각은 '소중한 것은 사람을 약하게 한다'였다.#@문장구분# 나는 이 말이 맞다고 생각하지만, 이렇게 얘기하기 시작하면 피차 피곤해지니 좀 더 단순하게 생각해 보기로 했다.#@문장구분#글감을 고민하던 중 우리는 보통 이미 존재하는 것, 또는 내가 할 수 있는 것을 '소중한 것'으로 여긴다고 느꼈다.#@문장구분# 하지만 반대로 갈구하는 것 역시 소중한 것이 될 수 있다는 생각으로 글의 주제를 정했다.#@문장구분# 내가 소중히 여기는 것은 '잠'이다.#@문장구분# 무슨 영문인지 올해 중반부터 잠을 제대로 못 잤다.#@문장구분# 베개가 너무 낮은 건지 높은 건지 목도 불편하고, 때로는 체감상 1분씩 자다 깨다를 반복하다 완전히 깨버렸다.#@문장구분# 일어나서 씻으면서도 머릿속은 물속에 흰색 페인트를 풀어놓은 것 마냥 탁했고, 회사에서는 점심시간이 지나면 '참을 수 없는' 피로가 쏟아졌다.#@문장구분# 잘까지 집중력을 유지하는 것이 너무 힘들었다.#@문장구분# 모니터 속 글자는 난독증 마냥 다시 읽어도 이해가 안 갔고, 숫자는 읽고 돌아서도 확신이 안 섰다.#@문장구분# 주말에는 딱 씻고 집을 나설 때만 상쾌했고, 대중교통을 타거나 운전대를 잡는 순간부터 피곤했다.#@문장구분# 짜증이 났다.#@문장구분# 쉬웠던 삶이 어려워진 기분이었다.#@문장구분# 예전에 공들여 하지 않던 일을 세세히 보지 않으면 실수가 생겼고, 예전보다 더 쥐어짜내지 않으면 완성도가 떨어졌다.#@문장구분# 누군가와의 약속이나 공부도 까먹는 경우가 많아졌고, 그리고 나는 이 상황을 타개하기 위해 많은 노력을 했다.#@문장구분# 뭐랄까 소라 껍데기에 귀를 가져다 대면 바다 소리가 들리는 현상이 나타났다.#@문장구분# 나는 잠이 가장 소중하다.#@문장구분# 소중한 것을 잃는 경험은 싫다.#@문장구분#",
      "paragraph_len": 1161,
      "paragraph_id": "001"
    }
  ],
  "score": {
    "paragraph_score": [
      {
        "paragraph_scoreT": [
          3,
          2,
          3
        ],
        "paragraph_scoreT_detail": {
          "paragraph_scoreT_exp": [
            [
              3,
              3,
              3
            ],
            [
              2,
              2,
              2
            ],
            [
              3,
              3,
              3
            ]
          ]
        },
        "paragraph_scoreT_avg": 2.6666667,
        "paragraph_id": "001"
      }
    ],
    "essay_scoreT": [
      30,
      21.222221,
      20.222221
    ],
    "essay_scoreT_avg": 23.814814,
    "essay_scoreT_detail": {
      "essay_scoreT_org": [
        [
          3,
          3,
          3,
          3
        ],
        [
          2,
          2,
          2,
          3
        ],
        [
          2,
          2,
          2,
          3
        ]
      ],
      "essay_scoreT_cont": [
        [
          3,
          3,
          0,
          3
        ],
        [
          3,
          1,
          0,
          3
        ],
        [
          1,
          1,
          0,
          1
        ]
      ],
      "essay_scoreT_exp": [
        [
          3,
          3,
          3
        ],
        [
          2,
          2,
          2
        ],
        [
          3,
          3,
          3
        ]
      ]
    }
  },
  "student": {
    "date": "2021.12.13",
    "student_educated": true,
    "student_grade": "고등_1학년",
    "location": "041",
    "student_grade_group": "고등",
    "student_reading": 2
  },
  "rubric": {
    "essay_grade": "고등_1학년",
    "organization_weight": {
      "org_paragraph": 2,
      "org": 2,
      "org_essay": 4,
      "org_coherence": 2,
      "org_quantity": 1
    },
    "essay_type": "글짓기",
    "content_weight": {
      "con_clearance": 4,
      "con_novelty": 3,
      "con": 4,
      "con_prompt": 0,
      "con_description": 1
    },
    "essay_main_subject": "소중함을 잃었던 경험",
    "expression_weight": {
      "exp_style": 1,
      "exp_grammar": 2,
      "exp_vocab": 3,
      "exp": 4
    }
  },
  "correction": [],
  "info": {
    "essay_id": "ESSAY_65859",
    "essay_prompt": " 익숙함에 속아 소중함을 잊지 말자는 명언 (Do not get fooled by something familiar and forget what is priceless.)이 있습니다.\n\n 부모님께서 매일 해주시는 아침밥이나, 너무 친해서 매일 맛있는 간식을 사주는 친구 등 처음에는 매우 감사했지만 반복되는 호의에 우리는 소중함을 잊어가기도 합니다.\n\n 작은 소중함일지라도 그 소중함을 잃게 되면 호의를 베푸는 사람 입장에서는 매우 당황스럽고 기분이 나쁠 수 있어요.\n\n 여러분은 익숙함에 속아 소중함을 잊었던 사례와 그로 인해 상대방의 기분을 나쁘게 했던 경험이 있나요? 만약 있다면 관계를 회복하기 위해 어떤 노력을 하셨나요? 본인의 경험을 작성해주세요.\n\n 만약 그런 적이 없다면 주변의 이야기나 본인에게 소중함을 주는 사람들에 관해 설명해주세요.",
    "essay_type": "글짓기",
    "essay_level": "2",
    "essay_len": 802,
    "essay_main_subject": "소중함을 잃었던 경험"
  }
}