{
  "paragraph": [
    {
      "paragraph_txt": "몇 주 전에 우연히 방송 프로그램을 보았는데 지구온난화로 인해 전체 식물의 13~15% 정도가 멸종 되었고 많은 종들이 멸종 위기에 처해있다는 것을 알게 되었다.#@문장구분# 지구온난화로 인해 동물들이 많이 멸종되고 있다는 사실은 여러 방송이나 뉴스를 통해 접해서 인지 어느 정도 인지를 하고 있었지만 식물에 대한 이야기는 자주 접하지 못해서 그런지 이런 사실을 듣고 나서는 마음이 복잡해졌다.#@문장구분# 또한 식물이 멸종된다는 소리를 듣자 아마존의 열대우림의 3분의 1이 사라졌다는 뉴스도 생각났다.#@문장구분# 식물들은 우리가 사는 지구의 산소를 담당해주는 역할을 하고있지만, 우리 일상에 당연하게 녹아있는 푸른 산과 늘 그 자리를 지키고 있는 나무들이 몇백 년, 몇십 년이 지나면 더 이상 볼 수 없을지도 모르는 생각과 어떤 사람에게는 삶의 쉼터가 될 수도 있고, 삶의 활력을 줄 수도 있고, 생계를 이어나갈 수 있는 중요한 일상이 사라질 수도 있다는 생각으로 식물이 우리 생활에 많은 부분을 차지하고 있었는지 나는 식물들이 우리에게 주는 것을 꽤나 당연하다고 생각하고 있었다는 것을 깨달았다.#@문장구분# 이런 사실을 알게 된 후 이제는 주위에 있는 것이 당연하다고 생각하지 않고 소중한 것을 지키기 위해 지구온난화를 늦추기 위해서 할 수 있는 개인의 노력을 할 것을 생각했고 며칠 밖에 지키지 못해도 잊을 때마다 매번 내가 생각했던 것을 떠올리면서 내가 할 수 있는 한에서 최선을 다할 것을 다짐하며 소중함을 잊지 말아야겠다고 느꼈다.#@문장구분#",
      "paragraph_len": 825,
      "paragraph_id": "001"
    }
  ],
  "score": {
    "paragraph_score": [
      {
        "paragraph_scoreT": [
          3,
          2.5,
          2
        ],
        "paragraph_scoreT_detail": {
          "paragraph_scoreT_exp": [
            [
              3,
              3,
              3
            ],
            [
              2,
              3,
              2
            ],
            [
              2,
              2,
              2
            ]
          ]
        },
        "paragraph_scoreT_avg": 2.5,
        "paragraph_id": "001"
      }
    ],
    "essay_scoreT": [
      28.61111,
      26.38889,
      19.11111
    ],
    "essay_scoreT_avg": 24.703705,
    "essay_scoreT_detail": {
      "essay_scoreT_org": [
        [
          2,
          3,
          3,
          3
        ],
        [
          2,
          3,
          3,
          2
        ],
        [
          1,
          2,
          2,
          2
        ]
      ],
      "essay_scoreT_cont": [
        [
          3,
          3,
          0,
          2
        ],
        [
          3,
          3,
          0,
          2
        ],
        [
          2,
          2,
          0,
          2
        ]
      ],
      "essay_scoreT_exp": [
        [
          3,
          3,
          3
        ],
        [
          2,
          3,
          2
        ],
        [
          2,
          2,
          2
        ]
      ]
    }
  },
  "student": {
    "date": "2021.10.01",
    "student_educated": true,
    "student_grade": "고등_1학년",
    "location": "051",
    "student_grade_group": "고등",
    "student_reading": 1
  },
  "rubric": {
    "essay_grade": "고등_1학년",
    "organization_weight": {
      "org_paragraph": 2,
      "org": 2,
      "org_essay": 4,
      "org_coherence": 2,
      "org_quantity": 1
    },
    "essay_type": "글짓기",
    "content_weight": {
      "con_clearance": 4,
      "con_novelty": 3,
      "con": 4,
      "con_prompt": 0,
      "con_description": 1
    },
    "essay_main_subject": "소중함을 잃었던 경험",
    "expression_weight": {
      "exp_style": 1,
      "exp_grammar": 2,
      "exp_vocab": 3,
      "exp": 4
    }
  },
  "correction": [],
  "info": {
    "essay_id": "ESSAY_37037",
    "essay_prompt": " 익숙함에 속아 소중함을 잊지 말자는 명언 (Do not get fooled by something familiar and forget what is priceless.)이 있습니다.\n\n 부모님께서 매일 해주시는 아침밥이나, 너무 친해서 매일 맛있는 간식을 사주는 친구 등 처음에는 매우 감사했지만 반복되는 호의에 우리는 소중함을 잊어가기도 합니다.\n\n 작은 소중함일지라도 그 소중함을 잃게 되면 호의를 베푸는 사람 입장에서는 매우 당황스럽고 기분이 나쁠 수 있어요.\n\n 여러분은 익숙함에 속아 소중함을 잊었던 사례와 그로 인해 상대방의 기분을 나쁘게 했던 경험이 있나요? 만약 있다면 관계를 회복하기 위해 어떤 노력을 하셨나요? 본인의 경험을 작성해주세요.\n\n 만약 그런 적이 없다면 주변의 이야기나 본인에게 소중함을 주는 사람들에 관해 설명해주세요.",
    "essay_type": "글짓기",
    "essay_level": "2",
    "essay_len": 726,
    "essay_main_subject": "소중함을 잃었던 경험"
  }
}