{
  "paragraph": [
    {
      "paragraph_txt": "저번주 화요일부터 엄마가 아빠가 있는 제주도로 가서 토요일까지 집에 나혼자 있게 되었다.#@문장구분# 그래서 처음에는 집에 아무도 없어 혼자 뭘할지 상상하다가 집에서 영화보고 친구 불러서 놀고 밥먹고 자고를 내 마음대로 하였다.#@문장구분# 그리고 일어나보니 엄마가 안깨우는걸 보고 혼자 잇는게 좋다라고 느꼈다.#@문장구분# 하지만 일어나 보니 집이 엉망이었다.#@문장구분# 원래 같았으면 엄마가 아침에 치워줬을 테지만 엄마가 지금 다른 곳에 가 치워줄수가 없었다.#@문장구분# 그래서 내가 혼자 치우는데 집에 내가 어지른 옷과 밥먹을 때 쓴 접시 먹고 안버린 쓰레기 청소기를 안돌려 먼지가 쌓여있었다.#@문장구분# 그래서 어지른 옷들을 세탁기에 넣고 설거지를 하고 청소기를돌려 먼지 없애고 고양이 밥도 안줘서 밥을 주고 하였는데 너무 힘이 들었다.#@문장구분# 근데 이걸 엄마가 매일 한것을 생각하니 엄마가 얼마나 청소하기 힘들었을지 생각하게 되었고 엄마가 대단하다고 생각하게 되었다.#@문장구분# 그리고 엄마가 없으니 빨래 해줄 사람이 없어 입을 옷이 없었다.#@문장구분# 그래서 빨래를 하는데 빨래하는것도 빨래를 돌리고 빨래 돌린것을 빼서 널고 마른것을 또 개서 넣어야한다는것을 깨달았다.#@문장구분# 또 원래 밥도 엄마한테 해달라했었는데 엄마가 지금 없으니 나혼자 밥만들어 먹는데 다 태워먹었다.#@문장구분# 이렇게 집에 엄마가 같이 지내다 보니 엄마의 소중함을 모르고 지냈는데 엄마가 없이 5일정도를 지내보니 엄마의 소중함을 확실히 깨달았다.#@문장구분# 자취생들이 왜 혼자 있는게 힘들다한지 알거같았다.#@문장구분# 그리고 엄마가 제주도에서 돌아오면 엄마가 하는일을 할거 없을때 한번씩 도와주고 엄마한테 요리를 좀 배워서 요리도 해봐야겠다.#@문장구분# 그리고 어른이 되서 돈을 많이 벌어서 아빠와 함께 여행을 많이 보내드릴 것이다.#@문장구분#",
      "paragraph_len": 1122,
      "paragraph_id": "001"
    }
  ],
  "score": {
    "paragraph_score": [
      {
        "paragraph_scoreT": [
          3,
          2,
          2.5
        ],
        "paragraph_scoreT_detail": {
          "paragraph_scoreT_exp": [
            [
              3,
              3,
              3
            ],
            [
              2,
              2,
              2
            ],
            [
              2,
              3,
              2
            ]
          ]
        },
        "paragraph_scoreT_avg": 2.5,
        "paragraph_id": "001"
      }
    ],
    "essay_scoreT": [
      30,
      22.722221,
      27.11111
    ],
    "essay_scoreT_avg": 26.611109,
    "essay_scoreT_detail": {
      "essay_scoreT_org": [
        [
          3,
          3,
          3,
          3
        ],
        [
          2,
          2,
          2,
          3
        ],
        [
          2,
          3,
          3,
          3
        ]
      ],
      "essay_scoreT_cont": [
        [
          3,
          3,
          0,
          3
        ],
        [
          3,
          2,
          0,
          3
        ],
        [
          3,
          3,
          0,
          3
        ]
      ],
      "essay_scoreT_exp": [
        [
          3,
          3,
          3
        ],
        [
          2,
          2,
          2
        ],
        [
          2,
          3,
          2
        ]
      ]
    }
  },
  "student": {
    "date": "2021.12.03",
    "student_educated": true,
    "student_grade": "고등_1학년",
    "location": "051",
    "student_grade_group": "고등",
    "student_reading": 1
  },
  "rubric": {
    "essay_grade": "고등_1학년",
    "organization_weight": {
      "org_paragraph": 2,
      "org": 2,
      "org_essay": 4,
      "org_coherence": 2,
      "org_quantity": 1
    },
    "essay_type": "글짓기",
    "content_weight": {
      "con_clearance": 4,
      "con_novelty": 3,
      "con": 4,
      "con_prompt": 0,
      "con_description": 1
    },
    "essay_main_subject": "소중함을 잃었던 경험",
    "expression_weight": {
      "exp_style": 1,
      "exp_grammar": 2,
      "exp_vocab": 3,
      "exp": 4
    }
  },
  "correction": [],
  "info": {
    "essay_id": "ESSAY_53669",
    "essay_prompt": " 익숙함에 속아 소중함을 잊지 말자는 명언 (Do not get fooled by something familiar and forget what is priceless.)이 있습니다.\n\n 부모님께서 매일 해주시는 아침밥이나, 너무 친해서 매일 맛있는 간식을 사주는 친구 등 처음에는 매우 감사했지만 반복되는 호의에 우리는 소중함을 잊어가기도 합니다.\n\n 작은 소중함일지라도 그 소중함을 잃게 되면 호의를 베푸는 사람 입장에서는 매우 당황스럽고 기분이 나쁠 수 있어요.\n\n 여러분은 익숙함에 속아 소중함을 잊었던 사례와 그로 인해 상대방의 기분을 나쁘게 했던 경험이 있나요? 만약 있다면 관계를 회복하기 위해 어떤 노력을 하셨나요? 본인의 경험을 작성해주세요.\n\n 만약 그런 적이 없다면 주변의 이야기나 본인에게 소중함을 주는 사람들에 관해 설명해주세요.",
    "essay_type": "글짓기",
    "essay_level": "2",
    "essay_len": 822,
    "essay_main_subject": "소중함을 잃었던 경험"
  }
}