{
  "paragraph": [
    {
      "paragraph_txt": "몇해 전 여름 내내 거의 하루도 쉬지 않고 한달 내내 비가 온 적이 있었습니다.#@문장구분# 천변의 물은 무서운 속도로 불어 산책로며 도로 위까지 점령하고 물가의 나무들은 뿌리 채 뽑혀 흉물스럽게 떠다녔습니다.#@문장구분# 저러다 내가 사는 아파트 위까지 물이 차면 어쩌지 하는 무서운 생각마저 들었습니다.#@문장구분# 티비에서 보여 주는 전국 방방곡곡의 풍경은 마치 재난 영화를 보여주는 것 같았습니다. #@문장구분#차들은 물위에 떠다니고 소 떼들이 산꼭대기로 대피하고, 산을 마구잡이로 깍아 내려서 지은 집들은 흙더미에 깔려 수많은 인명피해를 내고, 넓은 곡창지대는 댐이 무너져 물바다로 변했습니다.#@문장구분# 우리 나라 뿐만 아니라 세계 곳곳에서 일어나고 있는 설명할 수 없는 이상기후 현상은 어쩌보면 당연히 예견되었을 일인지도 모르겠습니다.#@문장구분# 자연이 우리에게 무상으로 준 수많은 혜택들을 무시한 채 무분별하게 파괴를 일삼는 인간의 이기심 때문입니다.#@문장구분# 지구가 우리에게 당한 만큼 되돌려 주고 있는 지금, 산과 들판의 나무들은 제 역할을 하게 그냥 놔두어야 합니다.#@문장구분# 날마다 미세먼지 수치를 체크하지 않고 살고, 눈이 부시도록 파란 하늘이 축복이란걸 그때는 몰랐습니다.#@문장구분# 맑은 공기는 당연한 것이었으니까요.#@문장구분# 더 많은 댓가를 치르고서야 눈물을 흘릴 때는 이미 늦어버릴지도 모릅니다.#@문장구분# 코로나로 인해 지구가 되살아나고 있다니 웃픈 현실이지만 깊이 생각해 봐야 할 문제입니다.#@문장구분#",
      "paragraph_len": 915,
      "paragraph_id": "001"
    }
  ],
  "score": {
    "paragraph_score": [
      {
        "paragraph_scoreT": [
          2.6666667,
          2.6666667,
          2.6666667
        ],
        "paragraph_scoreT_detail": {
          "paragraph_scoreT_exp": [
            [
              2,
              3,
              3
            ],
            [
              2,
              3,
              3
            ],
            [
              2,
              3,
              3
            ]
          ]
        },
        "paragraph_scoreT_avg": 2.6666667,
        "paragraph_id": "001"
      }
    ],
    "essay_scoreT": [
      28.666668,
      26.666668,
      25.333334
    ],
    "essay_scoreT_avg": 26.888891,
    "essay_scoreT_detail": {
      "essay_scoreT_org": [
        [
          3,
          3,
          3,
          3
        ],
        [
          3,
          3,
          3,
          3
        ],
        [
          2,
          2,
          3,
          3
        ]
      ],
      "essay_scoreT_cont": [
        [
          3,
          3,
          0,
          3
        ],
        [
          2,
          3,
          0,
          3
        ],
        [
          2,
          3,
          0,
          3
        ]
      ],
      "essay_scoreT_exp": [
        [
          2,
          3,
          3
        ],
        [
          2,
          3,
          3
        ],
        [
          2,
          3,
          3
        ]
      ]
    }
  },
  "student": {
    "date": "2021.12.16",
    "student_educated": true,
    "student_grade": "고등_1학년",
    "location": "063",
    "student_grade_group": "고등",
    "student_reading": 3
  },
  "rubric": {
    "essay_grade": "고등_1학년",
    "organization_weight": {
      "org_paragraph": 2,
      "org": 2,
      "org_essay": 4,
      "org_coherence": 2,
      "org_quantity": 1
    },
    "essay_type": "글짓기",
    "content_weight": {
      "con_clearance": 4,
      "con_novelty": 3,
      "con": 4,
      "con_prompt": 0,
      "con_description": 1
    },
    "essay_main_subject": "소중함을 잃었던 경험",
    "expression_weight": {
      "exp_style": 1,
      "exp_grammar": 2,
      "exp_vocab": 3,
      "exp": 4
    }
  },
  "correction": [],
  "info": {
    "essay_id": "ESSAY_66017",
    "essay_prompt": " 익숙함에 속아 소중함을 잊지 말자는 명언 (Do not get fooled by something familiar and forget what is priceless.)이 있습니다.\n\n 부모님께서 매일 해주시는 아침밥이나, 너무 친해서 매일 맛있는 간식을 사주는 친구 등 처음에는 매우 감사했지만 반복되는 호의에 우리는 소중함을 잊어가기도 합니다.\n\n 작은 소중함일지라도 그 소중함을 잃게 되면 호의를 베푸는 사람 입장에서는 매우 당황스럽고 기분이 나쁠 수 있어요.\n\n 여러분은 익숙함에 속아 소중함을 잊었던 사례와 그로 인해 상대방의 기분을 나쁘게 했던 경험이 있나요? 만약 있다면 관계를 회복하기 위해 어떤 노력을 하셨나요? 본인의 경험을 작성해주세요.\n\n 만약 그런 적이 없다면 주변의 이야기나 본인에게 소중함을 주는 사람들에 관해 설명해주세요.",
    "essay_type": "글짓기",
    "essay_level": "2",
    "essay_len": 676,
    "essay_main_subject": "소중함을 잃었던 경험"
  }
}