{
  "paragraph": [
    {
      "paragraph_txt": "중요한 것을 잃은 사람의 이야기가 있습니다.#@문장구분# 어느 등산가가 험한 산을 오르다 길을 잃었습니다.#@문장구분# 해가 저물고 갑자기 눈보라까지 쳐서 이제 죽었다고 생각할 쯤 멀리서 작은 불빛이 보였습니다.#@문장구분# 작은 초가 산간 집이였습니다.#@문장구분# 그는 거의 탈진 상태에서 어떤 할머니가 나왔습니다.#@문장구분# 그는 무조건 들어가 쓰러지고 말았습니다.#@문장구분# 그리고 얼마가 지났을까?#@문장구분# 할머니가 등산가를 간호하고 할머니는 가난했지만 등산가에게 겨울 양식을 꺼내어 함께 몇일을 보냈습니다.#@문장구분# 등산가는 눈보라가 끝나기만을 기다려야만 했습니다.#@문장구분# 할머니는 등산가를 아들 대하듯 정성껏 보살펴주었습니다.#@문장구분# 등산가는 이 생명의 은인인 할머니에게 보답하기 위해 어떻게 해 드릴까 생각을 했습니다.#@문장구분# 할머니가 살고 있는 집을보니 온통 구멍이 나고 차가운 바람이 들어왔습니다.#@문장구분# \"그래 할머니 집을 따뜻하게 살 수 있도록 새로 사드려야겠구나\"#@문장구분# 그 등산가는 다름 아닌 거대 기업의사업가 회장이였습니다.#@문장구분# 눈보라가 끝나는 날 회장은 몰래 거액의 수표를 꺼내 봉투에 넣었습니다.#@문장구분# 그리고는 회장은 미소를 지으며 떠났습니다.#@문장구분# 그리고 몇 년후 회장은 다시 그 산에 등산을 가게 되었습니다.#@문장구분# 할머니가 과연 따듯하게 지내고 계실까 궁금도 하고 해서 끔찍한 등산 경험이였지만, 그 산으로 다시 떠났습니다.#@문장구분# 그런데 그 할머니 집이 그대로 있는 것이였습니다.#@문장구분# 뛰어 들어가자 방안에서 부패한 냄새가 진동을 하고 할머니는 홀로 죽어 계셨습니다.#@문장구분# 정말 소중한 것이 무엇인지를 생각해보고 그것을 잃는 것이 무엇인지를 알수 있는 이야기이다.#@문장구분# 작은 것이 정말 소중할 수 있다.#@문장구분#",
      "paragraph_len": 1207,
      "paragraph_id": "001"
    }
  ],
  "score": {
    "paragraph_score": [
      {
        "paragraph_scoreT": [
          3,
          2.5,
          3
        ],
        "paragraph_scoreT_detail": {
          "paragraph_scoreT_exp": [
            [
              3,
              3,
              3
            ],
            [
              2,
              3,
              2
            ],
            [
              3,
              3,
              3
            ]
          ]
        },
        "paragraph_scoreT_avg": 2.8333333,
        "paragraph_id": "001"
      }
    ],
    "essay_scoreT": [
      30,
      24.11111,
      20.222221
    ],
    "essay_scoreT_avg": 24.777777,
    "essay_scoreT_detail": {
      "essay_scoreT_org": [
        [
          3,
          3,
          3,
          3
        ],
        [
          3,
          2,
          2,
          3
        ],
        [
          2,
          2,
          2,
          3
        ]
      ],
      "essay_scoreT_cont": [
        [
          3,
          3,
          0,
          3
        ],
        [
          3,
          1,
          0,
          3
        ],
        [
          1,
          1,
          0,
          1
        ]
      ],
      "essay_scoreT_exp": [
        [
          3,
          3,
          3
        ],
        [
          2,
          3,
          2
        ],
        [
          3,
          3,
          3
        ]
      ]
    }
  },
  "student": {
    "date": "2021.12.13",
    "student_educated": true,
    "student_grade": "고등_1학년",
    "location": "041",
    "student_grade_group": "고등",
    "student_reading": 2
  },
  "rubric": {
    "essay_grade": "고등_1학년",
    "organization_weight": {
      "org_paragraph": 2,
      "org": 2,
      "org_essay": 4,
      "org_coherence": 2,
      "org_quantity": 1
    },
    "essay_type": "글짓기",
    "content_weight": {
      "con_clearance": 4,
      "con_novelty": 3,
      "con": 4,
      "con_prompt": 0,
      "con_description": 1
    },
    "essay_main_subject": "소중함을 잃었던 경험",
    "expression_weight": {
      "exp_style": 1,
      "exp_grammar": 2,
      "exp_vocab": 3,
      "exp": 4
    }
  },
  "correction": [],
  "info": {
    "essay_id": "ESSAY_65860",
    "essay_prompt": " 익숙함에 속아 소중함을 잊지 말자는 명언 (Do not get fooled by something familiar and forget what is priceless.)이 있습니다.\n\n 부모님께서 매일 해주시는 아침밥이나, 너무 친해서 매일 맛있는 간식을 사주는 친구 등 처음에는 매우 감사했지만 반복되는 호의에 우리는 소중함을 잊어가기도 합니다.\n\n 작은 소중함일지라도 그 소중함을 잃게 되면 호의를 베푸는 사람 입장에서는 매우 당황스럽고 기분이 나쁠 수 있어요.\n\n 여러분은 익숙함에 속아 소중함을 잊었던 사례와 그로 인해 상대방의 기분을 나쁘게 했던 경험이 있나요? 만약 있다면 관계를 회복하기 위해 어떤 노력을 하셨나요? 본인의 경험을 작성해주세요.\n\n 만약 그런 적이 없다면 주변의 이야기나 본인에게 소중함을 주는 사람들에 관해 설명해주세요.",
    "essay_type": "글짓기",
    "essay_level": "2",
    "essay_len": 768,
    "essay_main_subject": "소중함을 잃었던 경험"
  }
}