{
  "paragraph": [
    {
      "paragraph_txt": "저는 어려서부터 부모님끼리도 친하셔서 자주 만나고 같이 밥 먹고 같이 학교를 다닌 친구가 있었습니다.#@문장구분# 그 친구와 나는 아주 많이 친한 친구였다.#@문장구분# 내가 말을 좀 심하게 한적이 있었는데 그 때 그 친구의 표정이 좋아 보이지는 않았다.#@문장구분# 하지만 친하다는 이유로 나는 그냥 기분이 안좋구나라고 생각하고 별 문제없이 넘겼다.#@문장구분# 근데 이게 화근이 되었던거 같다.#@문장구분# 그때 이후로 그 친구가 나의 말을 조금씩 무시하는것 같더니 점점 나를 멀리하기 시작하더니 나중에는 인사도 하지 않는 상황 까지 이르렀다.#@문장구분# 시간이 점차 지나면서 내 행동들이나 말에 대해 다시 한번 생각해 보았다.#@문장구분# 그 친구가 나에게 왜그러는지에 대해.. 그리고 나는 그제서야 깨달았다.#@문장구분# 아! 내가 너무 심하게 했구나, 친할수록 더 배려 하고 말을 조심했어야 한다는 것을 내가 생각했을때 사소한 것이라도 사람마다 받아 들이는 것이 다르니 그 친구와의 관계가 그렇게 된것도 나는 이해가 갔다.#@문장구분#  너무 늦기는 했었지만 나는 친구에서 사과를 했다.#@문장구분# 진심이 통했는지 다행이도 그친구는 그 사과를 받아 주었고 우리는 다시 예전처럼 친하게 지냈다.#@문장구분# 그 일이 있은 후로 나는 많은 것을 깨달았다.#@문장구분# 아마 익숙함에 속아 소중한것을 잃지 말자는 말이 이런게 아닐까 싶다.#@문장구분#  그러니 우리는 옆에 있다고 함부로 대하면 안 되고 곁에 항상 있을 수록 더 소중한 존재라는 것을 명심하고 남들보다 더 배려 해 주어야 된다는 것을 잊지말자.#@문장구분# 그리고 얘는 괜찮겠지 이런 안일한 생각을 버리자.#@문장구분#",
      "paragraph_len": 1030,
      "paragraph_id": "001"
    }
  ],
  "score": {
    "paragraph_score": [
      {
        "paragraph_scoreT": [
          3,
          2.1666667,
          2
        ],
        "paragraph_scoreT_detail": {
          "paragraph_scoreT_exp": [
            [
              3,
              3,
              3
            ],
            [
              2,
              2,
              3
            ],
            [
              2,
              2,
              2
            ]
          ]
        },
        "paragraph_scoreT_avg": 2.388889,
        "paragraph_id": "001"
      }
    ],
    "essay_scoreT": [
      26,
      25.333334,
      24.666666
    ],
    "essay_scoreT_avg": 25.333334,
    "essay_scoreT_detail": {
      "essay_scoreT_org": [
        [
          3,
          3,
          3,
          3
        ],
        [
          2,
          2,
          3,
          3
        ],
        [
          2,
          2,
          3,
          3
        ]
      ],
      "essay_scoreT_cont": [
        [
          2,
          2,
          0,
          2
        ],
        [
          3,
          3,
          0,
          3
        ],
        [
          3,
          3,
          0,
          3
        ]
      ],
      "essay_scoreT_exp": [
        [
          3,
          3,
          3
        ],
        [
          2,
          2,
          3
        ],
        [
          2,
          2,
          2
        ]
      ]
    }
  },
  "student": {
    "date": "2021.12.15",
    "student_educated": true,
    "student_grade": "고등_1학년",
    "location": "063",
    "student_grade_group": "고등",
    "student_reading": 2
  },
  "rubric": {
    "essay_grade": "고등_1학년",
    "organization_weight": {
      "org_paragraph": 2,
      "org": 2,
      "org_essay": 4,
      "org_coherence": 2,
      "org_quantity": 1
    },
    "essay_type": "글짓기",
    "content_weight": {
      "con_clearance": 4,
      "con_novelty": 3,
      "con": 4,
      "con_prompt": 0,
      "con_description": 1
    },
    "essay_main_subject": "소중함을 잃었던 경험",
    "expression_weight": {
      "exp_style": 1,
      "exp_grammar": 2,
      "exp_vocab": 3,
      "exp": 4
    }
  },
  "correction": [],
  "info": {
    "essay_id": "ESSAY_71994",
    "essay_prompt": " 익숙함에 속아 소중함을 잊지 말자는 명언 (Do not get fooled by something familiar and forget what is priceless.)이 있습니다.\n\n 부모님께서 매일 해주시는 아침밥이나, 너무 친해서 매일 맛있는 간식을 사주는 친구 등 처음에는 매우 감사했지만 반복되는 호의에 우리는 소중함을 잊어가기도 합니다.\n\n 작은 소중함일지라도 그 소중함을 잃게 되면 호의를 베푸는 사람 입장에서는 매우 당황스럽고 기분이 나쁠 수 있어요.\n\n 여러분은 익숙함에 속아 소중함을 잊었던 사례와 그로 인해 상대방의 기분을 나쁘게 했던 경험이 있나요? 만약 있다면 관계를 회복하기 위해 어떤 노력을 하셨나요? 본인의 경험을 작성해주세요.\n\n 만약 그런 적이 없다면 주변의 이야기나 본인에게 소중함을 주는 사람들에 관해 설명해주세요.",
    "essay_type": "글짓기",
    "essay_level": "2",
    "essay_len": 731,
    "essay_main_subject": "소중함을 잃었던 경험"
  }
}