{
  "paragraph": [
    {
      "paragraph_txt": "모든 사람은 언젠가 모두 죽습니다.#@문장구분# 하지만 우리는 언제 죽을지 모르기에 살아있다는 소중함을 잊고 타인에게 상처를 주곤 합니다.#@문장구분# 이 글을 읽는 분은 어제까지 함께 웃으며 이야기 하던 사람이 사고로, 혹은 스스로 죽는다면 어떨지 생각 해 보신적이 있습니까?#@문장구분# 저도 전에는 없었습니다.#@문장구분# 하지만 시간이 지나며 이에 대해 생각하게 되었습니다.#@문장구분# 처음으로 동물이나 식물이 아닌 사람의 죽음을 경험한 건 중학교 1학년 이였습니다.#@문장구분# 새벽에 고마웠다고 행복하게 살아달라는 메시지를 남기고 스스로 죽음을 택한 후배가 아직도 눈에 선합니다.#@문장구분# 처음에는 만약 살아있을 때 내가 더 잘해 주었다면, 내가 새벽에 잘 달랬다면 이런 일이 없었을까 후회했습니다.#@문장구분# 하지만 후회한다 해서 죽은 사람이 살아 돌아오는 것이 아니기 때문에 다른 이들에겐 이런 일이 없게 하고 싶었고, 내가 더 잘 챙겨 주고 상처를 없던 걸로 하지는 못 하지만 공감하며 같이 아파주겠다고 다짐했었습니다.#@문장구분# 그 후로 시간이 지나고 큰어머니가 뇌출혈로 돌아가셨습니다.#@문장구분# 이번에는 막을 수도, 미리 알 수도 없었습니다.#@문장구분# 장례식장에서는 돌아가셨다고 생각을 못 해서인지, 아니면 어린 사촌 동생과 놀아서인지 크게 슬프지 않았습니다.#@문장구분# 하지만 땅에 묻힐 때 다시는 못 본다는 현실을 마주했습니다.#@문장구분# 분명 얼마 전 다짐했던 것처럼 잘해 주겠다며 다짐하고도 지키지 못 했다고 생각이 되어 후회하였습니다.#@문장구분# 이처럼 살아있을 때는 당연하다 여겼던 일상, 행동들이 다시는 돌아오지 않을 수 있다는걸 스스로에게 새기고, 남들에게도 새기는 기회가 되면 좋겠습니다.#@문장구분#",
      "paragraph_len": 1067,
      "paragraph_id": "001"
    }
  ],
  "score": {
    "paragraph_score": [
      {
        "paragraph_scoreT": [
          2.8333333,
          2.3333333,
          2.3333333
        ],
        "paragraph_scoreT_detail": {
          "paragraph_scoreT_exp": [
            [
              3,
              3,
              2
            ],
            [
              3,
              2,
              2
            ],
            [
              3,
              2,
              2
            ]
          ]
        },
        "paragraph_scoreT_avg": 2.5,
        "paragraph_id": "001"
      }
    ],
    "essay_scoreT": [
      26.944445,
      24.944445,
      24.055555
    ],
    "essay_scoreT_avg": 25.314814,
    "essay_scoreT_detail": {
      "essay_scoreT_org": [
        [
          2,
          3,
          3,
          3
        ],
        [
          2,
          3,
          3,
          3
        ],
        [
          2,
          2,
          2,
          3
        ]
      ],
      "essay_scoreT_cont": [
        [
          3,
          2,
          0,
          3
        ],
        [
          3,
          2,
          0,
          3
        ],
        [
          3,
          2,
          0,
          3
        ]
      ],
      "essay_scoreT_exp": [
        [
          3,
          3,
          2
        ],
        [
          3,
          2,
          2
        ],
        [
          3,
          2,
          2
        ]
      ]
    }
  },
  "student": {
    "date": "2021.11.27",
    "student_educated": true,
    "student_grade": "고등_1학년",
    "location": "041",
    "student_grade_group": "고등",
    "student_reading": 2
  },
  "rubric": {
    "essay_grade": "고등_1학년",
    "organization_weight": {
      "org_paragraph": 2,
      "org": 2,
      "org_essay": 4,
      "org_coherence": 2,
      "org_quantity": 1
    },
    "essay_type": "글짓기",
    "content_weight": {
      "con_clearance": 4,
      "con_novelty": 3,
      "con": 4,
      "con_prompt": 0,
      "con_description": 1
    },
    "essay_main_subject": "소중함을 잃었던 경험",
    "expression_weight": {
      "exp_style": 1,
      "exp_grammar": 2,
      "exp_vocab": 3,
      "exp": 4
    }
  },
  "correction": [],
  "info": {
    "essay_id": "ESSAY_52431",
    "essay_prompt": " 익숙함에 속아 소중함을 잊지 말자는 명언 (Do not get fooled by something familiar and forget what is priceless.)이 있습니다.\n\n 부모님께서 매일 해주시는 아침밥이나, 너무 친해서 매일 맛있는 간식을 사주는 친구 등 처음에는 매우 감사했지만 반복되는 호의에 우리는 소중함을 잊어가기도 합니다.\n\n 작은 소중함일지라도 그 소중함을 잃게 되면 호의를 베푸는 사람 입장에서는 매우 당황스럽고 기분이 나쁠 수 있어요.\n\n 여러분은 익숙함에 속아 소중함을 잊었던 사례와 그로 인해 상대방의 기분을 나쁘게 했던 경험이 있나요? 만약 있다면 관계를 회복하기 위해 어떤 노력을 하셨나요? 본인의 경험을 작성해주세요.\n\n 만약 그런 적이 없다면 주변의 이야기나 본인에게 소중함을 주는 사람들에 관해 설명해주세요.",
    "essay_type": "글짓기",
    "essay_level": "2",
    "essay_len": 767,
    "essay_main_subject": "소중함을 잃었던 경험"
  }
}