{
  "paragraph": [
    {
      "paragraph_txt": "저는 익숙함에 속아 소중함을 잊는다는 게 모이리 중요한 말일까, 사람이 익숙하다 보면 실수할 수 있다고 생각을 했었던 사람입니다.#@문장구분# 그렇게 생각을 했던 내가 익숙함에 속아 소중한 친구에게 상처와 서운함을 줘 소중한 친구를 잃을 수도 있을뻔한 일이 생겼습니다.#@문장구분# 그 일은 중학교 때 일어난 일입니다.#@문장구분# 같은 반 여자친구는 아니고 여자인 친구였습니다.#@문장구분# 초등학교랑 중학교를 같이 나와 여자인 친구는 그 친구 한 명입니다.#@문장구분# 중학교에서 초등학교 여자인 친구 만나 같은 반이 되어서 기쁘고 좋아서 거의 6개월은 붙어 다니고 그랬습니다. #@문장구분#그래서 사귀냐고 오해도 많이 받았죠.#@문장구분# 그러다 보니 저는 여자인 친구를 너무 남자인 친구처럼 대했고 익숙하고 편하다 보니 잦은 실수를 많이 했습니다.#@문장구분# 그래도 제 친구는 잦은 실수들은 쿨하게 남자처럼 이해하고 넘어가 줬습니다.#@문장구분# 이게 문제였던 거 같습니다.#@문장구분# 저는 이런 실수를 넘어가다 보니 역시 친하고 익숙하니깐 다 넘어가고 봐주네! 이런 식으로 생각을 해버린 것입니다.#@문장구분# 그러다가 제가 남자인 친구랑 대화하다가 뒷담은 아니고 그냥 걔 성격 쿨하고 내가 뭐 장난치는 거 다 봐줘 여자 아니고 그냥 남자임 이렇게 말을 한 적이 있는데 그걸 제 여자인 친구가 듣고 매우 기분을 나빠했습니다.#@문장구분# 여자 처지에선 자기도 받아주기 힘든 장난이 많았는데 그냥 친하니깐 배려로 이해준 건대 넌 말을 그렇게 하냐고 화를 냈습니다.#@문장구분# 저는 그때 깨닫고 진심으로 사과하고 다시는 친하고 편할수록 더 잘해야겠다는 생각이 들었습니다.#@문장구분#",
      "paragraph_len": 1018,
      "paragraph_id": "001"
    }
  ],
  "score": {
    "paragraph_score": [
      {
        "paragraph_scoreT": [
          3,
          2,
          2.1666667
        ],
        "paragraph_scoreT_detail": {
          "paragraph_scoreT_exp": [
            [
              3,
              3,
              3
            ],
            [
              2,
              2,
              2
            ],
            [
              2,
              2,
              3
            ]
          ]
        },
        "paragraph_scoreT_avg": 2.388889,
        "paragraph_id": "001"
      }
    ],
    "essay_scoreT": [
      30,
      22.666666,
      22.666666
    ],
    "essay_scoreT_avg": 25.111109,
    "essay_scoreT_detail": {
      "essay_scoreT_org": [
        [
          3,
          3,
          3,
          3
        ],
        [
          2,
          2,
          3,
          3
        ],
        [
          2,
          2,
          3,
          3
        ]
      ],
      "essay_scoreT_cont": [
        [
          3,
          3,
          0,
          3
        ],
        [
          2,
          3,
          0,
          3
        ],
        [
          2,
          3,
          0,
          3
        ]
      ],
      "essay_scoreT_exp": [
        [
          3,
          3,
          3
        ],
        [
          2,
          2,
          2
        ],
        [
          2,
          2,
          2
        ]
      ]
    }
  },
  "student": {
    "date": "2021.12.17",
    "student_educated": true,
    "student_grade": "고등_1학년",
    "location": "044",
    "student_grade_group": "고등",
    "student_reading": 2
  },
  "rubric": {
    "essay_grade": "고등_1학년",
    "organization_weight": {
      "org_paragraph": 2,
      "org": 2,
      "org_essay": 4,
      "org_coherence": 2,
      "org_quantity": 1
    },
    "essay_type": "글짓기",
    "content_weight": {
      "con_clearance": 4,
      "con_novelty": 3,
      "con": 4,
      "con_prompt": 0,
      "con_description": 1
    },
    "essay_main_subject": "소중함을 잃었던 경험",
    "expression_weight": {
      "exp_style": 1,
      "exp_grammar": 2,
      "exp_vocab": 3,
      "exp": 4
    }
  },
  "correction": [],
  "info": {
    "essay_id": "ESSAY_66026",
    "essay_prompt": " 익숙함에 속아 소중함을 잊지 말자는 명언 (Do not get fooled by something familiar and forget what is priceless.)이 있습니다.\n\n 부모님께서 매일 해주시는 아침밥이나, 너무 친해서 매일 맛있는 간식을 사주는 친구 등 처음에는 매우 감사했지만 반복되는 호의에 우리는 소중함을 잊어가기도 합니다.\n\n 작은 소중함일지라도 그 소중함을 잃게 되면 호의를 베푸는 사람 입장에서는 매우 당황스럽고 기분이 나쁠 수 있어요.\n\n 여러분은 익숙함에 속아 소중함을 잊었던 사례와 그로 인해 상대방의 기분을 나쁘게 했던 경험이 있나요? 만약 있다면 관계를 회복하기 위해 어떤 노력을 하셨나요? 본인의 경험을 작성해주세요.\n\n 만약 그런 적이 없다면 주변의 이야기나 본인에게 소중함을 주는 사람들에 관해 설명해주세요.",
    "essay_type": "글짓기",
    "essay_level": "2",
    "essay_len": 739,
    "essay_main_subject": "소중함을 잃었던 경험"
  }
}