{
  "paragraph": [
    {
      "paragraph_txt": "나에게 가장 소중한 것을 말해보라 한다면 역시 먼저 생각나는 것은 가족이다. #@문장구분#가족만큼 소중한 것도 없지만 대부분의 사람들이 가족의 소중함을 평소에는 잊고 사는 것 같다.#@문장구분# 나 또한 부모님이나 누나와 언성을 높일 때가 있는데, 그 때는 너무 속상하고 다시는 얘기를 안 할 것처럼 말하지만 시간이 지나서 다시 생각해보면 별 것도 아닌 일이었는데 싸운 것 같아 후회만 되고 서로 미안해하는 것 같다. #@문장구분#이럴때는 누구든지 먼저 사과를 하는게 좋지만 괜히 부끄러워서 먼저 말하기가 쉽지 않다.#@문장구분# 예전에 내가 부모님과의 약속을 안 지켜서 부모님이 너무 실망하신 적이 있는데 사과를 해야겠다고 생각은 했지만 처음에는 먼저 말하기 부끄러웠는데 용기를 내서 부모님이랑 얘기도 해보고 한동안 집안일도 많이 하니 잘 풀렸던 기억이 있다.#@문장구분# 평소에는 잘 몰랐지만 부모님과 다투니까 너무 답답하고 속상했다.#@문장구분# 나에게 가장 소중한 것도 가족이지만 가장 익숙한 것도 가족이다보니 너무 익숙해지고 편해지면 실수를 많이 하게 되는 것 같다.#@문장구분# 가족이 날 위해 배려하는 부분이나 항상 힘들때마다 도와주는걸 예전에는 잘 모르고 생각하지 않았지만 한번 소중함을 잃어봐야 소중함을 느끼는 것 같다.#@문장구분# 앞으로는 나에게 가장 소중한 사람인 가족을 잘 챙겨야겠다.#@문장구분#",
      "paragraph_len": 800,
      "paragraph_id": "001"
    }
  ],
  "score": {
    "paragraph_score": [
      {
        "paragraph_scoreT": [
          2.5,
          2.8333333,
          3
        ],
        "paragraph_scoreT_detail": {
          "paragraph_scoreT_exp": [
            [
              2,
              3,
              2
            ],
            [
              3,
              3,
              2
            ],
            [
              3,
              3,
              3
            ]
          ]
        },
        "paragraph_scoreT_avg": 2.7777777,
        "paragraph_id": "001"
      }
    ],
    "essay_scoreT": [
      22.5,
      27.11111,
      27.166666
    ],
    "essay_scoreT_avg": 25.592592,
    "essay_scoreT_detail": {
      "essay_scoreT_org": [
        [
          2,
          2,
          2,
          2
        ],
        [
          3,
          3,
          3,
          2
        ],
        [
          2,
          2,
          3,
          3
        ]
      ],
      "essay_scoreT_cont": [
        [
          2,
          2,
          0,
          3
        ],
        [
          3,
          2,
          0,
          2
        ],
        [
          3,
          2,
          0,
          3
        ]
      ],
      "essay_scoreT_exp": [
        [
          2,
          3,
          2
        ],
        [
          3,
          3,
          2
        ],
        [
          3,
          3,
          3
        ]
      ]
    }
  },
  "student": {
    "date": "2021.09.29",
    "student_educated": true,
    "student_grade": "고등_1학년",
    "location": "051",
    "student_grade_group": "고등",
    "student_reading": 1
  },
  "rubric": {
    "essay_grade": "고등_1학년",
    "organization_weight": {
      "org_paragraph": 2,
      "org": 2,
      "org_essay": 4,
      "org_coherence": 2,
      "org_quantity": 1
    },
    "essay_type": "글짓기",
    "content_weight": {
      "con_clearance": 4,
      "con_novelty": 3,
      "con": 4,
      "con_prompt": 0,
      "con_description": 1
    },
    "essay_main_subject": "소중함을 잃었던 경험",
    "expression_weight": {
      "exp_style": 1,
      "exp_grammar": 2,
      "exp_vocab": 3,
      "exp": 4
    }
  },
  "correction": [],
  "info": {
    "essay_id": "ESSAY_35791",
    "essay_prompt": " 익숙함에 속아 소중함을 잊지 말자는 명언 (Do not get fooled by something familiar and forget what is priceless.)이 있습니다.\n\n 부모님께서 매일 해주시는 아침밥이나, 너무 친해서 매일 맛있는 간식을 사주는 친구 등 처음에는 매우 감사했지만 반복되는 호의에 우리는 소중함을 잊어가기도 합니다.\n\n 작은 소중함일지라도 그 소중함을 잃게 되면 호의를 베푸는 사람 입장에서는 매우 당황스럽고 기분이 나쁠 수 있어요.\n\n 여러분은 익숙함에 속아 소중함을 잊었던 사례와 그로 인해 상대방의 기분을 나쁘게 했던 경험이 있나요? 만약 있다면 관계를 회복하기 위해 어떤 노력을 하셨나요? 본인의 경험을 작성해주세요.\n\n 만약 그런 적이 없다면 주변의 이야기나 본인에게 소중함을 주는 사람들에 관해 설명해주세요.",
    "essay_type": "글짓기",
    "essay_level": "2",
    "essay_len": 620,
    "essay_main_subject": "소중함을 잃었던 경험"
  }
}