{
  "paragraph": [
    {
      "paragraph_txt": "고1때 학기 초에 그 당시에는 아는 사람과 아는 친구들이 없었습니다.#@문장구분# 그런데 저에게 먼저 다가와 이야기를 해준 친구가 있었습니다.#@문장구분# 저는 그 친구 덕분에 그 친구 바탕으로 많은 친구를 사귀게 될 수 있었습니다.#@문장구분# 하지만 그 친구는 며칠 후 저에게 자퇴하고 싶다고 말을했습니다.#@문장구분# 처음에는 그냥 장난이겠지 하고 넘어갔습니다.#@문장구분# 그런데 어느 순간부터 그 친구는 점점 심각해지었습니다.#@문장구분# 선생님과 상담도 하고 기숙사에 있으면 자살하고 싶은 마음이 생긴다고 저에게 말을 해주었습니다.#@문장구분# 그리고 우울증까지 와서 항상 밝게 웃어 주던 친구가 이제는 어둡고 똑똑한 친구가 되어 있었습니다.#@문장구분# 그래서 그때부터 심각성을 깨닫고 친구의 이야기를 들어주고 상담도 같이해주었습니다.#@문장구분# 하지만 시간이 조금 지난 후 저는 이미 늦었다는 것을 알았습니다.#@문장구분# 결국 그 친구는 자퇴하게 되고 처음부터 친구의 이야기를 잘 들어주고 조금 더 그 친구에게 잘해주었다면 또취미 생활도 했다.#@문장구분# 또한 이번에는 진로를 위해서 여러 영상들도 찾아보고 책들도 많이 읽으면서 유익한 시간을 보냈다.#@문장구분# 코로나 사태로 익숙한 것들을 많이 잃었다.#@문장구분# 이런 상황을 극복하기 위해서 많은 노력을 했고 앞으로도 할 예정이다.#@문장구분# 하지만 한순간에 나태해진 나를 변화시키는 것을 어려운 일이었다.#@문장구분# 처음에는 힘든 점들이 많았지만 지금은 익숙함 속 소중함을 찾기 위해 내가 노력해야 할것이다.#@문장구분#",
      "paragraph_len": 993,
      "paragraph_id": "001"
    }
  ],
  "score": {
    "paragraph_score": [
      {
        "paragraph_scoreT": [
          3,
          2.8333333,
          2.6666667
        ],
        "paragraph_scoreT_detail": {
          "paragraph_scoreT_exp": [
            [
              3,
              3,
              3
            ],
            [
              3,
              3,
              2
            ],
            [
              2,
              3,
              3
            ]
          ]
        },
        "paragraph_scoreT_avg": 2.8333333,
        "paragraph_id": "001"
      }
    ],
    "essay_scoreT": [
      30,
      24.722221,
      26.222221
    ],
    "essay_scoreT_avg": 26.981482,
    "essay_scoreT_detail": {
      "essay_scoreT_org": [
        [
          3,
          3,
          3,
          3
        ],
        [
          2,
          3,
          3,
          2
        ],
        [
          3,
          2,
          3,
          3
        ]
      ],
      "essay_scoreT_cont": [
        [
          3,
          3,
          0,
          3
        ],
        [
          2,
          2,
          0,
          3
        ],
        [
          2,
          3,
          0,
          3
        ]
      ],
      "essay_scoreT_exp": [
        [
          3,
          3,
          3
        ],
        [
          3,
          3,
          2
        ],
        [
          2,
          3,
          3
        ]
      ]
    }
  },
  "student": {
    "date": "2021.12.12",
    "student_educated": true,
    "student_grade": "고등_1학년",
    "location": "063",
    "student_grade_group": "고등",
    "student_reading": 2
  },
  "rubric": {
    "essay_grade": "고등_1학년",
    "organization_weight": {
      "org_paragraph": 2,
      "org": 2,
      "org_essay": 4,
      "org_coherence": 2,
      "org_quantity": 1
    },
    "essay_type": "글짓기",
    "content_weight": {
      "con_clearance": 4,
      "con_novelty": 3,
      "con": 4,
      "con_prompt": 0,
      "con_description": 1
    },
    "essay_main_subject": "소중함을 잃었던 경험",
    "expression_weight": {
      "exp_style": 1,
      "exp_grammar": 2,
      "exp_vocab": 3,
      "exp": 4
    }
  },
  "correction": [],
  "info": {
    "essay_id": "ESSAY_62712",
    "essay_prompt": " 익숙함에 속아 소중함을 잊지 말자는 명언 (Do not get fooled by something familiar and forget what is priceless.)이 있습니다.\n\n 부모님께서 매일 해주시는 아침밥이나, 너무 친해서 매일 맛있는 간식을 사주는 친구 등 처음에는 매우 감사했지만 반복되는 호의에 우리는 소중함을 잊어가기도 합니다.\n\n 작은 소중함일지라도 그 소중함을 잃게 되면 호의를 베푸는 사람 입장에서는 매우 당황스럽고 기분이 나쁠 수 있어요.\n\n 여러분은 익숙함에 속아 소중함을 잊었던 사례와 그로 인해 상대방의 기분을 나쁘게 했던 경험이 있나요? 만약 있다면 관계를 회복하기 위해 어떤 노력을 하셨나요? 본인의 경험을 작성해주세요.\n\n 만약 그런 적이 없다면 주변의 이야기나 본인에게 소중함을 주는 사람들에 관해 설명해주세요.",
    "essay_type": "글짓기",
    "essay_level": "2",
    "essay_len": 673,
    "essay_main_subject": "소중함을 잃었던 경험"
  }
}