{
  "paragraph": [
    {
      "paragraph_txt": "익숙함에 속아 소중한 것들을 잃은 사례에 대해 글을 써보겠습니다.#@문장구분# 저 뿐만 아니라 모든 사람들은 익숙함이 있습니다.#@문장구분# 저의 대한 익숙함의 사례는 여러가지가 있는데 첫번째로는 친구들에게 막말을 하다가 선을 넘어 버린 말을 해서 친구가 저에게 화난 것이 있습니다.#@문장구분# 그래서 저는 그 친구에게 사과도 하였지만 기분이 풀리지 않아 그 친구에게 시간을 줘서 풀릴 때까지 기다리니깐 친구가 사과를 받아 줬습니다.#@문장구분# 만약 그 친구에게 사과를 하고 기다리지 않고 그냥 그대로 끝이났을 것 같다.#@문장구분# 내가 잘못을 했을때는 기다릴줄 도 아는 그런 지혜도 필요하다.#@문장구분# 두번째로는 운동을 하다가 다쳤는데 `나는 원래 잘 다치니깐 요번에도 좀 있으면 괜찮아 지겠지`라고 생각하고 생활하고 있다가 그때 다친 부위에 통증이 지속되서 병원에 가보니 뼈가 부러졌다고 운동을 못하는 것이 있었습니다.#@문장구분# 세번째로는 가족이랑 매일 밤 마다 웃고 떠들고 맛있는 것을 먹는게 익숨함이 였는데 어느 날 갑자기 가족중에 한 분이 일 때문에 출장을 가셔서 그 저녁을 몇 개월에 한번 씩 밖에 못하는 것들도 있습니다.#@문장구분# 이 처럼 익숙함에 속아 소중한 것들을 잃는 경우가 많습니다.#@문장구분# 저도 처음에는 몰랐지만 막상 그 편한것들이 사라지니깐 소중하다고 생각이 많이 들었습니다.#@문장구분# 지금부터라도 저의 주변을 소중하게 생각하고 살아가겠습니다.#@문장구분# 살아가면서 소중함을 일깨워주는 그런 시간이었습니다.#@문장구분#",
      "paragraph_len": 922,
      "paragraph_id": "001"
    }
  ],
  "score": {
    "paragraph_score": [
      {
        "paragraph_scoreT": [
          3,
          2,
          2.8333333
        ],
        "paragraph_scoreT_detail": {
          "paragraph_scoreT_exp": [
            [
              3,
              3,
              3
            ],
            [
              2,
              2,
              2
            ],
            [
              3,
              3,
              2
            ]
          ]
        },
        "paragraph_scoreT_avg": 2.611111,
        "paragraph_id": "001"
      }
    ],
    "essay_scoreT": [
      30,
      23.61111,
      26.166666
    ],
    "essay_scoreT_avg": 26.592592,
    "essay_scoreT_detail": {
      "essay_scoreT_org": [
        [
          3,
          3,
          3,
          3
        ],
        [
          3,
          2,
          2,
          3
        ],
        [
          3,
          2,
          3,
          2
        ]
      ],
      "essay_scoreT_cont": [
        [
          3,
          3,
          0,
          3
        ],
        [
          3,
          2,
          0,
          3
        ],
        [
          2,
          3,
          0,
          2
        ]
      ],
      "essay_scoreT_exp": [
        [
          3,
          3,
          3
        ],
        [
          2,
          2,
          2
        ],
        [
          3,
          3,
          2
        ]
      ]
    }
  },
  "student": {
    "date": "2021.12.03",
    "student_educated": true,
    "student_grade": "고등_1학년",
    "location": "051",
    "student_grade_group": "고등",
    "student_reading": 1
  },
  "rubric": {
    "essay_grade": "고등_1학년",
    "organization_weight": {
      "org_paragraph": 2,
      "org": 2,
      "org_essay": 4,
      "org_coherence": 2,
      "org_quantity": 1
    },
    "essay_type": "글짓기",
    "content_weight": {
      "con_clearance": 4,
      "con_novelty": 3,
      "con": 4,
      "con_prompt": 0,
      "con_description": 1
    },
    "essay_main_subject": "소중함을 잃었던 경험",
    "expression_weight": {
      "exp_style": 1,
      "exp_grammar": 2,
      "exp_vocab": 3,
      "exp": 4
    }
  },
  "correction": [],
  "info": {
    "essay_id": "ESSAY_53674",
    "essay_prompt": " 익숙함에 속아 소중함을 잊지 말자는 명언 (Do not get fooled by something familiar and forget what is priceless.)이 있습니다.\n\n 부모님께서 매일 해주시는 아침밥이나, 너무 친해서 매일 맛있는 간식을 사주는 친구 등 처음에는 매우 감사했지만 반복되는 호의에 우리는 소중함을 잊어가기도 합니다.\n\n 작은 소중함일지라도 그 소중함을 잃게 되면 호의를 베푸는 사람 입장에서는 매우 당황스럽고 기분이 나쁠 수 있어요.\n\n 여러분은 익숙함에 속아 소중함을 잊었던 사례와 그로 인해 상대방의 기분을 나쁘게 했던 경험이 있나요? 만약 있다면 관계를 회복하기 위해 어떤 노력을 하셨나요? 본인의 경험을 작성해주세요.\n\n 만약 그런 적이 없다면 주변의 이야기나 본인에게 소중함을 주는 사람들에 관해 설명해주세요.",
    "essay_type": "글짓기",
    "essay_level": "2",
    "essay_len": 682,
    "essay_main_subject": "소중함을 잃었던 경험"
  }
}