{
  "paragraph": [
    {
      "paragraph_txt": "약 2여년간 코로나바이러스로 우리의 삶은 많이 변화하였다.#@문장구분#그중 가장 큰 변화라고 느끼는 것은 바로 마스크이다.#@문장구분# 코로나바이러스를 예방하기 위해서는 마스크 착용이 필수이지만 가장 불편한 점중 하나라고 느낀다.#@문장구분# 이제는 앨범속 사진만 봐도 마스크여부로 코로나 전과 후로 나뉠수 있을정도이다.#@문장구분# 마스크를 쓰지 않고 밖에 돌아다니던 것은 우리에게 너무 나도 당연한 것이었지만, 코로나 이후로 마스크를 계속 착용하면서 머리가 아플정도로 어지럽기도 하고 겨울에는 온도차이로 습기가 차기도 한다.#@문장구분# 그리고 언어를 배우는 어린아이들이나 청각장애인들이 입모양을 보며 대화를 할수없어서 큰 어려움을 겪는다고 한다.#@문장구분# 나도 상대의 입모양이 보이지 않아서 말을 잘 알아 듣기 힘든 경우가 많았다. #@문장구분#그리고 학교에서 즐겁게 축제를 한것도 2년전이야기이다. #@문장구분#당연히 갈것만 같았던 수학여행도 무기한으로 연기가 되고 있다.#@문장구분#그렇게 아무런 행사없는 따분한 학교생활도 지겨웠다.#@문장구분# 이렇게 당연한 일들이 코로나로 인해 못하고 있는 일들이 너무나도 많이 있다.#@문장구분# 매우 사소한 것 마저도 소중하게 느껴지는 시기이기도 하다.#@문장구분#그래서 작은 일들에 소중하고 감사하는 법을 알게되는 경험중 하나였다고 생각이 들었다.#@문장구분# 하루 빨리 코로나가 종식되어 마스크벗고 여기저기 여행을 다니며 2년전의 우리모습으로 돌아가고싶다.#@문장구분#",
      "paragraph_len": 924,
      "paragraph_id": "001"
    }
  ],
  "score": {
    "paragraph_score": [
      {
        "paragraph_scoreT": [
          3,
          3,
          3
        ],
        "paragraph_scoreT_detail": {
          "paragraph_scoreT_exp": [
            [
              3,
              3,
              3
            ],
            [
              3,
              3,
              3
            ],
            [
              3,
              3,
              3
            ]
          ]
        },
        "paragraph_scoreT_avg": 3,
        "paragraph_id": "001"
      }
    ],
    "essay_scoreT": [
      30,
      30,
      30
    ],
    "essay_scoreT_avg": 30,
    "essay_scoreT_detail": {
      "essay_scoreT_org": [
        [
          3,
          3,
          3,
          3
        ],
        [
          3,
          3,
          3,
          3
        ],
        [
          3,
          3,
          3,
          3
        ]
      ],
      "essay_scoreT_cont": [
        [
          3,
          3,
          0,
          3
        ],
        [
          3,
          3,
          0,
          3
        ],
        [
          3,
          3,
          0,
          3
        ]
      ],
      "essay_scoreT_exp": [
        [
          3,
          3,
          3
        ],
        [
          3,
          3,
          3
        ],
        [
          3,
          3,
          3
        ]
      ]
    }
  },
  "student": {
    "date": "2021.12.20",
    "student_educated": true,
    "student_grade": "고등_1학년",
    "location": "044",
    "student_grade_group": "고등",
    "student_reading": 2
  },
  "rubric": {
    "essay_grade": "고등_1학년",
    "organization_weight": {
      "org_paragraph": 2,
      "org": 2,
      "org_essay": 4,
      "org_coherence": 2,
      "org_quantity": 1
    },
    "essay_type": "글짓기",
    "content_weight": {
      "con_clearance": 4,
      "con_novelty": 3,
      "con": 4,
      "con_prompt": 0,
      "con_description": 1
    },
    "essay_main_subject": "소중함을 잃었던 경험",
    "expression_weight": {
      "exp_style": 1,
      "exp_grammar": 2,
      "exp_vocab": 3,
      "exp": 4
    }
  },
  "correction": [],
  "info": {
    "essay_id": "ESSAY_73558",
    "essay_prompt": " 익숙함에 속아 소중함을 잊지 말자는 명언 (Do not get fooled by something familiar and forget what is priceless.)이 있습니다.\n\n 부모님께서 매일 해주시는 아침밥이나, 너무 친해서 매일 맛있는 간식을 사주는 친구 등 처음에는 매우 감사했지만 반복되는 호의에 우리는 소중함을 잊어가기도 합니다.\n\n 작은 소중함일지라도 그 소중함을 잃게 되면 호의를 베푸는 사람 입장에서는 매우 당황스럽고 기분이 나쁠 수 있어요.\n\n 여러분은 익숙함에 속아 소중함을 잊었던 사례와 그로 인해 상대방의 기분을 나쁘게 했던 경험이 있나요? 만약 있다면 관계를 회복하기 위해 어떤 노력을 하셨나요? 본인의 경험을 작성해주세요.\n\n 만약 그런 적이 없다면 주변의 이야기나 본인에게 소중함을 주는 사람들에 관해 설명해주세요.",
    "essay_type": "글짓기",
    "essay_level": "2",
    "essay_len": 648,
    "essay_main_subject": "소중함을 잃었던 경험"
  }
}