{
  "paragraph": [
    {
      "paragraph_txt": "나는 이 주제를 보고 할머니라는 단어를 떠올리게 되었다.#@문장구분# 이유는 모르겠다.#@문장구분# 내가 왜 그랬는지.#@문장구분#\n하지만 이 수행평가를 통해서 깊은생각을 갖게 되었다.#@문장구분# 내가 할머니라는 단어를 떠올린 이유는 너무 죄송했기 때문이다. #@문장구분#그때가 아마 중학교 3학년 시험을 3일 정도 앞둔 날이었을 것이다.#@문장구분# 아빠가 나에게 물었다.#@문장구분# 병원에 가자고. 이건 흔한 병원이 아니었다.#@문장구분# 요양병원이었다. #@문장구분#하지만 나는 생각조차 하지 않고 싫다고 말했다.#@문장구분#나는 요양병원 그 특유의 공기가 싫었기 때문이다.#@문장구분# 사실 우리 할머니는 치매에 걸리셨다.#@문장구분# 내가 거절한 날 하루 전에 병원에 잠시 다녀왔었다.#@문장구분# 할머니는 아빠와 내가 들어가자마자 웃음을 지으셨다.#@문장구분#그 웃음이 상징하는 것을 나는 느낄 수 있었다.#@문장구분# 오랜만에 만난 나를 반기는 웃음이었다.#@문장구분# 나도 그 모습을 보고 웃었다.#@문장구분# 이렇게 우리는 언어적인 것이 아닌 표정으로도 간단한 대화를 나누었다.#@문장구분# 그때였다.#@문장구분# 할머니가 내 손을 잡고 우시는 것이었다.#@문장구분# 마음이 아팠다.#@문장구분# 우리가 간다는 소리에 더 이상 보지도 못할 것 같은 표정으로 아빠와 나를 빤히 쳐다보고 있었다.#@문장구분# 더 있고 싶었지만 시험을 앞둔 나였기에 죄송한 마음을 남긴 채 병원에서 나왔었다.#@문장구분# 하지만 오늘은 가기가 싫었다.#@문장구분# 공부에 열정을 불태우는 나였기에 성적을 더 중시하게  생각했나보다.#@문장구분# 그렇게 밤이 되었다.#@문장구분#아빠에게 전화 한 통이 걸려왔다.#@문장구분# 아빠에게 밤 중에 전화가 오는 것은 익숙한 일이었다.#@문장구분#그래서 내 공부에 집중하게 되었다. #@문장구분#그때 생각해보면 공부는 내 일상이어서 익숙했던 것 같다.#@문장구분# 그렇게 집중을 하고 있을 때, 갑자기 아빠가 다급하게 집을 나갔다.#@문장구분#뭐지? 하고 생각하다가도 공부에 다시 집중했다.#@문장구분# 그때 아빠한테 전화 한 통이 걸려왔다. #@문장구분#그 전화를 받은 나는 나도 모르게 눈물을 흘리고 있었다.#@문장구분# 할머니가 돌아가신 것이었다.#@문장구분# 일단 너무 급해서 땅에 던져놓은 옷을 입고 바로 병원으로 갔다. #@문장구분#병원에 도착하고보니 연예인 공연이라도 온 것같이 사람이 많았다. #@문장구분#저기 멀리서 아빠가 보였다. #@문장구분#아빠는 내가 온 것을 신경쓰지도 않고 전화만 계속 하고 있었다.#@문장구분# 그렇게 우리는 너무 늦었기에 일단 집으로 돌아왔다. #@문장구분#가족은 다 잠이 들었고, 시계는 4시를 알려주고 있었다. #@문장구분#잠시 화장실을 가려고 나왔는데 아빠는 잠을 안 자고 계속 깊은 생각에 빠진 것처럼 보였다.#@문장구분# 아빠도 충격이 매우 컸을 것이다. #@문장구분#날이 밝자 우리는 장례식을 치르러 병원 옆에 있는 장례식장을 갔다.#@문장구분# 친척들과 가족이 관에 담긴 할머니를 마지막으로 볼 시간이 다가왔다.#@문장구분# 하지만 나는 보지 않고 혼자 건물 밖을 나와서 숲 속으로 향했다. #@문장구분#나는 내 자신이 너무 미웠다. #@문장구분#그때 공부는 나에게 너무 중요했기 때문에 소중했던 할머니를 생각하지도 못한 것이다.#@문장구분#아빠가 병원에 가자했을 때 갔으면 이렇게까지 나를 원망하지 않았을 것이다.#@문장구분# 내 자신이 너무 미웠다.#@문장구분# 죄송했다.#@문장구분#",
      "paragraph_len": 2390,
      "paragraph_id": "001"
    },
    {
      "paragraph_txt": " 새벽이 됐을 때까지 나는 계속 울었다.#@문장구분# 다음 날 학교에 가야했기 때문에 새벽 4시에 혼자 택시를 타고 집으로 왔다.#@문장구분# 집으로 왔을 때 항상 나를 반겨주던 할머니의 냄새가 났다.#@문장구분# 나는 잠을 잘 수 없었다.#@문장구분# 하지만 어느새 잠을 들었고 일어났을 때 6시 40분이었다.#@문장구분# 그 시간은 너무 익숙했다.#@문장구분# 왜 그런지는 할머니와 나만 안다.#@문장구분# 초등학교 때 내가 할머니와 항상 했던 놀이였다. #@문장구분#일찍 일어나기.#@문장구분#할머니를 이기려면 6시 40분 정도에 일어나야 했다.#@문장구분# 할머니가 나를 깨워준 것일까 생각을 하고 학교에 가기 전까지 계속 울었다.#@문장구분# 학교에 가서도 물론 수업에 집중할 수 없었다.#@문장구분# 하지만 책은 글씨로 가득 찼다.#@문장구분# 그 책은 수학책이다. #@문장구분#아직까지 내가 가지고 있다. #@문장구분#그 책에는 할머니에 대한 내용이 책을 가득 채웠다.#@문장구분# 이 일을 뒤로 절대 아빠 부탁에 거절하지 않는다.#@문장구분# 또 익숙함에 속아 소중한 것을 잃을까봐.#@문장구분#",
      "paragraph_len": 799,
      "paragraph_id": "002"
    }
  ],
  "score": {
    "paragraph_score": [
      {
        "paragraph_scoreT": [
          2.5,
          3,
          3
        ],
        "paragraph_scoreT_detail": {
          "paragraph_scoreT_exp": [
            [
              3,
              2,
              3
            ],
            [
              3,
              3,
              3
            ],
            [
              3,
              3,
              3
            ]
          ]
        },
        "paragraph_scoreT_avg": 2.8333333,
        "paragraph_id": "001"
      },
      {
        "paragraph_scoreT": [
          3,
          3,
          3
        ],
        "paragraph_scoreT_detail": {
          "paragraph_scoreT_exp": [
            [
              3,
              3,
              3
            ],
            [
              3,
              3,
              3
            ],
            [
              3,
              3,
              3
            ]
          ]
        },
        "paragraph_scoreT_avg": 3,
        "paragraph_id": "002"
      }
    ],
    "essay_scoreT": [
      28,
      30,
      29.055555
    ],
    "essay_scoreT_avg": 29.018518,
    "essay_scoreT_detail": {
      "essay_scoreT_org": [
        [
          3,
          3,
          3,
          3
        ],
        [
          3,
          3,
          3,
          3
        ],
        [
          3,
          2,
          3,
          3
        ]
      ],
      "essay_scoreT_cont": [
        [
          3,
          3,
          0,
          3
        ],
        [
          3,
          3,
          0,
          3
        ],
        [
          3,
          3,
          0,
          2
        ]
      ],
      "essay_scoreT_exp": [
        [
          3,
          2,
          3
        ],
        [
          3,
          3,
          3
        ],
        [
          3,
          3,
          3
        ]
      ]
    }
  },
  "student": {
    "date": "2021.10.24",
    "student_educated": true,
    "student_grade": "고등_1학년",
    "location": "063",
    "student_grade_group": "고등",
    "student_reading": 1
  },
  "rubric": {
    "essay_grade": "고등_1학년",
    "organization_weight": {
      "org_paragraph": 2,
      "org": 2,
      "org_essay": 4,
      "org_coherence": 2,
      "org_quantity": 1
    },
    "essay_type": "글짓기",
    "content_weight": {
      "con_clearance": 4,
      "con_novelty": 3,
      "con": 4,
      "con_prompt": 0,
      "con_description": 1
    },
    "essay_main_subject": "소중함을 잃었던 경험",
    "expression_weight": {
      "exp_style": 1,
      "exp_grammar": 2,
      "exp_vocab": 3,
      "exp": 4
    }
  },
  "correction": [],
  "info": {
    "essay_id": "ESSAY_42735",
    "essay_prompt": " 익숙함에 속아 소중함을 잊지 말자는 명언 (Do not get fooled by something familiar and forget what is priceless.)이 있습니다.\n\n 부모님께서 매일 해주시는 아침밥이나, 너무 친해서 매일 맛있는 간식을 사주는 친구 등 처음에는 매우 감사했지만 반복되는 호의에 우리는 소중함을 잊어가기도 합니다.\n\n 작은 소중함일지라도 그 소중함을 잃게 되면 호의를 베푸는 사람 입장에서는 매우 당황스럽고 기분이 나쁠 수 있어요.\n\n 여러분은 익숙함에 속아 소중함을 잊었던 사례와 그로 인해 상대방의 기분을 나쁘게 했던 경험이 있나요? 만약 있다면 관계를 회복하기 위해 어떤 노력을 하셨나요? 본인의 경험을 작성해주세요.\n\n 만약 그런 적이 없다면 주변의 이야기나 본인에게 소중함을 주는 사람들에 관해 설명해주세요.",
    "essay_type": "글짓기",
    "essay_level": "2",
    "essay_len": 1819,
    "essay_main_subject": "소중함을 잃었던 경험"
  }
}