{
  "paragraph": [
    {
      "paragraph_txt": "일요일 부터 허리가 말썽이었다.#@문장구분# 분명 아침에 일어날 때만 해도 괜찮았었던 것 같은데 오후부터 아프기 시작해서 그저 그렇게 지나갔다.#@문장구분# 월요일 아침 자고 일어나니 괜찮아 진 것 같기도 해서 등교 준비를 했고 사실 안괜찮았어도 출근 준비는 했을 것 같다.#@문장구분# 책임진 일은 무슨 일이 있더라도 해내는 걸 좋아하는 호구 같은 성격이라이라 참았다.#@문장구분# 그런데 아침 청소를 하고 책을 보는데 의자에 앉는 순간 마저도 너무 아파서 진짜 악소리가 나왔다.#@문장구분# 그냥 고통을 이 악물고 참아냈다는 표현이 맞을 것 같다.#@문장구분# 아무튼 중간에 안될것 같아서 침을 맞고 겨우겨우 일을 해내고 집으로 돌아와서 누워만 있었다.#@문장구분# 일어난 아침에는 또 괜찮은 것 같았는데 일요일도, 월요일도 아침에는 괜찮았어서 이건 아침이라 괜찮은 거다 라는 생각에 서둘러 병원으로 갔다.#@문장구분# 당연히 디스크 일 줄 알았는데 다행히도 디스크는 아니었다.#@문장구분# 대신 척추가 직립되어 있고 오른쪽에 허리를 받쳐주는 근육이 거의 없다고.#@문장구분# 살빼라는 이야기는 안했는데 살을 빼야 될것 같은 기분이 확 든다.#@문장구분# 허리에 주사도 두방이나 맞고, 물리치료도 했다.#@문장구분# 내일도 물리치료 하러 오라고 하셨지만  물론 방금 다이어트를 해야 겠다는 생각을 했지만 다이어트란 내일부터가 국룰.#@문장구분# 매번 시켜 먹는 초밥집에 초밥을 시켜 놓고 물리치료 받으면서 집으로 돌어와서 내가 허리 많이 쓰는 학생임을 깨닫고 학생에게 허리가 정말 소중한 것임을 깨달았다.#@문장구분# 허리를 잃으면 우리는 어떤 것도 할 수가 없다.#@문장구분#",
      "paragraph_len": 1024,
      "paragraph_id": "001"
    }
  ],
  "score": {
    "paragraph_score": [
      {
        "paragraph_scoreT": [
          3,
          3,
          3
        ],
        "paragraph_scoreT_detail": {
          "paragraph_scoreT_exp": [
            [
              3,
              3,
              3
            ],
            [
              3,
              3,
              3
            ],
            [
              3,
              3,
              3
            ]
          ]
        },
        "paragraph_scoreT_avg": 3,
        "paragraph_id": "001"
      }
    ],
    "essay_scoreT": [
      30,
      30,
      30
    ],
    "essay_scoreT_avg": 30,
    "essay_scoreT_detail": {
      "essay_scoreT_org": [
        [
          3,
          3,
          3,
          3
        ],
        [
          3,
          3,
          3,
          3
        ],
        [
          3,
          3,
          3,
          3
        ]
      ],
      "essay_scoreT_cont": [
        [
          3,
          3,
          0,
          3
        ],
        [
          3,
          3,
          0,
          3
        ],
        [
          3,
          3,
          0,
          3
        ]
      ],
      "essay_scoreT_exp": [
        [
          3,
          3,
          3
        ],
        [
          3,
          3,
          3
        ],
        [
          3,
          3,
          3
        ]
      ]
    }
  },
  "student": {
    "date": "2021.12.16",
    "student_educated": true,
    "student_grade": "고등_1학년",
    "location": "041",
    "student_grade_group": "고등",
    "student_reading": 2
  },
  "rubric": {
    "essay_grade": "고등_1학년",
    "organization_weight": {
      "org_paragraph": 2,
      "org": 2,
      "org_essay": 4,
      "org_coherence": 2,
      "org_quantity": 1
    },
    "essay_type": "글짓기",
    "content_weight": {
      "con_clearance": 4,
      "con_novelty": 3,
      "con": 4,
      "con_prompt": 0,
      "con_description": 1
    },
    "essay_main_subject": "소중함을 잃었던 경험",
    "expression_weight": {
      "exp_style": 1,
      "exp_grammar": 2,
      "exp_vocab": 3,
      "exp": 4
    }
  },
  "correction": [],
  "info": {
    "essay_id": "ESSAY_66143",
    "essay_prompt": " 익숙함에 속아 소중함을 잊지 말자는 명언 (Do not get fooled by something familiar and forget what is priceless.)이 있습니다.\n\n 부모님께서 매일 해주시는 아침밥이나, 너무 친해서 매일 맛있는 간식을 사주는 친구 등 처음에는 매우 감사했지만 반복되는 호의에 우리는 소중함을 잊어가기도 합니다.\n\n 작은 소중함일지라도 그 소중함을 잃게 되면 호의를 베푸는 사람 입장에서는 매우 당황스럽고 기분이 나쁠 수 있어요.\n\n 여러분은 익숙함에 속아 소중함을 잊었던 사례와 그로 인해 상대방의 기분을 나쁘게 했던 경험이 있나요? 만약 있다면 관계를 회복하기 위해 어떤 노력을 하셨나요? 본인의 경험을 작성해주세요.\n\n 만약 그런 적이 없다면 주변의 이야기나 본인에게 소중함을 주는 사람들에 관해 설명해주세요.",
    "essay_type": "글짓기",
    "essay_level": "2",
    "essay_len": 724,
    "essay_main_subject": "소중함을 잃었던 경험"
  }
}