{
  "paragraph": [
    {
      "paragraph_txt": "저는 저희 집에서 막내입니다.#@문장구분# 그 중에서도 늦둥이라서 누나와 나이 차이가  12살입니다.#@문장구분# 무려 띠동갑이죠.#@문장구분# 그랬던 탓인지 가족들은 항상 저를 챙겨주고 잘 대해주는데, 그중에서도 누나는 어렸을 적부터 저를 잘 돌봐주기도 하고 많이 이뻐해 주며 잘 보살펴 주었습니다.#@문장구분# 맛있는 음식을 사올 때도 있었고 옷이나 신발 아니면 등교가방처럼 많은 것들을 저에게 선물로 주고는 참 잘해줘서 너무나도 고마운 누나였습니다.#@문장구분# 그렇게 자라나서 중학생이 되었을 무렵에도 저희 가족은 서로서로 사이가 참 좋았었습니다.#@문장구분# 그런데 저도 사춘기가 왔었던 때가 있었는데 그때에 누나는 항상 밤늦게까지 알바를 하고 돌아오느라 스트레스가 쌓여있었는지 저도 모르게 사소한 일로 싸우게 되었고 지금까지 한 번도 싸운적 없었던지라 싸우고 나서 조금은 충격이었습니다.#@문장구분# 뒤늦게나마 제가 누나에게 짜증을 냈었기 때문에 내가 잘못했다고 생각하고 먼저 사과하며 용서를 구했습니다.#@문장구분# 항상 저한테 잘해주던 누나라서 나도 모르게 짜증을 냈었던게 후회스러웠지만 화해 하고나서 앞으로 잘해야겠다라는 다짐으로 누나가 집에왔을 때 먹을것들을 사다두는 등 조금이라도 누나한테 도움이 될수 있는 것들을 해보려고 합니다.#@문장구분# 이 일로 아무리 편하고 익숙한 관계여도 함부로 대하면 안된다는 교훈을 얻고 내가 좋은 관계를 유지하고 싶으면 먼저 평소에도 잘 대해야 된다는 것을 알았습니다.#@문장구분# 앞으로 익숙하고 친밀한 관계이더라도 더 신중하게 행동해야하겠습니다.#@문장구분#",
      "paragraph_len": 935,
      "paragraph_id": "001"
    }
  ],
  "score": {
    "paragraph_score": [
      {
        "paragraph_scoreT": [
          2.1666667,
          2.5,
          2
        ],
        "paragraph_scoreT_detail": {
          "paragraph_scoreT_exp": [
            [
              2,
              2,
              3
            ],
            [
              2,
              3,
              2
            ],
            [
              2,
              2,
              2
            ]
          ]
        },
        "paragraph_scoreT_avg": 2.2222223,
        "paragraph_id": "001"
      }
    ],
    "essay_scoreT": [
      26.222221,
      25.833334,
      23.833334
    ],
    "essay_scoreT_avg": 25.296297,
    "essay_scoreT_detail": {
      "essay_scoreT_org": [
        [
          3,
          3,
          2,
          3
        ],
        [
          3,
          2,
          3,
          2
        ],
        [
          3,
          3,
          2,
          2
        ]
      ],
      "essay_scoreT_cont": [
        [
          3,
          3,
          0,
          3
        ],
        [
          3,
          2,
          0,
          3
        ],
        [
          3,
          2,
          0,
          3
        ]
      ],
      "essay_scoreT_exp": [
        [
          2,
          2,
          3
        ],
        [
          2,
          3,
          2
        ],
        [
          2,
          2,
          2
        ]
      ]
    }
  },
  "student": {
    "date": "2021.09.30",
    "student_educated": true,
    "student_grade": "고등_1학년",
    "location": "063",
    "student_grade_group": "고등",
    "student_reading": 2
  },
  "rubric": {
    "essay_grade": "고등_1학년",
    "organization_weight": {
      "org_paragraph": 2,
      "org": 2,
      "org_essay": 4,
      "org_coherence": 2,
      "org_quantity": 1
    },
    "essay_type": "글짓기",
    "content_weight": {
      "con_clearance": 4,
      "con_novelty": 3,
      "con": 4,
      "con_prompt": 0,
      "con_description": 1
    },
    "essay_main_subject": "소중함을 잃었던 경험",
    "expression_weight": {
      "exp_style": 1,
      "exp_grammar": 2,
      "exp_vocab": 3,
      "exp": 4
    }
  },
  "correction": [],
  "info": {
    "essay_id": "ESSAY_37154",
    "essay_prompt": " 익숙함에 속아 소중함을 잊지 말자는 명언 (Do not get fooled by something familiar and forget what is priceless.)이 있습니다.\n\n 부모님께서 매일 해주시는 아침밥이나, 너무 친해서 매일 맛있는 간식을 사주는 친구 등 처음에는 매우 감사했지만 반복되는 호의에 우리는 소중함을 잊어가기도 합니다.\n\n 작은 소중함일지라도 그 소중함을 잃게 되면 호의를 베푸는 사람 입장에서는 매우 당황스럽고 기분이 나쁠 수 있어요.\n\n 여러분은 익숙함에 속아 소중함을 잊었던 사례와 그로 인해 상대방의 기분을 나쁘게 했던 경험이 있나요? 만약 있다면 관계를 회복하기 위해 어떤 노력을 하셨나요? 본인의 경험을 작성해주세요.\n\n 만약 그런 적이 없다면 주변의 이야기나 본인에게 소중함을 주는 사람들에 관해 설명해주세요.",
    "essay_type": "글짓기",
    "essay_level": "2",
    "essay_len": 715,
    "essay_main_subject": "소중함을 잃었던 경험"
  }
}