{
  "paragraph": [
    {
      "paragraph_txt": "익숙함. 편안함. 이라는 말로 다른 이들에게 보이고 싶지 않은 내면 속의 내 모습이 있는데, 가만히 생각해보니 나는 나의 내면 속 내 모습을 내 가족들에게는 내 모습을 막 보이는거 같다.#@문장구분# 사실 타인에게 그런 모습들을 스스로 보여주고 싶어하지 않는 이유는 남들이 그런 행동을 달가워하지 않을 것이고 이런 행동을 하면 사람들이 싫어할 수 도 있다는 것을 뻔히 알기 때문이다.#@문장구분# 나의 그런 행동을 가족들 또한 달가워하지 않는 것과 가족들이라고 다른 사람들과 다 다르지 않을 걸 뻔히 알면서도 편안 마음에 집에선 다그래 라는 생각으로 말과 행동을 하는거 같다.#@문장구분# 나의 행동과 나의 태도들이 어찌 보면 참 이기적이고 폭력적인 행동이진 않았을까 싶은 생각이 든다.#@문장구분# 다른 사람들 앞에서는 안 울고 화 안내면서 가족들 앞에서는 조금만 억울해도 울거나 화내며 극도의 감정기복을 보이며 감정적으로 굴었고, 타인들이 내 의견과 다른 의견을 내비치면 속으로 '그럴 수 있지, 나와 다른 거지 틀린 게 아니지'하며 이해하려고 노력하고 그저 웃던 내가 가족들과 대화를 하다가 다른 의견이 나오면 고집을 부리고, 반박하려 들며 방어기제를 날카롭게 내세우기 일쑤였다.#@문장구분# 소중한 사람들일수록 더 잘 챙겨야 하고 더 조심해야 하는 것을 내가 잊고 지낸건 아닌가 싶다.#@문장구분# 시간이 지나면서 무언가에 익숙해지는 것은 필연적인 일이라 앞으로 가족들에게 더 세심하게 잘 하고 그들에게 사랑한다고 이야기 해야 겠다.#@문장구분#",
      "paragraph_len": 848,
      "paragraph_id": "001"
    }
  ],
  "score": {
    "paragraph_score": [
      {
        "paragraph_scoreT": [
          3,
          3,
          3
        ],
        "paragraph_scoreT_detail": {
          "paragraph_scoreT_exp": [
            [
              3,
              3,
              3
            ],
            [
              3,
              3,
              3
            ],
            [
              3,
              3,
              3
            ]
          ]
        },
        "paragraph_scoreT_avg": 3,
        "paragraph_id": "001"
      }
    ],
    "essay_scoreT": [
      30,
      30,
      30
    ],
    "essay_scoreT_avg": 30,
    "essay_scoreT_detail": {
      "essay_scoreT_org": [
        [
          3,
          3,
          3,
          3
        ],
        [
          3,
          3,
          3,
          3
        ],
        [
          3,
          3,
          3,
          3
        ]
      ],
      "essay_scoreT_cont": [
        [
          3,
          3,
          0,
          3
        ],
        [
          3,
          3,
          0,
          3
        ],
        [
          3,
          3,
          0,
          3
        ]
      ],
      "essay_scoreT_exp": [
        [
          3,
          3,
          3
        ],
        [
          3,
          3,
          3
        ],
        [
          3,
          3,
          3
        ]
      ]
    }
  },
  "student": {
    "date": "2021.12.13",
    "student_educated": true,
    "student_grade": "고등_1학년",
    "location": "063",
    "student_grade_group": "고등",
    "student_reading": 2
  },
  "rubric": {
    "essay_grade": "고등_1학년",
    "organization_weight": {
      "org_paragraph": 2,
      "org": 2,
      "org_essay": 4,
      "org_coherence": 2,
      "org_quantity": 1
    },
    "essay_type": "글짓기",
    "content_weight": {
      "con_clearance": 4,
      "con_novelty": 3,
      "con": 4,
      "con_prompt": 0,
      "con_description": 1
    },
    "essay_main_subject": "소중함을 잃었던 경험",
    "expression_weight": {
      "exp_style": 1,
      "exp_grammar": 2,
      "exp_vocab": 3,
      "exp": 4
    }
  },
  "correction": [],
  "info": {
    "essay_id": "ESSAY_61705",
    "essay_prompt": " 익숙함에 속아 소중함을 잊지 말자는 명언 (Do not get fooled by something familiar and forget what is priceless.)이 있습니다.\n\n 부모님께서 매일 해주시는 아침밥이나, 너무 친해서 매일 맛있는 간식을 사주는 친구 등 처음에는 매우 감사했지만 반복되는 호의에 우리는 소중함을 잊어가기도 합니다.\n\n 작은 소중함일지라도 그 소중함을 잃게 되면 호의를 베푸는 사람 입장에서는 매우 당황스럽고 기분이 나쁠 수 있어요.\n\n 여러분은 익숙함에 속아 소중함을 잊었던 사례와 그로 인해 상대방의 기분을 나쁘게 했던 경험이 있나요? 만약 있다면 관계를 회복하기 위해 어떤 노력을 하셨나요? 본인의 경험을 작성해주세요.\n\n 만약 그런 적이 없다면 주변의 이야기나 본인에게 소중함을 주는 사람들에 관해 설명해주세요.",
    "essay_type": "글짓기",
    "essay_level": "2",
    "essay_len": 708,
    "essay_main_subject": "소중함을 잃었던 경험"
  }
}