{
  "paragraph": [
    {
      "paragraph_txt": "저는 익숙함에 속아 소중함을 잊었던 사례가 없어서 제 인생에서 정말 소중한 사람들에 대해서 한번 이야기해보려고 합니다.#@문장구분# 저의 소중한 사람은 중학교 3학년 때 담임선생님이면서 중학교 3학년 영어 선생님이신 조미란 선생님이십니다.#@문장구분# 중학교 3학년 때 고등학교 진학 때문에 담임선생님이 중요하다고 항상 누나가 얘기해줘서 3학년 때 담임선생님이 누구일까? 하는 고민이 있었습니다.#@문장구분# 솔직히 말하자면 첫인상과 모습은 별로였습니다.#@문장구분# 저는 남학생인데 여성분이셨고 키는 170 정도에 몸무게가 좀 많이 나가셨습니다.#@문장구분# 사람을 보여지는 거에만 집중하면 안 되지만 말투와 인상이 너무 무섭게 생기셨고 몸무게 때문에 힘드신 게 보일 정도였습니다.#@문장구분# 근데 첫인상은 별로였지만 담임선생님과 생활하다 보니 진정한 선생님이셨다고 느꼈습니다.#@문장구분# 제가 성적이 안 좋아 원하는 고등학교에 진학이 힘든 상황이었는데 다른 방법으로 무슨 일이 있더라도 진학시켜주겠다던 담임선생님 말씀이 정말 현실로 이루어졌습니다.#@문장구분# 한번 가는 고등학교 네가 원하는 곳으로 가야 후회가 없고 거기서 편하고 행복하게 공부할 수 있다고 말씀하셨는데 저한테 그걸 현실로 만들어주셨습니다.#@문장구분# 그냥 지나가는 학생으로만 보지 않으시고 정말 소중한 학생이라고 생각하시고 저를 위해 이렇게 힘을 써주신 모습을 보고 첫인상 때, 별로라고 생각했던 저 자신이 추해졌습니다.#@문장구분# 조미란 선생님께 너무 감사하다고 말을 전하고 싶습니다.#@문장구분#",
      "paragraph_len": 915,
      "paragraph_id": "001"
    }
  ],
  "score": {
    "paragraph_score": [
      {
        "paragraph_scoreT": [
          3,
          2,
          2.5
        ],
        "paragraph_scoreT_detail": {
          "paragraph_scoreT_exp": [
            [
              3,
              3,
              3
            ],
            [
              2,
              2,
              2
            ],
            [
              3,
              2,
              3
            ]
          ]
        },
        "paragraph_scoreT_avg": 2.5,
        "paragraph_id": "001"
      }
    ],
    "essay_scoreT": [
      30,
      24.666666,
      26.666666
    ],
    "essay_scoreT_avg": 27.111109,
    "essay_scoreT_detail": {
      "essay_scoreT_org": [
        [
          3,
          3,
          3,
          3
        ],
        [
          2,
          2,
          3,
          3
        ],
        [
          2,
          2,
          3,
          3
        ]
      ],
      "essay_scoreT_cont": [
        [
          3,
          3,
          0,
          3
        ],
        [
          3,
          3,
          0,
          3
        ],
        [
          3,
          3,
          0,
          3
        ]
      ],
      "essay_scoreT_exp": [
        [
          3,
          3,
          3
        ],
        [
          2,
          2,
          2
        ],
        [
          3,
          2,
          3
        ]
      ]
    }
  },
  "student": {
    "date": "2021.12.17",
    "student_educated": true,
    "student_grade": "고등_1학년",
    "location": "044",
    "student_grade_group": "고등",
    "student_reading": 2
  },
  "rubric": {
    "essay_grade": "고등_1학년",
    "organization_weight": {
      "org_paragraph": 2,
      "org": 2,
      "org_essay": 4,
      "org_coherence": 2,
      "org_quantity": 1
    },
    "essay_type": "글짓기",
    "content_weight": {
      "con_clearance": 4,
      "con_novelty": 3,
      "con": 4,
      "con_prompt": 0,
      "con_description": 1
    },
    "essay_main_subject": "소중함을 잃었던 경험",
    "expression_weight": {
      "exp_style": 1,
      "exp_grammar": 2,
      "exp_vocab": 3,
      "exp": 4
    }
  },
  "correction": [],
  "info": {
    "essay_id": "ESSAY_66027",
    "essay_prompt": " 익숙함에 속아 소중함을 잊지 말자는 명언 (Do not get fooled by something familiar and forget what is priceless.)이 있습니다.\n\n 부모님께서 매일 해주시는 아침밥이나, 너무 친해서 매일 맛있는 간식을 사주는 친구 등 처음에는 매우 감사했지만 반복되는 호의에 우리는 소중함을 잊어가기도 합니다.\n\n 작은 소중함일지라도 그 소중함을 잃게 되면 호의를 베푸는 사람 입장에서는 매우 당황스럽고 기분이 나쁠 수 있어요.\n\n 여러분은 익숙함에 속아 소중함을 잊었던 사례와 그로 인해 상대방의 기분을 나쁘게 했던 경험이 있나요? 만약 있다면 관계를 회복하기 위해 어떤 노력을 하셨나요? 본인의 경험을 작성해주세요.\n\n 만약 그런 적이 없다면 주변의 이야기나 본인에게 소중함을 주는 사람들에 관해 설명해주세요.",
    "essay_type": "글짓기",
    "essay_level": "2",
    "essay_len": 696,
    "essay_main_subject": "소중함을 잃었던 경험"
  }
}