{
  "paragraph": [
    {
      "paragraph_txt": "나는 항상 생각했었다.#@문장구분# '나는 이 세상에서 제일 힘든 사람이야.' '제일 피곤한건 당연하고 짜증은 어쩔수없이 나오는거야.' 그러며 엄마에게 짜증을 자주부렸다.#@문장구분# 항상 엄마는 피곤한 기색을 비치지 않으셨고 나는 더욱 당당해져갔다.#@문장구분#나는 결국 엄마가 조금 늦게 오시거나 깜빡하시면 짜증을 내고 엄마를 몰아가기 시작했다.#@문장구분# 이글을 쓰고 있는 지금도 엄마가 모르고 주무셔서 학원을 마치고 11시에 버스를 타고가면서쓰고 있다. #@문장구분#이 과제를 받았을때 아무런 생각없이 바로 늦은밤에 나를 데리러 오시는 엄마가 생각났고, 익숙함에 속아 엄마의 힘듦은 잊고 있었다는 생각이 들며 후회가 되었다.#@문장구분# 이런 기회가 없었다면 나는 이런 생각을 절대 안했을 것이다. #@문장구분#지금이라도 계속생각하면서 매일감사하게 생각해야겠다.#@문장구분# 데리러 오실때마다 내가 힘들더라고 엄마만큼일리는 없기 때문에 더 밝게 해맑게 얘기하면서 부끄러워서 직접적으로 감사하다고 전하지는 못하지만 간접적으로라도 꼭 감사함을 전해야겠다.#@문장구분# 또할머니도 나에게 엄청 잘해주시는데 할머니의말씀을 한귀로 듣고 할머니에게도 짜증을 부린적이 있다.#@문장구분# 할머니가 나에게 해주시는 말 들을 전부 소중하게 여기고 앞으로는 과거의 나보다는 더 나은 내가 되자는 결심을 했다.#@문장구분# 그리고 할머니도 스트레스 덜 받으시게 하고 신체적으로도 최대한 내가 노력해서 돌봐 드려야겠다고 생각했고 바로 설거지와 집안일을 하는 등의 실천을 했다.#@문장구분# 나에게 \"왔나\"라고 해주시는 할머니께 정말 소중함을 느꼈고 매일매일 할머니를 한 번씩 지금까지 안아드리고 있다.#@문장구분# 할머니가 해주시는 말들 하나하나가 나에게는 큰 행복이었다.#@문장구분# 부모님  할머니 모두다 건강하게 내 곁에 있어 주시면 좋겠다.#@문장구분#",
      "paragraph_len": 1117,
      "paragraph_id": "001"
    }
  ],
  "score": {
    "paragraph_score": [
      {
        "paragraph_scoreT": [
          2.8333333,
          2.8333333,
          3
        ],
        "paragraph_scoreT_detail": {
          "paragraph_scoreT_exp": [
            [
              3,
              3,
              2
            ],
            [
              3,
              3,
              2
            ],
            [
              3,
              3,
              3
            ]
          ]
        },
        "paragraph_scoreT_avg": 2.8888886,
        "paragraph_id": "001"
      }
    ],
    "essay_scoreT": [
      29.333332,
      27.833332,
      29.555555
    ],
    "essay_scoreT_avg": 28.907408,
    "essay_scoreT_detail": {
      "essay_scoreT_org": [
        [
          3,
          3,
          3,
          3
        ],
        [
          3,
          3,
          3,
          3
        ],
        [
          3,
          2,
          3,
          3
        ]
      ],
      "essay_scoreT_cont": [
        [
          3,
          3,
          0,
          3
        ],
        [
          3,
          2,
          0,
          3
        ],
        [
          3,
          3,
          0,
          3
        ]
      ],
      "essay_scoreT_exp": [
        [
          3,
          3,
          2
        ],
        [
          3,
          3,
          2
        ],
        [
          3,
          3,
          3
        ]
      ]
    }
  },
  "student": {
    "date": "2021.12.20",
    "student_educated": true,
    "student_grade": "고등_1학년",
    "location": "063",
    "student_grade_group": "고등",
    "student_reading": 2
  },
  "rubric": {
    "essay_grade": "고등_1학년",
    "organization_weight": {
      "org_paragraph": 2,
      "org": 2,
      "org_essay": 4,
      "org_coherence": 2,
      "org_quantity": 1
    },
    "essay_type": "글짓기",
    "content_weight": {
      "con_clearance": 4,
      "con_novelty": 3,
      "con": 4,
      "con_prompt": 0,
      "con_description": 1
    },
    "essay_main_subject": "소중함을 잃었던 경험",
    "expression_weight": {
      "exp_style": 1,
      "exp_grammar": 2,
      "exp_vocab": 3,
      "exp": 4
    }
  },
  "correction": [],
  "info": {
    "essay_id": "ESSAY_73434",
    "essay_prompt": " 익숙함에 속아 소중함을 잊지 말자는 명언 (Do not get fooled by something familiar and forget what is priceless.)이 있습니다.\n\n 부모님께서 매일 해주시는 아침밥이나, 너무 친해서 매일 맛있는 간식을 사주는 친구 등 처음에는 매우 감사했지만 반복되는 호의에 우리는 소중함을 잊어가기도 합니다.\n\n 작은 소중함일지라도 그 소중함을 잃게 되면 호의를 베푸는 사람 입장에서는 매우 당황스럽고 기분이 나쁠 수 있어요.\n\n 여러분은 익숙함에 속아 소중함을 잊었던 사례와 그로 인해 상대방의 기분을 나쁘게 했던 경험이 있나요? 만약 있다면 관계를 회복하기 위해 어떤 노력을 하셨나요? 본인의 경험을 작성해주세요.\n\n 만약 그런 적이 없다면 주변의 이야기나 본인에게 소중함을 주는 사람들에 관해 설명해주세요.",
    "essay_type": "글짓기",
    "essay_level": "2",
    "essay_len": 819,
    "essay_main_subject": "소중함을 잃었던 경험"
  }
}