{
  "paragraph": [
    {
      "paragraph_txt": "우리는 삶을 살아가면서 물, 공기, 전기와 같은 자연들 혹은 사랑, 사람, 우정과 같은 인간관계 등 익숙하다 생각하고 당연시 여기는 것들이 많다.#@문장구분# 하지만 이것들이 마냥 계속 우리 주변에 머무를 것이라고 착각하면 안된다. #@문장구분#그예로 물을 들어보자 얼마전에 집에 수도 배관이터져서 물이 안나온적이 있다.#@문장구분# 한6시간 안나왔던 것 같다. #@문장구분#학교가끝나고 나난 샤워를할려했는데 물이안나와서 못한다고한다. #@문장구분#때마침 운동을 하고와서 찝찝한데 참아야하디나 왜이리불편한지 마실물도없어서  사다먹었는데 너무 비싸고 그랬다 배관을 고치고 샤워를하는데 너무 좋았다#@문장구분#  물을 아껴써야겠다라는생각이 절실히 들었다 #@문장구분#우리는 현재 물을 당연시여기며 막 사용하고 있다.#@문장구분# 하지만 물이라는 자원은 한정된 자원이 아니며 이대로 가다간 정말 물이 부족해질수 있다. #@문장구분#우리는 물이라는 자원을 막 사용하다 결국 나중에 물이 줄어들고 정말 아껴써야 할때 그때가서 분명히 후회할 것이다.#@문장구분# 따라서 나는 지금부터라도 물을 아껴써야된다고 생각한다.#@문장구분# 몇년전 나도 정말 친한 친구들이 있었다. #@문장구분#학년이 올라가고 반이 틀어지면서 서로서로 점점 소홀해졌다. #@문장구분#친하니까 딱히 안어울려도 '우린 항상 하나지' 라고 생각하며 시간이 흘렀다.#@문장구분# 적어도 나는 그렇게 생각했다.#@문장구분# 그러다 한번 내가 정말 힘들었을때가 있었는데 나는 당연히 친구들이 위로해 줄줄 알았지만 내 옆에 남은 사람은 없었다.#@문장구분# 그때 이후로 항상 당연히 누군가가 옆에 있다는건 착각일뿐이고, 친구라는 익숙함에 속아 내 이익만 챙기며 바라기만 했을때 결국 소중한것을 잃게 된다는 점을 깨달았다.#@문장구분# 위와 같은 예시들 이외에도 우리가 정말 익숙함에 속아 막 낭비하거나 별 생각없이 사용하는 것들이 정말 많은 것 같다. #@문장구분#자원이든 사람이든 결국 나중에 다 잃고 나서야 후회하지 말고 또 익숙함에 속지말고 뭐든 소중히 생각해야 한다고 느낀다.#@문장구분#",
      "paragraph_len": 1280,
      "paragraph_id": "001"
    }
  ],
  "score": {
    "paragraph_score": [
      {
        "paragraph_scoreT": [
          3,
          2.6666667,
          2.6666667
        ],
        "paragraph_scoreT_detail": {
          "paragraph_scoreT_exp": [
            [
              3,
              3,
              3
            ],
            [
              2,
              3,
              3
            ],
            [
              2,
              3,
              3
            ]
          ]
        },
        "paragraph_scoreT_avg": 2.777778,
        "paragraph_id": "001"
      }
    ],
    "essay_scoreT": [
      30,
      27.777779,
      26.666668
    ],
    "essay_scoreT_avg": 28.148148,
    "essay_scoreT_detail": {
      "essay_scoreT_org": [
        [
          3,
          3,
          3,
          3
        ],
        [
          2,
          3,
          3,
          3
        ],
        [
          3,
          3,
          3,
          3
        ]
      ],
      "essay_scoreT_cont": [
        [
          3,
          3,
          0,
          3
        ],
        [
          3,
          3,
          0,
          3
        ],
        [
          2,
          3,
          0,
          3
        ]
      ],
      "essay_scoreT_exp": [
        [
          3,
          3,
          3
        ],
        [
          2,
          3,
          3
        ],
        [
          2,
          3,
          3
        ]
      ]
    }
  },
  "student": {
    "date": "2021.12.18",
    "student_educated": true,
    "student_grade": "고등_1학년",
    "location": "063",
    "student_grade_group": "고등",
    "student_reading": 2
  },
  "rubric": {
    "essay_grade": "고등_1학년",
    "organization_weight": {
      "org_paragraph": 2,
      "org": 2,
      "org_essay": 4,
      "org_coherence": 2,
      "org_quantity": 1
    },
    "essay_type": "글짓기",
    "content_weight": {
      "con_clearance": 4,
      "con_novelty": 3,
      "con": 4,
      "con_prompt": 0,
      "con_description": 1
    },
    "essay_main_subject": "소중함을 잃었던 경험",
    "expression_weight": {
      "exp_style": 1,
      "exp_grammar": 2,
      "exp_vocab": 3,
      "exp": 4
    }
  },
  "correction": [],
  "info": {
    "essay_id": "ESSAY_73404",
    "essay_prompt": " 익숙함에 속아 소중함을 잊지 말자는 명언 (Do not get fooled by something familiar and forget what is priceless.)이 있습니다.\n\n 부모님께서 매일 해주시는 아침밥이나, 너무 친해서 매일 맛있는 간식을 사주는 친구 등 처음에는 매우 감사했지만 반복되는 호의에 우리는 소중함을 잊어가기도 합니다.\n\n 작은 소중함일지라도 그 소중함을 잃게 되면 호의를 베푸는 사람 입장에서는 매우 당황스럽고 기분이 나쁠 수 있어요.\n\n 여러분은 익숙함에 속아 소중함을 잊었던 사례와 그로 인해 상대방의 기분을 나쁘게 했던 경험이 있나요? 만약 있다면 관계를 회복하기 위해 어떤 노력을 하셨나요? 본인의 경험을 작성해주세요.\n\n 만약 그런 적이 없다면 주변의 이야기나 본인에게 소중함을 주는 사람들에 관해 설명해주세요.",
    "essay_type": "글짓기",
    "essay_level": "2",
    "essay_len": 900,
    "essay_main_subject": "소중함을 잃었던 경험"
  }
}