{
  "paragraph": [
    {
      "paragraph_txt": "나는 힘들어서 또는 잠깐 고개를 들었는데 파란 하늘을 마주하게 된 순간.#@문장구분# 그저 감탄 스러울때가 있다.#@문장구분# 우리 주변에 그렇게 하늘, 숲 속, 자연들이 우리에게 주는 기쁨과 소소한 쉼이 되어주는 경우가 많다.#@문장구분# 아이들이 있는 집에서는 체험을 하기도 하고 그렇게 누구든 누가 되었든 간에 우리는 하늘과 땅의 소중함을 느끼고 함께한 이들과의 관계에서 사람 사는 정을 느끼게 되기도 한다.#@문장구분# 그리고 당연하게 생각하게 되는 자연에서 얻게 되는 먹거리 등을 우리가 돈을 주고 사먹지만 사실 그것은 본질적으로 자연이 우리에게 선사해주고 제공해주는 것들이다.#@문장구분# 그런데 이런것들을 망각하고 이런 감사함을 잊어버리게 자연을 훼손하고 소중하게 생각하지 않는 사람들이 많이 있다.#@문장구분# 물론 여기에 나도 일조를 한다고 인정하고 싶진 않지만. 그래서 한 사람으로부터 비롯되어 많은 사람들이 모여 수많은 사람들로 인해 요즘 지구온난화로 인한 환경오염 등이 심각하게 대두 되고 있는데 꼭 사람이 아니더라도 우리는 자연의 소중함을 알고 아끼고 이 것을 오래 만끽하고 느끼고 누릴 수 있도록 보호에 관심을 가져야 할 것이다.#@문장구분# 그리고 역사적으로 인위적으로나 천재에 의해서 그 지역의 자연이 파괴되거나 큰 변화가 나타나면 뒤이어 여러 재앙이 나타나고 때로는 영구적으로 폐허화되어 사막화되거나 그 지역의 모든 생물이 멸종하는 사례가 많았다고 한다.#@문장구분#",
      "paragraph_len": 830,
      "paragraph_id": "001"
    }
  ],
  "score": {
    "paragraph_score": [
      {
        "paragraph_scoreT": [
          3,
          2,
          2.8333333
        ],
        "paragraph_scoreT_detail": {
          "paragraph_scoreT_exp": [
            [
              3,
              3,
              3
            ],
            [
              2,
              2,
              2
            ],
            [
              3,
              3,
              2
            ]
          ]
        },
        "paragraph_scoreT_avg": 2.611111,
        "paragraph_id": "001"
      }
    ],
    "essay_scoreT": [
      30,
      20.666666,
      25.555555
    ],
    "essay_scoreT_avg": 25.407408,
    "essay_scoreT_detail": {
      "essay_scoreT_org": [
        [
          3,
          3,
          3,
          3
        ],
        [
          2,
          2,
          3,
          3
        ],
        [
          2,
          2,
          2,
          3
        ]
      ],
      "essay_scoreT_cont": [
        [
          3,
          3,
          0,
          3
        ],
        [
          2,
          2,
          0,
          2
        ],
        [
          2,
          3,
          0,
          3
        ]
      ],
      "essay_scoreT_exp": [
        [
          3,
          3,
          3
        ],
        [
          2,
          2,
          2
        ],
        [
          3,
          3,
          2
        ]
      ]
    }
  },
  "student": {
    "date": "2021.12.12",
    "student_educated": true,
    "student_grade": "고등_1학년",
    "location": "063",
    "student_grade_group": "고등",
    "student_reading": 2
  },
  "rubric": {
    "essay_grade": "고등_1학년",
    "organization_weight": {
      "org_paragraph": 2,
      "org": 2,
      "org_essay": 4,
      "org_coherence": 2,
      "org_quantity": 1
    },
    "essay_type": "글짓기",
    "content_weight": {
      "con_clearance": 4,
      "con_novelty": 3,
      "con": 4,
      "con_prompt": 0,
      "con_description": 1
    },
    "essay_main_subject": "소중함을 잃었던 경험",
    "expression_weight": {
      "exp_style": 1,
      "exp_grammar": 2,
      "exp_vocab": 3,
      "exp": 4
    }
  },
  "correction": [],
  "info": {
    "essay_id": "ESSAY_61307",
    "essay_prompt": " 익숙함에 속아 소중함을 잊지 말자는 명언 (Do not get fooled by something familiar and forget what is priceless.)이 있습니다.\n\n 부모님께서 매일 해주시는 아침밥이나, 너무 친해서 매일 맛있는 간식을 사주는 친구 등 처음에는 매우 감사했지만 반복되는 호의에 우리는 소중함을 잊어가기도 합니다.\n\n 작은 소중함일지라도 그 소중함을 잃게 되면 호의를 베푸는 사람 입장에서는 매우 당황스럽고 기분이 나쁠 수 있어요.\n\n 여러분은 익숙함에 속아 소중함을 잊었던 사례와 그로 인해 상대방의 기분을 나쁘게 했던 경험이 있나요? 만약 있다면 관계를 회복하기 위해 어떤 노력을 하셨나요? 본인의 경험을 작성해주세요.\n\n 만약 그런 적이 없다면 주변의 이야기나 본인에게 소중함을 주는 사람들에 관해 설명해주세요.",
    "essay_type": "글짓기",
    "essay_level": "2",
    "essay_len": 671,
    "essay_main_subject": "소중함을 잃었던 경험"
  }
}