{
  "paragraph": [
    {
      "paragraph_txt": "익숙함에 속아 소중함을 잊지 말자#@문장구분# (Do not get fooled by something familiar and forget what is priceless.)#@문장구분#명언을 읽고 이런 생각을 하게 되었다.#@문장구분# 나에게 소중한 것, 하지만 익숙함에 속아 잊고 잃었던 것, 그것은 무엇이었을까.#@문장구분# 지난2년 코로나 속에 갇힌 우리가 아닐까?#@문장구분# 마스크 없이 등굣길 붐비는 스쿨버스를 타고 학교에 가서 친구들과 매점도 가고 시끄러운 급식실에서 친구들과 이야기하면서 먹었던 밥, 하지만 지금은 짝궁없이 지낸지 2년이 지나가고 있다.#@문장구분# 마스크를 벗고 친구 얼굴을 볼 수 있는 곳은 칸막이가 있는 급식실 뿐이다.#@문장구분# 하지만 밥을 먹을 때는 이야기를 못한다. 코로나는 우리의 많은 것들을 바꿔놓았다.#@문장구분# 마스크 없는 외출은 상상할 수 없었고, 가게에 들를 때마다 안심콜은 물론이며 확진자와 동선이 겹치면 외출도 하지 못하는 자가격리 생활을 해야 한다.#@문장구분# 또한 학교에서 할 수 있는 체험활동이라고는 온라인을 통한 활동뿐. 내가 할 수 있는 것이라고는 마스크를 끼고 다니며 방역수칙을 준수하며 코로나가 종식될 때까지 기다리며 사는 것밖에 없었다. #@문장구분#자유로운 외출을, 함께하는 즐거움을, 그땐 당연하다 여겼기에 알지 못했다. #@문장구분#익숙함에 속아 알지 못했다는 것을 여기서 깨닫게 되었다.#@문장구분# 어쩌면 지금도 우리는 익숙함에 속아 소중함을 잊고 있는 것은 아닐까.#@문장구분# 그리하여 또다시 잃게 되는 것은 아닐까 생각하게 된다.#@문장구분# 지금 현재가, 당연하다고 생각되는 것들이 나중에 보면 이 또한 중요한 것, 소중한 것들이 아닐까.#@문장구분# 주변이 새롭게 보인다.#@문장구분# 요즘 코로나 바이러스 때문에 우리는 평범했던 소중한 일상들을 잃어가고 있다. #@문장구분#하지만 지금의 일상도 소중한 일상이 될 수 있으니 너무 부정적으로 보지 말고 언제나 지금의 자신을 위하면서 살았으면 좋겠다.#@문장구분#",
      "paragraph_len": 1245,
      "paragraph_id": "001"
    }
  ],
  "score": {
    "paragraph_score": [
      {
        "paragraph_scoreT": [
          3,
          3,
          2.6666667
        ],
        "paragraph_scoreT_detail": {
          "paragraph_scoreT_exp": [
            [
              3,
              3,
              3
            ],
            [
              3,
              3,
              3
            ],
            [
              2,
              3,
              3
            ]
          ]
        },
        "paragraph_scoreT_avg": 2.888889,
        "paragraph_id": "001"
      }
    ],
    "essay_scoreT": [
      30,
      28.5,
      28.666668
    ],
    "essay_scoreT_avg": 29.055557,
    "essay_scoreT_detail": {
      "essay_scoreT_org": [
        [
          3,
          3,
          3,
          3
        ],
        [
          3,
          3,
          3,
          3
        ],
        [
          3,
          3,
          3,
          3
        ]
      ],
      "essay_scoreT_cont": [
        [
          3,
          3,
          0,
          3
        ],
        [
          3,
          2,
          0,
          3
        ],
        [
          3,
          3,
          0,
          3
        ]
      ],
      "essay_scoreT_exp": [
        [
          3,
          3,
          3
        ],
        [
          3,
          3,
          3
        ],
        [
          2,
          3,
          3
        ]
      ]
    }
  },
  "student": {
    "date": "2021.12.13",
    "student_educated": true,
    "student_grade": "고등_1학년",
    "location": "063",
    "student_grade_group": "고등",
    "student_reading": 1
  },
  "rubric": {
    "essay_grade": "고등_1학년",
    "organization_weight": {
      "org_paragraph": 2,
      "org": 2,
      "org_essay": 4,
      "org_coherence": 2,
      "org_quantity": 1
    },
    "essay_type": "글짓기",
    "content_weight": {
      "con_clearance": 4,
      "con_novelty": 3,
      "con": 4,
      "con_prompt": 0,
      "con_description": 1
    },
    "essay_main_subject": "소중함을 잃었던 경험",
    "expression_weight": {
      "exp_style": 1,
      "exp_grammar": 2,
      "exp_vocab": 3,
      "exp": 4
    }
  },
  "correction": [],
  "info": {
    "essay_id": "ESSAY_73443",
    "essay_prompt": " 익숙함에 속아 소중함을 잊지 말자는 명언 (Do not get fooled by something familiar and forget what is priceless.)이 있습니다.\n\n 부모님께서 매일 해주시는 아침밥이나, 너무 친해서 매일 맛있는 간식을 사주는 친구 등 처음에는 매우 감사했지만 반복되는 호의에 우리는 소중함을 잊어가기도 합니다.\n\n 작은 소중함일지라도 그 소중함을 잃게 되면 호의를 베푸는 사람 입장에서는 매우 당황스럽고 기분이 나쁠 수 있어요.\n\n 여러분은 익숙함에 속아 소중함을 잊었던 사례와 그로 인해 상대방의 기분을 나쁘게 했던 경험이 있나요? 만약 있다면 관계를 회복하기 위해 어떤 노력을 하셨나요? 본인의 경험을 작성해주세요.\n\n 만약 그런 적이 없다면 주변의 이야기나 본인에게 소중함을 주는 사람들에 관해 설명해주세요.",
    "essay_type": "글짓기",
    "essay_level": "2",
    "essay_len": 885,
    "essay_main_subject": "소중함을 잃었던 경험"
  }
}