{
  "paragraph": [
    {
      "paragraph_txt": "사교성이 없던 저는 중학생이 되어서도 학교생활에 잘 적응하지 못했습니다.#@문장구분# 먼저 다가왔던 친구가 있었지만 성격 때문인지 금방 멀어졌고 저는 다시 혼자가 되었습니다. #@문장구분#그러던 어느날 전학을 온 아이와 친구가 되었습니다. #@문장구분#저와 달리 활발하고 시원시원한 성격이었던 그 친구는 곧잘 반 친구들과 어울렸고 그 덕분에 저도 말 한번 섞어보지 않았던 아이들과 친구가 될 수 있었습니다.#@문장구분# 2학년이 된 이후에는 그 친구와 떨어져 다른 반이 되었습니다.#@문장구분#반은 달랐지만 바로 옆 반이어서 거의 매일 얼굴을 보고 지냈습니다.#@문장구분# 새로운 반에는 아는 사람이 많이 없었지만 새 친구를 금방 만들 수 있었던 것도 그 친구 덕분이었습니다.#@문장구분# 그런데 우연히 그 친구에 대한 안 좋은 이야기를 제가 있던 반에서 듣게 되었습니다.#@문장구분# 다른 친구들의 뒷담화를 하고 다닌다는 내용이었는데, 당사자에게 알려줘봤자 좋은 일이 없을 것이라고 생각해 그냥 지나쳤습니다. #@문장구분#그러나 몇 주 뒤 그 친구가 제게 친구들과 싸웠는데 어떻게 해야 할 지를 모르겠다며 고민상담을 요청해왔습니다. #@문장구분#그제서야 상황의 심각성을 깨닫고 적극적으로 나서서 도와주려고 했지만 이미 일이 걷잡을 수 없이 커진 뒤였습니다.#@문장구분# 저에게 같이 급식을 먹어줄 수 있냐고 물어본 다음날 도저히 학교를 나오지 못하겠다고 하는 그 친구를 보고 가슴이 아팠습니다.#@문장구분# 왕따를 당하게 된 그 친구는 결국 다시 전학을 가게 되었습니다. #@문장구분#",
      "paragraph_len": 950,
      "paragraph_id": "001"
    }
  ],
  "score": {
    "paragraph_score": [
      {
        "paragraph_scoreT": [
          3,
          3,
          3
        ],
        "paragraph_scoreT_detail": {
          "paragraph_scoreT_exp": [
            [
              3,
              3,
              3
            ],
            [
              3,
              3,
              3
            ],
            [
              3,
              3,
              3
            ]
          ]
        },
        "paragraph_scoreT_avg": 3,
        "paragraph_id": "001"
      }
    ],
    "essay_scoreT": [
      26.61111,
      25.61111,
      28
    ],
    "essay_scoreT_avg": 26.74074,
    "essay_scoreT_detail": {
      "essay_scoreT_org": [
        [
          2,
          3,
          3,
          3
        ],
        [
          2,
          3,
          3,
          3
        ],
        [
          3,
          3,
          3,
          3
        ]
      ],
      "essay_scoreT_cont": [
        [
          2,
          3,
          0,
          2
        ],
        [
          2,
          2,
          0,
          3
        ],
        [
          3,
          2,
          0,
          2
        ]
      ],
      "essay_scoreT_exp": [
        [
          3,
          3,
          3
        ],
        [
          3,
          3,
          3
        ],
        [
          3,
          3,
          3
        ]
      ]
    }
  },
  "student": {
    "date": "2021.12.20",
    "student_educated": true,
    "student_grade": "고등_1학년",
    "location": "044",
    "student_grade_group": "고등",
    "student_reading": 2
  },
  "rubric": {
    "essay_grade": "고등_1학년",
    "organization_weight": {
      "org_paragraph": 2,
      "org": 2,
      "org_essay": 4,
      "org_coherence": 2,
      "org_quantity": 1
    },
    "essay_type": "글짓기",
    "content_weight": {
      "con_clearance": 4,
      "con_novelty": 3,
      "con": 4,
      "con_prompt": 0,
      "con_description": 1
    },
    "essay_main_subject": "소중함을 잃었던 경험",
    "expression_weight": {
      "exp_style": 1,
      "exp_grammar": 2,
      "exp_vocab": 3,
      "exp": 4
    }
  },
  "correction": [],
  "info": {
    "essay_id": "ESSAY_73549",
    "essay_prompt": " 익숙함에 속아 소중함을 잊지 말자는 명언 (Do not get fooled by something familiar and forget what is priceless.)이 있습니다.\n\n 부모님께서 매일 해주시는 아침밥이나, 너무 친해서 매일 맛있는 간식을 사주는 친구 등 처음에는 매우 감사했지만 반복되는 호의에 우리는 소중함을 잊어가기도 합니다.\n\n 작은 소중함일지라도 그 소중함을 잃게 되면 호의를 베푸는 사람 입장에서는 매우 당황스럽고 기분이 나쁠 수 있어요.\n\n 여러분은 익숙함에 속아 소중함을 잊었던 사례와 그로 인해 상대방의 기분을 나쁘게 했던 경험이 있나요? 만약 있다면 관계를 회복하기 위해 어떤 노력을 하셨나요? 본인의 경험을 작성해주세요.\n\n 만약 그런 적이 없다면 주변의 이야기나 본인에게 소중함을 주는 사람들에 관해 설명해주세요.",
    "essay_type": "글짓기",
    "essay_level": "2",
    "essay_len": 687,
    "essay_main_subject": "소중함을 잃었던 경험"
  }
}