{
  "paragraph": [
    {
      "paragraph_txt": "때는 이번년도 5월 초쯤이였다.#@문장구분# 중학교때 친구들과 단톡방이 파져있는데 난 거기서 그냥 친구들 이야기만 듣고 바로 폰을 덮는 스타일이라서 답장을 잘 하지 않는다.#@문장구분# 그렇게 반복되고나니 나는 답장을 안하는것에 익숙해졌고 그 친구는 결국 폭발을 해버린것이다.#@문장구분# 달랑 답장을 안한거 가지고 그렇게 화를 낼 일이였는지라고 생각을 했는데 나 같아도 정말 참다참다 도저히 안되니까 그렇게 화를 낸 것이었다.#@문장구분# 나는 순간 흠칫하고 친구한테 정말 미안하다고, 이제부터 답장을 잘한다고 했다.#@문장구분# 그 친구와 나는 같이 운동도 하는데 이번 여름방학때 그 친구는 헬스를 다니고 나는 복싱을 다니기로 했는데, 친구가 옆에서 계속 같이 헬스를 하자고 해서 엄마한테 허락을 받아야되는 상황이였는데 엄마는 계속하지말라고 하는데 친구는 계속 같이하자고 해서 나는 그냥 친구한테 안된다고 정말 미안하다고 했는데 그 친구랑 바로 틀어졌다.#@문장구분# 학원도 같이다녀서 쫌 어색한 부분이 있었다.#@문장구분# 한 일주일 동안 이야기를 안했다.#@문장구분# 이야기를 맨날 하는 친구가 없어지니까 쫌 텅 비어있는듯한 느낌이였다.#@문장구분# 계속 이야기를 하는 익숙함에 속아 친구랑 일주일만 이야기를 안해도 어색해지고 소중한것을 잃은 느낌이였다.#@문장구분# 하지만 난 용기를 내서 그 친구한테 먼저 다가가서 사과를 하고 화해를 했다.#@문장구분#  \n 난 가족이랑 자주 싸우는 편이다.#@문장구분# 나는 익숙함에 찌들어 어느새 귀찮음까지 도달했다.#@문장구분# 뭐만하면 싸우고 싸울일도 아닌데 싸우고 익숙함에 찌들어 가족간의 신뢰를 점점잃어간다.#@문장구분# 난 잘못한게 없는데 계속 나를 괴롭힌다.#@문장구분# 엄마도 익숙해서 그런것일까?#@문장구분# 점점 멀어지는 관계는 이제 되돌릴수 없을 정도 까지 다가왔다.#@문장구분# 지치고 심적으로 힘들어서 그냥 안좋은생각도하고 돈이나 모아서 얼른 20살이 되어서 자취를 할생각밖에 없다.#@문장구분# 내가 뭘 잘못했는지도 모르는데 계속 화를내고 하면 그때부터 끝인거다.#@문장구분# 내 앞에 낭떠러지가 있고 앞에서 계속 다가온다면 상대할수도 있겠지만 너무 지쳐버려서 떨어질수도 있다.#@문장구분# 난 이 관계가 익숙해서 정말 이런것인지 안그러면 정말 싫어해서 그런건지는 모르겠지만 힘들어서 아무 생각이 없다.#@문장구분#",
      "paragraph_len": 1441,
      "paragraph_id": "001"
    }
  ],
  "score": {
    "paragraph_score": [
      {
        "paragraph_scoreT": [
          2.8333333,
          2.5,
          2.5
        ],
        "paragraph_scoreT_detail": {
          "paragraph_scoreT_exp": [
            [
              3,
              3,
              2
            ],
            [
              2,
              3,
              2
            ],
            [
              2,
              3,
              2
            ]
          ]
        },
        "paragraph_scoreT_avg": 2.611111,
        "paragraph_id": "001"
      }
    ],
    "essay_scoreT": [
      26.5,
      26.055555,
      24.222221
    ],
    "essay_scoreT_avg": 25.592592,
    "essay_scoreT_detail": {
      "essay_scoreT_org": [
        [
          2,
          2,
          3,
          3
        ],
        [
          3,
          3,
          2,
          3
        ],
        [
          2,
          2,
          2,
          3
        ]
      ],
      "essay_scoreT_cont": [
        [
          3,
          2,
          0,
          3
        ],
        [
          3,
          2,
          0,
          3
        ],
        [
          3,
          2,
          0,
          2
        ]
      ],
      "essay_scoreT_exp": [
        [
          3,
          3,
          2
        ],
        [
          2,
          3,
          2
        ],
        [
          2,
          3,
          2
        ]
      ]
    }
  },
  "student": {
    "date": "2021.09.13",
    "student_educated": true,
    "student_grade": "고등_1학년",
    "location": "051",
    "student_grade_group": "고등",
    "student_reading": 2
  },
  "rubric": {
    "essay_grade": "고등_1학년",
    "organization_weight": {
      "org_paragraph": 2,
      "org": 2,
      "org_essay": 4,
      "org_coherence": 2,
      "org_quantity": 1
    },
    "essay_type": "글짓기",
    "content_weight": {
      "con_clearance": 4,
      "con_novelty": 3,
      "con": 4,
      "con_prompt": 0,
      "con_description": 1
    },
    "essay_main_subject": "소중함을 잃었던 경험",
    "expression_weight": {
      "exp_style": 1,
      "exp_grammar": 2,
      "exp_vocab": 3,
      "exp": 4
    }
  },
  "correction": [],
  "info": {
    "essay_id": "ESSAY_34009",
    "essay_prompt": " 익숙함에 속아 소중함을 잊지 말자는 명언 (Do not get fooled by something familiar and forget what is priceless.)이 있습니다.\n\n 부모님께서 매일 해주시는 아침밥이나, 너무 친해서 매일 맛있는 간식을 사주는 친구 등 처음에는 매우 감사했지만 반복되는 호의에 우리는 소중함을 잊어가기도 합니다.\n\n 작은 소중함일지라도 그 소중함을 잃게 되면 호의를 베푸는 사람 입장에서는 매우 당황스럽고 기분이 나쁠 수 있어요.\n\n 여러분은 익숙함에 속아 소중함을 잊었던 사례와 그로 인해 상대방의 기분을 나쁘게 했던 경험이 있나요? 만약 있다면 관계를 회복하기 위해 어떤 노력을 하셨나요? 본인의 경험을 작성해주세요.\n\n 만약 그런 적이 없다면 주변의 이야기나 본인에게 소중함을 주는 사람들에 관해 설명해주세요.",
    "essay_type": "글짓기",
    "essay_level": "2",
    "essay_len": 1021,
    "essay_main_subject": "소중함을 잃었던 경험"
  }
}