{
  "paragraph": [
    {
      "paragraph_txt": "\"익숙함에 속아 소중함을 잊지말자\" 는 명언을 보고 내가 과거에 겪었던 일들이 새록새록 기억이 났다.#@문장구분# 내가 익숙하게 생각한 많은 것들이 비로소 내가 그 많은 것들을 잃고 나서야 소중함을 깨닫게 되었는데 그 많은 것들중 하나가 바로 친구이다.#@문장구분# 평소 나랑 함께 웃고 떠들고 놀던 친구가 너무나 익숙한 나머지 친구의 소중함을 모르고 친구에게 심한 장난을 치거나 험한 말을 하여 친구란 존재를 잃었을때 비로소 나는 친구의 소중함을 느낄수 있었다.#@문장구분# 그래서 나는 다시 친구와의 관계를 회복하기 위해 항상 내곁에 동반하고 살아가는 친구라는 존재를 평범하고 당연하게 여기지 않고 살아가려고 마음을 먹었다.#@문장구분# 그리고 이번 중간고사 공부를 하면서 학교 국어시간에 \"결혼\"이라는 희곡을 배우며 주인공이 우리 모두가 가지고 있는것은 다 빌려온것이며 빌린동안에는 소중히 아껴야한다는 주제의식을 강조하며 소유의 본질을 말하였는데 이것을 보고 내가 느끼는 익숙하고도 평범한것들을 소중하게 생각해야 한다고 생각이 들었다.#@문장구분# 그리고 또 국어시간에 \"두근 두근 내인생\"  에 관련해서 수업을 들으면서 주인공 아름이는 우리가 평범하게 느끼는 것들을 가장 소중한것이라고 말하였는데 이를 보고 아름이 처럼 우리가 평범하게 느끼는 모든것이 누군가에게는 간절함이 될수도 있다는 생각에 이때까지 평범한 일상을 익숙하게 생각한 나를 되돌아보며 성찰할수 있는 기회가 되었다.#@문장구분# ",
      "paragraph_len": 806,
      "paragraph_id": "001"
    },
    {
      "paragraph_txt": "마지막으로 내가 익숙하게 생각해왔던 것은 바로 가족의 사랑이였다.#@문장구분# 나를 아끼시고 키우시며 많은 사랑을 나에게 주셨는데 나는 그런 가족의 사랑을 당연시 여기고 가끔씩 부모님에게 짜증을 낸 나 자신이 정말 한심하게 느껴졌고 가족에게 미안한 마음이 들었다.#@문장구분# 어른들이 부모님이 살아계실때 효도하고 잘하라고 하시던 말씀이 괜한 말이 아니라는것이 생각이 났다.#@문장구분# 따라서 앞으로 부모님께 효도를 하고 부모님의 말씀을 잘들어야겠다고 생각이 들었다.#@문장구분# 이 활동을 통해서 나의 인생에서 \"익숙함에 속아 소중함을 잊지말자\"라는 명언을 오래 기억하며 실천을 해야겠다.#@문장구분# 그리고 부모님이니깐 당연히 해주시겠지, 가족이니깐 당연히 다 이해해주겠지, 친구니깐 당연히 도와주겠지 라는 등 세상에서 당연한 것은 없다는것을 결코 잊어서는 안되겠다고 생각한다.#@문장구분#",
      "paragraph_len": 523,
      "paragraph_id": "002"
    }
  ],
  "score": {
    "paragraph_score": [
      {
        "paragraph_scoreT": [
          2.8333333,
          2.3333333,
          2.8333333
        ],
        "paragraph_scoreT_detail": {
          "paragraph_scoreT_exp": [
            [
              3,
              3,
              2
            ],
            [
              3,
              2,
              2
            ],
            [
              3,
              3,
              2
            ]
          ]
        },
        "paragraph_scoreT_avg": 2.6666667,
        "paragraph_id": "001"
      },
      {
        "paragraph_scoreT": [
          2.8333333,
          2.3333333,
          2.8333333
        ],
        "paragraph_scoreT_detail": {
          "paragraph_scoreT_exp": [
            [
              3,
              3,
              2
            ],
            [
              3,
              2,
              2
            ],
            [
              3,
              3,
              2
            ]
          ]
        },
        "paragraph_scoreT_avg": 2.6666667,
        "paragraph_id": "002"
      }
    ],
    "essay_scoreT": [
      26.5,
      23.333332,
      29.333332
    ],
    "essay_scoreT_avg": 26.388887,
    "essay_scoreT_detail": {
      "essay_scoreT_org": [
        [
          2,
          2,
          3,
          3
        ],
        [
          2,
          2,
          2,
          2
        ],
        [
          3,
          3,
          3,
          3
        ]
      ],
      "essay_scoreT_cont": [
        [
          3,
          2,
          0,
          3
        ],
        [
          3,
          2,
          0,
          2
        ],
        [
          3,
          3,
          0,
          3
        ]
      ],
      "essay_scoreT_exp": [
        [
          3,
          3,
          2
        ],
        [
          3,
          2,
          2
        ],
        [
          3,
          3,
          2
        ]
      ]
    }
  },
  "student": {
    "date": "2021.09.29",
    "student_educated": true,
    "student_grade": "고등_1학년",
    "location": "051",
    "student_grade_group": "고등",
    "student_reading": 3
  },
  "rubric": {
    "essay_grade": "고등_1학년",
    "organization_weight": {
      "org_paragraph": 2,
      "org": 2,
      "org_essay": 4,
      "org_coherence": 2,
      "org_quantity": 1
    },
    "essay_type": "글짓기",
    "content_weight": {
      "con_clearance": 4,
      "con_novelty": 3,
      "con": 4,
      "con_prompt": 0,
      "con_description": 1
    },
    "essay_main_subject": "소중함을 잃었던 경험",
    "expression_weight": {
      "exp_style": 1,
      "exp_grammar": 2,
      "exp_vocab": 3,
      "exp": 4
    }
  },
  "correction": [],
  "info": {
    "essay_id": "ESSAY_35765",
    "essay_prompt": " 익숙함에 속아 소중함을 잊지 말자는 명언 (Do not get fooled by something familiar and forget what is priceless.)이 있습니다.\n\n 부모님께서 매일 해주시는 아침밥이나, 너무 친해서 매일 맛있는 간식을 사주는 친구 등 처음에는 매우 감사했지만 반복되는 호의에 우리는 소중함을 잊어가기도 합니다.\n\n 작은 소중함일지라도 그 소중함을 잃게 되면 호의를 베푸는 사람 입장에서는 매우 당황스럽고 기분이 나쁠 수 있어요.\n\n 여러분은 익숙함에 속아 소중함을 잊었던 사례와 그로 인해 상대방의 기분을 나쁘게 했던 경험이 있나요? 만약 있다면 관계를 회복하기 위해 어떤 노력을 하셨나요? 본인의 경험을 작성해주세요.\n\n 만약 그런 적이 없다면 주변의 이야기나 본인에게 소중함을 주는 사람들에 관해 설명해주세요.",
    "essay_type": "글짓기",
    "essay_level": "2",
    "essay_len": 1091,
    "essay_main_subject": "소중함을 잃었던 경험"
  }
}