{
  "paragraph": [
    {
      "paragraph_txt": "처음 이 주제를 받았을 때 익숙함이 뭐지? 라는 생각이 먼저 들었다.#@문장구분# 그래서 익숙함에 대해 생각을 해보았는데, 익숙함이라는 단어의 뜻에는 두가지의 의미가 있다고 생각한다.#@문장구분# 첫 번째는 친숙함이고 두 번째는 질림이다.#@문장구분# 첫 번재의 익숙함의 경우는 거리낌 없이 내 행동과 말을 표출하며 계속해서 다가간다면 두 번째의 익숙함은 상대가 다가와도 필요 없다는 듯이 내빼는 경우이다.#@문장구분# 한가지 단어에 두가지 상반되는 의미가 내포하고있다고 생각하는데, 이것을 생각해볼때 계속 만나도 좋은 사람이 있고 계속 만나면 귀찮은 사람이 있다.#@문장구분# 왜냐면 난 그 친구가 계속 똑같이 행동 할 줄 알았기 때문이다.#@문장구분# 그 친구는 아마 내가 자신을 등한시 한다는 것을 알고있을 것이다.#@문장구분# 모른다면 나의 착각일것이고, 기만일 뿐이다.#@문장구분# 지금 저버려도 나중에도 만날 수 있다고 생각하기에 나를 찾아오는 사람을 후순위에 두고 내가 만나고 싶은 사람을 우선순위에 두어 나를 찾아오는 사람들이 점점 멀어 질 수도 있고 나도 내가 멀리한 사람처럼 내가 찾아가는 사람에게 내가 행동한 것처럼 문전박대 당할수도 있다.#@문장구분# 그렇게 되지 않기 위해서는 일단 나부터 변해야된다고 생각한다.#@문장구분# 인간관계에서는 나를 찾아줄 때 멀리하지 말고 인간관계에 대해 복잡하게 생각하지말고 그냥 잴것없이 내가 끌린다면 만나는게 좋다고 생각한다.#@문장구분# 오늘도 나와 같이 있어주는 친구에게 찾아가봐야겠다.#@문장구분#",
      "paragraph_len": 918,
      "paragraph_id": "001"
    }
  ],
  "score": {
    "paragraph_score": [
      {
        "paragraph_scoreT": [
          3,
          2.6666667,
          1.8333334
        ],
        "paragraph_scoreT_detail": {
          "paragraph_scoreT_exp": [
            [
              3,
              3,
              3
            ],
            [
              2,
              3,
              3
            ],
            [
              2,
              2,
              1
            ]
          ]
        },
        "paragraph_scoreT_avg": 2.5000002,
        "paragraph_id": "001"
      }
    ],
    "essay_scoreT": [
      30,
      28.666668,
      17.555555
    ],
    "essay_scoreT_avg": 25.407408,
    "essay_scoreT_detail": {
      "essay_scoreT_org": [
        [
          3,
          3,
          3,
          3
        ],
        [
          3,
          3,
          3,
          3
        ],
        [
          1,
          1,
          1,
          2
        ]
      ],
      "essay_scoreT_cont": [
        [
          3,
          3,
          0,
          3
        ],
        [
          3,
          3,
          0,
          3
        ],
        [
          2,
          2,
          0,
          2
        ]
      ],
      "essay_scoreT_exp": [
        [
          3,
          3,
          3
        ],
        [
          2,
          3,
          3
        ],
        [
          2,
          2,
          1
        ]
      ]
    }
  },
  "student": {
    "date": "2021.10.12",
    "student_educated": true,
    "student_grade": "고등_1학년",
    "location": "051",
    "student_grade_group": "고등",
    "student_reading": 2
  },
  "rubric": {
    "essay_grade": "고등_1학년",
    "organization_weight": {
      "org_paragraph": 2,
      "org": 2,
      "org_essay": 4,
      "org_coherence": 2,
      "org_quantity": 1
    },
    "essay_type": "글짓기",
    "content_weight": {
      "con_clearance": 4,
      "con_novelty": 3,
      "con": 4,
      "con_prompt": 0,
      "con_description": 1
    },
    "essay_main_subject": "소중함을 잃었던 경험",
    "expression_weight": {
      "exp_style": 1,
      "exp_grammar": 2,
      "exp_vocab": 3,
      "exp": 4
    }
  },
  "correction": [],
  "info": {
    "essay_id": "ESSAY_37016",
    "essay_prompt": " 익숙함에 속아 소중함을 잊지 말자는 명언 (Do not get fooled by something familiar and forget what is priceless.)이 있습니다.\n\n 부모님께서 매일 해주시는 아침밥이나, 너무 친해서 매일 맛있는 간식을 사주는 친구 등 처음에는 매우 감사했지만 반복되는 호의에 우리는 소중함을 잊어가기도 합니다.\n\n 작은 소중함일지라도 그 소중함을 잃게 되면 호의를 베푸는 사람 입장에서는 매우 당황스럽고 기분이 나쁠 수 있어요.\n\n 여러분은 익숙함에 속아 소중함을 잊었던 사례와 그로 인해 상대방의 기분을 나쁘게 했던 경험이 있나요? 만약 있다면 관계를 회복하기 위해 어떤 노력을 하셨나요? 본인의 경험을 작성해주세요.\n\n 만약 그런 적이 없다면 주변의 이야기나 본인에게 소중함을 주는 사람들에 관해 설명해주세요.",
    "essay_type": "글짓기",
    "essay_level": "2",
    "essay_len": 678,
    "essay_main_subject": "소중함을 잃었던 경험"
  }
}