{
  "paragraph": [
    {
      "paragraph_txt": "요즘 길을 가다가 초등학교나 중학교를 같이 다녔던 동창 친구들을 자주 마주한다.#@문장구분# 보통이면 반갑게 인사를 주고 받고 안부를 묻겠지만 괜히 나를 잊었을까봐 또는 나와 별로 친하지 않다고 생각하지는 않을까하는 마음에 무시를 하고 지나가기 일쑤이다.#@문장구분# 친한 친구들에게 이런 이야기를 해보니 다들 나와 같은 생각이었다.#@문장구분# 초등학교나 중학교를 같이 다닐때는 스스럼 없이 웃고 떠들고 가족한테는 말못말 비밀도 털어놓던 그런 사이였는데 단지 다른 학교에 입학을 했거나 시간이 지났다는 이유만으로 친구사이가 이렇게 멀어지다 못해 모르는 사람같은이 될 수 있는 건가 많은 생각에 잠겼다.#@문장구분# 다들 새로운 친구를 사귀면서 나를 잊은 것은 아닐까 반대로 나도 새로 사귄 친구들이 많아서 옛친구들에게 소홀해지고 잊어져가는 것은 아닌지 반성을 하기도 하였다.#@문장구분# 길가에서 만났을 때 비록 어색하고 뻘쭘할지라도 먼저 선뜻 인사한번 건네는 것이 친구라는 관계에 대한 예의라고 생각하고 소중했던 우정을 되찾는 일이라고 생각이 든다. #@문장구분#우정이라는 것은 결코 시간이 멀어지게 할순 없다고 생각한다. #@문장구분#그렇게 어색할것같은 친구들과 이야기를 다시 나눈다면 서로 다른 곳에서 일어났던 일을 알며 그렇게 다시 친해지는 기회가 될수도 있을지도 모른다.#@문장구분# 나는 그렇게 지금의 고등학교친구들과도 나중에 만난다면 스스럼없이 인사를 건네며 소중했던 우정을 다시 상기시키면서 과거를 같이 회상하고 계속 친구로 지내고 싶은 마음이다.#@문장구분#",
      "paragraph_len": 887,
      "paragraph_id": "001"
    }
  ],
  "score": {
    "paragraph_score": [
      {
        "paragraph_scoreT": [
          3,
          3,
          3
        ],
        "paragraph_scoreT_detail": {
          "paragraph_scoreT_exp": [
            [
              3,
              3,
              3
            ],
            [
              3,
              3,
              3
            ],
            [
              3,
              3,
              3
            ]
          ]
        },
        "paragraph_scoreT_avg": 3,
        "paragraph_id": "001"
      }
    ],
    "essay_scoreT": [
      28.5,
      25.61111,
      30
    ],
    "essay_scoreT_avg": 28.037039,
    "essay_scoreT_detail": {
      "essay_scoreT_org": [
        [
          3,
          3,
          3,
          3
        ],
        [
          2,
          3,
          3,
          3
        ],
        [
          3,
          3,
          3,
          3
        ]
      ],
      "essay_scoreT_cont": [
        [
          3,
          2,
          0,
          3
        ],
        [
          2,
          2,
          0,
          3
        ],
        [
          3,
          3,
          0,
          3
        ]
      ],
      "essay_scoreT_exp": [
        [
          3,
          3,
          3
        ],
        [
          3,
          3,
          3
        ],
        [
          3,
          3,
          3
        ]
      ]
    }
  },
  "student": {
    "date": "2021.12.20",
    "student_educated": true,
    "student_grade": "고등_1학년",
    "location": "044",
    "student_grade_group": "고등",
    "student_reading": 2
  },
  "rubric": {
    "essay_grade": "고등_1학년",
    "organization_weight": {
      "org_paragraph": 2,
      "org": 2,
      "org_essay": 4,
      "org_coherence": 2,
      "org_quantity": 1
    },
    "essay_type": "글짓기",
    "content_weight": {
      "con_clearance": 4,
      "con_novelty": 3,
      "con": 4,
      "con_prompt": 0,
      "con_description": 1
    },
    "essay_main_subject": "소중함을 잃었던 경험",
    "expression_weight": {
      "exp_style": 1,
      "exp_grammar": 2,
      "exp_vocab": 3,
      "exp": 4
    }
  },
  "correction": [],
  "info": {
    "essay_id": "ESSAY_73554",
    "essay_prompt": " 익숙함에 속아 소중함을 잊지 말자는 명언 (Do not get fooled by something familiar and forget what is priceless.)이 있습니다.\n\n 부모님께서 매일 해주시는 아침밥이나, 너무 친해서 매일 맛있는 간식을 사주는 친구 등 처음에는 매우 감사했지만 반복되는 호의에 우리는 소중함을 잊어가기도 합니다.\n\n 작은 소중함일지라도 그 소중함을 잃게 되면 호의를 베푸는 사람 입장에서는 매우 당황스럽고 기분이 나쁠 수 있어요.\n\n 여러분은 익숙함에 속아 소중함을 잊었던 사례와 그로 인해 상대방의 기분을 나쁘게 했던 경험이 있나요? 만약 있다면 관계를 회복하기 위해 어떤 노력을 하셨나요? 본인의 경험을 작성해주세요.\n\n 만약 그런 적이 없다면 주변의 이야기나 본인에게 소중함을 주는 사람들에 관해 설명해주세요.",
    "essay_type": "글짓기",
    "essay_level": "2",
    "essay_len": 707,
    "essay_main_subject": "소중함을 잃었던 경험"
  }
}