{
  "paragraph": [
    {
      "paragraph_txt": "내 주위의 모두를 잠시 한 발짝 떨어져서 바라보는 시각이 필요한 것 같다.#@문장구분# 그래야 잃고 난 뒤에 아쉬운 미련에 매달리는 그런 모습을 조금이나마 덜 겪어도 될 것이다.#@문장구분# 소중함을 잃어버리는 고통을 누가 원하는 사람이 있으랴.#@문장구분# 나도 내가 정말 소중하게 여기는 것들이 있다.#@문장구분# 그런데 그 중에는 정말 소중하지만 내가 모르는 것도 있을 것이다.#@문장구분# 그러한 것들은 잃고나서야 소중함을 알 것 같다. 삶에서 참으로 소중한 것은 잃어 봐야 그 가치를 알 수 있다.#@문장구분# 어떤 어려운 일도 어떤 즐거운 일도 영원하지 않다.#@문장구분# 모두 한 때이다.#@문장구분# 한 생애를 통해 어려움만 지속된다면 누가 감내하겠는가.#@문장구분# 다 도중에 하차하고 말 것이다.#@문장구분# 좋은 일도 그렇다.#@문장구분# 좋은 일도 늘 지속되지는 않는다.#@문장구분# 그러면 사람이 오만해진다.#@문장구분# 어려운 때일수록 낙천적인 인생관을 가져야 한다.#@문장구분# 덜 갖고도 더 많이 존재할 수 있어야 한다.#@문장구분# 더 검소하고 작은 것으로써 기쁨을 느껴야 한다.#@문장구분# 이전에는 무심히 관심 갖지 않던 인간관계도 더욱 살뜰히 챙겨야 한다.#@문장구분# 삶에서 참으로 소중한 것은, 어떤 사회적인 지위나 신분, 소유물이 아니다.#@문장구분# 우리들 자신이 누구인지 아는 일이다. 그 어느 때보다 힘든 시기를 당했을 때 '도대체 나는 누구지?'하고 자기 존재를 확인해야 한다.#@문장구분# 자신이 지니고 있는 직위나 돈, 재능이 중요한 것이 아니라, 어떤 일을 하며 어떻게 살고 있는가에 따라 삶의 가치가 결정된다.#@문장구분# 노력하고 위기를 극복해 가면서 어떤 사람으로 살아갈지 어떤 가족을 만들고 싶은지 정확하게 알고 성장한 이야기를 우리는 써내려 간다. #@문장구분#우리가 사랑하는 사람이 바로 우리가 가장 소중하게 여기는 것이다.#@문장구분#",
      "paragraph_len": 1238,
      "paragraph_id": "001"
    }
  ],
  "score": {
    "paragraph_score": [
      {
        "paragraph_scoreT": [
          3,
          2.8333333,
          3
        ],
        "paragraph_scoreT_detail": {
          "paragraph_scoreT_exp": [
            [
              3,
              3,
              3
            ],
            [
              3,
              3,
              2
            ],
            [
              3,
              3,
              3
            ]
          ]
        },
        "paragraph_scoreT_avg": 2.9444444,
        "paragraph_id": "001"
      }
    ],
    "essay_scoreT": [
      28.5,
      26.944445,
      30
    ],
    "essay_scoreT_avg": 28.481482,
    "essay_scoreT_detail": {
      "essay_scoreT_org": [
        [
          3,
          3,
          3,
          3
        ],
        [
          3,
          2,
          2,
          3
        ],
        [
          3,
          3,
          3,
          3
        ]
      ],
      "essay_scoreT_cont": [
        [
          3,
          2,
          0,
          3
        ],
        [
          3,
          2,
          0,
          3
        ],
        [
          3,
          3,
          0,
          3
        ]
      ],
      "essay_scoreT_exp": [
        [
          3,
          3,
          3
        ],
        [
          3,
          3,
          2
        ],
        [
          3,
          3,
          3
        ]
      ]
    }
  },
  "student": {
    "date": "2021.12.16",
    "student_educated": true,
    "student_grade": "고등_1학년",
    "location": "063",
    "student_grade_group": "고등",
    "student_reading": 2
  },
  "rubric": {
    "essay_grade": "고등_1학년",
    "organization_weight": {
      "org_paragraph": 2,
      "org": 2,
      "org_essay": 4,
      "org_coherence": 2,
      "org_quantity": 1
    },
    "essay_type": "글짓기",
    "content_weight": {
      "con_clearance": 4,
      "con_novelty": 3,
      "con": 4,
      "con_prompt": 0,
      "con_description": 1
    },
    "essay_main_subject": "소중함을 잃었던 경험",
    "expression_weight": {
      "exp_style": 1,
      "exp_grammar": 2,
      "exp_vocab": 3,
      "exp": 4
    }
  },
  "correction": [],
  "info": {
    "essay_id": "ESSAY_65810",
    "essay_prompt": " 익숙함에 속아 소중함을 잊지 말자는 명언 (Do not get fooled by something familiar and forget what is priceless.)이 있습니다.\n\n 부모님께서 매일 해주시는 아침밥이나, 너무 친해서 매일 맛있는 간식을 사주는 친구 등 처음에는 매우 감사했지만 반복되는 호의에 우리는 소중함을 잊어가기도 합니다.\n\n 작은 소중함일지라도 그 소중함을 잃게 되면 호의를 베푸는 사람 입장에서는 매우 당황스럽고 기분이 나쁠 수 있어요.\n\n 여러분은 익숙함에 속아 소중함을 잊었던 사례와 그로 인해 상대방의 기분을 나쁘게 했던 경험이 있나요? 만약 있다면 관계를 회복하기 위해 어떤 노력을 하셨나요? 본인의 경험을 작성해주세요.\n\n 만약 그런 적이 없다면 주변의 이야기나 본인에게 소중함을 주는 사람들에 관해 설명해주세요.",
    "essay_type": "글짓기",
    "essay_level": "2",
    "essay_len": 798,
    "essay_main_subject": "소중함을 잃었던 경험"
  }
}