{
  "paragraph": [
    {
      "paragraph_txt": "나는 어릴때 부모님 두분다 일을 하셨기 때문에 나를 챙겨줄 시간이 없어 나를 어린이 집에 보냈다.#@문장구분# 우리집에서 어린이집까지는 거리가 너무 멀기때문에 나는 차를 타고 어린이 집까지 갈수 있었다.#@문장구분#",
      "paragraph_len": 146,
      "paragraph_id": "001"
    },
    {
      "paragraph_txt": " 나는 그곳에서 친구들과 만나 좋았기 때문에 그친구들과 나는 빨리 친해질수 있었다.#@문장구분# 그곳에서 나는 친구들과 같이 공부하고 같이 밥을 먹는것이 너무 좋았기때문에 친구들과 노는것이 너무 신났다.#@문장구분#",
      "paragraph_len": 146,
      "paragraph_id": "002"
    },
    {
      "paragraph_txt": " 나는 그렇게 신나게 어린이집을 다녔고 6살이 되자 나는 어린이집에서 유치원으로 옮겨야했다.#@문장구분# 유치원을 찾던중 우리집에서 가까운 유치원이 있어 그곳으로 옮겨야했기 때문에 어린이집에서 친했던친구들을 못 만나게 되어 나는 친구들과 못만나다는것에 슬펐다.#@문장구분#그렇게 나는 유치원을 다니게 되었고 그곳에 있는 친구들과 유치원을 다니게되었다. #@문장구분#그렇게 나는 유치원을 졸업하고 나는 초등학교에 입학을 하게되었다.#@문장구분# 초등학교는 유치원과 같은 건물에 있었기 때문에 집에서 가까윘다.#@문장구분# 유치원과 초등학교 모두 같은 친구들과 다녔기 때문에 초등학교 친구들과 친해질수있었다.#@문장구분#",
      "paragraph_len": 423,
      "paragraph_id": "003"
    },
    {
      "paragraph_txt": " 나는 3학년이 되자 부모님이 교회를 보내셨다.#@문장구분# 나는 친구와 교회를 다녔기 때문에 교회를 오래동안 다닐수있었고 교회를 다니는것이 좋았다. #@문장구분#나는 교회에서 더많은 친구들을 만났고 그친구들과도 친해질수 있었다. #@문장구분#그렇게 다니던중 나는 유치원에서 가장 친했던 친구를 만나게 되었다.#@문장구분# 나와 그친구는 너무 반가웠고 나는 매일 교회에서 그친구를 만났고 나와 그친구는 더 친해질수있었다.#@문장구분#",
      "paragraph_len": 307,
      "paragraph_id": "004"
    },
    {
      "paragraph_txt": " 나는 가장 친했던 친구를 교회에서 만날수 있어 너무좋았다.#@문장구분#",
      "paragraph_len": 53,
      "paragraph_id": "005"
    }
  ],
  "score": {
    "paragraph_score": [
      {
        "paragraph_scoreT": [
          2,
          2.5,
          2
        ],
        "paragraph_scoreT_detail": {
          "paragraph_scoreT_exp": [
            [
              2,
              2,
              2
            ],
            [
              3,
              2,
              3
            ],
            [
              2,
              2,
              2
            ]
          ]
        },
        "paragraph_scoreT_avg": 2.1666667,
        "paragraph_id": "001"
      },
      {
        "paragraph_scoreT": [
          2,
          2.5,
          2
        ],
        "paragraph_scoreT_detail": {
          "paragraph_scoreT_exp": [
            [
              2,
              2,
              2
            ],
            [
              3,
              2,
              3
            ],
            [
              2,
              2,
              2
            ]
          ]
        },
        "paragraph_scoreT_avg": 2.1666667,
        "paragraph_id": "002"
      },
      {
        "paragraph_scoreT": [
          2,
          2.5,
          2
        ],
        "paragraph_scoreT_detail": {
          "paragraph_scoreT_exp": [
            [
              2,
              2,
              2
            ],
            [
              3,
              2,
              3
            ],
            [
              2,
              2,
              2
            ]
          ]
        },
        "paragraph_scoreT_avg": 2.1666667,
        "paragraph_id": "003"
      },
      {
        "paragraph_scoreT": [
          2,
          2.5,
          2
        ],
        "paragraph_scoreT_detail": {
          "paragraph_scoreT_exp": [
            [
              2,
              2,
              2
            ],
            [
              3,
              2,
              3
            ],
            [
              2,
              2,
              2
            ]
          ]
        },
        "paragraph_scoreT_avg": 2.1666667,
        "paragraph_id": "004"
      },
      {
        "paragraph_scoreT": [
          2,
          2.5,
          2
        ],
        "paragraph_scoreT_detail": {
          "paragraph_scoreT_exp": [
            [
              2,
              2,
              2
            ],
            [
              3,
              2,
              3
            ],
            [
              2,
              2,
              2
            ]
          ]
        },
        "paragraph_scoreT_avg": 2.1666667,
        "paragraph_id": "005"
      }
    ],
    "essay_scoreT": [
      20,
      24,
      20.222221
    ],
    "essay_scoreT_avg": 21.407408,
    "essay_scoreT_detail": {
      "essay_scoreT_org": [
        [
          2,
          2,
          2,
          2
        ],
        [
          2,
          2,
          2,
          2
        ],
        [
          2,
          2,
          2,
          3
        ]
      ],
      "essay_scoreT_cont": [
        [
          2,
          2,
          0,
          2
        ],
        [
          3,
          2,
          0,
          2
        ],
        [
          2,
          2,
          0,
          2
        ]
      ],
      "essay_scoreT_exp": [
        [
          2,
          2,
          2
        ],
        [
          3,
          2,
          3
        ],
        [
          2,
          2,
          2
        ]
      ]
    }
  },
  "student": {
    "date": "2021.09.29",
    "student_educated": true,
    "student_grade": "고등_1학년",
    "location": "051",
    "student_grade_group": "고등",
    "student_reading": 1
  },
  "rubric": {
    "essay_grade": "고등_1학년",
    "organization_weight": {
      "org_paragraph": 2,
      "org": 2,
      "org_essay": 4,
      "org_coherence": 2,
      "org_quantity": 1
    },
    "essay_type": "글짓기",
    "content_weight": {
      "con_clearance": 4,
      "con_novelty": 3,
      "con": 4,
      "con_prompt": 0,
      "con_description": 1
    },
    "essay_main_subject": "소중함을 잃었던 경험",
    "expression_weight": {
      "exp_style": 1,
      "exp_grammar": 2,
      "exp_vocab": 3,
      "exp": 4
    }
  },
  "correction": [],
  "info": {
    "essay_id": "ESSAY_35792",
    "essay_prompt": " 익숙함에 속아 소중함을 잊지 말자는 명언 (Do not get fooled by something familiar and forget what is priceless.)이 있습니다.\n\n 부모님께서 매일 해주시는 아침밥이나, 너무 친해서 매일 맛있는 간식을 사주는 친구 등 처음에는 매우 감사했지만 반복되는 호의에 우리는 소중함을 잊어가기도 합니다.\n\n 작은 소중함일지라도 그 소중함을 잃게 되면 호의를 베푸는 사람 입장에서는 매우 당황스럽고 기분이 나쁠 수 있어요.\n\n 여러분은 익숙함에 속아 소중함을 잊었던 사례와 그로 인해 상대방의 기분을 나쁘게 했던 경험이 있나요? 만약 있다면 관계를 회복하기 위해 어떤 노력을 하셨나요? 본인의 경험을 작성해주세요.\n\n 만약 그런 적이 없다면 주변의 이야기나 본인에게 소중함을 주는 사람들에 관해 설명해주세요.",
    "essay_type": "글짓기",
    "essay_level": "2",
    "essay_len": 764,
    "essay_main_subject": "소중함을 잃었던 경험"
  }
}