{
  "paragraph": [
    {
      "paragraph_txt": "우리는 평소 부모님이나 선생님들께 긍정적으로 생각하거라 긍적적인 사람이 되거라 라는 말을 많이 듣습니다.#@문장구분# 긍정적인 사람이 되기 위해서 어떻게 해야하나 생각해 봅니다.#@문장구분# 그냥 무조건 좋게 좋게 생각하는 사람이 긍적적인 사람일까?#@문장구분# 저는 하루 하루를 소중히 생각하며 나에게 주어진 시간에 최선을 다해 사는 사람이 긍정적인 사람 이라고 생각합니다.#@문장구분# 하루를 소중히 여기면 우리는 너무 기뻐집니다.#@문장구분# 오늘 하루 얼마나 재미있게 보내야 할까?#@문장구분# 어떤 맛있는 음식을 먹어야 좋을까?#@문장구분# 어떤 공부를 하면 즐거울까?#@문장구분# 이렇게 하루 하루 최선을 다해 노력한다면 나의 1년, 나의 10년 내 평생은 행복하게 살수 있게 될거라고 생각합니다.#@문장구분# 이렇게 행복하게 최선을 다해 하루를 보낸다면 성공하지 못할 일도 없을 것이고 만약 성공하지 못하고 실패한다고 해도 내가 최선을 다했고 행복했기 때문에 후회나 미련따위는 존재 하지 않을 것입니다.#@문장구분# 후회하고 미련을 가지고 살아간다는 것은 비참하고 슬픈 일입니다.#@문장구분# 다른건 둘째치고 이런 걱정이 없는 인생을 살수 있을 거라는 것에 감사하며 우리는 하루하루를 소중히 여기고 그날 하루에 최선을 다하는 삶을 살도록 노력해야 합니다.#@문장구분# 망설이고 주저하면 시간은 기다려 주지 않고 흘러가게 됩니다.#@문장구분# 열심히 하루를 즐기며 소중한 시간 헛되이 쓰지않고 최선을 다해 살아본다면 하루 하루 안에 들어 있는 행복을 찾게 될 것입니다.#@문장구분#",
      "paragraph_len": 961,
      "paragraph_id": "001"
    }
  ],
  "score": {
    "paragraph_score": [
      {
        "paragraph_scoreT": [
          3,
          3,
          2.3333333
        ],
        "paragraph_scoreT_detail": {
          "paragraph_scoreT_exp": [
            [
              3,
              3,
              3
            ],
            [
              3,
              3,
              3
            ],
            [
              3,
              2,
              2
            ]
          ]
        },
        "paragraph_scoreT_avg": 2.7777777,
        "paragraph_id": "001"
      }
    ],
    "essay_scoreT": [
      24.222221,
      24.88889,
      22.5
    ],
    "essay_scoreT_avg": 23.87037,
    "essay_scoreT_detail": {
      "essay_scoreT_org": [
        [
          2,
          2,
          2,
          3
        ],
        [
          2,
          3,
          3,
          2
        ],
        [
          2,
          3,
          2,
          3
        ]
      ],
      "essay_scoreT_cont": [
        [
          2,
          2,
          0,
          2
        ],
        [
          2,
          2,
          0,
          2
        ],
        [
          2,
          2,
          0,
          3
        ]
      ],
      "essay_scoreT_exp": [
        [
          3,
          3,
          3
        ],
        [
          3,
          3,
          3
        ],
        [
          3,
          2,
          2
        ]
      ]
    }
  },
  "student": {
    "date": "2021.12.16",
    "student_educated": true,
    "student_grade": "고등_1학년",
    "location": "063",
    "student_grade_group": "고등",
    "student_reading": 2
  },
  "rubric": {
    "essay_grade": "고등_1학년",
    "organization_weight": {
      "org_paragraph": 2,
      "org": 2,
      "org_essay": 4,
      "org_coherence": 2,
      "org_quantity": 1
    },
    "essay_type": "글짓기",
    "content_weight": {
      "con_clearance": 4,
      "con_novelty": 3,
      "con": 4,
      "con_prompt": 0,
      "con_description": 1
    },
    "essay_main_subject": "소중함을 잃었던 경험",
    "expression_weight": {
      "exp_style": 1,
      "exp_grammar": 2,
      "exp_vocab": 3,
      "exp": 4
    }
  },
  "correction": [],
  "info": {
    "essay_id": "ESSAY_65733",
    "essay_prompt": " 익숙함에 속아 소중함을 잊지 말자는 명언 (Do not get fooled by something familiar and forget what is priceless.)이 있습니다.\n\n 부모님께서 매일 해주시는 아침밥이나, 너무 친해서 매일 맛있는 간식을 사주는 친구 등 처음에는 매우 감사했지만 반복되는 호의에 우리는 소중함을 잊어가기도 합니다.\n\n 작은 소중함일지라도 그 소중함을 잃게 되면 호의를 베푸는 사람 입장에서는 매우 당황스럽고 기분이 나쁠 수 있어요.\n\n 여러분은 익숙함에 속아 소중함을 잊었던 사례와 그로 인해 상대방의 기분을 나쁘게 했던 경험이 있나요? 만약 있다면 관계를 회복하기 위해 어떤 노력을 하셨나요? 본인의 경험을 작성해주세요.\n\n 만약 그런 적이 없다면 주변의 이야기나 본인에게 소중함을 주는 사람들에 관해 설명해주세요.",
    "essay_type": "글짓기",
    "essay_level": "2",
    "essay_len": 681,
    "essay_main_subject": "소중함을 잃었던 경험"
  }
}