{
  "paragraph": [
    {
      "paragraph_txt": "모든 도시가 공평하게 혐오시설 건설의 부담을 가지는 것은 비효율적일 뿐만 아니라 모든 사람이 불이익을 받을 수 있는 가장 합리적이지 않은 방법이라고 생각한다.#@문장구분# 나머지 두 개의 대안 중 선택하는 것은 최대항복과 윤리적 선택의 갈등으로 생각한다.#@문장구분# 적절한 장소를 찾고 주변 사람들에게 혜택을 주더라도 집값하락 삶의 질 감소를 메꿀만한 돈은 엄청날 것이기 때문에 나라에서 혜택을 분명히 탐탁지 않게 많이 챙겨줄거라고 생각한다.#@문장구분# 혐오시설을 만들만한 적절한 장소를 찾는 선택을 한다면 소수의 희생으로 가장 효율적인 공간 선택을 할 수 있으므로 다수의 이익이 좋게 돌아온다.#@문장구분# 이것은 최대 행복이 가장 큰 선택이다. #@문장구분#최대항복을 선택할 때 따라오는 것은 윤리이다. #@문장구분#다수를 위해 소수를 희생한다면 어디까지 갈수 있을까? 라는 의문이 들었다. #@문장구분#다수를 위해 소수의 죽음을 만들어도 되냐는 극단적인 생각을 할수 있다. #@문장구분#결국 최대 행복과 윤리를 적절히 맞추어야 한다, 선택을 할 때 선택에 대한 결과나 자세한 상황 외부효과를 알수 없기 때문에 이 글에서는 무엇이 그나마 낫다고 말하기도 어렵다.#@문장구분# 상황을 잘 분석하고 최대행복과 윤리를 잘 섞을수 있는 대안이 그나마 좋은 대안이다.#@문장구분# 자세한 상황분석 없이 어떤 선택을 한다는 것은 어리석다고 생각한다,#@문장구분# 혐오시설 건설문제에 대한 나의 생각은 상황을 살피고 그 정보를 토대로 최대 행복과 윤리를 잘 조율 하자는 것이다.#@문장구분# 만약 혐오시설 건설에 대한 문제를 그냥 방치해두거나 잘 해결하지 않는다면 지역사회에 단체와 단체 그리고 개인과 개인간의 갈등의 골이 깊어질 것이고 그런 상황이 유지된다면 안좋은 상황만이 반복된채로 곪아 터질뿐이다.#@문장구분# 그런 상황을 안만들기 위해 앞으로 노력해야만 할 것이다.#@문장구분# 그러려면 혐오시설을 건설하려는 지방단체와 개인이나 집단간의 조율이 필요한데 그 역할을 전문적으로 맡아주는 직업을 하나 만들었으면 한다.#@문장구분# 아무래도 전문적으로 그러한 분쟁을 해결하다보면 노하우도있을 것이다.#@문장구분#",
      "paragraph_len": 1277,
      "paragraph_id": "001"
    }
  ],
  "score": {
    "paragraph_score": [
      {
        "paragraph_scoreT": [
          3,
          3,
          2.6666667
        ],
        "paragraph_scoreT_detail": {
          "paragraph_scoreT_exp": [
            [
              3,
              3,
              3
            ],
            [
              3,
              3,
              3
            ],
            [
              2,
              3,
              3
            ]
          ]
        },
        "paragraph_scoreT_avg": 2.888889,
        "paragraph_id": "001"
      }
    ],
    "essay_scoreT": [
      24.055555,
      18,
      24.666668
    ],
    "essay_scoreT_avg": 22.240744,
    "essay_scoreT_detail": {
      "essay_scoreT_org": [
        [
          3,
          3,
          2,
          3
        ],
        [
          3,
          3,
          3,
          3
        ],
        [
          3,
          3,
          3,
          3
        ]
      ],
      "essay_scoreT_cont": [
        [
          1,
          2,
          0,
          3
        ],
        [
          0,
          0,
          0,
          0
        ],
        [
          2,
          2,
          0,
          2
        ]
      ],
      "essay_scoreT_exp": [
        [
          3,
          3,
          3
        ],
        [
          3,
          3,
          3
        ],
        [
          2,
          3,
          3
        ]
      ]
    }
  },
  "student": {
    "date": "2021.12.21",
    "student_educated": true,
    "student_grade": "고등_1학년",
    "location": "051",
    "student_grade_group": "고등",
    "student_reading": 2
  },
  "rubric": {
    "essay_grade": "고등_1학년",
    "organization_weight": {
      "org_paragraph": 2,
      "org": 2,
      "org_essay": 4,
      "org_coherence": 2,
      "org_quantity": 1
    },
    "essay_type": "글짓기",
    "content_weight": {
      "con_clearance": 4,
      "con_novelty": 3,
      "con": 4,
      "con_prompt": 0,
      "con_description": 1
    },
    "essay_main_subject": "소중함을 잃었던 경험",
    "expression_weight": {
      "exp_style": 1,
      "exp_grammar": 2,
      "exp_vocab": 3,
      "exp": 4
    }
  },
  "correction": [],
  "info": {
    "essay_id": "ESSAY_75433",
    "essay_prompt": " 익숙함에 속아 소중함을 잊지 말자는 명언 (Do not get fooled by something familiar and forget what is priceless.)이 있습니다.\n\n 부모님께서 매일 해주시는 아침밥이나, 너무 친해서 매일 맛있는 간식을 사주는 친구 등 처음에는 매우 감사했지만 반복되는 호의에 우리는 소중함을 잊어가기도 합니다.\n\n 작은 소중함일지라도 그 소중함을 잃게 되면 호의를 베푸는 사람 입장에서는 매우 당황스럽고 기분이 나쁠 수 있어요.\n\n 여러분은 익숙함에 속아 소중함을 잊었던 사례와 그로 인해 상대방의 기분을 나쁘게 했던 경험이 있나요? 만약 있다면 관계를 회복하기 위해 어떤 노력을 하셨나요? 본인의 경험을 작성해주세요.\n\n 만약 그런 적이 없다면 주변의 이야기나 본인에게 소중함을 주는 사람들에 관해 설명해주세요.",
    "essay_type": "글짓기",
    "essay_level": "2",
    "essay_len": 957,
    "essay_main_subject": "소중함을 잃었던 경험"
  }
}