{
  "paragraph": [
    {
      "paragraph_txt": "우리는 소중한 것을 잃고 나서 소중함을 알게 된다고 말을 합니다.#@문장구분# 내가 잃었던 소중한 것이 얼마나 소중한것이었는지 그동안 왜 몰랐는지 후회해도 늦으니 후회하기 전에 당신곁에 있는 것들 중에 소중한 것을 생각해서 소중히 간직하고 소중히 여기고 감사하며 살라는 의미의 말일것입니다.#@문장구분# 이말은 사소한 일상에 대한 감사를 내포하는 있는 것이라고 생각합니다.#@문장구분# 하지만 우리는 소중한 것을 잃은 후에 더 소중한 것을 얻는 경험을 하기도 합니다.#@문장구분# 예를 들어 공부를 조금밖에 하지 않고 시험을 보고 낮은 점수를 받았습니다.#@문장구분# 이런 터무니 없이 낮은 점수는 나에게 자극제가 되어서 않되겠다 공부좀 해야 겠네 라는 피드백으로 돌아와서 열심히 학습하고 다음시험에 좋은 성적이 되어 오기도 합니다.#@문장구분# 또는 사회적으로 홍수나 화재의 사건이 발생하였을때 사건을 당한 이재민들이 재산적 정신적으로 고생을 하고 상실의 기분이 들겠지만 우리 대한민국 국민이 어떤 민족입니까?#@문장구분# 두발 두손 다 걷어 붙이고 그들을 도우러 달려갑니다.#@문장구분# 직접 달려가지 못한 사람들은 성금이나 구호품 등을 보내서 그들의 안녕을 기원하고 그들의 재기를 돕고 싶어 합니다.#@문장구분# 큰 사고가 있었지만 이웃의 큰 사랑이라는 더 소중한 것을 얻는 예가 될수 있겠습니다.#@문장구분# 지금 소중한 것을 잃어서 낙심하고 낙담하여 포기 하지 않고 다시 일어나서 다시 시작한다면 소중한 것보다 더 큰 것을 얻을 수 있을 것입니다.#@문장구분# 포기하거나 낙담하지 말고 다시 시작하면 우리는 또다른 소중함을 만나게 된다는 것을 명심해야 할 것입니다.#@문장구분#",
      "paragraph_len": 988,
      "paragraph_id": "001"
    }
  ],
  "score": {
    "paragraph_score": [
      {
        "paragraph_scoreT": [
          3,
          3,
          2.8333333
        ],
        "paragraph_scoreT_detail": {
          "paragraph_scoreT_exp": [
            [
              3,
              3,
              3
            ],
            [
              3,
              3,
              3
            ],
            [
              3,
              3,
              2
            ]
          ]
        },
        "paragraph_scoreT_avg": 2.9444444,
        "paragraph_id": "001"
      }
    ],
    "essay_scoreT": [
      30,
      28.88889,
      27.5
    ],
    "essay_scoreT_avg": 28.796295,
    "essay_scoreT_detail": {
      "essay_scoreT_org": [
        [
          3,
          3,
          3,
          3
        ],
        [
          2,
          3,
          3,
          2
        ],
        [
          2,
          3,
          2,
          3
        ]
      ],
      "essay_scoreT_cont": [
        [
          3,
          3,
          0,
          3
        ],
        [
          3,
          3,
          0,
          3
        ],
        [
          3,
          3,
          0,
          2
        ]
      ],
      "essay_scoreT_exp": [
        [
          3,
          3,
          3
        ],
        [
          3,
          3,
          3
        ],
        [
          3,
          3,
          2
        ]
      ]
    }
  },
  "student": {
    "date": "2021.12.16",
    "student_educated": true,
    "student_grade": "고등_1학년",
    "location": "063",
    "student_grade_group": "고등",
    "student_reading": 1
  },
  "rubric": {
    "essay_grade": "고등_1학년",
    "organization_weight": {
      "org_paragraph": 2,
      "org": 2,
      "org_essay": 4,
      "org_coherence": 2,
      "org_quantity": 1
    },
    "essay_type": "글짓기",
    "content_weight": {
      "con_clearance": 4,
      "con_novelty": 3,
      "con": 4,
      "con_prompt": 0,
      "con_description": 1
    },
    "essay_main_subject": "소중함을 잃었던 경험",
    "expression_weight": {
      "exp_style": 1,
      "exp_grammar": 2,
      "exp_vocab": 3,
      "exp": 4
    }
  },
  "correction": [],
  "info": {
    "essay_id": "ESSAY_65695",
    "essay_prompt": " 익숙함에 속아 소중함을 잊지 말자는 명언 (Do not get fooled by something familiar and forget what is priceless.)이 있습니다.\n\n 부모님께서 매일 해주시는 아침밥이나, 너무 친해서 매일 맛있는 간식을 사주는 친구 등 처음에는 매우 감사했지만 반복되는 호의에 우리는 소중함을 잊어가기도 합니다.\n\n 작은 소중함일지라도 그 소중함을 잃게 되면 호의를 베푸는 사람 입장에서는 매우 당황스럽고 기분이 나쁠 수 있어요.\n\n 여러분은 익숙함에 속아 소중함을 잊었던 사례와 그로 인해 상대방의 기분을 나쁘게 했던 경험이 있나요? 만약 있다면 관계를 회복하기 위해 어떤 노력을 하셨나요? 본인의 경험을 작성해주세요.\n\n 만약 그런 적이 없다면 주변의 이야기나 본인에게 소중함을 주는 사람들에 관해 설명해주세요.",
    "essay_type": "글짓기",
    "essay_level": "2",
    "essay_len": 748,
    "essay_main_subject": "소중함을 잃었던 경험"
  }
}