{
  "paragraph": [
    {
      "paragraph_txt": "누군가 나의 종교를 묻는다면 기독교이다.#@문장구분# 하지만 종교라는 주제는 그렇게 간단한 문제는 아니다.#@문장구분# 기독교라는 단어에 너무 많은 다양성이 들어있다.#@문장구분# 누군가가 기독교라고 해서 똑같은 것을 믿거나 같은 행동을 하는 것은 아니다.#@문장구분# 그동안 교회에서 배워오고 들어왔던 것처럼 그냥 믿으면 되는 문제도 아니고, 그냥 믿으면 된다고 해도 사실상 구체적인 내용이 다 다르며, 누구나 쉽게 믿어지는 문제도 아니다.#@문장구분# 삶이라는 질문을 던져오면서 종교에 대해 나름대로 오랜 시간동안 깊이 있게 고민도 해봤고 기독교지만 불교에 대해서도 찾아도 봤다.#@문장구분# 이건 그냥 하는 말인데 법륜스님의 유튜브를 즐겨보기도 한다.#@문장구분# 물론 내가 생각하는 종교는 꼭 기독교냐 불교냐의 문제는 아니다.#@문장구분# 세상이 어떻게 만들어지고 나는 누구인가 왜 사는가에 더 가깝다.#@문장구분# 내 나름의 생각 결론을 어느 정도 내린 부분도 있고 그렇지 않고 알지 못하고 알 수 없는 부분들로 남겨놓은 것들도 많이 있다.#@문장구분# 누구나 소중한 것이 있다.#@문장구분# 그것이 나에게는 종교이다.#@문장구분# 어떤사람들은 종교없이 살아가는 사람들도 많지만 사실은 그들이 좀 딱하고 안타깝다.#@문장구분# 물론 거꾸로 그들은 나른 안타깝게 생각할 수도 있다.#@문장구분# 사람들은 이 중요한 종교를 모른채 살아간다.#@문장구분# 인생에서 정말 소중한 것을 잃는 것은 아닐까 싶다.#@문장구분# 나는 다행이도 종교의 틀속에서 살아가고 있으니 다행이다.#@문장구분#",
      "paragraph_len": 1000,
      "paragraph_id": "001"
    }
  ],
  "score": {
    "paragraph_score": [
      {
        "paragraph_scoreT": [
          3,
          2.1666667,
          2.1666667
        ],
        "paragraph_scoreT_detail": {
          "paragraph_scoreT_exp": [
            [
              3,
              3,
              3
            ],
            [
              2,
              2,
              3
            ],
            [
              2,
              2,
              3
            ]
          ]
        },
        "paragraph_scoreT_avg": 2.4444447,
        "paragraph_id": "001"
      }
    ],
    "essay_scoreT": [
      30,
      25.777779,
      25.777779
    ],
    "essay_scoreT_avg": 27.185186,
    "essay_scoreT_detail": {
      "essay_scoreT_org": [
        [
          3,
          3,
          3,
          3
        ],
        [
          2,
          3,
          3,
          3
        ],
        [
          2,
          3,
          3,
          3
        ]
      ],
      "essay_scoreT_cont": [
        [
          3,
          3,
          0,
          3
        ],
        [
          3,
          3,
          0,
          3
        ],
        [
          3,
          3,
          0,
          3
        ]
      ],
      "essay_scoreT_exp": [
        [
          3,
          3,
          3
        ],
        [
          2,
          2,
          3
        ],
        [
          2,
          2,
          3
        ]
      ]
    }
  },
  "student": {
    "date": "2021.12.16",
    "student_educated": true,
    "student_grade": "고등_1학년",
    "location": "041",
    "student_grade_group": "고등",
    "student_reading": 1
  },
  "rubric": {
    "essay_grade": "고등_1학년",
    "organization_weight": {
      "org_paragraph": 2,
      "org": 2,
      "org_essay": 4,
      "org_coherence": 2,
      "org_quantity": 1
    },
    "essay_type": "글짓기",
    "content_weight": {
      "con_clearance": 4,
      "con_novelty": 3,
      "con": 4,
      "con_prompt": 0,
      "con_description": 1
    },
    "essay_main_subject": "소중함을 잃었던 경험",
    "expression_weight": {
      "exp_style": 1,
      "exp_grammar": 2,
      "exp_vocab": 3,
      "exp": 4
    }
  },
  "correction": [],
  "info": {
    "essay_id": "ESSAY_66120",
    "essay_prompt": " 익숙함에 속아 소중함을 잊지 말자는 명언 (Do not get fooled by something familiar and forget what is priceless.)이 있습니다.\n\n 부모님께서 매일 해주시는 아침밥이나, 너무 친해서 매일 맛있는 간식을 사주는 친구 등 처음에는 매우 감사했지만 반복되는 호의에 우리는 소중함을 잊어가기도 합니다.\n\n 작은 소중함일지라도 그 소중함을 잃게 되면 호의를 베푸는 사람 입장에서는 매우 당황스럽고 기분이 나쁠 수 있어요.\n\n 여러분은 익숙함에 속아 소중함을 잊었던 사례와 그로 인해 상대방의 기분을 나쁘게 했던 경험이 있나요? 만약 있다면 관계를 회복하기 위해 어떤 노력을 하셨나요? 본인의 경험을 작성해주세요.\n\n 만약 그런 적이 없다면 주변의 이야기나 본인에게 소중함을 주는 사람들에 관해 설명해주세요.",
    "essay_type": "글짓기",
    "essay_level": "2",
    "essay_len": 660,
    "essay_main_subject": "소중함을 잃었던 경험"
  }
}