{
  "paragraph": [
    {
      "paragraph_txt": "배려란 도와주거나 보살펴 주려는 마음을 말하는 것입니다.#@문장구분# 배려는 내가 손해를 보면서 남을 위하여 하는 일이라고 오해하는 사람이 많이 있습니다.#@문장구분# 하지만 그것은 배려가 아닙니다.#@문장구분# 다른 사람을 아끼고 사랑하는 것은 나중에 나 자신을 아끼고 사랑하는 일로 돌아오기 때문입니다.#@문장구분# 내가 나눈 배려는 다시 나눔과 배려로 나에게 돌아오는 것이 세상의 이치 일 것입니다.#@문장구분# 간디에 관한 일화에도 우리는 배려에 대해 생각해 볼수 있습니다.#@문장구분# 예전에 간디가 사람들과 기차에 막 올라타면서 신발 한짝이 기차옆 플랫폼 바닥에 떨어졌다고 합니다.#@문장구분# 그런데 기차는 이미 움직이고 있었고 간디는 신발을 주울수가 없었다고 합니다. #@문장구분#그러자 간디가 얼른 나머지 신발 한짝을 벗어서 아까 떨어진 신발 옆에 던져 떨어뜨렸습니다.#@문장구분# 주위에 사람들은 간디의 행동에 눈이 동그래져서 물었더니 간디는 미소지으며 \"어떤 가난한 사람이 신발 한짝을 주웠다고 생각해 보세요.#@문장구분# 아무런 쓸모가 없을 것입니다.#@문장구분# 하지만 이제 신발이 한켤레가 제대로 갖추어졌으니 그 사람에게 쓸모가 있는 것이 되었잖습니까?\" 남을 배려 한다는 것은 쉬운 일은 아니지만 우리가 조금만 관심을 기울이면 어려운 일이 아니라는 것을 보여주는 모습이라고 생각합니다.#@문장구분# 물질로 배려하고 베풀지 않아도 사람을 아끼는 마음을 가지게 된다면 우리의 행동이 완전히 달라지게 될 것입니다.#@문장구분# 우리의 행동이 달라지고 말한마디 할때 배려하며 말한다면 우리의 언어가 달라질것이고 우리주변이 달라질것입니다.#@문장구분# 우리는 배려의 소중함을 잘 알고 배려하는 삶을 살아서 우리 사회가 서로 이해하고 배려하는 사회로 만들어 가야 될것입니다.#@문장구분#",
      "paragraph_len": 1092,
      "paragraph_id": "001"
    }
  ],
  "score": {
    "paragraph_score": [
      {
        "paragraph_scoreT": [
          3,
          3,
          3
        ],
        "paragraph_scoreT_detail": {
          "paragraph_scoreT_exp": [
            [
              3,
              3,
              3
            ],
            [
              3,
              3,
              3
            ],
            [
              3,
              3,
              3
            ]
          ]
        },
        "paragraph_scoreT_avg": 3,
        "paragraph_id": "001"
      }
    ],
    "essay_scoreT": [
      30,
      26.88889,
      27.61111
    ],
    "essay_scoreT_avg": 28.166666,
    "essay_scoreT_detail": {
      "essay_scoreT_org": [
        [
          3,
          3,
          3,
          3
        ],
        [
          2,
          3,
          3,
          2
        ],
        [
          3,
          2,
          2,
          3
        ]
      ],
      "essay_scoreT_cont": [
        [
          3,
          3,
          0,
          3
        ],
        [
          2,
          3,
          0,
          3
        ],
        [
          3,
          2,
          0,
          3
        ]
      ],
      "essay_scoreT_exp": [
        [
          3,
          3,
          3
        ],
        [
          3,
          3,
          3
        ],
        [
          3,
          3,
          3
        ]
      ]
    }
  },
  "student": {
    "date": "2021.12.16",
    "student_educated": true,
    "student_grade": "고등_1학년",
    "location": "063",
    "student_grade_group": "고등",
    "student_reading": 2
  },
  "rubric": {
    "essay_grade": "고등_1학년",
    "organization_weight": {
      "org_paragraph": 2,
      "org": 2,
      "org_essay": 4,
      "org_coherence": 2,
      "org_quantity": 1
    },
    "essay_type": "글짓기",
    "content_weight": {
      "con_clearance": 4,
      "con_novelty": 3,
      "con": 4,
      "con_prompt": 0,
      "con_description": 1
    },
    "essay_main_subject": "소중함을 잃었던 경험",
    "expression_weight": {
      "exp_style": 1,
      "exp_grammar": 2,
      "exp_vocab": 3,
      "exp": 4
    }
  },
  "correction": [],
  "info": {
    "essay_id": "ESSAY_65711",
    "essay_prompt": " 익숙함에 속아 소중함을 잊지 말자는 명언 (Do not get fooled by something familiar and forget what is priceless.)이 있습니다.\n\n 부모님께서 매일 해주시는 아침밥이나, 너무 친해서 매일 맛있는 간식을 사주는 친구 등 처음에는 매우 감사했지만 반복되는 호의에 우리는 소중함을 잊어가기도 합니다.\n\n 작은 소중함일지라도 그 소중함을 잃게 되면 호의를 베푸는 사람 입장에서는 매우 당황스럽고 기분이 나쁠 수 있어요.\n\n 여러분은 익숙함에 속아 소중함을 잊었던 사례와 그로 인해 상대방의 기분을 나쁘게 했던 경험이 있나요? 만약 있다면 관계를 회복하기 위해 어떤 노력을 하셨나요? 본인의 경험을 작성해주세요.\n\n 만약 그런 적이 없다면 주변의 이야기나 본인에게 소중함을 주는 사람들에 관해 설명해주세요.",
    "essay_type": "글짓기",
    "essay_level": "2",
    "essay_len": 792,
    "essay_main_subject": "소중함을 잃었던 경험"
  }
}