{
  "paragraph": [
    {
      "paragraph_txt": "나는 어릴적 크게 아파본적도 없고 감기도 잘걸리지 않았다. #@문장구분#키도 작고 몸무게도 많이 나가지 않는 삐쩍마른 소녀였지만 누구보다 건강했고 보기보다 힘도 쎘다.#@문장구분# 어릴땐 엄마가 해주시는 밥만 먹으면서 열심히 놀았는데 고등학교를 서울로 전학와서 혼자 살게 되었다.#@문장구분# 아침은 일어나 학교가기에 바빠 아침밥은 엄두도 못냈다 점심은 급식을 먹고 저녁은 그럭저럭 때우고 밤 늦은시간까지 야자를 하고 집에돌아오면 한두시간씩 꼭 공부를 하고 잤다.#@문장구분#그렇게 3년을하다 보니 나는 몰라보게 말랐고 머리카락은 실가닥처럼 가늘어져 있었다. #@문장구분#친구들이 해골같다고 놀렸다.#@문장구분# 나역시 기운이 없어 주저앉고 싶을때가 많아졌다.#@문장구분# 어느날 횡단보도를 건너는데 이러다 내가 죽겠구나 하는 마음이 갑자기 들었다.#@문장구분# 너무 겁이 났다.#@문장구분# 그리고 집에가서 내얼굴을 보고 나도 놀랬다.#@문장구분# 왜이렇게 말랐고 창백한지... 여고생의 생기라고는 1도 없이 다 말라버린 가을 나뭇잎같았다.#@문장구분# 내 몸이 이상하구나...자각 했을때는 이미 늦었다. #@문장구분#나는 체력이 급격히 떨어졌고 심한 피로감에 몸을 가누기도 힘들었다 .#@문장구분#병원에 갔더니 면역력이 제로상태고 기가 많이 빠져있는 상태라고 한다.#@문장구분# 규칙적인 식사를 하지못하고 심한 스트레스로인해 온 증상이라고 어른들 말로 골병이 든거라며 의사선생님은 혼자 지내지말고 집에 가서 엄마밥 먹으면서 몸을 추스르라고 하셨다.#@문장구분# 집으로 돌아오는길에 계속 눈물이 났다.#@문장구분# 왜냐면 정신력으로도 버틸수 없는 상태까지 왔다는걸 알게됐기 때문이다.#@문장구분# 그때 처음으로 아 건강을 잃는다는게 이렇게 무서운거구나 라고 생각했다.#@문장구분# 모두에게 주어졌지만 지키지 못하면 잃게되는 건강의 소중함은 아프기 전에는 절대 공감하지 못할꺼라 생각한다.#@문장구분#",
      "paragraph_len": 1199,
      "paragraph_id": "001"
    }
  ],
  "score": {
    "paragraph_score": [
      {
        "paragraph_scoreT": [
          3,
          3,
          3
        ],
        "paragraph_scoreT_detail": {
          "paragraph_scoreT_exp": [
            [
              3,
              3,
              3
            ],
            [
              3,
              3,
              3
            ],
            [
              3,
              3,
              3
            ]
          ]
        },
        "paragraph_scoreT_avg": 3,
        "paragraph_id": "001"
      }
    ],
    "essay_scoreT": [
      30,
      28.5,
      28.5
    ],
    "essay_scoreT_avg": 29,
    "essay_scoreT_detail": {
      "essay_scoreT_org": [
        [
          3,
          3,
          3,
          3
        ],
        [
          3,
          3,
          3,
          3
        ],
        [
          3,
          3,
          3,
          3
        ]
      ],
      "essay_scoreT_cont": [
        [
          3,
          3,
          0,
          3
        ],
        [
          3,
          2,
          0,
          3
        ],
        [
          3,
          2,
          0,
          3
        ]
      ],
      "essay_scoreT_exp": [
        [
          3,
          3,
          3
        ],
        [
          3,
          3,
          3
        ],
        [
          3,
          3,
          3
        ]
      ]
    }
  },
  "student": {
    "date": "2021.12.17",
    "student_educated": true,
    "student_grade": "고등_1학년",
    "location": "044",
    "student_grade_group": "고등",
    "student_reading": 3
  },
  "rubric": {
    "essay_grade": "고등_1학년",
    "organization_weight": {
      "org_paragraph": 2,
      "org": 2,
      "org_essay": 4,
      "org_coherence": 2,
      "org_quantity": 1
    },
    "essay_type": "글짓기",
    "content_weight": {
      "con_clearance": 4,
      "con_novelty": 3,
      "con": 4,
      "con_prompt": 0,
      "con_description": 1
    },
    "essay_main_subject": "소중함을 잃었던 경험",
    "expression_weight": {
      "exp_style": 1,
      "exp_grammar": 2,
      "exp_vocab": 3,
      "exp": 4
    }
  },
  "correction": [],
  "info": {
    "essay_id": "ESSAY_66014",
    "essay_prompt": " 익숙함에 속아 소중함을 잊지 말자는 명언 (Do not get fooled by something familiar and forget what is priceless.)이 있습니다.\n\n 부모님께서 매일 해주시는 아침밥이나, 너무 친해서 매일 맛있는 간식을 사주는 친구 등 처음에는 매우 감사했지만 반복되는 호의에 우리는 소중함을 잊어가기도 합니다.\n\n 작은 소중함일지라도 그 소중함을 잃게 되면 호의를 베푸는 사람 입장에서는 매우 당황스럽고 기분이 나쁠 수 있어요.\n\n 여러분은 익숙함에 속아 소중함을 잊었던 사례와 그로 인해 상대방의 기분을 나쁘게 했던 경험이 있나요? 만약 있다면 관계를 회복하기 위해 어떤 노력을 하셨나요? 본인의 경험을 작성해주세요.\n\n 만약 그런 적이 없다면 주변의 이야기나 본인에게 소중함을 주는 사람들에 관해 설명해주세요.",
    "essay_type": "글짓기",
    "essay_level": "2",
    "essay_len": 821,
    "essay_main_subject": "소중함을 잃었던 경험"
  }
}