{
  "paragraph": [
    {
      "paragraph_txt": "저는 다행히도 아직 소중한 무언가를 잃었던 적은 없습니다.#@문장구분# 물론 부모님도 이혼하시고 할머니와 할아버지께서도 돌아가셨습니다만 할머니와 할아버지에 대한 기억은 거의 없는 것을 넘어서 아예 없고 아버지와는 딱히 관계도 좋지 않았었기 때문에 이혼한 이후에도 딱히 별느낌은 없었습니다.#@문장구분# 물론 나이가 어리기도 했고 딱히 실감이 나지 않았기에 별느낌이 없었던 것일지도 모르지만 딱히 중요하게는 생각하지 않았었던 것은 확실한 듯 합니다.#@문장구분#그런 저에게도 소중한 무언가가 확실하게 존재합니다.#@문장구분# 언제나 저에게 사랑을 주시고 지금까지 키워주셨으며 언제나 따뜻한 밥을 먹을 수 있게 해주셨던 어머니와 언제나 애교를 부리고 사랑스러움을 독차지 하는 제 동생.#@문장구분# 언제나 함께 있어 느낌이 강하진 않지만 서로 떨어져 있을 때 그 무엇보다 생각나는 가족들이 저에게 있어서 그 무엇보다 소중한 존재죠.#@문장구분# 제가 사춘기가 오고 가족에게 조금씩 짜증을 내기도 했지만 그 이후로 더욱 사이가 좋아지고 안 그러던 저도 어머니께 가끔 애교를 부리죠.#@문장구분# 저에게 있어 이 둘은 그 무엇보다 소중한 존재들입니다.#@문장구분#이 글을 쓰면서 가족의 소중함을 다시한번 상기시키는 좋은 기회가 되었던 것 같습니다.#@문장구분# 앞으로는 가족들의 소중함을 받아 저도 가족들에게 소중함을 주는 사람이 되도록 노력하겠습니다.#@문장구분# 나 하나 쯤이야라는 생각을 버리고 나부터 라는 생각을 하면서 실천하는 삶을 살도록 하겠습니다.#@문장구분#",
      "paragraph_len": 907,
      "paragraph_id": "001"
    }
  ],
  "score": {
    "paragraph_score": [
      {
        "paragraph_scoreT": [
          1.8333334,
          2.6666667,
          2.3333333
        ],
        "paragraph_scoreT_detail": {
          "paragraph_scoreT_exp": [
            [
              2,
              2,
              1
            ],
            [
              2,
              3,
              3
            ],
            [
              3,
              2,
              2
            ]
          ]
        },
        "paragraph_scoreT_avg": 2.2777777,
        "paragraph_id": "001"
      }
    ],
    "essay_scoreT": [
      16.61111,
      26.666668,
      26.88889
    ],
    "essay_scoreT_avg": 23.388891,
    "essay_scoreT_detail": {
      "essay_scoreT_org": [
        [
          2,
          2,
          2,
          1
        ],
        [
          3,
          3,
          3,
          3
        ],
        [
          3,
          3,
          2,
          3
        ]
      ],
      "essay_scoreT_cont": [
        [
          1,
          2,
          0,
          1
        ],
        [
          2,
          3,
          0,
          3
        ],
        [
          3,
          3,
          0,
          3
        ]
      ],
      "essay_scoreT_exp": [
        [
          2,
          2,
          1
        ],
        [
          2,
          3,
          3
        ],
        [
          3,
          2,
          2
        ]
      ]
    }
  },
  "student": {
    "date": "2021.11.17",
    "student_educated": true,
    "student_grade": "고등_1학년",
    "location": "054",
    "student_grade_group": "고등",
    "student_reading": 2
  },
  "rubric": {
    "essay_grade": "고등_1학년",
    "organization_weight": {
      "org_paragraph": 2,
      "org": 2,
      "org_essay": 4,
      "org_coherence": 2,
      "org_quantity": 1
    },
    "essay_type": "글짓기",
    "content_weight": {
      "con_clearance": 4,
      "con_novelty": 3,
      "con": 4,
      "con_prompt": 0,
      "con_description": 1
    },
    "essay_main_subject": "소중함을 잃었던 경험",
    "expression_weight": {
      "exp_style": 1,
      "exp_grammar": 2,
      "exp_vocab": 3,
      "exp": 4
    }
  },
  "correction": [],
  "info": {
    "essay_id": "ESSAY_47313",
    "essay_prompt": " 익숙함에 속아 소중함을 잊지 말자는 명언 (Do not get fooled by something familiar and forget what is priceless.)이 있습니다.\n\n 부모님께서 매일 해주시는 아침밥이나, 너무 친해서 매일 맛있는 간식을 사주는 친구 등 처음에는 매우 감사했지만 반복되는 호의에 우리는 소중함을 잊어가기도 합니다.\n\n 작은 소중함일지라도 그 소중함을 잃게 되면 호의를 베푸는 사람 입장에서는 매우 당황스럽고 기분이 나쁠 수 있어요.\n\n 여러분은 익숙함에 속아 소중함을 잊었던 사례와 그로 인해 상대방의 기분을 나쁘게 했던 경험이 있나요? 만약 있다면 관계를 회복하기 위해 어떤 노력을 하셨나요? 본인의 경험을 작성해주세요.\n\n 만약 그런 적이 없다면 주변의 이야기나 본인에게 소중함을 주는 사람들에 관해 설명해주세요.",
    "essay_type": "글짓기",
    "essay_level": "2",
    "essay_len": 689,
    "essay_main_subject": "소중함을 잃었던 경험"
  }
}