{
  "paragraph": [
    {
      "paragraph_txt": "최근 유투브 영상을 보다가 6살 소년 카메론에 대한 동영상을 보게 되었다.#@문장구분# 카메론은 태어날 때부터 색맹으로 났고 3살때 유치원에서 색칠공부를 하던 중 다르다는 것을 깨달았다고 한다.#@문장구분# 엄마는 그런 아들에게 색보정안경을 선물했다.#@문장구분# 새로운 세상을 바라보며 신나하는 모습은 영상을 시청하는 이들마저 기분 좋게 하였다.#@문장구분# 영상을 본 후 나는 유튜브에서 다른 색맹환자들의 영상들도 찾아봤다.#@문장구분# 어린아이부터 70대 노인까지 처음 색을 마주한 이들의 반응은 한결 같이 모두 감동 받았으며 신이 난 아이가 되었다.#@문장구분# 색맹 환자가 아닌 사람이 보았을 때 평범한 집앞 나무들이 그들에게는 '아름다운 초록'이 되었다.#@문장구분# 우리가 감탄하며 보는 동물원에 있는 신기한 동물이나 아주 아름다운 절경을 사육사들이나 그 근처에서 사는 주민들은 처음보는 우리처럼 볼때마다 매번 감격하지 않을 것이다.#@문장구분# 이렇듯 우리에게 당연한 것들은 시간이 지나면 익숙해지게 된다.#@문장구분# 물건이든 생명이든 그 무엇이 되었든 말이다.#@문장구분# 익숙해졌다는 이야기는 우리 마음이나 몸에 익어 편해졌다는 것을 의미한다.#@문장구분# 익숙한 것을 잃으면 불편함을 느낀다.#@문장구분# 큰 불편을 겪을 수 있는 것들에 대해 익숙함과 편함을 명목삼아 등한시하게 되면 그것들은 나에게서 멀어지게 된다.#@문장구분# 나의 할머니는 귀가 좋지 않다.#@문장구분# 할머니가 잘 듣지 못하니 가족들은 할머니에게 얘기할 때 더욱 더 큰 소리로 얘기하곤 한다.#@문장구분# 그리고 듣지 못함을 때론 답답해 하기도 한다.#@문장구분# 나는 할머니에게 얘기할 때 소리를 크게 내지 않는다.#@문장구분# 그래도 할머니는 나의 이야기를 잘 듣는다.#@문장구분# 나는 할머니에 귀가 더 무리가지 않게 적당한 소리로 할머니의 눈과 나의 입을 맞춰 얘기를 해드린다.#@문장구분# 의식적으로 나의 익숙함인 할머니와 당신의 불편인 귀를 존중한다.#@문장구분# 그런 인련의 의식이 끝나면 우리는 소통한다.#@문장구분# 그것들을 존중하지 못하면 당신의 귀는 불편함을 느낄 것이고 우리는 소통하지 못해 답답함을 느낄 것이다.#@문장구분# 나의 익숙함을 당연하게 여기지 않고 상대방의 불편함을 존중한다면 더 좋은 삶이 될 것이다.#@문장구분# 감사는 소중함을 잃게 되었을 때 소중한 순간을 기억하기 위함이고 소중함을 잃지 않기 위해 하는 행동과 같다.#@문장구분# 잃지 않고 기억하기 위해 더욱 내가 가진 것들, 익숙해진 것들에 대해 감사하고 아껴주어야 겠다.#@문장구분#",
      "paragraph_len": 1599,
      "paragraph_id": "001"
    }
  ],
  "score": {
    "paragraph_score": [
      {
        "paragraph_scoreT": [
          3,
          3,
          3
        ],
        "paragraph_scoreT_detail": {
          "paragraph_scoreT_exp": [
            [
              3,
              3,
              3
            ],
            [
              3,
              3,
              3
            ],
            [
              3,
              3,
              3
            ]
          ]
        },
        "paragraph_scoreT_avg": 3,
        "paragraph_id": "001"
      }
    ],
    "essay_scoreT": [
      30,
      30,
      30
    ],
    "essay_scoreT_avg": 30,
    "essay_scoreT_detail": {
      "essay_scoreT_org": [
        [
          3,
          3,
          3,
          3
        ],
        [
          3,
          3,
          3,
          3
        ],
        [
          3,
          3,
          3,
          3
        ]
      ],
      "essay_scoreT_cont": [
        [
          3,
          3,
          0,
          3
        ],
        [
          3,
          3,
          0,
          3
        ],
        [
          3,
          3,
          0,
          3
        ]
      ],
      "essay_scoreT_exp": [
        [
          3,
          3,
          3
        ],
        [
          3,
          3,
          3
        ],
        [
          3,
          3,
          3
        ]
      ]
    }
  },
  "student": {
    "date": "2021.11.16",
    "student_educated": true,
    "student_grade": "고등_1학년",
    "location": "063",
    "student_grade_group": "고등",
    "student_reading": 1
  },
  "rubric": {
    "essay_grade": "고등_1학년",
    "organization_weight": {
      "org_paragraph": 2,
      "org": 2,
      "org_essay": 4,
      "org_coherence": 2,
      "org_quantity": 1
    },
    "essay_type": "글짓기",
    "content_weight": {
      "con_clearance": 4,
      "con_novelty": 3,
      "con": 4,
      "con_prompt": 0,
      "con_description": 1
    },
    "essay_main_subject": "소중함을 잃었던 경험",
    "expression_weight": {
      "exp_style": 1,
      "exp_grammar": 2,
      "exp_vocab": 3,
      "exp": 4
    }
  },
  "correction": [],
  "info": {
    "essay_id": "ESSAY_47429",
    "essay_prompt": " 익숙함에 속아 소중함을 잊지 말자는 명언 (Do not get fooled by something familiar and forget what is priceless.)이 있습니다.\n\n 부모님께서 매일 해주시는 아침밥이나, 너무 친해서 매일 맛있는 간식을 사주는 친구 등 처음에는 매우 감사했지만 반복되는 호의에 우리는 소중함을 잊어가기도 합니다.\n\n 작은 소중함일지라도 그 소중함을 잃게 되면 호의를 베푸는 사람 입장에서는 매우 당황스럽고 기분이 나쁠 수 있어요.\n\n 여러분은 익숙함에 속아 소중함을 잊었던 사례와 그로 인해 상대방의 기분을 나쁘게 했던 경험이 있나요? 만약 있다면 관계를 회복하기 위해 어떤 노력을 하셨나요? 본인의 경험을 작성해주세요.\n\n 만약 그런 적이 없다면 주변의 이야기나 본인에게 소중함을 주는 사람들에 관해 설명해주세요.",
    "essay_type": "글짓기",
    "essay_level": "2",
    "essay_len": 1099,
    "essay_main_subject": "소중함을 잃었던 경험"
  }
}