{
  "paragraph": [
    {
      "paragraph_txt": "누구에게나 익숙함에 속아 소중함을 잃은 경험이 있다.#@문장구분# 나또한 그런 경험이 있ㄷ가평소에도 많이 혼자서 지냈었던 저는 과거 학교생활을 시작한지 얼마 되지 않은 신입생일 무렵에도 많이 혼자서 시간을 보내곤 했었습니다. #@문장구분#학교에서 뿐만 아니라 집에서도 혼자서 잘 놀던 저는 항상 혼자서 독서하거나 자습을 하는등 지금 생각하면 많이 지루한 과거입니다.#@문장구분# 그랬던 저에게 먼저 와서 말을 걸어주었던 친구 하나가 있었습니다.#@문장구분# 그 아이는 늘 밝고 씩씩한 아이라서 제 학교생활을 많이 도와주기도 하곤 했었습니다.#@문장구분# 하지만 그 당시에 저는 혼자서도 난 잘 해내는 아이야. 또는 나는 혼자서도 괜찮아. 라는 둥 혼자 지내는 데에 익숙했던 저는 먼저 다가와준 고마운 사람에게 더 잘해주지 못했었습니다.#@문장구분# 그러다가 중학생을 마무리하고 졸업할 무렵에는 그 친구와도 고등학교도 갈리는 등 많은 이유로 서로 마음이 멀어지게 되었었습니다.#@문장구분# 다시 고등학교에 들어와서 신입생이 되어보니 그 시절에 절 도와주었던 아이가 그립기도하고 고맙다고 하지못한게 아쉽기도 하며 내가 더 친근하게 대해줬으면 어땠을까? 하는 후회도 하고는 합니다.#@문장구분# 그런 소중함을 깨닫고 나니 저도 제가 힘이 닫는 한 받은 도움을 나누어 주려고 시도 했습니다.#@문장구분# 비록 그 고마운 아이에게 값아주진 못했지만 저는 이 학교에서나마 저처럼 소심한 친구들에게 먼저 다가가서 친해지려는 노력을 많이 하고 있습니다.#@문장구분#",
      "paragraph_len": 886,
      "paragraph_id": "001"
    }
  ],
  "score": {
    "paragraph_score": [
      {
        "paragraph_scoreT": [
          2.1666667,
          2.1666667,
          2.1666667
        ],
        "paragraph_scoreT_detail": {
          "paragraph_scoreT_exp": [
            [
              2,
              2,
              3
            ],
            [
              2,
              2,
              3
            ],
            [
              2,
              2,
              3
            ]
          ]
        },
        "paragraph_scoreT_avg": 2.1666667,
        "paragraph_id": "001"
      }
    ],
    "essay_scoreT": [
      26.666668,
      24.666668,
      24.666668
    ],
    "essay_scoreT_avg": 25.333334,
    "essay_scoreT_detail": {
      "essay_scoreT_org": [
        [
          3,
          3,
          3,
          3
        ],
        [
          3,
          3,
          3,
          3
        ],
        [
          3,
          3,
          3,
          3
        ]
      ],
      "essay_scoreT_cont": [
        [
          3,
          3,
          0,
          3
        ],
        [
          2,
          3,
          0,
          3
        ],
        [
          2,
          3,
          0,
          3
        ]
      ],
      "essay_scoreT_exp": [
        [
          2,
          2,
          3
        ],
        [
          2,
          2,
          3
        ],
        [
          2,
          2,
          3
        ]
      ]
    }
  },
  "student": {
    "date": "2021.12.12",
    "student_educated": true,
    "student_grade": "고등_1학년",
    "location": "063",
    "student_grade_group": "고등",
    "student_reading": 2
  },
  "rubric": {
    "essay_grade": "고등_1학년",
    "organization_weight": {
      "org_paragraph": 2,
      "org": 2,
      "org_essay": 4,
      "org_coherence": 2,
      "org_quantity": 1
    },
    "essay_type": "글짓기",
    "content_weight": {
      "con_clearance": 4,
      "con_novelty": 3,
      "con": 4,
      "con_prompt": 0,
      "con_description": 1
    },
    "essay_main_subject": "소중함을 잃었던 경험",
    "expression_weight": {
      "exp_style": 1,
      "exp_grammar": 2,
      "exp_vocab": 3,
      "exp": 4
    }
  },
  "correction": [],
  "info": {
    "essay_id": "ESSAY_61702",
    "essay_prompt": " 익숙함에 속아 소중함을 잊지 말자는 명언 (Do not get fooled by something familiar and forget what is priceless.)이 있습니다.\n\n 부모님께서 매일 해주시는 아침밥이나, 너무 친해서 매일 맛있는 간식을 사주는 친구 등 처음에는 매우 감사했지만 반복되는 호의에 우리는 소중함을 잊어가기도 합니다.\n\n 작은 소중함일지라도 그 소중함을 잃게 되면 호의를 베푸는 사람 입장에서는 매우 당황스럽고 기분이 나쁠 수 있어요.\n\n 여러분은 익숙함에 속아 소중함을 잊었던 사례와 그로 인해 상대방의 기분을 나쁘게 했던 경험이 있나요? 만약 있다면 관계를 회복하기 위해 어떤 노력을 하셨나요? 본인의 경험을 작성해주세요.\n\n 만약 그런 적이 없다면 주변의 이야기나 본인에게 소중함을 주는 사람들에 관해 설명해주세요.",
    "essay_type": "글짓기",
    "essay_level": "2",
    "essay_len": 686,
    "essay_main_subject": "소중함을 잃었던 경험"
  }
}