{
  "paragraph": [
    {
      "paragraph_txt": "파란하늘을 보며 큰게 한숨을 쉬면 차가운 겨울공기가 콧속으로 싸하고 들어옵니다.#@문장구분# 얼마나 시원하고 맑은지 입으로 내쉬은 숨에 하얀 김이 드레곤의 연기처럼 나오는 겨울공기를 너무 좋습니다.#@문장구분# 저는 운동을 매우 좋아 합니다.#@문장구분# 그래서 매일 새벽 일찍 일어나서 조깅을 합니다.#@문장구분# 30분 천변을 뛰고 집에와서 샤워하고 아침을 먹고나면 학교에 가기전까지 콧노래도 나옵니다.#@문장구분# 저는 예전에 건강이 매우 좋지 않았었습니다.#@문장구분# 천변을 뛰어다닌다는 건 상상도 못할 정도였고 겨우 걸어다니는 정도였습니다.#@문장구분# 체육시간에 운동장을 뛰라거나 공을 차라는 요구를 하시는 체육선생님이 얼마나 싫었던지 매번 체육시간마다 배가 아프다고 보건실로 가곤 했던 저였습니다.#@문장구분# 그런데 저에게 큰 변화가 생긴 것은 고등학교 1학년 때 일입니다.#@문장구분# 제가 사랑하는 할머니가 갑자기 돌아가시고 어머니도 건강이 악화되면서 저희 집안의 분위기는 굉장히 어두워졌습니다.#@문장구분# 이런 상황에서 아버지는 어머니의 건강도 챙기도 저도 건강해지고 우리가족의 친목도모를 위해 새벽운동을 하자고 제안하셨고 정말 하기 싫었지만 어머니 건강이 좋아졌으면 하는 바램으로 억지로 일어나서 질질 끌려나갔습니다.#@문장구분# 처음에 한달은 걷기도 힘들어서 징징거렸고 둘째달은 일어나기 싫어서 징징거렸습니다.#@문장구분# 그런데 어느순간 보니 제 발걸음이 가벼워졌고 빨라져있다는 걸 느꼈습니다.#@문장구분# 아침에 일어나는 몸도 가벼워서 일어나기 쉬워졌고 밥맛이 좋아지니 아침이 즐거웠습니다.#@문장구분# 어머니도 체력이 많이 좋아지신 것 같이 보여서 저희 가족에게 다시 웃음이 찾아왔습니다.#@문장구분# 우리 인생에 건강은 정말 소중합니다.#@문장구분# 이런 건강을 잃어버리고 소중함을 느껴서 다시 찾으려면 노력과 시간이 소모됩니다.#@문장구분# 하지만 조금만 노력하면 건강도 찾고 생활이 활기차고 즐거워집니다.#@문장구분# 우리는 우리의 행복을 위해 운동하고 건강을 챙겨야 할 것입니다.#@문장구분#",
      "paragraph_len": 1272,
      "paragraph_id": "001"
    }
  ],
  "score": {
    "paragraph_score": [
      {
        "paragraph_scoreT": [
          2.6666667,
          2.6666667,
          3
        ],
        "paragraph_scoreT_detail": {
          "paragraph_scoreT_exp": [
            [
              2,
              3,
              3
            ],
            [
              2,
              3,
              3
            ],
            [
              3,
              3,
              3
            ]
          ]
        },
        "paragraph_scoreT_avg": 2.777778,
        "paragraph_id": "001"
      }
    ],
    "essay_scoreT": [
      27.166668,
      27.166668,
      26
    ],
    "essay_scoreT_avg": 26.777779,
    "essay_scoreT_detail": {
      "essay_scoreT_org": [
        [
          3,
          3,
          3,
          3
        ],
        [
          3,
          3,
          3,
          3
        ],
        [
          3,
          3,
          3,
          3
        ]
      ],
      "essay_scoreT_cont": [
        [
          3,
          2,
          0,
          3
        ],
        [
          3,
          2,
          0,
          3
        ],
        [
          2,
          2,
          0,
          2
        ]
      ],
      "essay_scoreT_exp": [
        [
          2,
          3,
          3
        ],
        [
          2,
          3,
          3
        ],
        [
          3,
          3,
          3
        ]
      ]
    }
  },
  "student": {
    "date": "2021.12.15",
    "student_educated": true,
    "student_grade": "고등_1학년",
    "location": "063",
    "student_grade_group": "고등",
    "student_reading": 2
  },
  "rubric": {
    "essay_grade": "고등_1학년",
    "organization_weight": {
      "org_paragraph": 2,
      "org": 2,
      "org_essay": 4,
      "org_coherence": 2,
      "org_quantity": 1
    },
    "essay_type": "글짓기",
    "content_weight": {
      "con_clearance": 4,
      "con_novelty": 3,
      "con": 4,
      "con_prompt": 0,
      "con_description": 1
    },
    "essay_main_subject": "소중함을 잃었던 경험",
    "expression_weight": {
      "exp_style": 1,
      "exp_grammar": 2,
      "exp_vocab": 3,
      "exp": 4
    }
  },
  "correction": [],
  "info": {
    "essay_id": "ESSAY_62943",
    "essay_prompt": " 익숙함에 속아 소중함을 잊지 말자는 명언 (Do not get fooled by something familiar and forget what is priceless.)이 있습니다.\n\n 부모님께서 매일 해주시는 아침밥이나, 너무 친해서 매일 맛있는 간식을 사주는 친구 등 처음에는 매우 감사했지만 반복되는 호의에 우리는 소중함을 잊어가기도 합니다.\n\n 작은 소중함일지라도 그 소중함을 잃게 되면 호의를 베푸는 사람 입장에서는 매우 당황스럽고 기분이 나쁠 수 있어요.\n\n 여러분은 익숙함에 속아 소중함을 잊었던 사례와 그로 인해 상대방의 기분을 나쁘게 했던 경험이 있나요? 만약 있다면 관계를 회복하기 위해 어떤 노력을 하셨나요? 본인의 경험을 작성해주세요.\n\n 만약 그런 적이 없다면 주변의 이야기나 본인에게 소중함을 주는 사람들에 관해 설명해주세요.",
    "essay_type": "글짓기",
    "essay_level": "2",
    "essay_len": 892,
    "essay_main_subject": "소중함을 잃었던 경험"
  }
}