{
  "paragraph": [
    {
      "paragraph_txt": "소중한 거에 대한 감사한 마음을 실천하는 것이 정말 어려운 것 같다.#@문장구분# 이번 코로나 사태로 많은 사람들이 일상을 잃었고 나 또한 일상을 잃었다.#@문장구분# 그 소소한 일상이라는 한 번 익숙한 것을 잃고 보니 당연한 것이라 생각했던 것도 한순간에 잃을 수 있으니 모든 것을 소중히 여기고 감사하자는 생각이 들었다.#@문장구분# 예전에는 맨 얼굴을 보고 해외여행도 자유롭게 가고 많은 사람들과 공연을 즐기는 것들이 당연했다.#@문장구분# 이젠 당분간은 하지 못하는 것들이다. #@문장구분#과거의 나는 학교에 가기 싫어하고 항상 주말, 방학과 같은 하루하루를 보내고 싶어 했다. #@문장구분#하지만 작년부터는 코로나로 개학을 하지 못해 원래 가야하던 학교를 가지 못했다.#@문장구분# 처음에는 너무너무 좋았는데 계속 학교도 못가고 밖에 나가는 것도 함부로 못하니깐 너무 힘들었다.#@문장구분# 무기력해지고 아무것도 하기 싫고 휴대폰 말고는 할 것이 없다고 느껴졌다. #@문장구분#그러다 온라인으로 수업을 한다는 소식을 들었다.#@문장구분# 무기력해지던 나에게는 수업을 집에서라도 하는 것이 설렜던 것 같다.#@문장구분# 하지만 온라인 수업은 수업시간에 잠이 오고 집중도 되지 않았다. #@문장구분#선생님들께서도 원래 하던 방식도 아니고 우리가 수업을 제대로 듣는지 보지도 못하니 힘드실 거라고 생각했다.#@문장구분# 학교에서 오프라인으로 수업을 하던 것은 당연한 것이었지만 아니었고 소중한 것이었다는 것을 깨달았다.#@문장구분# 선생님 얼굴, 친구들 얼굴을 보며 수업을 하고 모둠 수업과 같이 함께 하는 것들도 이제는 못한다는 것이 속상했다.#@문장구분# 시간이 지나고 우리는 마스크를 쓰고 학교에 갈 수 있게 되어서 되게 설레고 좋다. #@문장구분#얼른 빨리 코로나가 사라져 우리의 익숙하고 소중한 일상을 찾았으면 좋겠다.#@문장구분#",
      "paragraph_len": 1141,
      "paragraph_id": "001"
    }
  ],
  "score": {
    "paragraph_score": [
      {
        "paragraph_scoreT": [
          2.8333333,
          3,
          3
        ],
        "paragraph_scoreT_detail": {
          "paragraph_scoreT_exp": [
            [
              3,
              3,
              2
            ],
            [
              3,
              3,
              3
            ],
            [
              3,
              3,
              3
            ]
          ]
        },
        "paragraph_scoreT_avg": 2.9444444,
        "paragraph_id": "001"
      }
    ],
    "essay_scoreT": [
      26.944445,
      28,
      30
    ],
    "essay_scoreT_avg": 28.314814,
    "essay_scoreT_detail": {
      "essay_scoreT_org": [
        [
          2,
          3,
          3,
          3
        ],
        [
          3,
          3,
          3,
          3
        ],
        [
          3,
          3,
          3,
          3
        ]
      ],
      "essay_scoreT_cont": [
        [
          3,
          2,
          0,
          3
        ],
        [
          3,
          2,
          0,
          2
        ],
        [
          3,
          3,
          0,
          3
        ]
      ],
      "essay_scoreT_exp": [
        [
          3,
          3,
          2
        ],
        [
          3,
          3,
          3
        ],
        [
          3,
          3,
          3
        ]
      ]
    }
  },
  "student": {
    "date": "2021.12.20",
    "student_educated": true,
    "student_grade": "고등_1학년",
    "location": "063",
    "student_grade_group": "고등",
    "student_reading": 2
  },
  "rubric": {
    "essay_grade": "고등_1학년",
    "organization_weight": {
      "org_paragraph": 2,
      "org": 2,
      "org_essay": 4,
      "org_coherence": 2,
      "org_quantity": 1
    },
    "essay_type": "글짓기",
    "content_weight": {
      "con_clearance": 4,
      "con_novelty": 3,
      "con": 4,
      "con_prompt": 0,
      "con_description": 1
    },
    "essay_main_subject": "소중함을 잃었던 경험",
    "expression_weight": {
      "exp_style": 1,
      "exp_grammar": 2,
      "exp_vocab": 3,
      "exp": 4
    }
  },
  "correction": [],
  "info": {
    "essay_id": "ESSAY_73788",
    "essay_prompt": " 익숙함에 속아 소중함을 잊지 말자는 명언 (Do not get fooled by something familiar and forget what is priceless.)이 있습니다.\n\n 부모님께서 매일 해주시는 아침밥이나, 너무 친해서 매일 맛있는 간식을 사주는 친구 등 처음에는 매우 감사했지만 반복되는 호의에 우리는 소중함을 잊어가기도 합니다.\n\n 작은 소중함일지라도 그 소중함을 잃게 되면 호의를 베푸는 사람 입장에서는 매우 당황스럽고 기분이 나쁠 수 있어요.\n\n 여러분은 익숙함에 속아 소중함을 잊었던 사례와 그로 인해 상대방의 기분을 나쁘게 했던 경험이 있나요? 만약 있다면 관계를 회복하기 위해 어떤 노력을 하셨나요? 본인의 경험을 작성해주세요.\n\n 만약 그런 적이 없다면 주변의 이야기나 본인에게 소중함을 주는 사람들에 관해 설명해주세요.",
    "essay_type": "글짓기",
    "essay_level": "2",
    "essay_len": 801,
    "essay_main_subject": "소중함을 잃었던 경험"
  }
}