{
  "paragraph": [
    {
      "paragraph_txt": "익숙함에 속아 소중함을 잊지 말자! 라는 명언을 많이 들었습니다.#@문장구분# 영화나 드라마를 보면 나오는 일도 있고 연인들 사이에서 이런 이유로 많이들 헤어진다고 들었습니다.#@문장구분# 하지만 저는 아직은 익숙하고 편하다고 해서 상대방을 소홀하게 만든 적이 없기에 아직 익숙함에 속아 소중함을 잊은 사례가 없습니다. #@문장구분#그래서 저한테 소중했던 사람들에 대해서 말해보겠습니다.#@문장구분# 일단 저한테 가장 소중함을 많이 준 저희 아버지입니다.#@문장구분# 저희 아버지는 돈이 많거나 능력이 있으신 분은 아니십니다.#@문장구분# 그냥 평범한 보통의 아버지와 같은 분이십니다.#@문장구분# 그래도 제가 배우고 싶다는 건 다 시켜주셨습니다.#@문장구분# 축구, 미술, 격투기, 헬스 등등 어릴 때 경험이 많아야 나이 먹어서도 좋은 경험이 된다고 말씀하시면서 배우게 해줬습니다.#@문장구분# 그리고 항상 저와 같이 놀아주시는 게 많았습니다.#@문장구분# 야구장, 농구장, 배구장, 텐트, 낚시, 등산 등등 안 해본 것이 없습니다.#@문장구분# 저희 아버지는 아들에게 좋은 아버지가 되고 싶다며 바쁘더라도 자기와 같이 노는 추억을 열심히 만들어주시려고 노력을 하셨고 몸이 힘들더라도 힘든 내색 없이 해주셨습니다.#@문장구분# 저한테 아버지는 정말 사랑이고 존경의 대상이며 없으면 안 될 존재입니다.#@문장구분# 아버지에게 배운 모든 경험과 아버지의 모습을 보고 배운 저는 정말 복 받은 거 같습니다.#@문장구분# 이런 소중한 아버지를 정말 많이 사랑합니다.#@문장구분#",
      "paragraph_len": 963,
      "paragraph_id": "001"
    }
  ],
  "score": {
    "paragraph_score": [
      {
        "paragraph_scoreT": [
          3,
          3,
          3
        ],
        "paragraph_scoreT_detail": {
          "paragraph_scoreT_exp": [
            [
              3,
              3,
              3
            ],
            [
              3,
              3,
              3
            ],
            [
              3,
              3,
              3
            ]
          ]
        },
        "paragraph_scoreT_avg": 3,
        "paragraph_id": "001"
      }
    ],
    "essay_scoreT": [
      30,
      30,
      30
    ],
    "essay_scoreT_avg": 30,
    "essay_scoreT_detail": {
      "essay_scoreT_org": [
        [
          3,
          3,
          3,
          3
        ],
        [
          3,
          3,
          3,
          3
        ],
        [
          3,
          3,
          3,
          3
        ]
      ],
      "essay_scoreT_cont": [
        [
          3,
          3,
          0,
          3
        ],
        [
          3,
          3,
          0,
          3
        ],
        [
          3,
          3,
          0,
          3
        ]
      ],
      "essay_scoreT_exp": [
        [
          3,
          3,
          3
        ],
        [
          3,
          3,
          3
        ],
        [
          3,
          3,
          3
        ]
      ]
    }
  },
  "student": {
    "date": "2021.12.17",
    "student_educated": true,
    "student_grade": "고등_1학년",
    "location": "044",
    "student_grade_group": "고등",
    "student_reading": 3
  },
  "rubric": {
    "essay_grade": "고등_1학년",
    "organization_weight": {
      "org_paragraph": 2,
      "org": 2,
      "org_essay": 4,
      "org_coherence": 2,
      "org_quantity": 1
    },
    "essay_type": "글짓기",
    "content_weight": {
      "con_clearance": 4,
      "con_novelty": 3,
      "con": 4,
      "con_prompt": 0,
      "con_description": 1
    },
    "essay_main_subject": "소중함을 잃었던 경험",
    "expression_weight": {
      "exp_style": 1,
      "exp_grammar": 2,
      "exp_vocab": 3,
      "exp": 4
    }
  },
  "correction": [],
  "info": {
    "essay_id": "ESSAY_66028",
    "essay_prompt": " 익숙함에 속아 소중함을 잊지 말자는 명언 (Do not get fooled by something familiar and forget what is priceless.)이 있습니다.\n\n 부모님께서 매일 해주시는 아침밥이나, 너무 친해서 매일 맛있는 간식을 사주는 친구 등 처음에는 매우 감사했지만 반복되는 호의에 우리는 소중함을 잊어가기도 합니다.\n\n 작은 소중함일지라도 그 소중함을 잃게 되면 호의를 베푸는 사람 입장에서는 매우 당황스럽고 기분이 나쁠 수 있어요.\n\n 여러분은 익숙함에 속아 소중함을 잊었던 사례와 그로 인해 상대방의 기분을 나쁘게 했던 경험이 있나요? 만약 있다면 관계를 회복하기 위해 어떤 노력을 하셨나요? 본인의 경험을 작성해주세요.\n\n 만약 그런 적이 없다면 주변의 이야기나 본인에게 소중함을 주는 사람들에 관해 설명해주세요.",
    "essay_type": "글짓기",
    "essay_level": "2",
    "essay_len": 664,
    "essay_main_subject": "소중함을 잃었던 경험"
  }
}