{
  "paragraph": [
    {
      "paragraph_txt": "익숙함에 속아 소중함을 잊지 말자는 명언이 있습니다.#@문장구분# 제가 가장 좋아하고 인생을 살아가면서 꼭 실천하려고 하는 명언입니다.#@문장구분# 저한테 소중한 사람들이 저로 인해 상처받거나 서운함을 느끼는 일은 매우 슬프고 안타까운 일이기 때문이죠. #@문장구분#그래서 저는 익숙함에 속아 소중함을 잊었던 사례는 없지만, 저한테 가장 소중한 할머니에 대해서 이야기해보려고 합니다.#@문장구분# 저희 할머니께서는 고향이 부산인데 결혼하고 대전에 와서 쭉 대전에 살고 계십니다.#@문장구분# 저희 엄마랑 아빠, 누나랑 대전에 내려가면 할머니가 항상 따듯한 손과 따듯한 목소리로 저희를 반겨주십니다. #@문장구분#그리고 저희가 좋아하는 음식을 항상 물어보시고 치킨이나 먹을 것들을 만들어주시죠. #@문장구분#그리고 항상 어머니에 대해 많이 물어보십니다.#@문장구분# 밥은 잘 먹고 있나, 집은 많이 안 춥냐 화목하게 살고 있냐 등을 물어보시는 할머니의 표정이 정말 저희 어머니를 아끼고 생각하는 마음에서 물어보는 할머니의 마음이 따듯해서 저까지 따듯하게 만드는 분이신 거 같습니다.#@문장구분# 그리고 항상 소파에 할머니랑 앉아 있으면 할머니가 손을 주물러 주시는데 너무 좋아서 잠이 오고 그럽니다. #@문장구분#이렇게 우리 가족을 챙겨주고, 마음속으로 항상 응원하면서 소중해하는 모습이 정말 사랑스러우시고, 따듯합니다. #@문장구분#그런 할머니를 위해 저도 따듯한 사람이 되고 저희 엄마 아빠를 더 챙기는 사람으로 크고 싶습니다.#@문장구분#",
      "paragraph_len": 907,
      "paragraph_id": "001"
    }
  ],
  "score": {
    "paragraph_score": [
      {
        "paragraph_scoreT": [
          3,
          3,
          3
        ],
        "paragraph_scoreT_detail": {
          "paragraph_scoreT_exp": [
            [
              3,
              3,
              3
            ],
            [
              3,
              3,
              3
            ],
            [
              3,
              3,
              3
            ]
          ]
        },
        "paragraph_scoreT_avg": 3,
        "paragraph_id": "001"
      }
    ],
    "essay_scoreT": [
      26,
      26.5,
      30
    ],
    "essay_scoreT_avg": 27.5,
    "essay_scoreT_detail": {
      "essay_scoreT_org": [
        [
          3,
          3,
          3,
          3
        ],
        [
          3,
          3,
          3,
          3
        ],
        [
          3,
          3,
          3,
          3
        ]
      ],
      "essay_scoreT_cont": [
        [
          2,
          2,
          0,
          2
        ],
        [
          2,
          2,
          0,
          3
        ],
        [
          3,
          3,
          0,
          3
        ]
      ],
      "essay_scoreT_exp": [
        [
          3,
          3,
          3
        ],
        [
          3,
          3,
          3
        ],
        [
          3,
          3,
          3
        ]
      ]
    }
  },
  "student": {
    "date": "2021.12.20",
    "student_educated": true,
    "student_grade": "고등_1학년",
    "location": "044",
    "student_grade_group": "고등",
    "student_reading": 3
  },
  "rubric": {
    "essay_grade": "고등_1학년",
    "organization_weight": {
      "org_paragraph": 2,
      "org": 2,
      "org_essay": 4,
      "org_coherence": 2,
      "org_quantity": 1
    },
    "essay_type": "글짓기",
    "content_weight": {
      "con_clearance": 4,
      "con_novelty": 3,
      "con": 4,
      "con_prompt": 0,
      "con_description": 1
    },
    "essay_main_subject": "소중함을 잃었던 경험",
    "expression_weight": {
      "exp_style": 1,
      "exp_grammar": 2,
      "exp_vocab": 3,
      "exp": 4
    }
  },
  "correction": [],
  "info": {
    "essay_id": "ESSAY_73546",
    "essay_prompt": " 익숙함에 속아 소중함을 잊지 말자는 명언 (Do not get fooled by something familiar and forget what is priceless.)이 있습니다.\n\n 부모님께서 매일 해주시는 아침밥이나, 너무 친해서 매일 맛있는 간식을 사주는 친구 등 처음에는 매우 감사했지만 반복되는 호의에 우리는 소중함을 잊어가기도 합니다.\n\n 작은 소중함일지라도 그 소중함을 잃게 되면 호의를 베푸는 사람 입장에서는 매우 당황스럽고 기분이 나쁠 수 있어요.\n\n 여러분은 익숙함에 속아 소중함을 잊었던 사례와 그로 인해 상대방의 기분을 나쁘게 했던 경험이 있나요? 만약 있다면 관계를 회복하기 위해 어떤 노력을 하셨나요? 본인의 경험을 작성해주세요.\n\n 만약 그런 적이 없다면 주변의 이야기나 본인에게 소중함을 주는 사람들에 관해 설명해주세요.",
    "essay_type": "글짓기",
    "essay_level": "2",
    "essay_len": 668,
    "essay_main_subject": "소중함을 잃었던 경험"
  }
}