{
  "paragraph": [
    {
      "paragraph_txt": "오늘 아침 일찍 잠에서 깨어서 샤워를 하고 밥을 먹고 학교에 갑니다.#@문장구분# 1교시 2교시 ... 점심시간이 되어서 맛있게 점심급식을 먹고 친구들과 수다도 떨며 점심시간을 보냅니다.#@문장구분# 오후 수업을 마치고 학원에가고 학원을 마치고 집에가서 가족들과 저녁도 먹고 과일도 먹고 과제도 하고 드라마도 보고 뒹굴거리다가 하루를 마감합니다.#@문장구분# 오늘은 정말 아무일도 없이 별일 없이 지나간 하루가 된것 같습니다.#@문장구분# 그런데 이런 별일 없이 지나간 하루가 얼마나 소중한 날인줄 알아야 될것입니다.#@문장구분# 우리 가족중 누가 아파서 병원에 가지도 않았고 학교에서 친구가 다치거나 큰 사건이 벌어지지도 않았습니다.#@문장구분# 뉴스에 큰 일이 생겨서 크게 보도가 된 날도 아니니 내가 아는한 내가 아는 세상에서 별탈 없이 하루가 지나간 것입니다.#@문장구분# 시시콜콜 이야기를 주고 받는 친구들, 보글보글 엄마가 저녁식사 준비하는 소리, 게임을 서로 하겠다고 싸우는 동생들 매일 보는 일상의 모습에 행복을 느낍니다.#@문장구분# 큰 행복은 아니지만 아무 탈없이 우리가 살고 있음에 감사함을 보냅니다.#@문장구분# 내일도 오늘만큼만 했으면 좋겠다라는 아빠의 말씀에 동감하며 저도 오늘만 같이 조용하고 별탈없이 하루가 지나가기를 바랍니다.#@문장구분# 별일 없이 하루 하루 산다는게 얼마나 소중하고 행복한 것임을 우리는 깨달아야 할 것입니다.#@문장구분# 그리고 사소한 하루 하루의 모든것에 감사하는 삶을 살면 삶의 만족도가 매우 많이 높아지고 행복하게 될거라고 생각합니다.#@문장구분#",
      "paragraph_len": 942,
      "paragraph_id": "001"
    }
  ],
  "score": {
    "paragraph_score": [
      {
        "paragraph_scoreT": [
          3,
          3,
          3
        ],
        "paragraph_scoreT_detail": {
          "paragraph_scoreT_exp": [
            [
              3,
              3,
              3
            ],
            [
              3,
              3,
              3
            ],
            [
              3,
              3,
              3
            ]
          ]
        },
        "paragraph_scoreT_avg": 3,
        "paragraph_id": "001"
      }
    ],
    "essay_scoreT": [
      28.5,
      28.5,
      30
    ],
    "essay_scoreT_avg": 29,
    "essay_scoreT_detail": {
      "essay_scoreT_org": [
        [
          3,
          3,
          3,
          3
        ],
        [
          3,
          3,
          3,
          3
        ],
        [
          3,
          3,
          3,
          3
        ]
      ],
      "essay_scoreT_cont": [
        [
          3,
          2,
          0,
          3
        ],
        [
          3,
          2,
          0,
          3
        ],
        [
          3,
          3,
          0,
          3
        ]
      ],
      "essay_scoreT_exp": [
        [
          3,
          3,
          3
        ],
        [
          3,
          3,
          3
        ],
        [
          3,
          3,
          3
        ]
      ]
    }
  },
  "student": {
    "date": "2021.12.15",
    "student_educated": true,
    "student_grade": "고등_1학년",
    "location": "063",
    "student_grade_group": "고등",
    "student_reading": 2
  },
  "rubric": {
    "essay_grade": "고등_1학년",
    "organization_weight": {
      "org_paragraph": 2,
      "org": 2,
      "org_essay": 4,
      "org_coherence": 2,
      "org_quantity": 1
    },
    "essay_type": "글짓기",
    "content_weight": {
      "con_clearance": 4,
      "con_novelty": 3,
      "con": 4,
      "con_prompt": 0,
      "con_description": 1
    },
    "essay_main_subject": "소중함을 잃었던 경험",
    "expression_weight": {
      "exp_style": 1,
      "exp_grammar": 2,
      "exp_vocab": 3,
      "exp": 4
    }
  },
  "correction": [],
  "info": {
    "essay_id": "ESSAY_62966",
    "essay_prompt": " 익숙함에 속아 소중함을 잊지 말자는 명언 (Do not get fooled by something familiar and forget what is priceless.)이 있습니다.\n\n 부모님께서 매일 해주시는 아침밥이나, 너무 친해서 매일 맛있는 간식을 사주는 친구 등 처음에는 매우 감사했지만 반복되는 호의에 우리는 소중함을 잊어가기도 합니다.\n\n 작은 소중함일지라도 그 소중함을 잃게 되면 호의를 베푸는 사람 입장에서는 매우 당황스럽고 기분이 나쁠 수 있어요.\n\n 여러분은 익숙함에 속아 소중함을 잊었던 사례와 그로 인해 상대방의 기분을 나쁘게 했던 경험이 있나요? 만약 있다면 관계를 회복하기 위해 어떤 노력을 하셨나요? 본인의 경험을 작성해주세요.\n\n 만약 그런 적이 없다면 주변의 이야기나 본인에게 소중함을 주는 사람들에 관해 설명해주세요.",
    "essay_type": "글짓기",
    "essay_level": "2",
    "essay_len": 703,
    "essay_main_subject": "소중함을 잃었던 경험"
  }
}