{
  "paragraph": [
    {
      "paragraph_txt": "나는 아직까지 소중한게 사라져 본적은 없지만 소중한걸 잃어 본 적이 있는 사람들의 마음을 이상하게 알 것 같다.#@문장구분# 자기 주변에 사람들과 애완동물, 물건들이 사람마다 느끼는건  다르겠지만 어떤사람은 추억이 담아있는 물건 또는 추억을 소중하게 여길수 있을 것이다.#@문장구분# 우리에게 가족이 존재한다.#@문장구분# 좋은부모님, 나쁜부모님 이라도  사라진다면 부모님이라는 가치는 엄첨 나니깐 알수 있다. #@문장구분#그 무엇과도 바꿀수가 없으니까 말이다.#@문장구분# 아침밥을 해주는 부모님이 하루아침에 혼자 부모님집에서 아침밥을 먹으면 아무것 아니던게 소중해진다.#@문장구분# 이상하게 슬퍼질거야.#@문장구분# 부모님이 사라진다것 자체 얼마나 슬플까.#@문장구분#태어난 순간부터 매순간순간 마다  같이 있어준 사람이 사라진다면 남은 우리의 인생이 얼마나 슬플가까?#@문장구분# 소중한 것 매우 중요하고 가치가 있다. #@문장구분#그동안 별생각없이 살던 부모님과의 기억. 그냥 넘어가지말고 한번 더 생각하면서 인생을 살아가면 얼마나 멋진 인생일까 #@문장구분#그냥 흔한 것 이라도 소중하게 다루다가 사라지면 얼마나기분이않좋을까?#@문장구분# 이렇게 자기 소중한 것을 계속 잃어보면 후회 많이 할 것이다.#@문장구분# 자기소중한 것을 지키면서 인생을살아보자.#@문장구분# 작은 소중함일지라도 그 소중함을 잃게 되면  늦은 후회가 밀려 올 것이다.#@문장구분# 사람의 선행을 당연하다고 생각하지 말고 항상 감사하며 그 사람의 공로를 잊지 말고 그 선행을 나누면서 살자.#@문장구분# 그렇게 살면 언젠가는 서로 살기 좋은 행복한 사회가 올 수 있을 것이다.#@문장구분#",
      "paragraph_len": 1044,
      "paragraph_id": "001"
    }
  ],
  "score": {
    "paragraph_score": [
      {
        "paragraph_scoreT": [
          3,
          2.1666667,
          2.1666667
        ],
        "paragraph_scoreT_detail": {
          "paragraph_scoreT_exp": [
            [
              3,
              3,
              3
            ],
            [
              2,
              2,
              3
            ],
            [
              2,
              2,
              3
            ]
          ]
        },
        "paragraph_scoreT_avg": 2.4444447,
        "paragraph_id": "001"
      }
    ],
    "essay_scoreT": [
      30,
      24.666668,
      23.777779
    ],
    "essay_scoreT_avg": 26.148148,
    "essay_scoreT_detail": {
      "essay_scoreT_org": [
        [
          3,
          3,
          3,
          3
        ],
        [
          3,
          3,
          3,
          3
        ],
        [
          2,
          3,
          3,
          3
        ]
      ],
      "essay_scoreT_cont": [
        [
          3,
          3,
          0,
          3
        ],
        [
          2,
          3,
          0,
          3
        ],
        [
          2,
          3,
          0,
          3
        ]
      ],
      "essay_scoreT_exp": [
        [
          3,
          3,
          3
        ],
        [
          2,
          2,
          3
        ],
        [
          2,
          2,
          3
        ]
      ]
    }
  },
  "student": {
    "date": "2021.12.18",
    "student_educated": true,
    "student_grade": "고등_1학년",
    "location": "063",
    "student_grade_group": "고등",
    "student_reading": 2
  },
  "rubric": {
    "essay_grade": "고등_1학년",
    "organization_weight": {
      "org_paragraph": 2,
      "org": 2,
      "org_essay": 4,
      "org_coherence": 2,
      "org_quantity": 1
    },
    "essay_type": "글짓기",
    "content_weight": {
      "con_clearance": 4,
      "con_novelty": 3,
      "con": 4,
      "con_prompt": 0,
      "con_description": 1
    },
    "essay_main_subject": "소중함을 잃었던 경험",
    "expression_weight": {
      "exp_style": 1,
      "exp_grammar": 2,
      "exp_vocab": 3,
      "exp": 4
    }
  },
  "correction": [],
  "info": {
    "essay_id": "ESSAY_73391",
    "essay_prompt": " 익숙함에 속아 소중함을 잊지 말자는 명언 (Do not get fooled by something familiar and forget what is priceless.)이 있습니다.\n\n 부모님께서 매일 해주시는 아침밥이나, 너무 친해서 매일 맛있는 간식을 사주는 친구 등 처음에는 매우 감사했지만 반복되는 호의에 우리는 소중함을 잊어가기도 합니다.\n\n 작은 소중함일지라도 그 소중함을 잃게 되면 호의를 베푸는 사람 입장에서는 매우 당황스럽고 기분이 나쁠 수 있어요.\n\n 여러분은 익숙함에 속아 소중함을 잊었던 사례와 그로 인해 상대방의 기분을 나쁘게 했던 경험이 있나요? 만약 있다면 관계를 회복하기 위해 어떤 노력을 하셨나요? 본인의 경험을 작성해주세요.\n\n 만약 그런 적이 없다면 주변의 이야기나 본인에게 소중함을 주는 사람들에 관해 설명해주세요.",
    "essay_type": "글짓기",
    "essay_level": "2",
    "essay_len": 705,
    "essay_main_subject": "소중함을 잃었던 경험"
  }
}