{
  "paragraph": [
    {
      "paragraph_txt": "친구와 말다툼을 하여 사이가 멀어지게 되었습니다.#@문장구분# 다시 서로 화해를 해서 잘 지내고 있어서 다행이지 화해를 하지않았으면 평생 사이가 멀어진 채로 있었을 것입니다.#@문장구분# 이유는 정말 별거아니였습니다.#@문장구분# 돈을 집에 놓고온  나는 아무생각없이 친구에 지갑에서 5000원꺼내서 아이스크림을 사먹었습니다.#@문장구분# 저희는서로 지갑의 돈까지 공유하는 친구였습니다.#@문장구분# 그날따라 친구가 친구가 이상했지만 나는 아무렇지않게 꺼내서 먹을 것을 사먹었습니다.#@문장구분#  문자로 톡은 남겨놨지요.#@문장구분# 그런데 친구가 쫓아와서 지갑안에 들어있는 사진을 내놓으라고 소리를치는것이었습니다.#@문장구분# 저는 이네 하며 사진은없었다고 이야기했더니 욕을하며 덤비는거였습니다.#@문장구분# 저희는 그날 싸우고 선생님께 혼나고 그일로 인해 그 친구와 의절을 했습니다.#@문장구분# 나중에 알고 보니 그 친구가 입양아였는데 어릴적 친엄마와의 사진이 거기있었는데 제가 돈을꺼내다 같이빠져서 잃어버렸다가 다른 친구가 찾아주었다는 이야기를 듣고 그친구에게 엄청나게 잘못을 저질렀구나 라는생각에 사과했습니다.#@문장구분# 그친구는 저의사과를 받아줬고요.#@문장구분#또다른 것은 코로나 이전에 마스크를 안쓰고 돌아다니고 학원에서 자주 놀러도 다니고 할 때가 있었는데 마스크를 안쓰고 돌아다니는 것이 당연하다고 생각할 때 코로나가 터져 상태가 심각해지고 모든 사람의 마스크가 의무가 되었을 때 그제서야 마스크를 안쓰고 다니는 그 때의 소중함을 느꼈습니다.#@문장구분# 저는 그 소중함을 회복하고자 빨리 코로나가 종식되었으면 좋겠다는 마음가짐으로 방역수칙을 열심히 지키고 있습니다.#@문장구분#",
      "paragraph_len": 1035,
      "paragraph_id": "001"
    }
  ],
  "score": {
    "paragraph_score": [
      {
        "paragraph_scoreT": [
          2.8333333,
          3,
          3
        ],
        "paragraph_scoreT_detail": {
          "paragraph_scoreT_exp": [
            [
              3,
              3,
              2
            ],
            [
              3,
              3,
              3
            ],
            [
              3,
              3,
              3
            ]
          ]
        },
        "paragraph_scoreT_avg": 2.9444444,
        "paragraph_id": "001"
      }
    ],
    "essay_scoreT": [
      24.055555,
      27.555555,
      30
    ],
    "essay_scoreT_avg": 27.203705,
    "essay_scoreT_detail": {
      "essay_scoreT_org": [
        [
          2,
          2,
          2,
          3
        ],
        [
          3,
          3,
          2,
          3
        ],
        [
          3,
          3,
          3,
          3
        ]
      ],
      "essay_scoreT_cont": [
        [
          2,
          2,
          0,
          3
        ],
        [
          3,
          2,
          0,
          2
        ],
        [
          3,
          3,
          0,
          3
        ]
      ],
      "essay_scoreT_exp": [
        [
          3,
          3,
          2
        ],
        [
          3,
          3,
          3
        ],
        [
          3,
          3,
          3
        ]
      ]
    }
  },
  "student": {
    "date": "2021.12.15",
    "student_educated": true,
    "student_grade": "고등_1학년",
    "location": "063",
    "student_grade_group": "고등",
    "student_reading": 2
  },
  "rubric": {
    "essay_grade": "고등_1학년",
    "organization_weight": {
      "org_paragraph": 2,
      "org": 2,
      "org_essay": 4,
      "org_coherence": 2,
      "org_quantity": 1
    },
    "essay_type": "글짓기",
    "content_weight": {
      "con_clearance": 4,
      "con_novelty": 3,
      "con": 4,
      "con_prompt": 0,
      "con_description": 1
    },
    "essay_main_subject": "소중함을 잃었던 경험",
    "expression_weight": {
      "exp_style": 1,
      "exp_grammar": 2,
      "exp_vocab": 3,
      "exp": 4
    }
  },
  "correction": [],
  "info": {
    "essay_id": "ESSAY_73756",
    "essay_prompt": " 익숙함에 속아 소중함을 잊지 말자는 명언 (Do not get fooled by something familiar and forget what is priceless.)이 있습니다.\n\n 부모님께서 매일 해주시는 아침밥이나, 너무 친해서 매일 맛있는 간식을 사주는 친구 등 처음에는 매우 감사했지만 반복되는 호의에 우리는 소중함을 잊어가기도 합니다.\n\n 작은 소중함일지라도 그 소중함을 잃게 되면 호의를 베푸는 사람 입장에서는 매우 당황스럽고 기분이 나쁠 수 있어요.\n\n 여러분은 익숙함에 속아 소중함을 잊었던 사례와 그로 인해 상대방의 기분을 나쁘게 했던 경험이 있나요? 만약 있다면 관계를 회복하기 위해 어떤 노력을 하셨나요? 본인의 경험을 작성해주세요.\n\n 만약 그런 적이 없다면 주변의 이야기나 본인에게 소중함을 주는 사람들에 관해 설명해주세요.",
    "essay_type": "글짓기",
    "essay_level": "2",
    "essay_len": 747,
    "essay_main_subject": "소중함을 잃었던 경험"
  }
}