{
  "paragraph": [
    {
      "paragraph_txt": "학교에 지각을 하였습니다.#@문장구분# 엄마에게 택시비를 받아서 완젼 서둘러 학교에 가려는데 엄마가 쫒아나오시며 우산챙겨가라고 따라오셨습니다.#@문장구분# 너무 늦어서 \"몰라~\" 하고 뛰어서 예약된 택시로 뛰어 올라가서 타고 택시 문을 닫다가 손가락이 그만 문틈에 끼었습니다.#@문장구분# 새끼 손가락 끝이 얼마나 아프던지 엄마가 뛰어와서 문을 열지 않으셨다면 손가락이 끊어지지 않았을까 싶을 정도의 고통이었습니다.#@문장구분# 부어오르는 손을 부여잡고 병원에가서 엑스레이를 찍었는데 뼈에는 이상이 없으나 손톱이 빠질수 있다는 의사선생님의 말씀에 깜짝 놀랐습니다.#@문장구분# 한번도 내 손에 손톱이 빠져서 없어질거라고는 생각을 해본적이 없기 때문입니다.#@문장구분# 설마 설마 하며 약도 먹고 바르는 약도 바르고 며칠이 지났는데 손톱 아래에 새카맣게 멍이 올라오더니 손톱이 들립니다.#@문장구분# 손톱이 아무래도 빠지려고 그러나봅니다.#@문장구분# 너무 무섭고 손도 이상하고 괴물손 같고 손톱이 빠지고 않나오면 어찌나 싶고 걱정이 태산입니다.#@문장구분# 손톱이 빠지고 새손톱이 올라오기까지 매우 오랜 시간이 걸렸습니다.#@문장구분# 저는 손톱이 도대체 내 손에서 무슨 역할을 맡은 건지 몰랐습니다.#@문장구분# 네일아트용 꾸밈용 손톱인줄 알고 이제껏 살았으니까요.#@문장구분# 하지만 손톱이 빠져서 없어지자 손톱없는 손가락은 힘을 쓰지 못하였습니다.#@문장구분# 컴퓨터를 사용할때도 윗쪽에서 받쳐주는 것이 없기 때문에 손끝에 힘이 들어가지 않았고 미관상으로도 매우 불쌍 사나웠습니다.#@문장구분# 우리 몸에 없어도 되는 것은 하나도 없는 모양 입니다.#@문장구분# 손톱하나도 없으니 이렇게 불편하고 아프고 미운것인데 지금은 건강한 손톱이 올라왔습니다.#@문장구분# 얼마나 감사한 일인지 모르겠습니다.#@문장구분# 저는 어디 하나 아픈곳 없이 건강한 제 신체와 정신에 너무 감사하고 소중함을 느낍니다.#@문장구분# 큰 병없이 건강하게 클수 있게 키워주시는 부모님도 너무 감사드립니다.#@문장구분#",
      "paragraph_len": 1253,
      "paragraph_id": "001"
    }
  ],
  "score": {
    "paragraph_score": [
      {
        "paragraph_scoreT": [
          3,
          3,
          2.3333333
        ],
        "paragraph_scoreT_detail": {
          "paragraph_scoreT_exp": [
            [
              3,
              3,
              3
            ],
            [
              3,
              3,
              3
            ],
            [
              3,
              2,
              2
            ]
          ]
        },
        "paragraph_scoreT_avg": 2.7777777,
        "paragraph_id": "001"
      }
    ],
    "essay_scoreT": [
      30,
      29.11111,
      23.38889
    ],
    "essay_scoreT_avg": 27.5,
    "essay_scoreT_detail": {
      "essay_scoreT_org": [
        [
          3,
          3,
          3,
          3
        ],
        [
          2,
          3,
          3,
          3
        ],
        [
          3,
          3,
          2,
          3
        ]
      ],
      "essay_scoreT_cont": [
        [
          3,
          3,
          0,
          3
        ],
        [
          3,
          3,
          0,
          3
        ],
        [
          2,
          2,
          0,
          3
        ]
      ],
      "essay_scoreT_exp": [
        [
          3,
          3,
          3
        ],
        [
          3,
          3,
          3
        ],
        [
          3,
          2,
          2
        ]
      ]
    }
  },
  "student": {
    "date": "2021.12.15",
    "student_educated": true,
    "student_grade": "고등_1학년",
    "location": "063",
    "student_grade_group": "고등",
    "student_reading": 1
  },
  "rubric": {
    "essay_grade": "고등_1학년",
    "organization_weight": {
      "org_paragraph": 2,
      "org": 2,
      "org_essay": 4,
      "org_coherence": 2,
      "org_quantity": 1
    },
    "essay_type": "글짓기",
    "content_weight": {
      "con_clearance": 4,
      "con_novelty": 3,
      "con": 4,
      "con_prompt": 0,
      "con_description": 1
    },
    "essay_main_subject": "소중함을 잃었던 경험",
    "expression_weight": {
      "exp_style": 1,
      "exp_grammar": 2,
      "exp_vocab": 3,
      "exp": 4
    }
  },
  "correction": [],
  "info": {
    "essay_id": "ESSAY_62930",
    "essay_prompt": " 익숙함에 속아 소중함을 잊지 말자는 명언 (Do not get fooled by something familiar and forget what is priceless.)이 있습니다.\n\n 부모님께서 매일 해주시는 아침밥이나, 너무 친해서 매일 맛있는 간식을 사주는 친구 등 처음에는 매우 감사했지만 반복되는 호의에 우리는 소중함을 잊어가기도 합니다.\n\n 작은 소중함일지라도 그 소중함을 잃게 되면 호의를 베푸는 사람 입장에서는 매우 당황스럽고 기분이 나쁠 수 있어요.\n\n 여러분은 익숙함에 속아 소중함을 잊었던 사례와 그로 인해 상대방의 기분을 나쁘게 했던 경험이 있나요? 만약 있다면 관계를 회복하기 위해 어떤 노력을 하셨나요? 본인의 경험을 작성해주세요.\n\n 만약 그런 적이 없다면 주변의 이야기나 본인에게 소중함을 주는 사람들에 관해 설명해주세요.",
    "essay_type": "글짓기",
    "essay_level": "2",
    "essay_len": 873,
    "essay_main_subject": "소중함을 잃었던 경험"
  }
}