{
  "paragraph": [
    {
      "paragraph_txt": "학교생활을 포함하여 사회생활을 하다 보면 많은 사람들을 만나고, 정말 누군가 나를 좋아해주고 용기내서 마음을 표현해주었던 사람이 있을 것이다.#@문장구분# 하지만 아쉽게도 마음에 들지 않는 이유로 그 사람에게 고마움은 커녕 상처만 안겨주는 경우도 많았던 것 같다.#@문장구분# 때로는 진실된 마음이 느껴졌다면 상처를 주기 보다는 고마움을 표현해보는 것은 어떨까.#@문장구분# 사람들과 유대관계를 형성하고 있지만, 정작 내가 필요로 할때, 아니 심적으로 외롭거나 누군가 옆에 있어줬으면 할 때, 옆에 있어줄 사람이 누군지 한 번 곰곰하게 생각해봤다.#@문장구분# 그러니 내 주변 몇몇과 가족들이 전부 때로는 내 옆에 존재하는 소중한 사람들이 누군지도 모른채, 고마움을 표현하지도 못한채 살아왔다는것이 조금은 후회가 된다.#@문장구분# 무엇을 담기 위해 무엇을 위해 이토록 열심히 살아가는 걸까.#@문장구분# 심지어는 마음속의 작은 여유조차 없을 만큼 너무나 정신없이 살아가고 있는 것 같다.#@문장구분# 조금만 다르게 생각해서, 일할 때에도 눈과 손은 바쁘지만, 마음속의 여유만은 잃지 않는 연습을 해보는 것도 좋을 것 같다.#@문장구분# 요즘은 아무리 매마르고 삭막하다고 할지언정, 마음속에 나만의 감성은 매마르고 삭막하지를 않았으면 좋겠다.#@문장구분# 마음속에 조금씩 내리는 단비같은 것이라고 할까.#@문장구분# 때로는 시나 음악 등 내 매마른 마음속에 단비같은 영양분을 줄 수 있는 나만의 방법들을 찾아보는 것도 좋을 것 같다.#@문장구분# 사막에서 이틀동아 물한모금 먹지 못한 사람에게 가장 소중한 것은 무엇일까. #@문장구분#화려한 호텔도 아파트도 그리고 최고급레스토랑의 음식도 아닐 것이다. 그것은 바로 물 한모금이다. 작은 것이 더 소중하다.#@문장구분#",
      "paragraph_len": 1047,
      "paragraph_id": "001"
    }
  ],
  "score": {
    "paragraph_score": [
      {
        "paragraph_scoreT": [
          3,
          3,
          3
        ],
        "paragraph_scoreT_detail": {
          "paragraph_scoreT_exp": [
            [
              3,
              3,
              3
            ],
            [
              3,
              3,
              3
            ],
            [
              3,
              3,
              3
            ]
          ]
        },
        "paragraph_scoreT_avg": 3,
        "paragraph_id": "001"
      }
    ],
    "essay_scoreT": [
      30,
      30,
      30
    ],
    "essay_scoreT_avg": 30,
    "essay_scoreT_detail": {
      "essay_scoreT_org": [
        [
          3,
          3,
          3,
          3
        ],
        [
          3,
          3,
          3,
          3
        ],
        [
          3,
          3,
          3,
          3
        ]
      ],
      "essay_scoreT_cont": [
        [
          3,
          3,
          0,
          3
        ],
        [
          3,
          3,
          0,
          3
        ],
        [
          3,
          3,
          0,
          3
        ]
      ],
      "essay_scoreT_exp": [
        [
          3,
          3,
          3
        ],
        [
          3,
          3,
          3
        ],
        [
          3,
          3,
          3
        ]
      ]
    }
  },
  "student": {
    "date": "2021.12.17",
    "student_educated": true,
    "student_grade": "고등_1학년",
    "location": "044",
    "student_grade_group": "고등",
    "student_reading": 2
  },
  "rubric": {
    "essay_grade": "고등_1학년",
    "organization_weight": {
      "org_paragraph": 2,
      "org": 2,
      "org_essay": 4,
      "org_coherence": 2,
      "org_quantity": 1
    },
    "essay_type": "글짓기",
    "content_weight": {
      "con_clearance": 4,
      "con_novelty": 3,
      "con": 4,
      "con_prompt": 0,
      "con_description": 1
    },
    "essay_main_subject": "소중함을 잃었던 경험",
    "expression_weight": {
      "exp_style": 1,
      "exp_grammar": 2,
      "exp_vocab": 3,
      "exp": 4
    }
  },
  "correction": [],
  "info": {
    "essay_id": "ESSAY_66006",
    "essay_prompt": " 익숙함에 속아 소중함을 잊지 말자는 명언 (Do not get fooled by something familiar and forget what is priceless.)이 있습니다.\n\n 부모님께서 매일 해주시는 아침밥이나, 너무 친해서 매일 맛있는 간식을 사주는 친구 등 처음에는 매우 감사했지만 반복되는 호의에 우리는 소중함을 잊어가기도 합니다.\n\n 작은 소중함일지라도 그 소중함을 잃게 되면 호의를 베푸는 사람 입장에서는 매우 당황스럽고 기분이 나쁠 수 있어요.\n\n 여러분은 익숙함에 속아 소중함을 잊었던 사례와 그로 인해 상대방의 기분을 나쁘게 했던 경험이 있나요? 만약 있다면 관계를 회복하기 위해 어떤 노력을 하셨나요? 본인의 경험을 작성해주세요.\n\n 만약 그런 적이 없다면 주변의 이야기나 본인에게 소중함을 주는 사람들에 관해 설명해주세요.",
    "essay_type": "글짓기",
    "essay_level": "2",
    "essay_len": 790,
    "essay_main_subject": "소중함을 잃었던 경험"
  }
}