{
  "paragraph": [
    {
      "paragraph_txt": "인생에서 진정으로 우리에게 소중한 것은 무엇일까?#@문장구분# 나는 어디에 있든지 지금 현재의 삶을 즐기고 사랑하는 것이 가장 소중하다고 생각합니다.#@문장구분# 어제 일을 놓고 후회하느라 시간을 낭비하고 싶지 않다.#@문장구분# 어제는 지나간 일이다.#@문장구분# 후회할 시간이 없다.#@문장구분# 그 시간은 이미 지나갔고 그 시간의 소중함도 지나갔다.#@문장구분# 이것이 소중함을 잃은것에 대한 나의 경험들이다.#@문장구분# 나는 과거를 용서했다.#@문장구분# 나에게 상처를 주었던 사람들을 용서했다.#@문장구분# 욕하고 손가락질 하느라 남은 평생을 낭비하고 싶지 않다.#@문장구분# 부모님을 상대로 투덜대는 사람들 정말 짜증나고 넌더리 난다.#@문장구분# 부모님이 도대체 무슨 잘못이 있다는 걸까.#@문장구분# 잘못이 있다면 최선을 다하는 것 뿐이다.#@문장구분# 정신병자가 아닌 이상 일부러 자녀에게 상처를 주는 부모님은 없다.#@문장구분# 용서해야 한다.#@문장구분# 모든 것을 용서해야 한다.#@문장구분# 그리고 모든 것을 잊어야 한다.#@문장구분# 잃어버린것에 대한 소중한 것에 대한 후회나 경험에 대한 두려움은 이제 잊어야 한다.#@문장구분# 이제 누구에게나 괜찮다고 말할 수 있어야 한다.#@문장구분# 부모님도 인간이라고 말하면서 부모님을 두 팔로 껴안을 수 있어야 한다.#@문장구분# 또한 자녀들도 그리고 친구들도 그리고 세상의 모든 사람들을 우리는 두팔로 껴안아야 한다.#@문장구분# 당신이 특별한 존재라는 것, 독특한 존재라는 것, 놀라운 존재라는 것, 그리고 이 세상 하나밖에 없는 존재라는 것을 깨달아야 한다.#@문장구분# 물론 우도 실수 할 때가 있고 어처구니없는 일을 할 때도 있고, 내가 인간이라는 사실을 잊을 때도 있다.#@문장구분# 하지만 여러분이 갖고있는 최대의 장점은 발전할 수 있는 잠재력이 있다는 점이다. 여러분은 지금 시작일 뿐이다.#@문장구분# 소중한 것을 잃는 경험이 주는 좋은점도 있다.#@문장구분#",
      "paragraph_len": 1303,
      "paragraph_id": "001"
    }
  ],
  "score": {
    "paragraph_score": [
      {
        "paragraph_scoreT": [
          3,
          2.5,
          3
        ],
        "paragraph_scoreT_detail": {
          "paragraph_scoreT_exp": [
            [
              3,
              3,
              3
            ],
            [
              2,
              3,
              2
            ],
            [
              3,
              3,
              3
            ]
          ]
        },
        "paragraph_scoreT_avg": 2.8333333,
        "paragraph_id": "001"
      }
    ],
    "essay_scoreT": [
      30,
      25.61111,
      28
    ],
    "essay_scoreT_avg": 27.87037,
    "essay_scoreT_detail": {
      "essay_scoreT_org": [
        [
          3,
          3,
          3,
          3
        ],
        [
          3,
          2,
          2,
          3
        ],
        [
          3,
          3,
          3,
          3
        ]
      ],
      "essay_scoreT_cont": [
        [
          3,
          3,
          0,
          3
        ],
        [
          3,
          2,
          0,
          3
        ],
        [
          2,
          3,
          0,
          3
        ]
      ],
      "essay_scoreT_exp": [
        [
          3,
          3,
          3
        ],
        [
          2,
          3,
          2
        ],
        [
          3,
          3,
          3
        ]
      ]
    }
  },
  "student": {
    "date": "2021.12.18",
    "student_educated": true,
    "student_grade": "고등_1학년",
    "location": "063",
    "student_grade_group": "고등",
    "student_reading": 2
  },
  "rubric": {
    "essay_grade": "고등_1학년",
    "organization_weight": {
      "org_paragraph": 2,
      "org": 2,
      "org_essay": 4,
      "org_coherence": 2,
      "org_quantity": 1
    },
    "essay_type": "글짓기",
    "content_weight": {
      "con_clearance": 4,
      "con_novelty": 3,
      "con": 4,
      "con_prompt": 0,
      "con_description": 1
    },
    "essay_main_subject": "소중함을 잃었던 경험",
    "expression_weight": {
      "exp_style": 1,
      "exp_grammar": 2,
      "exp_vocab": 3,
      "exp": 4
    }
  },
  "correction": [],
  "info": {
    "essay_id": "ESSAY_65833",
    "essay_prompt": " 익숙함에 속아 소중함을 잊지 말자는 명언 (Do not get fooled by something familiar and forget what is priceless.)이 있습니다.\n\n 부모님께서 매일 해주시는 아침밥이나, 너무 친해서 매일 맛있는 간식을 사주는 친구 등 처음에는 매우 감사했지만 반복되는 호의에 우리는 소중함을 잊어가기도 합니다.\n\n 작은 소중함일지라도 그 소중함을 잃게 되면 호의를 베푸는 사람 입장에서는 매우 당황스럽고 기분이 나쁠 수 있어요.\n\n 여러분은 익숙함에 속아 소중함을 잊었던 사례와 그로 인해 상대방의 기분을 나쁘게 했던 경험이 있나요? 만약 있다면 관계를 회복하기 위해 어떤 노력을 하셨나요? 본인의 경험을 작성해주세요.\n\n 만약 그런 적이 없다면 주변의 이야기나 본인에게 소중함을 주는 사람들에 관해 설명해주세요.",
    "essay_type": "글짓기",
    "essay_level": "2",
    "essay_len": 804,
    "essay_main_subject": "소중함을 잃었던 경험"
  }
}