{
  "paragraph": [
    {
      "paragraph_txt": "소중함이라는 것은 사실 사소한 부분에서부터 오는 것이라고 생각하는데, 그것을 가장 크게 느낀 것은 코로나19가 터진 이후였습니다.#@문장구분# 국내에서 코로나19 환자가 처음 발생하던 날이 아직도 잊혀지지 않는데, 그 날은 가장 사랑하는 친구들과 오랜만에 만나 밥을 먹고 있던 날이었습니다.#@문장구분# 밥을 먹으면서 이런 저런 이야기를 하고 있었는데, 가게에서 국내 1호 환자가 발생했대 진짜 큰일난거 아니야? 라는 소리가 크게 들렸고 우리도 부랴부랴 기사를 찾아보면서 서로 \"조심해야겠다\" 라던가 각자 그릇에다가 예비용 수저나 젓가락으로 담아서 뷔페식처럼 먹자 등등 여러가지를 얘기했던 기억이 납니다.#@문장구분# 그 이후로 학교 안에서의 생활도 많이 달라져서 이 날은 아직도 잊혀지지 않는 날 중 하루입니다.#@문장구분# 항상 지루하기만 했던 수업이지만, 그 수업 속에서 친구들과 몰래 떠들던 기억이나 동아리 활동을 하며 만났던 시간들이 순식간에 없어져버렸고, 처음에는 좋아하던 학원 친구들과 수업도 같이 못 듣게 되어 집에 갇혀있는게 이 순간이 영원할 것 같은 느낌이 들었습니다.#@문장구분# 지금이야 적응을 했고, 만나고 싶던 친구들과 다같이는 못 만나더라도 한 두명씩 약속을 잡아 얼굴을 나눠보는 시간도 생겨서 굉장히 삶의 활력이 돌고 있습니다.#@문장구분#\n 소중함이라는 주제를 받아보며 가장 먼저 떠오르는 것은 이런 사소한 일상도 뒤돌아 생각해보니 영원하지 않을 수 있다는 것 그렇기에 더욱 소중했다라는 생각이 들어서 적을 수 있는 것 같습니다.#@문장구분# 다음에 만났을 때는 친구들에게 오랜만에 소중한 만남을 이어갈 수 있었음에 감사하고 또 감사하다 라고 전할 수 있는 사람이 되고 싶습니다.#@문장구분#",
      "paragraph_len": 956,
      "paragraph_id": "001"
    }
  ],
  "score": {
    "paragraph_score": [
      {
        "paragraph_scoreT": [
          3,
          2,
          2
        ],
        "paragraph_scoreT_detail": {
          "paragraph_scoreT_exp": [
            [
              3,
              3,
              3
            ],
            [
              2,
              2,
              2
            ],
            [
              2,
              2,
              2
            ]
          ]
        },
        "paragraph_scoreT_avg": 2.3333333,
        "paragraph_id": "001"
      }
    ],
    "essay_scoreT": [
      30,
      20,
      18
    ],
    "essay_scoreT_avg": 22.666666,
    "essay_scoreT_detail": {
      "essay_scoreT_org": [
        [
          3,
          3,
          3,
          3
        ],
        [
          2,
          2,
          2,
          2
        ],
        [
          2,
          2,
          2,
          2
        ]
      ],
      "essay_scoreT_cont": [
        [
          3,
          3,
          0,
          3
        ],
        [
          2,
          2,
          0,
          2
        ],
        [
          1,
          2,
          0,
          2
        ]
      ],
      "essay_scoreT_exp": [
        [
          3,
          3,
          3
        ],
        [
          2,
          2,
          2
        ],
        [
          2,
          2,
          2
        ]
      ]
    }
  },
  "student": {
    "date": "2021.10.16",
    "student_educated": true,
    "student_grade": "고등_1학년",
    "location": "02",
    "student_grade_group": "고등",
    "student_reading": 2
  },
  "rubric": {
    "essay_grade": "고등_1학년",
    "organization_weight": {
      "org_paragraph": 2,
      "org": 2,
      "org_essay": 4,
      "org_coherence": 2,
      "org_quantity": 1
    },
    "essay_type": "글짓기",
    "content_weight": {
      "con_clearance": 4,
      "con_novelty": 3,
      "con": 4,
      "con_prompt": 0,
      "con_description": 1
    },
    "essay_main_subject": "소중함을 잃었던 경험",
    "expression_weight": {
      "exp_style": 1,
      "exp_grammar": 2,
      "exp_vocab": 3,
      "exp": 4
    }
  },
  "correction": [],
  "info": {
    "essay_id": "ESSAY_37021",
    "essay_prompt": " 익숙함에 속아 소중함을 잊지 말자는 명언 (Do not get fooled by something familiar and forget what is priceless.)이 있습니다.\n\n 부모님께서 매일 해주시는 아침밥이나, 너무 친해서 매일 맛있는 간식을 사주는 친구 등 처음에는 매우 감사했지만 반복되는 호의에 우리는 소중함을 잊어가기도 합니다.\n\n 작은 소중함일지라도 그 소중함을 잃게 되면 호의를 베푸는 사람 입장에서는 매우 당황스럽고 기분이 나쁠 수 있어요.\n\n 여러분은 익숙함에 속아 소중함을 잊었던 사례와 그로 인해 상대방의 기분을 나쁘게 했던 경험이 있나요? 만약 있다면 관계를 회복하기 위해 어떤 노력을 하셨나요? 본인의 경험을 작성해주세요.\n\n 만약 그런 적이 없다면 주변의 이야기나 본인에게 소중함을 주는 사람들에 관해 설명해주세요.",
    "essay_type": "글짓기",
    "essay_level": "2",
    "essay_len": 796,
    "essay_main_subject": "소중함을 잃었던 경험"
  }
}