{
  "paragraph": [
    {
      "paragraph_txt": "지금 시대에 필수품이라고 생각하는 것은 저는 핸드폰이라고 생각합니다.#@문장구분# 선택이 아닌 필수라고 생각하고 있기에 핸드폰이 없는 생활을 생각해 본적이 없습니다.#@문장구분# 핸드폰으로 인터넷을 하고 게임을 하고 친구들과 통화도 하고 카톡도 하는 것이 당연하다고 느꼈습니다.#@문장구분# 초등학교 때부터 부모님께서 핸드폰을 사주시고 꼭 가지고 다니면서 어디를 가든 연락 잘 하고 늦게 들어오는 일이 생기면 꼭 전화하라고 사주셨습니다.#@문장구분# 그때는 당연하다고 느꼈고 친구들과 다 핸드폰이 있어서 당연히 사주는 거라고 생각하였습니다.#@문장구분# 그러던 중 친구들과 축구를 하다가 핸드폰을 잃어버렸습니다.#@문장구분# 부모님께서는 핸드폰을 제대로 간수 못했다는 이유로 한달 동안은 핸드폰을 안 사주신다고 하셨으며, 저는 한달 동안은 핸드폰 없이 살 수 있다고 생각했습니다.#@문장구분#막상 핸드폰 없이 하루가 지나니 불편한 점이 너무 많았습니다.#@문장구분# 누구와 연락을 할려고 해도 할 수 가 없었으며, 친구 핸드폰을 빌려 부모님이나 다른 친구에게 전화를 할려고 해도 연락처를 외우고 있지 않아서 전화번호도 모르는 상황이였습니다.#@문장구분# 항상 핸드폰에 이름만 치면 바로 연락 할수 있어서 연락처를 외우지 않고 있었는데 막상 핸드폰이 없으니 그 누구에게도 연락처를 외우지 않아서 연락 할 수 없는 제 자신을 보고는 아무것도 할 수 없는 사람이라는 것을 느끼게 되었습니다.#@문장구분# 사소하게만 느껴졌던 인터넷이나 카톡도 익숙함으로 인해서 별거 아니라고 생각했던 제 자신이 부끄러웠습니다.#@문장구분# 다행이 일주일만에 다시 핸드폰을 찾았지만 일주일이라는 시간동안 익숙함에 젖어서 소중함을 몰랐던 경험을 하게 되었습니다.#@문장구분#",
      "paragraph_len": 1022,
      "paragraph_id": "001"
    }
  ],
  "score": {
    "paragraph_score": [
      {
        "paragraph_scoreT": [
          3,
          2.8333333,
          2.5
        ],
        "paragraph_scoreT_detail": {
          "paragraph_scoreT_exp": [
            [
              3,
              3,
              3
            ],
            [
              3,
              3,
              2
            ],
            [
              2,
              3,
              2
            ]
          ]
        },
        "paragraph_scoreT_avg": 2.7777777,
        "paragraph_id": "001"
      }
    ],
    "essay_scoreT": [
      30,
      26.722221,
      23.166666
    ],
    "essay_scoreT_avg": 26.62963,
    "essay_scoreT_detail": {
      "essay_scoreT_org": [
        [
          3,
          3,
          3,
          3
        ],
        [
          2,
          3,
          3,
          2
        ],
        [
          2,
          3,
          2,
          3
        ]
      ],
      "essay_scoreT_cont": [
        [
          3,
          3,
          0,
          3
        ],
        [
          3,
          2,
          0,
          3
        ],
        [
          2,
          2,
          0,
          3
        ]
      ],
      "essay_scoreT_exp": [
        [
          3,
          3,
          3
        ],
        [
          3,
          3,
          2
        ],
        [
          2,
          3,
          2
        ]
      ]
    }
  },
  "student": {
    "date": "2021.12.15",
    "student_educated": true,
    "student_grade": "고등_1학년",
    "location": "042",
    "student_grade_group": "고등",
    "student_reading": 1
  },
  "rubric": {
    "essay_grade": "고등_1학년",
    "organization_weight": {
      "org_paragraph": 2,
      "org": 2,
      "org_essay": 4,
      "org_coherence": 2,
      "org_quantity": 1
    },
    "essay_type": "글짓기",
    "content_weight": {
      "con_clearance": 4,
      "con_novelty": 3,
      "con": 4,
      "con_prompt": 0,
      "con_description": 1
    },
    "essay_main_subject": "소중함을 잃었던 경험",
    "expression_weight": {
      "exp_style": 1,
      "exp_grammar": 2,
      "exp_vocab": 3,
      "exp": 4
    }
  },
  "correction": [],
  "info": {
    "essay_id": "ESSAY_62876",
    "essay_prompt": " 익숙함에 속아 소중함을 잊지 말자는 명언 (Do not get fooled by something familiar and forget what is priceless.)이 있습니다.\n\n 부모님께서 매일 해주시는 아침밥이나, 너무 친해서 매일 맛있는 간식을 사주는 친구 등 처음에는 매우 감사했지만 반복되는 호의에 우리는 소중함을 잊어가기도 합니다.\n\n 작은 소중함일지라도 그 소중함을 잃게 되면 호의를 베푸는 사람 입장에서는 매우 당황스럽고 기분이 나쁠 수 있어요.\n\n 여러분은 익숙함에 속아 소중함을 잊었던 사례와 그로 인해 상대방의 기분을 나쁘게 했던 경험이 있나요? 만약 있다면 관계를 회복하기 위해 어떤 노력을 하셨나요? 본인의 경험을 작성해주세요.\n\n 만약 그런 적이 없다면 주변의 이야기나 본인에게 소중함을 주는 사람들에 관해 설명해주세요.",
    "essay_type": "글짓기",
    "essay_level": "2",
    "essay_len": 797,
    "essay_main_subject": "소중함을 잃었던 경험"
  }
}