{
  "paragraph": [
    {
      "paragraph_txt": "초등학교 때부터 사귄 친구가 있었습니다.#@문장구분# 동네 친구이기도 하며, 나이도 같고 성격도 비슷하여 금방 친해져서 둘도 없는 단짝 이였습니다.#@문장구분# 1학년 때부터 6학년 때 까지 같은 반을 한 번도 하지 못했지만 학교가 끝나고 동네에서 매일 보고 놀았기 때문에 같은 반이 되지 못해서 아쉬운 적이 한 번도 없었습니다.#@문장구분# 그렇게 중학교도 같은 학교로 가게 되어서 더욱 친하게 지내고 서로 자기가 좋아하는 여자애에 대한 이야기도 많이 하고 고민도 들어주면서 서로에게 버팀목이 되어주었습니다.#@문장구분# 그러던 중 다른 친구의 이간질로 인하여 사이가 멀어지게 되었습니다.#@문장구분# 친구 중 한명이 우스게 소리로 둘이 싸우면 누가 이기냐는 말을 꺼냈으며, 아무 생각 없이 내가 이긴다고 이야기를 하니, 물어본 친구가 동네친구에게 가서 니가 재랑 싸우면 니가 진다고 하던데 라면서 이간질을 하였습니다.#@문장구분# 중학교 시기인 만큼 사춘기도 오고 자존심도 둘 다 쎈 편이여서 둘이 감정이 상하였고 그 뒤로는 서로 봐도 인사도 안하고 아는 척도 하지 않았습니다.#@문장구분# 그렇게 한 달이라는 시간이 흐르니 동네친구에 대한 빈자리가 컸습니다.#@문장구분# 진솔하게 고민을 터 놓을 친구가 사라지니 뭔가 가슴이 답답하고 동네에서도 놀 친구가 없으니 심심하기 시작하였습니다.#@문장구분# 이렇게 계속 가다가는 정말 친구를 잃을 수 도 있다는 생각이 들어 먼저 친구에게 연락을 해서 보자고 하였습니다. #@문장구분#그날에 이야기를 솔직하게 털어 놓으면서 아무생각 없이 내가 말을 한 것 같고 자존심 때문에 너랑 말을 하지 않았다며 미안하다고 사과를 하니 친구도 저와 똑같이 제 빈자리를 느꼈다며, 자기도 미안하다고 사과하며 다시 친하게 지내기로 했습니다.#@문장구분# 그런 일이 일어 난지 2년이 지난 지금은 세상도 둘도 없는 친구로 지내고 있으며, 그때 겪은 일을 하나의 에피소드로 웃으면서 이야기 할 수 있게 되었습니다.#@문장구분#",
      "paragraph_len": 1137,
      "paragraph_id": "001"
    }
  ],
  "score": {
    "paragraph_score": [
      {
        "paragraph_scoreT": [
          3,
          3,
          2.1666667
        ],
        "paragraph_scoreT_detail": {
          "paragraph_scoreT_exp": [
            [
              3,
              3,
              3
            ],
            [
              3,
              3,
              3
            ],
            [
              2,
              2,
              3
            ]
          ]
        },
        "paragraph_scoreT_avg": 2.7222223,
        "paragraph_id": "001"
      }
    ],
    "essay_scoreT": [
      30,
      30,
      26.666668
    ],
    "essay_scoreT_avg": 28.888891,
    "essay_scoreT_detail": {
      "essay_scoreT_org": [
        [
          3,
          3,
          3,
          3
        ],
        [
          3,
          3,
          3,
          3
        ],
        [
          3,
          3,
          3,
          3
        ]
      ],
      "essay_scoreT_cont": [
        [
          3,
          3,
          0,
          3
        ],
        [
          3,
          3,
          0,
          3
        ],
        [
          3,
          3,
          0,
          3
        ]
      ],
      "essay_scoreT_exp": [
        [
          3,
          3,
          3
        ],
        [
          3,
          3,
          3
        ],
        [
          2,
          2,
          3
        ]
      ]
    }
  },
  "student": {
    "date": "2021.12.15",
    "student_educated": true,
    "student_grade": "고등_1학년",
    "location": "044",
    "student_grade_group": "고등",
    "student_reading": 1
  },
  "rubric": {
    "essay_grade": "고등_1학년",
    "organization_weight": {
      "org_paragraph": 2,
      "org": 2,
      "org_essay": 4,
      "org_coherence": 2,
      "org_quantity": 1
    },
    "essay_type": "글짓기",
    "content_weight": {
      "con_clearance": 4,
      "con_novelty": 3,
      "con": 4,
      "con_prompt": 0,
      "con_description": 1
    },
    "essay_main_subject": "소중함을 잃었던 경험",
    "expression_weight": {
      "exp_style": 1,
      "exp_grammar": 2,
      "exp_vocab": 3,
      "exp": 4
    }
  },
  "correction": [],
  "info": {
    "essay_id": "ESSAY_66002",
    "essay_prompt": " 익숙함에 속아 소중함을 잊지 말자는 명언 (Do not get fooled by something familiar and forget what is priceless.)이 있습니다.\n\n 부모님께서 매일 해주시는 아침밥이나, 너무 친해서 매일 맛있는 간식을 사주는 친구 등 처음에는 매우 감사했지만 반복되는 호의에 우리는 소중함을 잊어가기도 합니다.\n\n 작은 소중함일지라도 그 소중함을 잃게 되면 호의를 베푸는 사람 입장에서는 매우 당황스럽고 기분이 나쁠 수 있어요.\n\n 여러분은 익숙함에 속아 소중함을 잊었던 사례와 그로 인해 상대방의 기분을 나쁘게 했던 경험이 있나요? 만약 있다면 관계를 회복하기 위해 어떤 노력을 하셨나요? 본인의 경험을 작성해주세요.\n\n 만약 그런 적이 없다면 주변의 이야기나 본인에게 소중함을 주는 사람들에 관해 설명해주세요.",
    "essay_type": "글짓기",
    "essay_level": "2",
    "essay_len": 897,
    "essay_main_subject": "소중함을 잃었던 경험"
  }
}