{
  "paragraph": [
    {
      "paragraph_txt": "세계 곳곳을 돌아다니는 탐험대가 유적을 조사하기 위해 인적 드문 산속에 위치한 곳에서 토굴을 발견하게 되었다.#@문장구분# 그 토굴에서 탐험대가 발견한 것은 끝도 없이 쌓여있는 황금과 두 사람의 유골이었다.#@문장구분# 탐험대장은 이 두사람이 황금을 쓰지고 않고 모으기만 하다 죽었는지 이유를 알아내기 위해 조사했다.#@문장구분# 그리고 다음과 같은 결론에 도달했다.#@문장구분#황금을 캐기 위해 온 두 사람은 오래된 토굴에서 금을 발견했고 한동안 금을 캐며 토굴에서 생활하였다.#@문장구분# 그러나 그들은 오직 금을 모으는 데에만 정신이 팔렸고 앞으로 먹을 식량도 다가올 겨울고 대비하지 못한채 이미 겨울의 한 복판에 놓여져 있었고 밤새 쌓인 눈이 입구를 막아 버렸고 두 사람은 갇혀 죽고 말았던 것이었다.#@문장구분# 두사람은 평생을 쓰고도 남을 황금을 발견했지만 죽음앞에서 황금은 아무 쓸모없는 물건에 지나지 않았다.#@문장구분# 죽음이라는 것 앞에서 황금이나 다이아몬드 혹은 돈이라는 것은 의미가 없다.#@문장구분# 우리는 물질적인 것들과 돈만 중요시하고 이것을 가장 소중하게 여긴다.#@문장구분# 이것을 지키기 위해 가족도 버리고 친구도 버린다.#@문장구분# 그런데 진짜 소중한 것을 잃은 경험은 물질적인 것을 잃고 하는 것이 아니다.#@문장구분#더 중요하고 소중한 것이 인생에 남아 있다.#@문장구분# 그것은 바로 나의 사랑하는 사람들이고 비 물질적인 것들이다.#@문장구분# 죽는줄도 모르다 본인들이 가장 좋아하고 소중하게 여기는 황금을 더 모으기 위해 동굴에서 빠져나오지 못하고 얼어죽었던 이 두사람은 정말 소중한 것인 자신들의 목숨이 사라지는 것을 인지하지 못했다.#@문장구분#",
      "paragraph_len": 1017,
      "paragraph_id": "001"
    }
  ],
  "score": {
    "paragraph_score": [
      {
        "paragraph_scoreT": [
          3,
          3,
          3
        ],
        "paragraph_scoreT_detail": {
          "paragraph_scoreT_exp": [
            [
              3,
              3,
              3
            ],
            [
              3,
              3,
              3
            ],
            [
              3,
              3,
              3
            ]
          ]
        },
        "paragraph_scoreT_avg": 3,
        "paragraph_id": "001"
      }
    ],
    "essay_scoreT": [
      30,
      27.5,
      27.5
    ],
    "essay_scoreT_avg": 28.333334,
    "essay_scoreT_detail": {
      "essay_scoreT_org": [
        [
          3,
          3,
          3,
          3
        ],
        [
          3,
          3,
          3,
          3
        ],
        [
          3,
          3,
          3,
          3
        ]
      ],
      "essay_scoreT_cont": [
        [
          3,
          3,
          0,
          3
        ],
        [
          2,
          3,
          0,
          2
        ],
        [
          2,
          3,
          0,
          2
        ]
      ],
      "essay_scoreT_exp": [
        [
          3,
          3,
          3
        ],
        [
          3,
          3,
          3
        ],
        [
          3,
          3,
          3
        ]
      ]
    }
  },
  "student": {
    "date": "2021.12.17",
    "student_educated": true,
    "student_grade": "고등_1학년",
    "location": "044",
    "student_grade_group": "고등",
    "student_reading": 2
  },
  "rubric": {
    "essay_grade": "고등_1학년",
    "organization_weight": {
      "org_paragraph": 2,
      "org": 2,
      "org_essay": 4,
      "org_coherence": 2,
      "org_quantity": 1
    },
    "essay_type": "글짓기",
    "content_weight": {
      "con_clearance": 4,
      "con_novelty": 3,
      "con": 4,
      "con_prompt": 0,
      "con_description": 1
    },
    "essay_main_subject": "소중함을 잃었던 경험",
    "expression_weight": {
      "exp_style": 1,
      "exp_grammar": 2,
      "exp_vocab": 3,
      "exp": 4
    }
  },
  "correction": [],
  "info": {
    "essay_id": "ESSAY_66005",
    "essay_prompt": " 익숙함에 속아 소중함을 잊지 말자는 명언 (Do not get fooled by something familiar and forget what is priceless.)이 있습니다.\n\n 부모님께서 매일 해주시는 아침밥이나, 너무 친해서 매일 맛있는 간식을 사주는 친구 등 처음에는 매우 감사했지만 반복되는 호의에 우리는 소중함을 잊어가기도 합니다.\n\n 작은 소중함일지라도 그 소중함을 잃게 되면 호의를 베푸는 사람 입장에서는 매우 당황스럽고 기분이 나쁠 수 있어요.\n\n 여러분은 익숙함에 속아 소중함을 잊었던 사례와 그로 인해 상대방의 기분을 나쁘게 했던 경험이 있나요? 만약 있다면 관계를 회복하기 위해 어떤 노력을 하셨나요? 본인의 경험을 작성해주세요.\n\n 만약 그런 적이 없다면 주변의 이야기나 본인에게 소중함을 주는 사람들에 관해 설명해주세요.",
    "essay_type": "글짓기",
    "essay_level": "2",
    "essay_len": 739,
    "essay_main_subject": "소중함을 잃었던 경험"
  }
}