{
  "paragraph": [
    {
      "paragraph_txt": "소중함이란 누군가에겐 평생도록 간직하고 싶은 물건, 사람, 동물 등 다양하게 이루어져 있다.#@문장구분# 하지만 물건이라면 파괴, 잊혀짐, 흥미가 식으면서 잊혀지고 사람이라면 다양한 말과 행동으로 서로에게 상처를 입혀 헤어진다.#@문장구분# 물론 천생연문이라는 말도 있 긴 하지만 거의 없다. #@문장구분#동물이라면 결국 수명이라는 한계로 언젠간 헤어지고 슬픔이 머리 속을 잠식한다.#@문장구분# 주변에 가깝게 지냈던 사람들을 생각해보면 만나고 놀고 할수록 서로에게 애정이 생기고 우정이 생겨도 결국 인간이기에 사소한 실수 하나로 그 관계는 깨지고 우정 혹은 애정을 깨지지 않기 위해 화회나 다양한 방법으로 우정은 간직한다.#@문장구분# 하지만 결국 시간이 지나면 우정은 없어지고 새로운 사람들과 우정과 애정이 생긴다.#@문장구분# 어쩌면 서로에게 우정이 생기는 게 아닌 오직 나만의 우정이 아닌가라는 생각이 들기도 한 것 같다.#@문장구분# 우정이 아닌 어떠한 목적을 가지고 접근한 속내도 모른 채 순수하게 놀아나는 것이라면 언젠간 들통나 슬픔이 정신을 잠식시켜 정신을 차리지도 못 한 채 시간만 낭비한 날들을 생각한다면 그때 나를 위해 시간을 투자했더라면 지금의 나는 어떨까 하고 생각을 할 때가 많은 것 같다.#@문장구분# 앞으로 이런 과거의 경험을 잊지 말고 미래의 일어날 일들에 대해 잘 대처해 소중함을 잊지 않는 내가 되도록 노력할 것이다.#@문장구분# 한시라도 빨리 안부 인사를 전하는 것이 그 사람의 소중함을 일깨워주고 사이도 더 돈독해지는 길입니다.#@문장구분# 소중한 사람을 소중히 대하면 나 자신도 소중한 사람이 됩니다.#@문장구분# 우리 모두 서로를 소중히 대하는 태도를 가집시다.#@문장구분#",
      "paragraph_len": 1004,
      "paragraph_id": "001"
    }
  ],
  "score": {
    "paragraph_score": [
      {
        "paragraph_scoreT": [
          2.6666667,
          2,
          2
        ],
        "paragraph_scoreT_detail": {
          "paragraph_scoreT_exp": [
            [
              2,
              3,
              3
            ],
            [
              2,
              2,
              2
            ],
            [
              2,
              2,
              2
            ]
          ]
        },
        "paragraph_scoreT_avg": 2.2222223,
        "paragraph_id": "001"
      }
    ],
    "essay_scoreT": [
      25.166668,
      22.222221,
      22.666666
    ],
    "essay_scoreT_avg": 23.351852,
    "essay_scoreT_detail": {
      "essay_scoreT_org": [
        [
          3,
          3,
          3,
          3
        ],
        [
          2,
          2,
          2,
          3
        ],
        [
          2,
          2,
          3,
          3
        ]
      ],
      "essay_scoreT_cont": [
        [
          2,
          2,
          0,
          3
        ],
        [
          2,
          3,
          0,
          3
        ],
        [
          2,
          3,
          0,
          3
        ]
      ],
      "essay_scoreT_exp": [
        [
          2,
          3,
          3
        ],
        [
          2,
          2,
          2
        ],
        [
          2,
          2,
          2
        ]
      ]
    }
  },
  "student": {
    "date": "2021.12.18",
    "student_educated": true,
    "student_grade": "고등_1학년",
    "location": "063",
    "student_grade_group": "고등",
    "student_reading": 2
  },
  "rubric": {
    "essay_grade": "고등_1학년",
    "organization_weight": {
      "org_paragraph": 2,
      "org": 2,
      "org_essay": 4,
      "org_coherence": 2,
      "org_quantity": 1
    },
    "essay_type": "글짓기",
    "content_weight": {
      "con_clearance": 4,
      "con_novelty": 3,
      "con": 4,
      "con_prompt": 0,
      "con_description": 1
    },
    "essay_main_subject": "소중함을 잃었던 경험",
    "expression_weight": {
      "exp_style": 1,
      "exp_grammar": 2,
      "exp_vocab": 3,
      "exp": 4
    }
  },
  "correction": [],
  "info": {
    "essay_id": "ESSAY_73393",
    "essay_prompt": " 익숙함에 속아 소중함을 잊지 말자는 명언 (Do not get fooled by something familiar and forget what is priceless.)이 있습니다.\n\n 부모님께서 매일 해주시는 아침밥이나, 너무 친해서 매일 맛있는 간식을 사주는 친구 등 처음에는 매우 감사했지만 반복되는 호의에 우리는 소중함을 잊어가기도 합니다.\n\n 작은 소중함일지라도 그 소중함을 잃게 되면 호의를 베푸는 사람 입장에서는 매우 당황스럽고 기분이 나쁠 수 있어요.\n\n 여러분은 익숙함에 속아 소중함을 잊었던 사례와 그로 인해 상대방의 기분을 나쁘게 했던 경험이 있나요? 만약 있다면 관계를 회복하기 위해 어떤 노력을 하셨나요? 본인의 경험을 작성해주세요.\n\n 만약 그런 적이 없다면 주변의 이야기나 본인에게 소중함을 주는 사람들에 관해 설명해주세요.",
    "essay_type": "글짓기",
    "essay_level": "2",
    "essay_len": 765,
    "essay_main_subject": "소중함을 잃었던 경험"
  }
}