{
  "paragraph": [
    {
      "paragraph_txt": "저는 너무하게도 익숙함에 속아서 소중함을 잃었던 사례들이 그렇게 많지는 않지만 딱 보고나서 한 가지 기억이 났던 이야기가 생각이 났습니다.#@문장구분# 때는 제가 한 중학교 2학년 쯔음인데요.#@문장구분# 저는 그 때 저희 가족들과 같이 밖에서 외식을 하러 갔었습니다.#@문장구분# 그러고 나서는 저는 어쩌다가 워터파크 얘기가 나왔습니다. #@문장구분#저는 말했죠 \"아, 워터파크 가고 싶다.\"#@문장구분# 그러자 부모님은 말씀하셨습니다.#@문장구분# \"그럼 가족끼리 갈까?\" #@문장구분#저는 그 당시에 이렇게 말했습니다.#@문장구분# \"에이 가족들끼리 가면 뭐가 재밌어?\"#@문장구분# 네....#@문장구분# 저는 친구들과 노는 것이 너무나도 재미있어서 그런 재미에만 익숙해져 있었고 더 중요한 우리 가족들과의 소중한 재미와 추억을 까먹고 있었습니다.#@문장구분# 저는 저 말을 하고 아차 싶었습니다.#@문장구분# 어머니는 그 말을 듣고 황당해 하셨습니다.#@문장구분# 그러고는 저에게 \"이야... 아들 진짜 너무했다.\"라고요. #@문장구분#저는 정말 이 일을 어떻게 할지 몰랐습니다.#@문장구분# 그러고는 어머니는 저와 집에 가기 전까지 말을 안 하셨구요.#@문장구분# 저는 집까지 오면서 어머니께 말도 걸고 안아도 보고 온갖 노력이라는 노력은 다 해보았지만 어머니는 안 받아 주셨죠.#@문장구분# 저는 그러고는 집에 와서 자기 전에 용기를 내서 부모님께 사과를 드렸습니다.#@문장구분# 그러자 부모님은 \"친구도 소중하지만 가족이 더 소중한 거야.#@문장구분# 가족이랑 함께 있는 것이 더 즐겁고 행복한 거야.\" 라고 말씀을 해 주셨고 저는 그 말을 듣고 교훈을 느꼈습니다.#@문장구분# '아... 그래 친구들과의 재미에만 익숙해져서 가족들과의 행복과 추억의 소중함은 잃고 있었어...'#@문장구분# 그러고는 몇 일 뒤 저는 가족들과 함께 워터파크를 가서 그 누구보다도 행복하고 즐겁게 놀다가 왔습니다.#@문장구분# 정말 친구들과 있는 시간이 더 많아서 친구들과의 시간이 익숙해진다고 해서 부모님과의, 가족들과의 소중함을 잃으면은 안됩니다.#@문장구분# 여러분 부모님이 아무리 싫고 짜증이 나도 다 부모님께서 여러분을 사랑하고 아끼기 때문에 그러시는 것 입니다.#@문장구분# 다들 부모님과의 추억의 소중함을 잃지 마십시오.#@문장구분#",
      "paragraph_len": 1459,
      "paragraph_id": "001"
    }
  ],
  "score": {
    "paragraph_score": [
      {
        "paragraph_scoreT": [
          3,
          3,
          3
        ],
        "paragraph_scoreT_detail": {
          "paragraph_scoreT_exp": [
            [
              3,
              3,
              3
            ],
            [
              3,
              3,
              3
            ],
            [
              3,
              3,
              3
            ]
          ]
        },
        "paragraph_scoreT_avg": 3,
        "paragraph_id": "001"
      }
    ],
    "essay_scoreT": [
      28.277779,
      30,
      28.5
    ],
    "essay_scoreT_avg": 28.925926,
    "essay_scoreT_detail": {
      "essay_scoreT_org": [
        [
          3,
          3,
          3,
          2
        ],
        [
          3,
          3,
          3,
          3
        ],
        [
          3,
          3,
          3,
          3
        ]
      ],
      "essay_scoreT_cont": [
        [
          3,
          2,
          0,
          3
        ],
        [
          3,
          3,
          0,
          3
        ],
        [
          3,
          2,
          0,
          3
        ]
      ],
      "essay_scoreT_exp": [
        [
          3,
          3,
          3
        ],
        [
          3,
          3,
          3
        ],
        [
          3,
          3,
          3
        ]
      ]
    }
  },
  "student": {
    "date": "2021.09.29",
    "student_educated": true,
    "student_grade": "고등_1학년",
    "location": "051",
    "student_grade_group": "고등",
    "student_reading": 1
  },
  "rubric": {
    "essay_grade": "고등_1학년",
    "organization_weight": {
      "org_paragraph": 2,
      "org": 2,
      "org_essay": 4,
      "org_coherence": 2,
      "org_quantity": 1
    },
    "essay_type": "글짓기",
    "content_weight": {
      "con_clearance": 4,
      "con_novelty": 3,
      "con": 4,
      "con_prompt": 0,
      "con_description": 1
    },
    "essay_main_subject": "소중함을 잃었던 경험",
    "expression_weight": {
      "exp_style": 1,
      "exp_grammar": 2,
      "exp_vocab": 3,
      "exp": 4
    }
  },
  "correction": [],
  "info": {
    "essay_id": "ESSAY_35793",
    "essay_prompt": " 익숙함에 속아 소중함을 잊지 말자는 명언 (Do not get fooled by something familiar and forget what is priceless.)이 있습니다.\n\n 부모님께서 매일 해주시는 아침밥이나, 너무 친해서 매일 맛있는 간식을 사주는 친구 등 처음에는 매우 감사했지만 반복되는 호의에 우리는 소중함을 잊어가기도 합니다.\n\n 작은 소중함일지라도 그 소중함을 잃게 되면 호의를 베푸는 사람 입장에서는 매우 당황스럽고 기분이 나쁠 수 있어요.\n\n 여러분은 익숙함에 속아 소중함을 잊었던 사례와 그로 인해 상대방의 기분을 나쁘게 했던 경험이 있나요? 만약 있다면 관계를 회복하기 위해 어떤 노력을 하셨나요? 본인의 경험을 작성해주세요.\n\n 만약 그런 적이 없다면 주변의 이야기나 본인에게 소중함을 주는 사람들에 관해 설명해주세요.",
    "essay_type": "글짓기",
    "essay_level": "2",
    "essay_len": 959,
    "essay_main_subject": "소중함을 잃었던 경험"
  }
}