{
  "paragraph": [
    {
      "paragraph_txt": "소중함이라는 주제를 보았을때 내가 소중하게 생각하는게 무엇인가 생각해  보았다. #@문장구분#하지만 아무리 생각해봐도 없었다. #@문장구분#내가 여자친구가 있는것도 아니고 특별히 무엇을 아끼는 것도 아니라서찾기 힘들었다. #@문장구분#다시 처음부터 소중함이라는 주제로 제시문을 살펴보고나서야 내가 소중하게 생각하는 것을 찾았다.#@문장구분# 제시문에 익숙함에 속아 소중함을 잊지 말자는 명언을 보고 나에게 제일 익숙하고 또 금방 속아서 소중함을 잊을수 있는것은 바로 가족이었다.#@문장구분# 가족은 매일 보기때문에 익숙하다.#@문장구분# 또 살아가면서 제일 중요한거같다.#@문장구분# 내가 소중하게 생각하는 가족을 잃을뻔 했던적은 바로 부모님과의 싸움으로 관계가 틀어질뻔한게 생각났다.#@문장구분# 부모님과 싸울땐 여러가지 이유가 있는거같다.#@문장구분# 하지만 내가 싸웠을땐 아무래도 이 이유가 제일많을거같은데 바로 성적이었다. #@문장구분#내 성적은 좋은편은 아니다.#@문장구분# 시험이 끝났을때 부모님한테 매번 혼나고 나는 또 혼나는 상황에서 반박을 한다.#@문장구분# 시험이 끝나고 부모님과 싸움을 하고나면 꽤 긴 시간동안 정말 말을 안하게된다.#@문장구분# 나는 이런경우가 나에게 소중한것을 잃을뻔한거같다고 생각한다.#@문장구분# 이렇게 싸우고 나면 나는 친구집에서 자거나 내 방에서 아예 나가지 않는다.#@문장구분# 내가 소중한것을 회복하고자 내가 한 노력은 내가 먼저 부모님에게 다가가는 방법이었다.#@문장구분# 내 잘못이 크고 또 먼저 다가가서 죄송하다고 말했을때 부모님은 풀리셨다.#@문장구분# 소중함이 꼭 물건이 아니라는것을 이번에 알았다.#@문장구분#",
      "paragraph_len": 1057,
      "paragraph_id": "001"
    }
  ],
  "score": {
    "paragraph_score": [
      {
        "paragraph_scoreT": [
          3,
          3,
          3
        ],
        "paragraph_scoreT_detail": {
          "paragraph_scoreT_exp": [
            [
              3,
              3,
              3
            ],
            [
              3,
              3,
              3
            ],
            [
              3,
              3,
              3
            ]
          ]
        },
        "paragraph_scoreT_avg": 3,
        "paragraph_id": "001"
      }
    ],
    "essay_scoreT": [
      28,
      30,
      26.166666
    ],
    "essay_scoreT_avg": 28.055555,
    "essay_scoreT_detail": {
      "essay_scoreT_org": [
        [
          3,
          3,
          3,
          3
        ],
        [
          3,
          3,
          3,
          3
        ],
        [
          2,
          2,
          3,
          3
        ]
      ],
      "essay_scoreT_cont": [
        [
          2,
          3,
          0,
          3
        ],
        [
          3,
          3,
          0,
          3
        ],
        [
          2,
          3,
          0,
          2
        ]
      ],
      "essay_scoreT_exp": [
        [
          3,
          3,
          3
        ],
        [
          3,
          3,
          3
        ],
        [
          3,
          3,
          3
        ]
      ]
    }
  },
  "student": {
    "date": "2021.10.24",
    "student_educated": true,
    "student_grade": "고등_1학년",
    "location": "063",
    "student_grade_group": "고등",
    "student_reading": 2
  },
  "rubric": {
    "essay_grade": "고등_1학년",
    "organization_weight": {
      "org_paragraph": 2,
      "org": 2,
      "org_essay": 4,
      "org_coherence": 2,
      "org_quantity": 1
    },
    "essay_type": "글짓기",
    "content_weight": {
      "con_clearance": 4,
      "con_novelty": 3,
      "con": 4,
      "con_prompt": 0,
      "con_description": 1
    },
    "essay_main_subject": "소중함을 잃었던 경험",
    "expression_weight": {
      "exp_style": 1,
      "exp_grammar": 2,
      "exp_vocab": 3,
      "exp": 4
    }
  },
  "correction": [],
  "info": {
    "essay_id": "ESSAY_42724",
    "essay_prompt": " 익숙함에 속아 소중함을 잊지 말자는 명언 (Do not get fooled by something familiar and forget what is priceless.)이 있습니다.\n\n 부모님께서 매일 해주시는 아침밥이나, 너무 친해서 매일 맛있는 간식을 사주는 친구 등 처음에는 매우 감사했지만 반복되는 호의에 우리는 소중함을 잊어가기도 합니다.\n\n 작은 소중함일지라도 그 소중함을 잃게 되면 호의를 베푸는 사람 입장에서는 매우 당황스럽고 기분이 나쁠 수 있어요.\n\n 여러분은 익숙함에 속아 소중함을 잊었던 사례와 그로 인해 상대방의 기분을 나쁘게 했던 경험이 있나요? 만약 있다면 관계를 회복하기 위해 어떤 노력을 하셨나요? 본인의 경험을 작성해주세요.\n\n 만약 그런 적이 없다면 주변의 이야기나 본인에게 소중함을 주는 사람들에 관해 설명해주세요.",
    "essay_type": "글짓기",
    "essay_level": "2",
    "essay_len": 697,
    "essay_main_subject": "소중함을 잃었던 경험"
  }
}