{
  "paragraph": [
    {
      "paragraph_txt": "초등학생 때였다.#@문장구분# 한창 장난기가 많은 여느 아이들과 다를 바 없는 그런 4학년 꼬맹이였다.#@문장구분# 이제 친구들과는 친해질대로 친해져 있었고 그래서 서로 적당히 장난을 치는게 그저 재미있는 그런 때였다.#@문장구분# 친한 친구 사이에 서로 주고받는 적당한 장난은 서로의 우정이 더욱 쌓이게 해 주었다.#@문장구분# 하지만 장난도 익숙해지니 점점 심한 장난으로 번져가게 되었다.#@문장구분# 그러다 어느날 결국 일이 터지고 말았다.#@문장구분# 수업 시작 전 그 적막속에서 내가 지나가던 그 친구의 발을 걸었다.#@문장구분# 적막 속에서 넘어진 친구에게 이목이 집중되었고 모든 아이들이 웃었던 것으로 기억한다.#@문장구분# 나는 그 친구와의 장난에 익숙해져서 '그 친구라면 이 정도는 괜찮겠지.' 라는 안일한 생각으로 그런 짓을 벌였다.#@문장구분# 그 친구가 그날 유난히 기분이 안 좋았던 것도 고려하지 않은 채 말이다.#@문장구분# 안그래도 좋지 않은 기분에 그 친구는 내 장난이 너무 심하다고 생각했는지 선생님에게 나를 학교폭력으로 신고했다.#@문장구분# 물론 평소 우리 사이를 알고 있던 선생님이 사건의 전말을 듣고 내가 진심으로 사과하고 그 친구가 사과를 받아줘서 사건은 끝이 났다.#@문장구분# 나는 어린 마음에 처음엔 그 친구에게 실망했지만 이내 나의 행동을 뉘우쳤다.#@문장구분# 나는 그 친구와 항상 장난을 쳐 온 그 익숙함에 속아 소중한 우정을 잃어버렸다.#@문장구분# 우정을 쌓는 것은 오래걸렸지만 잃는 건 정말 한순간이었다.#@문장구분# 나는 그 후로 계속 그 친구와의 우정을 회복하기위해 힘썼고 그 친구도 내 진심을 알아주었다.#@문장구분# 자신도 그 때는 너무 성급하게 행동했다고 내 사과를  받아주었다.#@문장구분# 나의 경험처럼 익숙함이라는 것은 우리를 잘 속인다.#@문장구분# 익숙해지기 시작하면 문제가 생기게 되는 것이다.#@문장구분# 익숙함에 속지말고 나의 소중한 것들을 지켜내야겠다.#@문장구분# 우리는 너무 편안함만 추구해온 걸지도 모르겠다.#@문장구분#",
      "paragraph_len": 1284,
      "paragraph_id": "001"
    }
  ],
  "score": {
    "paragraph_score": [
      {
        "paragraph_scoreT": [
          3,
          3,
          2
        ],
        "paragraph_scoreT_detail": {
          "paragraph_scoreT_exp": [
            [
              3,
              3,
              3
            ],
            [
              3,
              3,
              3
            ],
            [
              2,
              2,
              2
            ]
          ]
        },
        "paragraph_scoreT_avg": 2.6666667,
        "paragraph_id": "001"
      }
    ],
    "essay_scoreT": [
      28.5,
      28.88889,
      20.222221
    ],
    "essay_scoreT_avg": 25.87037,
    "essay_scoreT_detail": {
      "essay_scoreT_org": [
        [
          3,
          3,
          3,
          3
        ],
        [
          2,
          3,
          3,
          2
        ],
        [
          2,
          2,
          2,
          3
        ]
      ],
      "essay_scoreT_cont": [
        [
          3,
          2,
          0,
          3
        ],
        [
          3,
          3,
          0,
          3
        ],
        [
          2,
          2,
          0,
          2
        ]
      ],
      "essay_scoreT_exp": [
        [
          3,
          3,
          3
        ],
        [
          3,
          3,
          3
        ],
        [
          2,
          2,
          2
        ]
      ]
    }
  },
  "student": {
    "date": "2021.09.29",
    "student_educated": true,
    "student_grade": "고등_1학년",
    "location": "051",
    "student_grade_group": "고등",
    "student_reading": 1
  },
  "rubric": {
    "essay_grade": "고등_1학년",
    "organization_weight": {
      "org_paragraph": 2,
      "org": 2,
      "org_essay": 4,
      "org_coherence": 2,
      "org_quantity": 1
    },
    "essay_type": "글짓기",
    "content_weight": {
      "con_clearance": 4,
      "con_novelty": 3,
      "con": 4,
      "con_prompt": 0,
      "con_description": 1
    },
    "essay_main_subject": "소중함을 잃었던 경험",
    "expression_weight": {
      "exp_style": 1,
      "exp_grammar": 2,
      "exp_vocab": 3,
      "exp": 4
    }
  },
  "correction": [],
  "info": {
    "essay_id": "ESSAY_35773",
    "essay_prompt": " 익숙함에 속아 소중함을 잊지 말자는 명언 (Do not get fooled by something familiar and forget what is priceless.)이 있습니다.\n\n 부모님께서 매일 해주시는 아침밥이나, 너무 친해서 매일 맛있는 간식을 사주는 친구 등 처음에는 매우 감사했지만 반복되는 호의에 우리는 소중함을 잊어가기도 합니다.\n\n 작은 소중함일지라도 그 소중함을 잃게 되면 호의를 베푸는 사람 입장에서는 매우 당황스럽고 기분이 나쁠 수 있어요.\n\n 여러분은 익숙함에 속아 소중함을 잊었던 사례와 그로 인해 상대방의 기분을 나쁘게 했던 경험이 있나요? 만약 있다면 관계를 회복하기 위해 어떤 노력을 하셨나요? 본인의 경험을 작성해주세요.\n\n 만약 그런 적이 없다면 주변의 이야기나 본인에게 소중함을 주는 사람들에 관해 설명해주세요.",
    "essay_type": "글짓기",
    "essay_level": "2",
    "essay_len": 864,
    "essay_main_subject": "소중함을 잃었던 경험"
  }
}