{
  "paragraph": [
    {
      "paragraph_txt": "나는 초등학교 때부터 친한 친구가 한 명 있었다.#@문장구분# 항상 학교에서도 붙어 있고 학교 마치고도 항상 놀고 그게 나와 그 친구의 일상이었다.#@문장구분# 이런 일상이 5년 정도 지속되다 보니 나도 익숙해져서 그 친구에게 좋게 말하면 무관심하고 나쁘게 말하면 지쳤다.#@문장구분# 그래서 행동을 바르게 하지 못했다.#@문장구분# 예를 들면 다른 친한 친구와 놀려고 그 친구와의 약속을 회피해 버렸고 친구의 연락을 잘 보지 않았다.#@문장구분# 이런 나의 태도에 지친 친구는 이제 나에게 먼저 연락하는 일이 줄었다.#@문장구분# 나는 아직 그것을 인지하지 못하고 다른 친구와 잘 놀고 있었다.#@문장구분#  2주 동안 연락이 안 오자 분명 편했는데 어딘가 불편한 마음이 들었다.#@문장구분# 나는 2주 후에야 내 마음을 인지한 것이다.#@문장구분# 그 친구에게 다시 연락을 해 보고 싶었지만 전에 했던 내 행동들이 너무 못됐다.#@문장구분# 나는 후회스러움과 그 친구에 대한 미안함과 보고 싶음에 밤마다 울었다.#@문장구분# 나는 친구를 놓치고 싶지 않아서 진심으로 사과하고 관계를 회복하고자 마음먹었다.#@문장구분# 학교 끝나고 문자로 며칠간 적어두던 사과문을 보냈다.#@문장구분# 그러자 정말 다행히도 나의 진심을 받아주었다.#@문장구분# 나는 그 순간 안도감과 긴장감이 풀려서 눈물이 났다.#@문장구분# 친구와 다시 놀게 되고 나는 그 아이와 처음 만난 순간으로 돌아간 것처럼 행동했다.#@문장구분# 말 귀담아 들어주기, 연락 잘 보기, 하는 말에 반응 잘 해주기 등 정말 별거 아닌 것들이다.#@문장구분# '익숙함에 속아 소중함을 잊지 말자' 대부분 가장 잘 알고 있는 속담이다.#@문장구분# 떠나간 사람에게 뒤늦게 후회하지 말고 평소에 잘 하자는 의미로 나는 이제 해석한다.#@문장구분# 만약 이 사람의 소중함을 잘 깨닫지 못할 때는 내 옆에 없다면 어떻게 될지 상상해봐라.#@문장구분# 아마 절대 놓지 못할 인연일 것이다.#@문장구분# 나는 이 속담의 진정한 뜻을 알게 해 준 내 친구에게 정말 고맙다.#@문장구분# 그리고 이게 나의 좌우명이다.#@문장구분#",
      "paragraph_len": 1347,
      "paragraph_id": "001"
    }
  ],
  "score": {
    "paragraph_score": [
      {
        "paragraph_scoreT": [
          2.8333333,
          3,
          2.5
        ],
        "paragraph_scoreT_detail": {
          "paragraph_scoreT_exp": [
            [
              3,
              3,
              2
            ],
            [
              3,
              3,
              3
            ],
            [
              2,
              3,
              2
            ]
          ]
        },
        "paragraph_scoreT_avg": 2.7777777,
        "paragraph_id": "001"
      }
    ],
    "essay_scoreT": [
      27.38889,
      26.222221,
      22.722221
    ],
    "essay_scoreT_avg": 25.444443,
    "essay_scoreT_detail": {
      "essay_scoreT_org": [
        [
          3,
          2,
          3,
          3
        ],
        [
          2,
          2,
          2,
          3
        ],
        [
          2,
          2,
          2,
          3
        ]
      ],
      "essay_scoreT_cont": [
        [
          3,
          2,
          0,
          3
        ],
        [
          3,
          2,
          0,
          2
        ],
        [
          2,
          2,
          0,
          3
        ]
      ],
      "essay_scoreT_exp": [
        [
          3,
          3,
          2
        ],
        [
          3,
          3,
          3
        ],
        [
          2,
          3,
          2
        ]
      ]
    }
  },
  "student": {
    "date": "2021.10.01",
    "student_educated": true,
    "student_grade": "고등_1학년",
    "location": "051",
    "student_grade_group": "고등",
    "student_reading": 1
  },
  "rubric": {
    "essay_grade": "고등_1학년",
    "organization_weight": {
      "org_paragraph": 2,
      "org": 2,
      "org_essay": 4,
      "org_coherence": 2,
      "org_quantity": 1
    },
    "essay_type": "글짓기",
    "content_weight": {
      "con_clearance": 4,
      "con_novelty": 3,
      "con": 4,
      "con_prompt": 0,
      "con_description": 1
    },
    "essay_main_subject": "소중함을 잃었던 경험",
    "expression_weight": {
      "exp_style": 1,
      "exp_grammar": 2,
      "exp_vocab": 3,
      "exp": 4
    }
  },
  "correction": [],
  "info": {
    "essay_id": "ESSAY_36409",
    "essay_prompt": " 익숙함에 속아 소중함을 잊지 말자는 명언 (Do not get fooled by something familiar and forget what is priceless.)이 있습니다.\n\n 부모님께서 매일 해주시는 아침밥이나, 너무 친해서 매일 맛있는 간식을 사주는 친구 등 처음에는 매우 감사했지만 반복되는 호의에 우리는 소중함을 잊어가기도 합니다.\n\n 작은 소중함일지라도 그 소중함을 잃게 되면 호의를 베푸는 사람 입장에서는 매우 당황스럽고 기분이 나쁠 수 있어요.\n\n 여러분은 익숙함에 속아 소중함을 잊었던 사례와 그로 인해 상대방의 기분을 나쁘게 했던 경험이 있나요? 만약 있다면 관계를 회복하기 위해 어떤 노력을 하셨나요? 본인의 경험을 작성해주세요.\n\n 만약 그런 적이 없다면 주변의 이야기나 본인에게 소중함을 주는 사람들에 관해 설명해주세요.",
    "essay_type": "글짓기",
    "essay_level": "2",
    "essay_len": 887,
    "essay_main_subject": "소중함을 잃었던 경험"
  }
}