{
  "paragraph": [
    {
      "paragraph_txt": "나에게 소중함을 느끼게해주는 사람들은 제 친구들입니다.#@문장구분# 꿈을 향해 서로 노력하고 학업에 열중하고있는 나에겐 여러 번의 실전 경험만이 실력을 늘리는 길이지요.#@문장구분# 나의 꿈은 소설가입니다.#@문장구분# 언제나 글을 쓰는 것이 일인 직업입니다.#@문장구분# 글을 쓰기 위해선 좋은 아이디어가 필요한데, 그를 만들어내기 위해서는 영감을 받는 것이 좋지요.#@문장구분# 영감을 제대로 받지 못할 경우에 만들어진 아이디어는 쓰기 참 어렵습니다.#@문장구분# 나의 마음에 들지 못합니다.#@문장구분# 그런데 이러한 상황에서 친구들은 제게 영감을 줍니다.#@문장구분# 머리가 잘 돌아가지 않아 글을 쓰는데 어려움을 겪을 때, 친구들과 함께 무언가를 하다 보면 어느새 영감을 얻어버립니다.#@문장구분# 딱히 그 행동의 종류는 정해진 것이 없습니다.#@문장구분# 아무 생각 없이 놀거나, 같이 얘기를 나누다보면 소설을 만들 수 있는 아이디어를 얻게 되는 것입니다.#@문장구분# 그렇게 만들어진 소설도 수 편 있지요.#@문장구분# 아주 의미 깊은 작품들이라 할 수 있습니다.#@문장구분# 또한 좋은 추억을 만들며 깊은 유대를 나누고 있으니, 그야말로 제일 좋은 제일친한친구라 할 수 있습니다.#@문장구분# 학교 생활이 끝나고 직장 생활을 할 때엔 같이 일본 여행을 가겠노라 하고 말이 오가기도 하였었습니다.#@문장구분# 그에서 또 좋은 추억들이 만들어지겠죠.#@문장구분# 이러한 점에서 제게 소중함을 주는 이들은 제 친구들이라 할 수 있습니다.#@문장구분# 이 글을 쓰는 계기로 인해 소중함에 대해 다시 한번 생각해 보는 시간이 되었습니다.#@문장구분# 앞으로 나에게 소중한 것들에게 소중히 대하는 내가 되겠습니다.#@문장구분#",
      "paragraph_len": 1103,
      "paragraph_id": "001"
    }
  ],
  "score": {
    "paragraph_score": [
      {
        "paragraph_scoreT": [
          3,
          2.8333333,
          2.3333333
        ],
        "paragraph_scoreT_detail": {
          "paragraph_scoreT_exp": [
            [
              3,
              3,
              3
            ],
            [
              3,
              3,
              2
            ],
            [
              3,
              2,
              2
            ]
          ]
        },
        "paragraph_scoreT_avg": 2.722222,
        "paragraph_id": "001"
      }
    ],
    "essay_scoreT": [
      30,
      24.222221,
      25.38889
    ],
    "essay_scoreT_avg": 26.537039,
    "essay_scoreT_detail": {
      "essay_scoreT_org": [
        [
          3,
          3,
          3,
          3
        ],
        [
          2,
          3,
          3,
          2
        ],
        [
          3,
          3,
          2,
          3
        ]
      ],
      "essay_scoreT_cont": [
        [
          3,
          3,
          0,
          3
        ],
        [
          2,
          2,
          0,
          2
        ],
        [
          3,
          2,
          0,
          3
        ]
      ],
      "essay_scoreT_exp": [
        [
          3,
          3,
          3
        ],
        [
          3,
          3,
          2
        ],
        [
          3,
          2,
          2
        ]
      ]
    }
  },
  "student": {
    "date": "2021.12.13",
    "student_educated": true,
    "student_grade": "고등_1학년",
    "location": "063",
    "student_grade_group": "고등",
    "student_reading": 2
  },
  "rubric": {
    "essay_grade": "고등_1학년",
    "organization_weight": {
      "org_paragraph": 2,
      "org": 2,
      "org_essay": 4,
      "org_coherence": 2,
      "org_quantity": 1
    },
    "essay_type": "글짓기",
    "content_weight": {
      "con_clearance": 4,
      "con_novelty": 3,
      "con": 4,
      "con_prompt": 0,
      "con_description": 1
    },
    "essay_main_subject": "소중함을 잃었던 경험",
    "expression_weight": {
      "exp_style": 1,
      "exp_grammar": 2,
      "exp_vocab": 3,
      "exp": 4
    }
  },
  "correction": [],
  "info": {
    "essay_id": "ESSAY_62713",
    "essay_prompt": " 익숙함에 속아 소중함을 잊지 말자는 명언 (Do not get fooled by something familiar and forget what is priceless.)이 있습니다.\n\n 부모님께서 매일 해주시는 아침밥이나, 너무 친해서 매일 맛있는 간식을 사주는 친구 등 처음에는 매우 감사했지만 반복되는 호의에 우리는 소중함을 잊어가기도 합니다.\n\n 작은 소중함일지라도 그 소중함을 잃게 되면 호의를 베푸는 사람 입장에서는 매우 당황스럽고 기분이 나쁠 수 있어요.\n\n 여러분은 익숙함에 속아 소중함을 잊었던 사례와 그로 인해 상대방의 기분을 나쁘게 했던 경험이 있나요? 만약 있다면 관계를 회복하기 위해 어떤 노력을 하셨나요? 본인의 경험을 작성해주세요.\n\n 만약 그런 적이 없다면 주변의 이야기나 본인에게 소중함을 주는 사람들에 관해 설명해주세요.",
    "essay_type": "글짓기",
    "essay_level": "2",
    "essay_len": 724,
    "essay_main_subject": "소중함을 잃었던 경험"
  }
}