{
  "paragraph": [
    {
      "paragraph_txt": "지나친 욕구와 욕망은 사람을 조급하게 하고 성급하게 만듭니다.#@문장구분# 한번만 더 생각하고, 주의 깊게 살펴보면 쉽게 해결 될 일을, 돌이킬 수 없는 상태에 이르게 합니다.#@문장구분# 1등이 되겠다는 생각, 남들보다 더 잘 되겠다는 생각, 자신은 특별한 사람이 되어야한다는 생각이 우리를 피곤하게 합니다.#@문장구분# 이러한 생각만 버려도 우리의 인생은 훨씬 즐겁고 순탄해질 수 있습니다.#@문장구분# 사람 사이의 관계를 개선하고 마음을 열기 위해서는 그때마다 다른 열쇠가 필요합니다.#@문장구분# 배가 고픈 사람에게는 한 끼 식사가 마음을 여는 열쇠이고, 감정이 상한 사람에게는 위로의 말이 마음을 열어줍니다.#@문장구분# 사람들은 각기 다른 습관과 생각을 가지고 살아왔기 때문에 내가 좋아하는 것을 모든 사람이 좋아할 수 없습니다.#@문장구분# 내 생각과 내 기분대로 상대를 대하면 그 관계는 금이 가고 맙니다.#@문장구분# 관계에서 역활에 가까운 것이 있다면 인내입니다.#@문장구분# 상대가 마음에 들지 않아도 참아주는 것입니다.#@문장구분# 누구를 대하든 참는 것은 관계 형성의 기초입니다.#@문장구분#우리가 대하는 모든 사람은 참아야 할 대상입니다.#@문장구분# 참지 않아도 될 사람은 아무도 없습니다.#@문장구분# 사람 사이에서도 참음은 참는 만큼 우리에게 유익합니다.#@문장구분# 세상은 눈에 보이지 않는 선한 힘에 의해 움직이고 있습니다.#@문장구분# 거칠고 악한 것이 득세하는 것 같지만, 조금만 지나면 그것은 흔적도 없이  사라지는 것을 발견하게 됩니다.#@문장구분# 결국에는 부드러운 것과 온순한 것이 남아서 세상을 가득 채울 것입니다.#@문장구분# 진정한 승자는 힘으로 제압하는 사람이 아니라 부드러움으로 감싸는 사람입니다.#@문장구분# 이 부드러움의 소중함을 잃으면 안됩니다.#@문장구분#",
      "paragraph_len": 1152,
      "paragraph_id": "001"
    }
  ],
  "score": {
    "paragraph_score": [
      {
        "paragraph_scoreT": [
          3,
          3,
          3
        ],
        "paragraph_scoreT_detail": {
          "paragraph_scoreT_exp": [
            [
              3,
              3,
              3
            ],
            [
              3,
              3,
              3
            ],
            [
              3,
              3,
              3
            ]
          ]
        },
        "paragraph_scoreT_avg": 3,
        "paragraph_id": "001"
      }
    ],
    "essay_scoreT": [
      30,
      26,
      27.5
    ],
    "essay_scoreT_avg": 27.833334,
    "essay_scoreT_detail": {
      "essay_scoreT_org": [
        [
          3,
          3,
          3,
          3
        ],
        [
          3,
          3,
          3,
          3
        ],
        [
          3,
          3,
          3,
          3
        ]
      ],
      "essay_scoreT_cont": [
        [
          3,
          3,
          0,
          3
        ],
        [
          2,
          2,
          0,
          2
        ],
        [
          2,
          3,
          0,
          2
        ]
      ],
      "essay_scoreT_exp": [
        [
          3,
          3,
          3
        ],
        [
          3,
          3,
          3
        ],
        [
          3,
          3,
          3
        ]
      ]
    }
  },
  "student": {
    "date": "2021.12.16",
    "student_educated": true,
    "student_grade": "고등_1학년",
    "location": "041",
    "student_grade_group": "고등",
    "student_reading": 1
  },
  "rubric": {
    "essay_grade": "고등_1학년",
    "organization_weight": {
      "org_paragraph": 2,
      "org": 2,
      "org_essay": 4,
      "org_coherence": 2,
      "org_quantity": 1
    },
    "essay_type": "글짓기",
    "content_weight": {
      "con_clearance": 4,
      "con_novelty": 3,
      "con": 4,
      "con_prompt": 0,
      "con_description": 1
    },
    "essay_main_subject": "소중함을 잃었던 경험",
    "expression_weight": {
      "exp_style": 1,
      "exp_grammar": 2,
      "exp_vocab": 3,
      "exp": 4
    }
  },
  "correction": [],
  "info": {
    "essay_id": "ESSAY_66140",
    "essay_prompt": " 익숙함에 속아 소중함을 잊지 말자는 명언 (Do not get fooled by something familiar and forget what is priceless.)이 있습니다.\n\n 부모님께서 매일 해주시는 아침밥이나, 너무 친해서 매일 맛있는 간식을 사주는 친구 등 처음에는 매우 감사했지만 반복되는 호의에 우리는 소중함을 잊어가기도 합니다.\n\n 작은 소중함일지라도 그 소중함을 잃게 되면 호의를 베푸는 사람 입장에서는 매우 당황스럽고 기분이 나쁠 수 있어요.\n\n 여러분은 익숙함에 속아 소중함을 잊었던 사례와 그로 인해 상대방의 기분을 나쁘게 했던 경험이 있나요? 만약 있다면 관계를 회복하기 위해 어떤 노력을 하셨나요? 본인의 경험을 작성해주세요.\n\n 만약 그런 적이 없다면 주변의 이야기나 본인에게 소중함을 주는 사람들에 관해 설명해주세요.",
    "essay_type": "글짓기",
    "essay_level": "2",
    "essay_len": 772,
    "essay_main_subject": "소중함을 잃었던 경험"
  }
}