{
  "paragraph": [
    {
      "paragraph_txt": "익숙함에 속아 소중함을 잊지 말자는 명언이있다.#@문장구분# 가장 근본적으로 부모님이 건강하게 태어나게 해주신 우리의몸이다.#@문장구분# 자신이 태어나면서부터 가지게 된 몸의 중요성을 인지하지 못하고 당연하다는 듯이, 원래 있어야 한다는 듯이 생활하기도 한다. 그러한 사람 중 한 명이 바로 나였다.#@문장구분# 여기서 '였다' 붙이는 이유는 예전에 그렇게 생각을 하였고 지금은 반성하고 고쳤기 때문이다.#@문장구분# 어릴적 초등학교때 일이다.#@문장구분# 처음으로 '스마트폰' 을 부모님이사주셨다.#@문장구분#  일을 하신 부모님은 안전상의 이유로 나에게 스마트폰을 사주었다.#@문장구분# 그전까지만 해도 하루에 몇 분 정도 보는 '텔레비전'이 다였고 거의 책을 읽으며 생활했다.#@문장구분# 하지만 내가 학원에 다니기 시작하면서 부모님께서 '스마트폰'을 사주셨고 그 이후로 내 생활은 완전히 달라지기 시작하였다.#@문장구분# 스마트폰을 가지기 전까지는 하루에 4~5권씩 책을 읽었지만 스마트폰을 가지고 나서는 2~3권으로 줄었다.#@문장구분# 그리고 스마트폰이 생긴 이후로 할 일을 다 하고 나서 무조건 스마트폰으로 게임을 하거나 유튜브를 보았다.#@문장구분# 이렇게 생활하다 보니 아침에 자고 일어나면 당연하게 선명히 보이던 사물들이 조금씩 흐려 보였고 그래도 '내 눈은 당연히 나빠지지 않을 거야. #@문장구분#태어날 때부터 주어진 게 바뀌겠어?' 라는 생각으로 스마트폰을 많이 하게 되었고 결국 초등학교 5학년을 들어가고 안경을 쓰게 되었다.#@문장구분# 나는 이때까지 '안경'을 쓴다는 것은 나와 상관없는 일 일줄 알았는데 이렇게 갑자기 '안경'을 쓰면서 생활을 해야한다니 너무 황당했고 속상했다.#@문장구분# 당연히 내 시력은 안바뀔 줄 알았고 내가 무슨 짓을 하더라도 항상 높을 줄 알았지만 아니었던 것이었다.#@문장구분# 이 사실이 어린 나에게 너무 크게 와닿았고 그 이후로 한 번 낮아진 시력을 되돌리기에는 너무 늦었기에 더 좋아질 순 없지만 더 나빠지지만 말자는 생각으로 아침에 블루베리를 먹는다던가, 스마트폰 사용을 줄인다던가, 책이나 노트북 등을 너무 가까이서 보지 않는 등 여러 노력을 하였고 지금도 하고있는 중이다.#@문장구분# 이 글을 쓰고 난 후에도 계속 노력해서 내 시력이 더 이상 나빠지지 않도록 유지할 것이다.#@문장구분#",
      "paragraph_len": 1373,
      "paragraph_id": "001"
    }
  ],
  "score": {
    "paragraph_score": [
      {
        "paragraph_scoreT": [
          3,
          3,
          2.3333333
        ],
        "paragraph_scoreT_detail": {
          "paragraph_scoreT_exp": [
            [
              3,
              3,
              3
            ],
            [
              3,
              3,
              3
            ],
            [
              3,
              2,
              2
            ]
          ]
        },
        "paragraph_scoreT_avg": 2.7777777,
        "paragraph_id": "001"
      }
    ],
    "essay_scoreT": [
      30,
      29.11111,
      22.5
    ],
    "essay_scoreT_avg": 27.203705,
    "essay_scoreT_detail": {
      "essay_scoreT_org": [
        [
          3,
          3,
          3,
          3
        ],
        [
          2,
          3,
          3,
          3
        ],
        [
          2,
          3,
          2,
          3
        ]
      ],
      "essay_scoreT_cont": [
        [
          3,
          3,
          0,
          3
        ],
        [
          3,
          3,
          0,
          3
        ],
        [
          2,
          2,
          0,
          3
        ]
      ],
      "essay_scoreT_exp": [
        [
          3,
          3,
          3
        ],
        [
          3,
          3,
          3
        ],
        [
          3,
          2,
          2
        ]
      ]
    }
  },
  "student": {
    "date": "2021.12.13",
    "student_educated": true,
    "student_grade": "고등_1학년",
    "location": "063",
    "student_grade_group": "고등",
    "student_reading": 1
  },
  "rubric": {
    "essay_grade": "고등_1학년",
    "organization_weight": {
      "org_paragraph": 2,
      "org": 2,
      "org_essay": 4,
      "org_coherence": 2,
      "org_quantity": 1
    },
    "essay_type": "글짓기",
    "content_weight": {
      "con_clearance": 4,
      "con_novelty": 3,
      "con": 4,
      "con_prompt": 0,
      "con_description": 1
    },
    "essay_main_subject": "소중함을 잃었던 경험",
    "expression_weight": {
      "exp_style": 1,
      "exp_grammar": 2,
      "exp_vocab": 3,
      "exp": 4
    }
  },
  "correction": [],
  "info": {
    "essay_id": "ESSAY_62898",
    "essay_prompt": " 익숙함에 속아 소중함을 잊지 말자는 명언 (Do not get fooled by something familiar and forget what is priceless.)이 있습니다.\n\n 부모님께서 매일 해주시는 아침밥이나, 너무 친해서 매일 맛있는 간식을 사주는 친구 등 처음에는 매우 감사했지만 반복되는 호의에 우리는 소중함을 잊어가기도 합니다.\n\n 작은 소중함일지라도 그 소중함을 잃게 되면 호의를 베푸는 사람 입장에서는 매우 당황스럽고 기분이 나쁠 수 있어요.\n\n 여러분은 익숙함에 속아 소중함을 잊었던 사례와 그로 인해 상대방의 기분을 나쁘게 했던 경험이 있나요? 만약 있다면 관계를 회복하기 위해 어떤 노력을 하셨나요? 본인의 경험을 작성해주세요.\n\n 만약 그런 적이 없다면 주변의 이야기나 본인에게 소중함을 주는 사람들에 관해 설명해주세요.",
    "essay_type": "글짓기",
    "essay_level": "2",
    "essay_len": 1033,
    "essay_main_subject": "소중함을 잃었던 경험"
  }
}