{
  "paragraph": [
    {
      "paragraph_txt": "지금까지 나의 시간은 사라졌었다.#@문장구분# 나는 오늘 그 질문에 대한 해답을 찾게되었다.#@문장구분# 나는 그동안 익숙함에 속아 시간에 대한 소중함을 인식하지 못한채로 살아가고 있었던 것이었고 그렇게 나의 소중한 시간들은 허무하게 사라져 가고 있었던 것이었다.#@문장구분# 그렇지만 그 해답을 드디어 찾아 나는 다행이라고 생각한다.#@문장구분# 나는 오늘 나의 시간에 대한 소중함을 깨달았다. #@문장구분#처음은 나의 익숙함에 속아 이제까지의 시간을 낭비하는 것에 대해 생각해 나 자신을 비판하고 성찰해보는 것. #@문장구분#두번째로 나의 시간을 어떻게 하면 소중하고 효율적이게 사용할 수 있을까에 대한 생각도 하게 되었다.#@문장구분# 첫 번째로 나 자신이 소비했던 시간에 대한 비판과 성찰은 나 자신을 되돌아보게 할 뿐더러 내가 지금까지 어떻게 시간을 소비했는지 그리고 나의 지금까지의 삶을 어떻게 살아왔는가에 대해서 생각해보게 해주었다.#@문장구분#그로 인해 나는 과거의 익숙함에 속아 쓸모없이 써왔던 시간들을 지금부터라도 소중하게 사용할 수 있을 것 같다는 생각을 했다.#@문장구분# 두 번째로 나는 나에 대해서 지금부터라도 많이 알아가야 하며 지금까지 나의 주변에 있던 사람들에게 더욱 더 관심을 가져야 겠다고 생각을 했다.#@문장구분# 그러면 익숙함에 속지 않고 시간을 좀 더 나에 대하여 의미있고 주변사람들에게도 조금이라도 소중한 시간이 될 거라는 생각을 했다.#@문장구분# 즉 나는 주변사람들에게 더욱 더 관심을 가지고 조심스럽게 생각하며 행동해야겠다라고 생각을 했다.#@문장구분# 갑자기 관심을 가지게 된다면 사람들이 부담스러워할 것 같았고 내가 관심을 가지게 된다고 하더라도 지금까지의 소중함을 잃어버려 낭비되었던 시간에 했었던 행동들처럼 하면 안되기 때문이다.#@문장구분# 그래서 타인에게는 조심해야겠다는 생각이 들었다.#@문장구분# 결과적으로 지금까지 익숙함 때문에 소중함을 잃어 사라져 버린 시간을 더 이상 찾을 수는 없지만 오늘 시간을 소중히 하기 위해서 노력한 것과 시간은 소중하다라는 깨달음을 통해 앞으로의 그 소중한 시간들을 허투루 쓰지 않을 거라고 다짐했다.#@문장구분#",
      "paragraph_len": 1262,
      "paragraph_id": "001"
    }
  ],
  "score": {
    "paragraph_score": [
      {
        "paragraph_scoreT": [
          3,
          3,
          3
        ],
        "paragraph_scoreT_detail": {
          "paragraph_scoreT_exp": [
            [
              3,
              3,
              3
            ],
            [
              3,
              3,
              3
            ],
            [
              3,
              3,
              3
            ]
          ]
        },
        "paragraph_scoreT_avg": 3,
        "paragraph_id": "001"
      }
    ],
    "essay_scoreT": [
      27.61111,
      28.5,
      29.5
    ],
    "essay_scoreT_avg": 28.537039,
    "essay_scoreT_detail": {
      "essay_scoreT_org": [
        [
          2,
          3,
          3,
          3
        ],
        [
          3,
          3,
          3,
          3
        ],
        [
          3,
          3,
          3,
          3
        ]
      ],
      "essay_scoreT_cont": [
        [
          3,
          2,
          0,
          3
        ],
        [
          3,
          2,
          0,
          3
        ],
        [
          3,
          3,
          0,
          2
        ]
      ],
      "essay_scoreT_exp": [
        [
          3,
          3,
          3
        ],
        [
          3,
          3,
          3
        ],
        [
          3,
          3,
          3
        ]
      ]
    }
  },
  "student": {
    "date": "2021.12.13",
    "student_educated": true,
    "student_grade": "고등_1학년",
    "location": "063",
    "student_grade_group": "고등",
    "student_reading": 1
  },
  "rubric": {
    "essay_grade": "고등_1학년",
    "organization_weight": {
      "org_paragraph": 2,
      "org": 2,
      "org_essay": 4,
      "org_coherence": 2,
      "org_quantity": 1
    },
    "essay_type": "글짓기",
    "content_weight": {
      "con_clearance": 4,
      "con_novelty": 3,
      "con": 4,
      "con_prompt": 0,
      "con_description": 1
    },
    "essay_main_subject": "소중함을 잃었던 경험",
    "expression_weight": {
      "exp_style": 1,
      "exp_grammar": 2,
      "exp_vocab": 3,
      "exp": 4
    }
  },
  "correction": [],
  "info": {
    "essay_id": "ESSAY_75461",
    "essay_prompt": " 익숙함에 속아 소중함을 잊지 말자는 명언 (Do not get fooled by something familiar and forget what is priceless.)이 있습니다.\n\n 부모님께서 매일 해주시는 아침밥이나, 너무 친해서 매일 맛있는 간식을 사주는 친구 등 처음에는 매우 감사했지만 반복되는 호의에 우리는 소중함을 잊어가기도 합니다.\n\n 작은 소중함일지라도 그 소중함을 잃게 되면 호의를 베푸는 사람 입장에서는 매우 당황스럽고 기분이 나쁠 수 있어요.\n\n 여러분은 익숙함에 속아 소중함을 잊었던 사례와 그로 인해 상대방의 기분을 나쁘게 했던 경험이 있나요? 만약 있다면 관계를 회복하기 위해 어떤 노력을 하셨나요? 본인의 경험을 작성해주세요.\n\n 만약 그런 적이 없다면 주변의 이야기나 본인에게 소중함을 주는 사람들에 관해 설명해주세요.",
    "essay_type": "글짓기",
    "essay_level": "2",
    "essay_len": 964,
    "essay_main_subject": "소중함을 잃었던 경험"
  }
}