{
  "paragraph": [
    {
      "paragraph_txt": "얼마 전에 같은 동네에서 나고 자라서 근 10년을 꼭 붙어다닌 친구랑 크게 싸운적이 있다.#@문장구분#",
      "paragraph_len": 70,
      "paragraph_id": "001"
    },
    {
      "paragraph_txt": " 마음에 드는 선배가 있어서 고백을 할까 말까 물어보다가 서로 의견이 달라서 얘기하다 목소리가 높아져서 결국 언쟁으로 이어졌던 경험이다.#@문장구분# 처음에는 친구가 이렇게까지 나한테 화를 내는게 이해가 안 돼서 나도 같이 화가 났던거 같다.#@문장구분# 지금 와서 생각해보면 내년에 성인되는 선배한테 고등학생이 고백한다고 하는게 조금 이상할 수 있을거 같기도 한데 그때는 그냥 좋아하는 마음을 너무 밟히는거 같아 속상했던거 같다.#@문장구분# 아무튼 서로 이렇게까지 목소리 내며 싸운 적이 없어서인지 화해하는 방법이 잘 생각나지 않았다.#@문장구분# 그래서 절대 먼저 사과 안 해야겠다 했었는데 시간이 지날수록 친구의 소중함이 느껴지면서 이 친구의 입장에서 왜 그런 생각을 하게 됐을까 생각해보게 되었다.#@문장구분# 생각해보면 코로나 시국 이전에는 잠이 많은 나를 직접 깨워서 학교도 가주고 아침에 배고프지 말라고 간식도 항상 챙겨와서 나눠주고 서로 모르는 과목이나 공부가 있으면 알려주고 했었던 친구가 하루 아침에 내가 싫어졌을리가 없지 않는가.#@문장구분# 그래서 곰곰히 생각해보게 되었다.#@문장구분# 왜 그렇게 생각했을까 하고 역지사지 입장에서 생각해보니 의외로 답은 명쾌하게 나왔다.#@문장구분# 내가 걱정돼서 그랬던 것이었다.#@문장구분# 생각이 여기까지 닿으니까 오히려 내가 앞뒤 내용을 잘라먹고 나한테만 몰입했던 것이었다.#@문장구분# 그래서 바로 전화 걸어서 내가 미안하다고 사과했더니 오히려 먼저 사과해줘서 고맙다고 해줬다.#@문장구분# 아무리 생각해도 자기 입장에서는 아닌 거 같아서 사과하고 싶지 않았다고 하더라.#@문장구분#그래도 좋게 좋게 넘어가서 다행인 것 같다.#@문장구분#",
      "paragraph_len": 1012,
      "paragraph_id": "002"
    }
  ],
  "score": {
    "paragraph_score": [
      {
        "paragraph_scoreT": [
          2.3333333,
          2,
          2
        ],
        "paragraph_scoreT_detail": {
          "paragraph_scoreT_exp": [
            [
              3,
              2,
              2
            ],
            [
              2,
              2,
              2
            ],
            [
              2,
              2,
              2
            ]
          ]
        },
        "paragraph_scoreT_avg": 2.111111,
        "paragraph_id": "001"
      },
      {
        "paragraph_scoreT": [
          2.1666667,
          2,
          2
        ],
        "paragraph_scoreT_detail": {
          "paragraph_scoreT_exp": [
            [
              2,
              2,
              3
            ],
            [
              2,
              2,
              2
            ],
            [
              2,
              2,
              2
            ]
          ]
        },
        "paragraph_scoreT_avg": 2.0555556,
        "paragraph_id": "002"
      }
    ],
    "essay_scoreT": [
      26.444445,
      22.666666,
      22
    ],
    "essay_scoreT_avg": 23.703705,
    "essay_scoreT_detail": {
      "essay_scoreT_org": [
        [
          3,
          2,
          2,
          3
        ],
        [
          2,
          3,
          2,
          3
        ],
        [
          2,
          2,
          2,
          2
        ]
      ],
      "essay_scoreT_cont": [
        [
          3,
          3,
          0,
          3
        ],
        [
          3,
          2,
          0,
          2
        ],
        [
          3,
          2,
          0,
          2
        ]
      ],
      "essay_scoreT_exp": [
        [
          3,
          2,
          2
        ],
        [
          2,
          2,
          2
        ],
        [
          2,
          2,
          2
        ]
      ]
    }
  },
  "student": {
    "date": "2021.10.20",
    "student_educated": true,
    "student_grade": "고등_1학년",
    "location": "02",
    "student_grade_group": "고등",
    "student_reading": 2
  },
  "rubric": {
    "essay_grade": "고등_1학년",
    "organization_weight": {
      "org_paragraph": 2,
      "org": 2,
      "org_essay": 4,
      "org_coherence": 2,
      "org_quantity": 1
    },
    "essay_type": "글짓기",
    "content_weight": {
      "con_clearance": 4,
      "con_novelty": 3,
      "con": 4,
      "con_prompt": 0,
      "con_description": 1
    },
    "essay_main_subject": "소중함을 잃었던 경험",
    "expression_weight": {
      "exp_style": 1,
      "exp_grammar": 2,
      "exp_vocab": 3,
      "exp": 4
    }
  },
  "correction": [],
  "info": {
    "essay_id": "ESSAY_37712",
    "essay_prompt": " 익숙함에 속아 소중함을 잊지 말자는 명언 (Do not get fooled by something familiar and forget what is priceless.)이 있습니다.\n\n 부모님께서 매일 해주시는 아침밥이나, 너무 친해서 매일 맛있는 간식을 사주는 친구 등 처음에는 매우 감사했지만 반복되는 호의에 우리는 소중함을 잊어가기도 합니다.\n\n 작은 소중함일지라도 그 소중함을 잃게 되면 호의를 베푸는 사람 입장에서는 매우 당황스럽고 기분이 나쁠 수 있어요.\n\n 여러분은 익숙함에 속아 소중함을 잊었던 사례와 그로 인해 상대방의 기분을 나쁘게 했던 경험이 있나요? 만약 있다면 관계를 회복하기 위해 어떤 노력을 하셨나요? 본인의 경험을 작성해주세요.\n\n 만약 그런 적이 없다면 주변의 이야기나 본인에게 소중함을 주는 사람들에 관해 설명해주세요.",
    "essay_type": "글짓기",
    "essay_level": "2",
    "essay_len": 806,
    "essay_main_subject": "소중함을 잃었던 경험"
  }
}