{
  "paragraph": [
    {
      "paragraph_txt": "익숙함에 속아 소중함을 잊어 본 경험이 있는가?'라는 말에 나는 엄마가 가장 먼저 떠오른다.#@문장구분# 인간이 성장을 겪으며 자기주장이 강해지는 때가 오고 부모와의 나이 격차가 커지면서 의견이 충돌하는 것은 매우 자연스러운 일이다.#@문장구분#나 또한 특별한 상황에 해당하지 않고 이러한 자연스러운 절차를 밟으며 성장해 왔다.#@문장구분# 특별할 것이 조금 있었다면 소중함을 깨달을 시간을 잠시 가져보았다는 것이 대부분 또래와의 차별점이라 볼 수도 있을 것이다.#@문장구분# 사춘기가 가장 무섭다는 것은 만연한 이야기이다.#@문장구분# 하지만 시대가 변하면서 다툼의 이유는 단순했다.#@문장구분# 엄마라는 이유로 나에게 해주시던 것들이 내 마음에 들지 않았던 것이었다.#@문장구분# 엄마가 해주지 않았다면 내가 스스로 해야 할 일이었음에도 나는 엄마가 해주는 것이 당연하다고 생각했다.#@문장구분# 미안한 마음이 많이 들었지만 어린 마음에 먼저 사과하는 것을 꺼렸으며 단 한 번도 미안하다는 말을 직접 한 기억은 없는 것 같다.#@문장구분# 굳이 미안하다는 말을 하지 않아도 엄마가 먼저 따뜻한 말을 건네 주었기 때문일 수도 있다.#@문장구분# 그때는 몰랐다.#@문장구분# 무한한 부모님의 사랑이 얼마나 소중한 것이었고 언제 사라질지 모르는 것인지도 생각하지 못했다.#@문장구분# 그로부터 1년쯤 뒤에 정말 엄마의 도움이 전혀 없는 1년을 지내야 하는 상황이 되었다.#@문장구분# 잃고 나니 깨달을 수 있었다.#@문장구분# 가끔씩 그럴 때가 있었다.#@문장구분# 이럴 땐 누가 어떻게 해줬었는데 라고 생각되는 순간들.#@문장구분# 그 순간들이 익숙함에 속아 소중함을 잃은 내가 자각하게 되는 순간이 아닐까?#@문장구분#",
      "paragraph_len": 1072,
      "paragraph_id": "001"
    }
  ],
  "score": {
    "paragraph_score": [
      {
        "paragraph_scoreT": [
          3,
          2.3333333,
          2.5
        ],
        "paragraph_scoreT_detail": {
          "paragraph_scoreT_exp": [
            [
              3,
              3,
              3
            ],
            [
              3,
              2,
              2
            ],
            [
              3,
              2,
              3
            ]
          ]
        },
        "paragraph_scoreT_avg": 2.611111,
        "paragraph_id": "001"
      }
    ],
    "essay_scoreT": [
      30,
      23.5,
      28
    ],
    "essay_scoreT_avg": 27.166666,
    "essay_scoreT_detail": {
      "essay_scoreT_org": [
        [
          3,
          3,
          3,
          3
        ],
        [
          2,
          2,
          3,
          3
        ],
        [
          3,
          3,
          3,
          3
        ]
      ],
      "essay_scoreT_cont": [
        [
          3,
          3,
          0,
          3
        ],
        [
          2,
          3,
          0,
          2
        ],
        [
          3,
          3,
          0,
          3
        ]
      ],
      "essay_scoreT_exp": [
        [
          3,
          3,
          3
        ],
        [
          3,
          2,
          2
        ],
        [
          3,
          2,
          3
        ]
      ]
    }
  },
  "student": {
    "date": "2021.12.12",
    "student_educated": true,
    "student_grade": "고등_1학년",
    "location": "063",
    "student_grade_group": "고등",
    "student_reading": 2
  },
  "rubric": {
    "essay_grade": "고등_1학년",
    "organization_weight": {
      "org_paragraph": 2,
      "org": 2,
      "org_essay": 4,
      "org_coherence": 2,
      "org_quantity": 1
    },
    "essay_type": "글짓기",
    "content_weight": {
      "con_clearance": 4,
      "con_novelty": 3,
      "con": 4,
      "con_prompt": 0,
      "con_description": 1
    },
    "essay_main_subject": "소중함을 잃었던 경험",
    "expression_weight": {
      "exp_style": 1,
      "exp_grammar": 2,
      "exp_vocab": 3,
      "exp": 4
    }
  },
  "correction": [],
  "info": {
    "essay_id": "ESSAY_61296",
    "essay_prompt": " 익숙함에 속아 소중함을 잊지 말자는 명언 (Do not get fooled by something familiar and forget what is priceless.)이 있습니다.\n\n 부모님께서 매일 해주시는 아침밥이나, 너무 친해서 매일 맛있는 간식을 사주는 친구 등 처음에는 매우 감사했지만 반복되는 호의에 우리는 소중함을 잊어가기도 합니다.\n\n 작은 소중함일지라도 그 소중함을 잃게 되면 호의를 베푸는 사람 입장에서는 매우 당황스럽고 기분이 나쁠 수 있어요.\n\n 여러분은 익숙함에 속아 소중함을 잊었던 사례와 그로 인해 상대방의 기분을 나쁘게 했던 경험이 있나요? 만약 있다면 관계를 회복하기 위해 어떤 노력을 하셨나요? 본인의 경험을 작성해주세요.\n\n 만약 그런 적이 없다면 주변의 이야기나 본인에게 소중함을 주는 사람들에 관해 설명해주세요.",
    "essay_type": "글짓기",
    "essay_level": "2",
    "essay_len": 733,
    "essay_main_subject": "소중함을 잃었던 경험"
  }
}