{
  "paragraph": [
    {
      "paragraph_txt": "\"익숙함에 속아 소중함을 잊지 말자\" 모든 사람들이 아는 말이다.#@문장구분# 그만큼 모두가 그렇게 생각한다는 것이다.#@문장구분# 사람들은 자기가 누리고 있고 자신이 가지고 있는 것을 당연하게 생각한다.#@문장구분# 항상  내 옆에 있을 거라고 믿고 있고 그렇길 바라서이다.#@문장구분#다른 사람들과 마찬가지로 나도 익숙함에 속아 소중함을 잊을 때가 있었다.#@문장구분# \n소중함이 꼭 거창한 것이 아니어도 나에게 행복을 주던 사소한 소중함도 잊어지기도 한다고 느꼈다.#@문장구분# 나에게 맨날 전화가 오던 친구가 있었는데 그 친구는 나에게 전화를 걸고 시시콜콜한 얘기를 했다.#@문장구분# 나도 얘기를 하는 게 좋았는데 매일 오는 전화에 나는 좀 바쁘다고 전화를 자주 못 할때가 있었는데 그러다보니 친구도 나한테 전화를 많이 걸지 않았다.#@문장구분# 매일매일 걸어줄 땐 오는 전화가 당연해서 그렇게 소중한 지 몰랐는데 전화가 안 오니까 심심했고 내가 전화를 기다리게 되었었다.#@문장구분# 그래서 내가 그 친구한테 먼저 전화를 걸기 시작했다.#@문장구분# 내가 먼저 그 친구가 했던 것처럼 전화를 계속 먼저 걸었고 그렇게 하다보니 친구가 다시 원래처럼 나한테 전화를 해서 이야기를 했다.#@문장구분#\n나도 전화를 하면서 얘기를 하는 걸 엄청 좋아했고 계속 좋아하지만 매일 올 때는 익숙해져서 그런지 나에게 먼저 찾아오는 친구를 당연하다고 생각했다.#@문장구분# 그런데 전화가 잘 오지 않았을 때 얼마나 소중했는지 알게 되었고 내가 노력해서 다시 소중함을 잊지 않고 생각해서 다행이라고 생각했다.#@문장구분#\n이제는 익숙함에 속아 소중함을 잊지 말자를 느껴 봤으니까 소중함을 잊지 않기 위해 내가 더 노력해야겠다고 느꼈고 소중함을 계속 생각하지 않으면 자신에게 소중한 게 없어질 수도 있으니 그전에 잊지 말자는 걸 까먹으면 안 된다고 생각했다.#@문장구분# \n소중함에 익숙함을 잊지 말자!!#@문장구분#",
      "paragraph_len": 1150,
      "paragraph_id": "001"
    }
  ],
  "score": {
    "paragraph_score": [
      {
        "paragraph_scoreT": [
          2.8333333,
          3,
          2
        ],
        "paragraph_scoreT_detail": {
          "paragraph_scoreT_exp": [
            [
              3,
              3,
              2
            ],
            [
              3,
              3,
              3
            ],
            [
              2,
              2,
              2
            ]
          ]
        },
        "paragraph_scoreT_avg": 2.611111,
        "paragraph_id": "001"
      }
    ],
    "essay_scoreT": [
      26.722221,
      28.277779,
      22.222221
    ],
    "essay_scoreT_avg": 25.74074,
    "essay_scoreT_detail": {
      "essay_scoreT_org": [
        [
          2,
          3,
          3,
          2
        ],
        [
          3,
          3,
          3,
          2
        ],
        [
          2,
          2,
          2,
          3
        ]
      ],
      "essay_scoreT_cont": [
        [
          3,
          2,
          0,
          3
        ],
        [
          3,
          2,
          0,
          3
        ],
        [
          3,
          2,
          0,
          2
        ]
      ],
      "essay_scoreT_exp": [
        [
          3,
          3,
          2
        ],
        [
          3,
          3,
          3
        ],
        [
          2,
          2,
          2
        ]
      ]
    }
  },
  "student": {
    "date": "2021.09.13",
    "student_educated": true,
    "student_grade": "고등_1학년",
    "location": "051",
    "student_grade_group": "고등",
    "student_reading": 2
  },
  "rubric": {
    "essay_grade": "고등_1학년",
    "organization_weight": {
      "org_paragraph": 2,
      "org": 2,
      "org_essay": 4,
      "org_coherence": 2,
      "org_quantity": 1
    },
    "essay_type": "글짓기",
    "content_weight": {
      "con_clearance": 4,
      "con_novelty": 3,
      "con": 4,
      "con_prompt": 0,
      "con_description": 1
    },
    "essay_main_subject": "소중함을 잃었던 경험",
    "expression_weight": {
      "exp_style": 1,
      "exp_grammar": 2,
      "exp_vocab": 3,
      "exp": 4
    }
  },
  "correction": [],
  "info": {
    "essay_id": "ESSAY_33986",
    "essay_prompt": " 익숙함에 속아 소중함을 잊지 말자는 명언 (Do not get fooled by something familiar and forget what is priceless.)이 있습니다.\n\n 부모님께서 매일 해주시는 아침밥이나, 너무 친해서 매일 맛있는 간식을 사주는 친구 등 처음에는 매우 감사했지만 반복되는 호의에 우리는 소중함을 잊어가기도 합니다.\n\n 작은 소중함일지라도 그 소중함을 잃게 되면 호의를 베푸는 사람 입장에서는 매우 당황스럽고 기분이 나쁠 수 있어요.\n\n 여러분은 익숙함에 속아 소중함을 잊었던 사례와 그로 인해 상대방의 기분을 나쁘게 했던 경험이 있나요? 만약 있다면 관계를 회복하기 위해 어떤 노력을 하셨나요? 본인의 경험을 작성해주세요.\n\n 만약 그런 적이 없다면 주변의 이야기나 본인에게 소중함을 주는 사람들에 관해 설명해주세요.",
    "essay_type": "글짓기",
    "essay_level": "2",
    "essay_len": 851,
    "essay_main_subject": "소중함을 잃었던 경험"
  }
}