{
  "paragraph": [
    {
      "paragraph_txt": "내가 익숙함에 속아 소중함을 잃었던 사례는 바로 친구였다.#@문장구분# 예전에 내가 초등학교 시절에 맨날 같이 놀던 친구들이 있었다.#@문장구분# 그렇게 계속 친하게 지내던 도중에 어느 날에 그 친구들이 '학교 끝나고 같이 우리 놀자'라고 나에게 말했다.#@문장구분# 하지만 나는 그 친구에게 학원을 가야한다고 핑계를 대고 학교가 끝난 후 학원을 가지 않고 새로 친해진 친구들과 분식집에 가고 pc방에 갔었다. #@문장구분#몇 시간 뒤에 내가 집에서 컴퓨터로 게임을 하고 있었는데 나와 친한 한 친구가 게임메신저로 왜 자신한테 학원 간다고 거짓말 치고 다른 애들이랑 놀았냐고 나에게 말했다.#@문장구분# 나는 순간 당황해서 그 친구에게 잘못 본거일거라고 말했다.#@문장구분# 하지만 그 친구 외에도 다른 친구들도 내가 새롭게 친해진 애들과 놀고 있다는 것을 봤다고 했다.#@문장구분# 그 일이 일어난 뒤에 애들은 나에게 왜 거짓말을 하냐고 화를 냈고 새롭게 친해진 애들이랑 놀라고 하고 나는 '나도 너네랑 안 놀아도 되니까 너희 필요 없어'라고 말했다.#@문장구분#우리들의 사이는 급격히 차가워졌고 몇몇 애들하고는 말도 섞지 않았다.#@문장구분# 하지만 얼마 안가서 나는 다시 그 친구들과 놀고 싶다고 느꼈고 내가 왜 그런 말을 했지 하면서 심한 말을 한 것에 후회하기도 했다.#@문장구분# 학교가 끝나면 갔던 친구의 집도 더 이상 가지 못했고 점심시간에도 다른 애들과 점심을 먹고 놀게 되었다.#@문장구분# 내 친한 친구들이 노는 것을 보고 나는 계속 그 친구들이 노는 모습을 쳐다보면서 그 친구들과 놀고 싶다고 느꼈다.#@문장구분# 게다가 주말에는 친했던 친구들과만 놀았기 때문에 나는 그 때 처음으로 친구들과 주말에 놀러 나가지 않은 것 같았다.#@문장구분# 나는 너무 심심했고 애들과 얘기도 하고 싶고 같이 놀고 싶었다.#@문장구분# 그렇게 해서 나는 친구들의 소중함을 느꼈다.#@문장구분# 결국 나는 친구들에게 사과하기 위해서 친한 친구들과 토요일에 매주 모였던 장소인 한 친구의 집에 찾아갔다.#@문장구분#하지만 애들은 나에게 '사과 안 받을 거니까 너희 집으로 돌아가'라고 했다.#@문장구분# 하지만 나는 계속 그 친구 집의 초인종을 눌러서 미안하다고 했다.#@문장구분#결국 그 친구 집에 있던 친구의 누나가 집에 들어오게 해줬고 애들에게 심한 말 한 것에 대해서 사과하고 다시는 친구들을 배신하고 거짓말하지 않겠다고 사과를 해서 친구들이 나를 용서해줬다.#@문장구분#",
      "paragraph_len": 1468,
      "paragraph_id": "001"
    }
  ],
  "score": {
    "paragraph_score": [
      {
        "paragraph_scoreT": [
          3,
          3,
          2.8333333
        ],
        "paragraph_scoreT_detail": {
          "paragraph_scoreT_exp": [
            [
              3,
              3,
              3
            ],
            [
              3,
              3,
              3
            ],
            [
              3,
              3,
              2
            ]
          ]
        },
        "paragraph_scoreT_avg": 2.9444444,
        "paragraph_id": "001"
      }
    ],
    "essay_scoreT": [
      29.11111,
      27.61111,
      29.11111
    ],
    "essay_scoreT_avg": 28.611109,
    "essay_scoreT_detail": {
      "essay_scoreT_org": [
        [
          2,
          3,
          3,
          3
        ],
        [
          2,
          3,
          3,
          3
        ],
        [
          2,
          3,
          3,
          3
        ]
      ],
      "essay_scoreT_cont": [
        [
          3,
          3,
          0,
          3
        ],
        [
          3,
          2,
          0,
          3
        ],
        [
          3,
          3,
          0,
          3
        ]
      ],
      "essay_scoreT_exp": [
        [
          3,
          3,
          3
        ],
        [
          3,
          3,
          3
        ],
        [
          3,
          3,
          3
        ]
      ]
    }
  },
  "student": {
    "date": "2021.10.31",
    "student_educated": true,
    "student_grade": "고등_1학년",
    "location": "063",
    "student_grade_group": "고등",
    "student_reading": 1
  },
  "rubric": {
    "essay_grade": "고등_1학년",
    "organization_weight": {
      "org_paragraph": 2,
      "org": 2,
      "org_essay": 4,
      "org_coherence": 2,
      "org_quantity": 1
    },
    "essay_type": "글짓기",
    "content_weight": {
      "con_clearance": 4,
      "con_novelty": 3,
      "con": 4,
      "con_prompt": 0,
      "con_description": 1
    },
    "essay_main_subject": "소중함을 잃었던 경험",
    "expression_weight": {
      "exp_style": 1,
      "exp_grammar": 2,
      "exp_vocab": 3,
      "exp": 4
    }
  },
  "correction": [],
  "info": {
    "essay_id": "ESSAY_42730",
    "essay_prompt": " 익숙함에 속아 소중함을 잊지 말자는 명언 (Do not get fooled by something familiar and forget what is priceless.)이 있습니다.\n\n 부모님께서 매일 해주시는 아침밥이나, 너무 친해서 매일 맛있는 간식을 사주는 친구 등 처음에는 매우 감사했지만 반복되는 호의에 우리는 소중함을 잊어가기도 합니다.\n\n 작은 소중함일지라도 그 소중함을 잃게 되면 호의를 베푸는 사람 입장에서는 매우 당황스럽고 기분이 나쁠 수 있어요.\n\n 여러분은 익숙함에 속아 소중함을 잊었던 사례와 그로 인해 상대방의 기분을 나쁘게 했던 경험이 있나요? 만약 있다면 관계를 회복하기 위해 어떤 노력을 하셨나요? 본인의 경험을 작성해주세요.\n\n 만약 그런 적이 없다면 주변의 이야기나 본인에게 소중함을 주는 사람들에 관해 설명해주세요.",
    "essay_type": "글짓기",
    "essay_level": "2",
    "essay_len": 1092,
    "essay_main_subject": "소중함을 잃었던 경험"
  }
}