{
  "paragraph": [
    {
      "paragraph_txt": "제가 중학생 때 학교에 입학하고 처음으로 친해진 친구가 있습니다.#@문장구분#\n그 친구랑은 다른 고등학교지만 연락하고 한번 씩 만나기도 합니다.#@문장구분# 1학년 때 그 친구랑 놀고 집도 가고 목욕탕도 가고 했습니다. #@문장구분#2학년 올라와서는 저랑 그 친구는 친구가 많아져서 무리라는게 생겼습니다.#@문장구분#그 무리에서 18명 정도 되는 친구들이 있었는데 같이 놀고 하면서 처음 친해진 친구랑 있는게 좀 지루하고 해서 무리 친구들이랑 더 친해졌습니다.#@문장구분# 그런데 제가 중학교 때는 친구에 대한 우정? 그런 부분이 약했었는지 무리의 친구랑 놀다보니 처음으로 친해진 친구랑 더 놀지 못하고 그 친구도 다른 친구들이랑 놀면서 점점 거리를 두다가 그 친구랑 잘 안놀게 되었습니다.#@문장구분# 그렇게 지내다가 나중에 무리에서 일이 있어서 무리가 나뉘게 되었습니다. #@문장구분#그래서 저는 무리의 몇몇 친구들이랑 놀고 그랬는데 제가 딱 피시방에 가고 싶어서 제가 같이 게임하던 애들이랑 친한애들한테 연락을 했는데 다 자고 약속이 있어서 다 못간다고 했습니다.#@문장구분# 그래서 처음 친해진 친구에게 그냥 연락을 했는데 갈 수 있다고 해서 같이 갔습니다. #@문장구분#그 친구에게 다시 연락할 때 다른 친구들한테는 장난으로 말했지만 뭔가 긴장되기도 했습니다.#@문장구분# 그 친구랑 피시방을 갔는데 한 동안 모르는 사람처럼 지내서 그런지 좀 어색하기도 하고 그랬습니다. #@문장구분#그 뒤로 다시 그 친구랑 지냈는데 그 친구만큼 편한한 친구는 없던 것 같습니다.#@문장구분# 그 친구에게 고맙고 좀 미안하다고 항상 생각합니다. #@문장구분#그 친구는 처음 놀때는 재미있었지만 점점 다른 친구들에게 밀리고 같이 있는 것이 익숙해져서 그 친구랑 있을 때의 소중함, 편안함을 잊고 제가 멍청한 행동을 한 것 같습니다.#@문장구분# 그 친구랑 안 놀고 다른 친구들이랑은 놀때 재미는 있었는데 그 친구만의 편안함?은 없던 것 같습니다. #@문장구분#그 친구랑은 그때부터 지금까지 저랑 잘 놀고 같이 게임하는 친구가 되긴 했지만 그때는 정말 미안한 것 같습니다.#@문장구분#",
      "paragraph_len": 1257,
      "paragraph_id": "001"
    }
  ],
  "score": {
    "paragraph_score": [
      {
        "paragraph_scoreT": [
          3,
          3,
          2.6666667
        ],
        "paragraph_scoreT_detail": {
          "paragraph_scoreT_exp": [
            [
              3,
              3,
              3
            ],
            [
              3,
              3,
              3
            ],
            [
              2,
              3,
              3
            ]
          ]
        },
        "paragraph_scoreT_avg": 2.888889,
        "paragraph_id": "001"
      }
    ],
    "essay_scoreT": [
      27.61111,
      22,
      24.666668
    ],
    "essay_scoreT_avg": 24.75926,
    "essay_scoreT_detail": {
      "essay_scoreT_org": [
        [
          2,
          3,
          3,
          3
        ],
        [
          3,
          3,
          3,
          3
        ],
        [
          3,
          3,
          3,
          3
        ]
      ],
      "essay_scoreT_cont": [
        [
          3,
          2,
          0,
          3
        ],
        [
          1,
          1,
          0,
          1
        ],
        [
          2,
          2,
          0,
          2
        ]
      ],
      "essay_scoreT_exp": [
        [
          3,
          3,
          3
        ],
        [
          3,
          3,
          3
        ],
        [
          2,
          3,
          3
        ]
      ]
    }
  },
  "student": {
    "date": "2021.12.20",
    "student_educated": true,
    "student_grade": "고등_1학년",
    "location": "063",
    "student_grade_group": "고등",
    "student_reading": 2
  },
  "rubric": {
    "essay_grade": "고등_1학년",
    "organization_weight": {
      "org_paragraph": 2,
      "org": 2,
      "org_essay": 4,
      "org_coherence": 2,
      "org_quantity": 1
    },
    "essay_type": "글짓기",
    "content_weight": {
      "con_clearance": 4,
      "con_novelty": 3,
      "con": 4,
      "con_prompt": 0,
      "con_description": 1
    },
    "essay_main_subject": "소중함을 잃었던 경험",
    "expression_weight": {
      "exp_style": 1,
      "exp_grammar": 2,
      "exp_vocab": 3,
      "exp": 4
    }
  },
  "correction": [],
  "info": {
    "essay_id": "ESSAY_73798",
    "essay_prompt": " 익숙함에 속아 소중함을 잊지 말자는 명언 (Do not get fooled by something familiar and forget what is priceless.)이 있습니다.\n\n 부모님께서 매일 해주시는 아침밥이나, 너무 친해서 매일 맛있는 간식을 사주는 친구 등 처음에는 매우 감사했지만 반복되는 호의에 우리는 소중함을 잊어가기도 합니다.\n\n 작은 소중함일지라도 그 소중함을 잃게 되면 호의를 베푸는 사람 입장에서는 매우 당황스럽고 기분이 나쁠 수 있어요.\n\n 여러분은 익숙함에 속아 소중함을 잊었던 사례와 그로 인해 상대방의 기분을 나쁘게 했던 경험이 있나요? 만약 있다면 관계를 회복하기 위해 어떤 노력을 하셨나요? 본인의 경험을 작성해주세요.\n\n 만약 그런 적이 없다면 주변의 이야기나 본인에게 소중함을 주는 사람들에 관해 설명해주세요.",
    "essay_type": "글짓기",
    "essay_level": "2",
    "essay_len": 939,
    "essay_main_subject": "소중함을 잃었던 경험"
  }
}