{
  "paragraph": [
    {
      "paragraph_txt": "나에게는 유치원때부터 단짝인 친구가 있다.#@문장구분# 그친구와 나는 눈만 쳐다봐도 무슨 얘기를 하는 지 지금 원하는 것이 무엇인지 알정도다.#@문장구분# 그뿐일까 먹는것 입는것 뭐하나 어긋나는 것이 없다.#@문장구분# 치킨취향이나 음료취향까지도 항상 우리는 함께였다.#@문장구분# 나는 언제까지난 내 친구가 내옆에서 날 지켜주고 함께 해줄거라 믿고 있었다.#@문장구분# 하지만 그거 나만의 착각이었던것 같다.#@문장구분# 나의 무레한 행동과 배려심없는 말들이 내 친구에게는 큰 상처로 다가갔고 그 상처들이 쌓여 하루하루 모르는 사이 점점 우리사이에 벽이 생기기 시작했던것 같다.#@문장구분# 편의점가서 라면을 시켜도 내가 먹고 싶은 라면을 시켰고 친구에게 물어보지도 않았다. #@문장구분#다른 것이 먹고 싶다고 하면 내가 먹고 싶은게 맛있는 거라며 강요아닌 강요도 했던것 같다.#@문장구분# 약속시간도 내맘대로 정했고 친구집에 연락도 없이 가거나 친구 물건을 내물건처럼 사용하기도 했다.#@문장구분# 이 모든 행동은 친하다는 이유로 용납이 되는 것 같았다.#@문장구분# 하지만 친구는 조금씩 불편하고 나의 무례함에 화가 났던것도 같다.#@문장구분# 어느날 친구는 장문의 카톡으로 나에게 자신이 많이 힘들다고 말했다.#@문장구분# 하지만 난 그때까지도 뭐야, 웃긴다라며 친구의 고민을 무성의 하게 흘려들었다.#@문장구분# 어느순간 친구와 연락도 되지 않고 함께하는 시간들이 점점 줄어들면서 나는 이상한 현상을 겪게 되었다. #@문장구분#아무것도 맛있지 않았고 재미도 없었다.#@문장구분# 그 친구의 존재는 나에게 정말 크고 소중했다는 것을 늦게 정말 늦게 깨달은 것이다.#@문장구분# 친구에게 가서 울면서 사과했다.#@문장구분# 정말 미안했다고 그동안 내가 너무 잘못했다고. 역시 내친구는 나를 다시 받아 줬다.#@문장구분# 앞으로는 서로 선을 지키며 잘 지내보기로 약속했다. #@문장구분#정말 조금만 더 늦었어도 나의 가장 친하고 소중한 친구를 잃어버릴뻔 했다.#@문장구분# 가깝다고 함부로 하지 말고 도 이해하고 배려하는 마음을 갖도록 해야겠다.#@문장구분#",
      "paragraph_len": 1328,
      "paragraph_id": "001"
    }
  ],
  "score": {
    "paragraph_score": [
      {
        "paragraph_scoreT": [
          3,
          3,
          3
        ],
        "paragraph_scoreT_detail": {
          "paragraph_scoreT_exp": [
            [
              3,
              3,
              3
            ],
            [
              3,
              3,
              3
            ],
            [
              3,
              3,
              3
            ]
          ]
        },
        "paragraph_scoreT_avg": 3,
        "paragraph_id": "001"
      }
    ],
    "essay_scoreT": [
      27.61111,
      28.5,
      28
    ],
    "essay_scoreT_avg": 28.037039,
    "essay_scoreT_detail": {
      "essay_scoreT_org": [
        [
          2,
          3,
          3,
          3
        ],
        [
          3,
          3,
          3,
          3
        ],
        [
          3,
          3,
          3,
          3
        ]
      ],
      "essay_scoreT_cont": [
        [
          3,
          2,
          0,
          3
        ],
        [
          3,
          2,
          0,
          3
        ],
        [
          2,
          3,
          0,
          3
        ]
      ],
      "essay_scoreT_exp": [
        [
          3,
          3,
          3
        ],
        [
          3,
          3,
          3
        ],
        [
          3,
          3,
          3
        ]
      ]
    }
  },
  "student": {
    "date": "2021.12.22",
    "student_educated": true,
    "student_grade": "고등_1학년",
    "location": "063",
    "student_grade_group": "고등",
    "student_reading": 1
  },
  "rubric": {
    "essay_grade": "고등_1학년",
    "organization_weight": {
      "org_paragraph": 2,
      "org": 2,
      "org_essay": 4,
      "org_coherence": 2,
      "org_quantity": 1
    },
    "essay_type": "글짓기",
    "content_weight": {
      "con_clearance": 4,
      "con_novelty": 3,
      "con": 4,
      "con_prompt": 0,
      "con_description": 1
    },
    "essay_main_subject": "소중함을 잃었던 경험",
    "expression_weight": {
      "exp_style": 1,
      "exp_grammar": 2,
      "exp_vocab": 3,
      "exp": 4
    }
  },
  "correction": [],
  "info": {
    "essay_id": "ESSAY_75449",
    "essay_prompt": " 익숙함에 속아 소중함을 잊지 말자는 명언 (Do not get fooled by something familiar and forget what is priceless.)이 있습니다.\n\n 부모님께서 매일 해주시는 아침밥이나, 너무 친해서 매일 맛있는 간식을 사주는 친구 등 처음에는 매우 감사했지만 반복되는 호의에 우리는 소중함을 잊어가기도 합니다.\n\n 작은 소중함일지라도 그 소중함을 잃게 되면 호의를 베푸는 사람 입장에서는 매우 당황스럽고 기분이 나쁠 수 있어요.\n\n 여러분은 익숙함에 속아 소중함을 잊었던 사례와 그로 인해 상대방의 기분을 나쁘게 했던 경험이 있나요? 만약 있다면 관계를 회복하기 위해 어떤 노력을 하셨나요? 본인의 경험을 작성해주세요.\n\n 만약 그런 적이 없다면 주변의 이야기나 본인에게 소중함을 주는 사람들에 관해 설명해주세요.",
    "essay_type": "글짓기",
    "essay_level": "2",
    "essay_len": 890,
    "essay_main_subject": "소중함을 잃었던 경험"
  }
}