{
  "paragraph": [
    {
      "paragraph_txt": "익숙함에 속아 소중함을 잊지말자라는 명언이 있듯이 다른사람들도 익숙함에 속아 소중함을 잊은 적이 있듯이 저도 그런적이 있습니다. #@문장구분#옛날부터 친하던 친구가 있었습니다.#@문장구분# 그 친구와 노는 것이 익숙하여 저는 장난을 삼아 몇번 막말도 하고 그랬던 경험이 있습니다. #@문장구분#그러다 그 친구와 말다툼을 하여 사이가 멀어지게 되었습니다. #@문장구분#다시 서로 화해를 해서 잘 지내고 있어서 다행이지 화해를 하지않았으면 평생 사이가 멀어진 채로 있었을 것입니다. #@문장구분#그리고 또 다른 사례를 말하자면 항상 돈이 있던 상황이 너무 익숙하여 돈을 막 쓰던 때가 있었습니다. #@문장구분#그 돈의 소중함을 모르고 막 썼습니다. #@문장구분#그러다 돈을 다 쓰고 돈이 필요해 졌을때 돈을 못 써서 놀지도 못하고 사야하는 것도 못 살때 그 소중함을 알았습니다. #@문장구분#저는 돈의 소중함을 회복하고자 되도록이면 걸어다니고 그닥 중요하지 않은 것에는 돈을 쓰지 않았습니다. #@문장구분#마지막으로 코로나 이전에 마스크를 안쓰고 돌아다니고 학원에서 자주 놀러도 다니고 할 때가 있었는데 마스크를 안쓰고 돌아다니는 것이 당연하다고 생각할 때 코로나가 터져 상태가 심각해지고 모든 사람의 마스크가 의무가 되었을 때 그제서야 마스크를 안쓰고 다니는 그 때의 소중함을 느꼈습니다.#@문장구분# 저는 그 소중함을 회복하고자 빨리 코로나가 종식되었으면 좋겠다는 마음가짐으로 방역수칙을 열심히 지키고 있습니다.#@문장구분#\n제가 가장 최근에 본 영화는 싱크홀이라는 영화입니다. #@문장구분#제가 싱크홀을 본 이유는 첫번째 싱크홀이라는 재난을 초점에 맞춰 나온 영화라 궁금해서 봤습니다.#@문장구분# 두번째 싱크홀이라는 영화의 관람평이 좋아서 봤습니다. #@문장구분#일단 이 영화의 줄거리를 설명해드리겠습니다.#@문장구분# 이 영화는 회사직원이던 주인공이 대출을 받아 이사를 했습니다. #@문장구분#그러나 집에서 아침을 먹는 도중 주인공의 아들이 구슬을 가지고 놀다 집의 수평이 맞지않은 것을 알게되었습니다. #@문장구분#어느덧 주인공의 회사직원들과의 집들이날 회사직원들은 주인공의 집에서 술을 마시다가 깜빡 자버렸고 그 다음날 아침 지반이 약해져 싱크홀이 발생합니다.#@문장구분#사람들은 지하에서 구조만을 기다리고 있었고 구조대는 추가 붕괴위험으로 인해 함부로 들어가지 못하고있었습니다.#@문장구분# 그래서 구조대는 생존물품을 내려주었습니다.#@문장구분# 하필이면 폭우까지 쏟아져 당장 구하지않으면 물에 잠기게 되었을 때 옆건물이 싱크홀 안으로 떨어집니다. #@문장구분#옆건물에 있던 물탱크를 사람들이 타고 한명은 밖에서 뚜껑을 닫아주고 구조대의 생존물품중에 산소호흡기를 쓰며 물 위로 떠서 살았습니다.#@문장구분# 제가 이 영화를 보고 느낀점은 영화 속 부모님들의 희생정신이 가득한 행동을 보고 본받아야겠다 싶었고 그리고 지하수로 인해 지반이 약해져서 싱크홀이 생긴다는 말을 듣고 지하수가 우리한테 좋은 것만은 아니구나를 느꼈습니다.#@문장구분#",
      "paragraph_len": 1782,
      "paragraph_id": "001"
    }
  ],
  "score": {
    "paragraph_score": [
      {
        "paragraph_scoreT": [
          3,
          2.8333333,
          2
        ],
        "paragraph_scoreT_detail": {
          "paragraph_scoreT_exp": [
            [
              3,
              3,
              3
            ],
            [
              3,
              3,
              2
            ],
            [
              2,
              2,
              2
            ]
          ]
        },
        "paragraph_scoreT_avg": 2.611111,
        "paragraph_id": "001"
      }
    ],
    "essay_scoreT": [
      26,
      24.5,
      24.277779
    ],
    "essay_scoreT_avg": 24.925926,
    "essay_scoreT_detail": {
      "essay_scoreT_org": [
        [
          3,
          3,
          3,
          3
        ],
        [
          2,
          3,
          2,
          3
        ],
        [
          3,
          3,
          3,
          2
        ]
      ],
      "essay_scoreT_cont": [
        [
          2,
          2,
          0,
          2
        ],
        [
          2,
          2,
          0,
          3
        ],
        [
          3,
          2,
          0,
          3
        ]
      ],
      "essay_scoreT_exp": [
        [
          3,
          3,
          3
        ],
        [
          3,
          3,
          2
        ],
        [
          2,
          2,
          2
        ]
      ]
    }
  },
  "student": {
    "date": "2021.08.15",
    "student_educated": true,
    "student_grade": "고등_1학년",
    "location": "051",
    "student_grade_group": "고등",
    "student_reading": 1
  },
  "rubric": {
    "essay_grade": "고등_1학년",
    "organization_weight": {
      "org_paragraph": 2,
      "org": 2,
      "org_essay": 4,
      "org_coherence": 2,
      "org_quantity": 1
    },
    "essay_type": "글짓기",
    "content_weight": {
      "con_clearance": 4,
      "con_novelty": 3,
      "con": 4,
      "con_prompt": 0,
      "con_description": 1
    },
    "essay_main_subject": "소중함을 잃었던 경험",
    "expression_weight": {
      "exp_style": 1,
      "exp_grammar": 2,
      "exp_vocab": 3,
      "exp": 4
    }
  },
  "correction": [],
  "info": {
    "essay_id": "ESSAY_34080",
    "essay_prompt": " 익숙함에 속아 소중함을 잊지 말자는 명언 (Do not get fooled by something familiar and forget what is priceless.)이 있습니다.\n\n 부모님께서 매일 해주시는 아침밥이나, 너무 친해서 매일 맛있는 간식을 사주는 친구 등 처음에는 매우 감사했지만 반복되는 호의에 우리는 소중함을 잊어가기도 합니다.\n\n 작은 소중함일지라도 그 소중함을 잃게 되면 호의를 베푸는 사람 입장에서는 매우 당황스럽고 기분이 나쁠 수 있어요.\n\n 여러분은 익숙함에 속아 소중함을 잊었던 사례와 그로 인해 상대방의 기분을 나쁘게 했던 경험이 있나요? 만약 있다면 관계를 회복하기 위해 어떤 노력을 하셨나요? 본인의 경험을 작성해주세요.\n\n 만약 그런 적이 없다면 주변의 이야기나 본인에게 소중함을 주는 사람들에 관해 설명해주세요.",
    "essay_type": "글짓기",
    "essay_level": "2",
    "essay_len": 1322,
    "essay_main_subject": "소중함을 잃었던 경험"
  }
}