{
  "paragraph": [
    {
      "paragraph_txt": "얼마전 뉴스에도 가사화되었던 일이있었다.#@문장구분# 학교 급식실 비정규직원분들이 처우개선등을 요구하며 파업을 해서 많은 학교들이 급식을 못해서 학생들이 밥대신 빵을 먹는 모습이 뉴스에 나왔다.#@문장구분# 그  많은 학교들중 하나가 바로 우리학교였다.#@문장구분# 난 그냥 학교에 가면 맛있는 밥이 있고 그냥 맛있게만 먹으면 되는 줄 알았다.#@문장구분# 이번 뉴스를 보면서 참 많은 분들의 노고가 있어서 우리가 매일 같이 따뜻한 밥을 먹을 수 잇다는 것을 새삼 깨닫게 되었다.#@문장구분# 물론 하루뿐이어서 빵으로 한끼 때우는 것이 그리 어려운 일은 아니였지만 확실히 밥을 먹을 때 보다는 허하고 배가 빨리 고팠던것 같다.#@문장구분# 다음날 학교에 가니 급식실 이모님들이 다시 따뜻한 밥을 하고 계셨다.#@문장구분# 이모님들은 어제 밥을 못준것이 많이 미안하시다며 밥을 나눠줄때마다 미안하다 말씀들을 하셨다.#@문장구분# 저렇게 착하신 분들이 얼마나 힘들면 학교 밖으로 나가셨을까?#@문장구분# 내가 해결할 수는 없지만 국가 또는 학교랑 잘 해결되서 우리도 안심하고 따뜻한 밥을 먹고 급식실 이모님들도 안심하고 학교에서 일을 할수 있었으면 좋겠다는 생각을 했다.#@문장구분# 하루뿐이었지만 급식실 이모님들이 얼마나 소중한지 우리곁에 있어서 우리가 얼마나 많은 해택을 받고 잇었는지 깨닫기에는 충분한 시간이었다.#@문장구분# 앞으로는 투덜거리지 않고 해주시는 밥을 감사히 여기며 먹어야 겠다.#@문장구분# 이처럼 우리 옆에는 우리가 잘 느끼지 못하지만 소중하신 분들이 정말 많다.#@문장구분# 선생님들은 두말 할 것도 없지만 교문을 지켜주시는 경비원 아저씨. 학교 안밖을 치워주시는 청소부이모님들. 학교이곳저곳을 고치고 다니시는 소사아저씨등 항상 고마워하며 학교를 다녀야 겠다.#@문장구분#",
      "paragraph_len": 1074,
      "paragraph_id": "001"
    }
  ],
  "score": {
    "paragraph_score": [
      {
        "paragraph_scoreT": [
          2.6666667,
          3,
          2.6666667
        ],
        "paragraph_scoreT_detail": {
          "paragraph_scoreT_exp": [
            [
              2,
              3,
              3
            ],
            [
              3,
              3,
              3
            ],
            [
              2,
              3,
              3
            ]
          ]
        },
        "paragraph_scoreT_avg": 2.777778,
        "paragraph_id": "001"
      }
    ],
    "essay_scoreT": [
      26.277779,
      26,
      25.166668
    ],
    "essay_scoreT_avg": 25.814814,
    "essay_scoreT_detail": {
      "essay_scoreT_org": [
        [
          2,
          3,
          3,
          3
        ],
        [
          3,
          3,
          3,
          3
        ],
        [
          3,
          3,
          3,
          3
        ]
      ],
      "essay_scoreT_cont": [
        [
          3,
          2,
          0,
          3
        ],
        [
          2,
          2,
          0,
          2
        ],
        [
          2,
          2,
          0,
          3
        ]
      ],
      "essay_scoreT_exp": [
        [
          2,
          3,
          3
        ],
        [
          3,
          3,
          3
        ],
        [
          2,
          3,
          3
        ]
      ]
    }
  },
  "student": {
    "date": "2021.12.22",
    "student_educated": true,
    "student_grade": "고등_1학년",
    "location": "063",
    "student_grade_group": "고등",
    "student_reading": 1
  },
  "rubric": {
    "essay_grade": "고등_1학년",
    "organization_weight": {
      "org_paragraph": 2,
      "org": 2,
      "org_essay": 4,
      "org_coherence": 2,
      "org_quantity": 1
    },
    "essay_type": "글짓기",
    "content_weight": {
      "con_clearance": 4,
      "con_novelty": 3,
      "con": 4,
      "con_prompt": 0,
      "con_description": 1
    },
    "essay_main_subject": "소중함을 잃었던 경험",
    "expression_weight": {
      "exp_style": 1,
      "exp_grammar": 2,
      "exp_vocab": 3,
      "exp": 4
    }
  },
  "correction": [],
  "info": {
    "essay_id": "ESSAY_75447",
    "essay_prompt": " 익숙함에 속아 소중함을 잊지 말자는 명언 (Do not get fooled by something familiar and forget what is priceless.)이 있습니다.\n\n 부모님께서 매일 해주시는 아침밥이나, 너무 친해서 매일 맛있는 간식을 사주는 친구 등 처음에는 매우 감사했지만 반복되는 호의에 우리는 소중함을 잊어가기도 합니다.\n\n 작은 소중함일지라도 그 소중함을 잃게 되면 호의를 베푸는 사람 입장에서는 매우 당황스럽고 기분이 나쁠 수 있어요.\n\n 여러분은 익숙함에 속아 소중함을 잊었던 사례와 그로 인해 상대방의 기분을 나쁘게 했던 경험이 있나요? 만약 있다면 관계를 회복하기 위해 어떤 노력을 하셨나요? 본인의 경험을 작성해주세요.\n\n 만약 그런 적이 없다면 주변의 이야기나 본인에게 소중함을 주는 사람들에 관해 설명해주세요.",
    "essay_type": "글짓기",
    "essay_level": "2",
    "essay_len": 796,
    "essay_main_subject": "소중함을 잃었던 경험"
  }
}