{
  "paragraph": [
    {
      "paragraph_txt": "나는 어릴 때 생일 선물로 인형을 받은 적이 있다. #@문장구분#너무 기쁘고 그 인형이 소중한 나머지 그 인형과 같이 자고, 이름도 붙여 줄 정도로 인형을 소중히 대했었다.#@문장구분# 하지만 길다면 길고, 짧다면 짧은 3년 만에.  어느새 나는 항상 내 곁에 있어주던 인형, 그 소중함과 멀어져 있었다.#@문장구분# 그로인해 내 기억과 추억은 지금도 조금씩 사라지고 있다.#@문장구분# 이 축복에 고마우면서도 한편으로는 슬프다.#@문장구분# 아무 예고 없이 나쁜 기억과 함께 행복한 추억마저 사라지기에, 익숙함에 속아 한순간에 그 소중함을 잊어버리며 잊기에 나는 기억을 잃는 게 싫다.#@문장구분# 소중함이라는 감정에 얽힌 여러 가지 사연들. 소중함에는 여러 형태가 있다.#@문장구분# 이 글을 쓴 이유, 익숙함에 속아 소중함을 잊지 말자는 명언을 보고 처음 떠오른 사람, 부모님의 소중함을 잊지 않기 위해 이 글을 쓴다.#@문장구분# 우리의 인생에서 가장 많이 보고 가장 많은 시간을 함께 보내는 사람, 바로 부모님이다.#@문장구분# 우리는 부모님의 소중함에 대해 종종 잊는다.#@문장구분#나는 부모님의 소중함을 잠시 잊은 적이 있다.#@문장구분# 부모님이 하는 게 당연하다 생각했던 집안일. 하지만 결코 당연한 게 아니었다.#@문장구분# 소중함을 잊는다는 것은 정말 무서운 일인 거 같다.#@문장구분# 하지만 소중함이라는 숭고한 감정과 생각 덕분에 우리는 성숙해질 수 있고, 나를 지킬 수 있었다.#@문장구분# 익숙함에 소중한 것을 잊는 것은 어쩌면 자연스러운 현상이다.#@문장구분# 그렇기에 더욱더 익숙함과 함께 소중함을 다시 기억해내야 하는 거 같다. #@문장구분#소중함을 잊는다는 것은 아픈 일이라는 것을 알았기에 나는 이제라도 나의 소중함을 지키기 위해 노력해야겠다.#@문장구분#",
      "paragraph_len": 1112,
      "paragraph_id": "001"
    }
  ],
  "score": {
    "paragraph_score": [
      {
        "paragraph_scoreT": [
          3,
          3,
          3
        ],
        "paragraph_scoreT_detail": {
          "paragraph_scoreT_exp": [
            [
              3,
              3,
              3
            ],
            [
              3,
              3,
              3
            ],
            [
              3,
              3,
              3
            ]
          ]
        },
        "paragraph_scoreT_avg": 3,
        "paragraph_id": "001"
      }
    ],
    "essay_scoreT": [
      28.5,
      28.5,
      28
    ],
    "essay_scoreT_avg": 28.333334,
    "essay_scoreT_detail": {
      "essay_scoreT_org": [
        [
          3,
          3,
          3,
          3
        ],
        [
          3,
          3,
          3,
          3
        ],
        [
          3,
          3,
          3,
          3
        ]
      ],
      "essay_scoreT_cont": [
        [
          3,
          2,
          0,
          3
        ],
        [
          3,
          2,
          0,
          3
        ],
        [
          3,
          2,
          0,
          2
        ]
      ],
      "essay_scoreT_exp": [
        [
          3,
          3,
          3
        ],
        [
          3,
          3,
          3
        ],
        [
          3,
          3,
          3
        ]
      ]
    }
  },
  "student": {
    "date": "2021.12.13",
    "student_educated": true,
    "student_grade": "고등_1학년",
    "location": "063",
    "student_grade_group": "고등",
    "student_reading": 1
  },
  "rubric": {
    "essay_grade": "고등_1학년",
    "organization_weight": {
      "org_paragraph": 2,
      "org": 2,
      "org_essay": 4,
      "org_coherence": 2,
      "org_quantity": 1
    },
    "essay_type": "글짓기",
    "content_weight": {
      "con_clearance": 4,
      "con_novelty": 3,
      "con": 4,
      "con_prompt": 0,
      "con_description": 1
    },
    "essay_main_subject": "소중함을 잃었던 경험",
    "expression_weight": {
      "exp_style": 1,
      "exp_grammar": 2,
      "exp_vocab": 3,
      "exp": 4
    }
  },
  "correction": [],
  "info": {
    "essay_id": "ESSAY_73450",
    "essay_prompt": " 익숙함에 속아 소중함을 잊지 말자는 명언 (Do not get fooled by something familiar and forget what is priceless.)이 있습니다.\n\n 부모님께서 매일 해주시는 아침밥이나, 너무 친해서 매일 맛있는 간식을 사주는 친구 등 처음에는 매우 감사했지만 반복되는 호의에 우리는 소중함을 잊어가기도 합니다.\n\n 작은 소중함일지라도 그 소중함을 잃게 되면 호의를 베푸는 사람 입장에서는 매우 당황스럽고 기분이 나쁠 수 있어요.\n\n 여러분은 익숙함에 속아 소중함을 잊었던 사례와 그로 인해 상대방의 기분을 나쁘게 했던 경험이 있나요? 만약 있다면 관계를 회복하기 위해 어떤 노력을 하셨나요? 본인의 경험을 작성해주세요.\n\n 만약 그런 적이 없다면 주변의 이야기나 본인에게 소중함을 주는 사람들에 관해 설명해주세요.",
    "essay_type": "글짓기",
    "essay_level": "2",
    "essay_len": 774,
    "essay_main_subject": "소중함을 잃었던 경험"
  }
}