{
  "paragraph": [
    {
      "paragraph_txt": "나는 나의 부모님을 너무 홀대했던 거 같다.#@문장구분# 한번은 부모님 두분이서 부부동반으로 여행을 가셨던 적이 있다.#@문장구분# 그래서 집에 혼자 있게 된날이 생겼는데, 그때 까지만 해도 너무 신나고 기분이 좋아 혼자 무엇을 할지 생각하며 학교 수업에 집중도 못하고 시간을 보냈다. #@문장구분#집에와서도 내맘대로 하고 영화도 보고 친구들이랑 놀고 내맘대로 하니 혼자 있는게 너무 좋다고 느껴졌다.#@문장구분#  그렇게 오후 시간을 보내고 나서 늦은 저녁이 되고 친구들은 집에가고 혼자 있는데 엄마, 아빠가 집에 안계시고 나 혼자 텅 빈 집에 있으니 정말 공허하고 무서움에 휩싸였다.#@문장구분# 어찌어찌 저녁에 잠을 자고 하루가 지나고 막상 학교와 학원을 끝마치고 집에 오니 매일 계시던 부모님이 집에 안계시니 기분이 이상하게 묘했다.#@문장구분# 집도 점점 엉망이 되가고 있었다.#@문장구분# 원래 같았으면 엄마가 아침에 치워주셨을 테지만 엄마가 없는 지금 치워줄 사람이 없으니 내가 혼자 치워야 했다.#@문장구분# 청소기를 돌리고 빨래도 내가 해야하고 밥도 내가 차려 먹고 설거지도 해야하고 이것저것 집안일을 막상 하려고 하니 너무 힘들다는것을 느꼈다.#@문장구분# 우리 엄마는 이런 집안일을 매일 한다는걸 생각하니 엄마가 얼마나 힘들었을지 새삼 느끼게 되는 시간이였다.#@문장구분# 엄마와 같이 지내다 보니 엄마의 소중함을 모르고 지냈는데 엄마가 없이 지내보니 엄마의 소중함을 확실히 깨달았던 시간이였다.#@문장구분# 앞으로는 엄마일을 많이 도와드리고 내가 할수 있는일은 좀더 찾아서 할수 있는 딸이되어야 겠다는 생각이 들었다.#@문장구분# 그러면서 있을때 잘하자!!! 이말이 떠올랐던 시간이였다. #@문장구분#그리고 빨리 어른이 되어 돈을 많이 벌어 부모님께 많은 것을 해드리고 싶다는 생각이 든다.#@문장구분#",
      "paragraph_len": 1091,
      "paragraph_id": "001"
    }
  ],
  "score": {
    "paragraph_score": [
      {
        "paragraph_scoreT": [
          3,
          2.1666667,
          2.1666667
        ],
        "paragraph_scoreT_detail": {
          "paragraph_scoreT_exp": [
            [
              3,
              3,
              3
            ],
            [
              2,
              2,
              3
            ],
            [
              2,
              2,
              3
            ]
          ]
        },
        "paragraph_scoreT_avg": 2.4444447,
        "paragraph_id": "001"
      }
    ],
    "essay_scoreT": [
      30,
      23.333334,
      25.777779
    ],
    "essay_scoreT_avg": 26.37037,
    "essay_scoreT_detail": {
      "essay_scoreT_org": [
        [
          3,
          3,
          3,
          3
        ],
        [
          2,
          2,
          3,
          3
        ],
        [
          2,
          3,
          3,
          3
        ]
      ],
      "essay_scoreT_cont": [
        [
          3,
          3,
          0,
          3
        ],
        [
          2,
          3,
          0,
          3
        ],
        [
          3,
          3,
          0,
          3
        ]
      ],
      "essay_scoreT_exp": [
        [
          3,
          3,
          3
        ],
        [
          2,
          2,
          3
        ],
        [
          2,
          2,
          3
        ]
      ]
    }
  },
  "student": {
    "date": "2021.12.15",
    "student_educated": true,
    "student_grade": "고등_1학년",
    "location": "063",
    "student_grade_group": "고등",
    "student_reading": 2
  },
  "rubric": {
    "essay_grade": "고등_1학년",
    "organization_weight": {
      "org_paragraph": 2,
      "org": 2,
      "org_essay": 4,
      "org_coherence": 2,
      "org_quantity": 1
    },
    "essay_type": "글짓기",
    "content_weight": {
      "con_clearance": 4,
      "con_novelty": 3,
      "con": 4,
      "con_prompt": 0,
      "con_description": 1
    },
    "essay_main_subject": "소중함을 잃었던 경험",
    "expression_weight": {
      "exp_style": 1,
      "exp_grammar": 2,
      "exp_vocab": 3,
      "exp": 4
    }
  },
  "correction": [],
  "info": {
    "essay_id": "ESSAY_66034",
    "essay_prompt": " 익숙함에 속아 소중함을 잊지 말자는 명언 (Do not get fooled by something familiar and forget what is priceless.)이 있습니다.\n\n 부모님께서 매일 해주시는 아침밥이나, 너무 친해서 매일 맛있는 간식을 사주는 친구 등 처음에는 매우 감사했지만 반복되는 호의에 우리는 소중함을 잊어가기도 합니다.\n\n 작은 소중함일지라도 그 소중함을 잃게 되면 호의를 베푸는 사람 입장에서는 매우 당황스럽고 기분이 나쁠 수 있어요.\n\n 여러분은 익숙함에 속아 소중함을 잊었던 사례와 그로 인해 상대방의 기분을 나쁘게 했던 경험이 있나요? 만약 있다면 관계를 회복하기 위해 어떤 노력을 하셨나요? 본인의 경험을 작성해주세요.\n\n 만약 그런 적이 없다면 주변의 이야기나 본인에게 소중함을 주는 사람들에 관해 설명해주세요.",
    "essay_type": "글짓기",
    "essay_level": "2",
    "essay_len": 811,
    "essay_main_subject": "소중함을 잃었던 경험"
  }
}