{
  "paragraph": [
    {
      "paragraph_txt": "우리는 항상 곱지 않은 시선에 상처 받고, 눈물이 나온다,#@문장구분# 그리고 명심할 것이 있다.#@문장구분# 그것은 우리는 여전히 사랑스럽다.#@문장구분# 지독히도 먼 길이다,#@문장구분# 길을 걷는 내내 이 길이 맞는지도 모르고 얼렁 뚱땅 헐레벌떡 전진만 했던 길이다.#@문장구분# 그렇게 우연처럼 길이 트인 곳, 처음에는 제대로 하자는 생각에 의욕도, 열정도 넘쳤다.#@문장구분# 그냥 무조건 잘하고 싶었다.#@문장구분# 나는 정말 성장하고 달라졌으니 이제 나의 사회생활은 정말 다를 거야, 단단하고 견고해졌으니, 이번을 통해 증명해 보이겠다는 생각에 그렇게 그렇게 배우고 또 배웠다,#@문장구분# 예전의 어떤 날 처럼, 누군가가 나를 무시하지 않을까 라는 생각에 어느정도의 벽을 두고 그렇게 지냈다.#@문장구분# 조금 더 내가 나 다울수 있는 일을 찾을 순 없을까?#@문장구분# 누군가에게는 정말 좋은 곳이었을 수도 있겠지만 적어도 나에게는 아니다.#@문장구분# 그래서 나는 이렇게 또 떠난다.#@문장구분# 그래도 이 안에서 세상에서 가장 소중한 것 하나를 또 얻었으니, 어쩌면 신은 이걸 주기 위해 나에게 이 길을 인도했나 보다.#@문장구분# 또 오랜만에 시작되는 내 시간만이 가득한 날들의 연속이겠다.#@문장구분# 내 안의 것들을 탐구하며 깊숙이 들여다보고 에너지를 얻을 수 있는 시간이다.#@문장구분# 잠시나마 명상을 취하며 걱정거리를 멀리 날려 보내본다.#@문장구분# 걱정해서 나아지는거였으면 벌써 좋아졌을 것이다.#@문장구분# 소중한 것들도 너무나 가까이 있기에 느끼지 못한 것이 아닐까?#@문장구분# 때로는 내 주위의 모두를 잠시 한 발짝 떨어져서 바라보는 시각이 필요한 것 같다.#@문장구분# 그래야 잃고 난 뒤에 아쉬운 미련에 매달리는 그런 모습을 조금이나마 덜 겪어도 될 것이다.#@문장구분# 소중함을 잃어버리는 고통을 누가 원하는 사람이 있으랴.#@문장구분# 나도 내가 정말 소중하게 여기는 것들이 있다.#@문장구분# 그런데 그 중에는 정말 소중하지만 내가 모르는 것도 있을 것이다.#@문장구분# 그러한 것들은 잃고나서야 소중함을 알 것 같다.  #@문장구분#",
      "paragraph_len": 1368,
      "paragraph_id": "001"
    }
  ],
  "score": {
    "paragraph_score": [
      {
        "paragraph_scoreT": [
          3,
          2.5,
          3
        ],
        "paragraph_scoreT_detail": {
          "paragraph_scoreT_exp": [
            [
              3,
              3,
              3
            ],
            [
              2,
              3,
              2
            ],
            [
              3,
              3,
              3
            ]
          ]
        },
        "paragraph_scoreT_avg": 2.8333333,
        "paragraph_id": "001"
      }
    ],
    "essay_scoreT": [
      28.5,
      25.61111,
      27.5
    ],
    "essay_scoreT_avg": 27.203705,
    "essay_scoreT_detail": {
      "essay_scoreT_org": [
        [
          3,
          3,
          3,
          3
        ],
        [
          3,
          2,
          2,
          3
        ],
        [
          3,
          3,
          3,
          3
        ]
      ],
      "essay_scoreT_cont": [
        [
          3,
          2,
          0,
          3
        ],
        [
          3,
          2,
          0,
          3
        ],
        [
          2,
          3,
          0,
          2
        ]
      ],
      "essay_scoreT_exp": [
        [
          3,
          3,
          3
        ],
        [
          2,
          3,
          2
        ],
        [
          3,
          3,
          3
        ]
      ]
    }
  },
  "student": {
    "date": "2021.12.16",
    "student_educated": true,
    "student_grade": "고등_1학년",
    "location": "063",
    "student_grade_group": "고등",
    "student_reading": 2
  },
  "rubric": {
    "essay_grade": "고등_1학년",
    "organization_weight": {
      "org_paragraph": 2,
      "org": 2,
      "org_essay": 4,
      "org_coherence": 2,
      "org_quantity": 1
    },
    "essay_type": "글짓기",
    "content_weight": {
      "con_clearance": 4,
      "con_novelty": 3,
      "con": 4,
      "con_prompt": 0,
      "con_description": 1
    },
    "essay_main_subject": "소중함을 잃었던 경험",
    "expression_weight": {
      "exp_style": 1,
      "exp_grammar": 2,
      "exp_vocab": 3,
      "exp": 4
    }
  },
  "correction": [],
  "info": {
    "essay_id": "ESSAY_65830",
    "essay_prompt": " 익숙함에 속아 소중함을 잊지 말자는 명언 (Do not get fooled by something familiar and forget what is priceless.)이 있습니다.\n\n 부모님께서 매일 해주시는 아침밥이나, 너무 친해서 매일 맛있는 간식을 사주는 친구 등 처음에는 매우 감사했지만 반복되는 호의에 우리는 소중함을 잊어가기도 합니다.\n\n 작은 소중함일지라도 그 소중함을 잃게 되면 호의를 베푸는 사람 입장에서는 매우 당황스럽고 기분이 나쁠 수 있어요.\n\n 여러분은 익숙함에 속아 소중함을 잊었던 사례와 그로 인해 상대방의 기분을 나쁘게 했던 경험이 있나요? 만약 있다면 관계를 회복하기 위해 어떤 노력을 하셨나요? 본인의 경험을 작성해주세요.\n\n 만약 그런 적이 없다면 주변의 이야기나 본인에게 소중함을 주는 사람들에 관해 설명해주세요.",
    "essay_type": "글짓기",
    "essay_level": "2",
    "essay_len": 889,
    "essay_main_subject": "소중함을 잃었던 경험"
  }
}