{
  "paragraph": [
    {
      "paragraph_txt": "나에게 소중함을 주는 사람은 누구일까 곰곰히 생각해 봅니다.#@문장구분# 당연히 부모님도 저에게 가장 소중한 사람들이십니다.#@문장구분# 저는 우리 가족중에 언니에 대해 이야기 해보겠습니다.#@문장구분# 저희 언니는 저와 사이가 그다지 좋은 편이 아닙니다.#@문장구분# 저랑 2살 터울로 같은 초등학교, 같은 중학교 같은 고등학교에 다니지만 학교내에서 언니를 마주치게 되면 서로 쌩~ 하고 뒤돌아가기 일쑤이고 학교에 등교할때도 서로 따로 따로 등교를 합니다.#@문장구분# 부모님은 서로 같은 성별의 자매끼리 왜저러는지 이해 할수 없다고 이야기 하시는데 저도 왜이렇게 우리 둘 사이가 나빠진 것인지 알수가 없습니다.#@문장구분# 하지만 확실한 건 언니와 저는 사이가 매우 좋지는 않지만 그렇다고 사랑하지 않는 것은 아니라는 점입니다.#@문장구분# 이것이 언니가 나에게 소중함을 주는 사람이라는 뜻입니다.#@문장구분# 저는 언니가 싫습니다.#@문장구분# 왜냐하면 자기밖에 모르는 것 같고 자신감이 너무 넘치는 점도 싫습니다.#@문장구분# 자기애가 강한 사람이다 보니 무엇이든지 본인의 물건이 먼저 사야되고 좋은것을 골라야하고 좋은것을 먹어야 합니다.#@문장구분# 언니가 자꾸 욕심쟁이 행동을 하니까 저는 항상 뒤에 남은것을 골라야 하기 때문에 사이가 나빠진듯합니다.#@문장구분# 하지만 중학교때 학교에서 친구들이랑 다툼이 생겼을때 언니가 저희 교실에와서 해결을 해주고 내편을 들어주었을때 감동은 잊을수 없습니다.#@문장구분# 언니에게 고맙다고 말도 하지 않았지만 저는 언니가 언제든지 나에게 일이 생기면 와서 도와줄것을 알고 있습니다.#@문장구분# 저도 언니에게 무슨일이 생기면 지체하지 않고 가서 도와줄것입니다.#@문장구분# 겉으로 표현을 잘 못해도 언니는 저에게 가장 소중한 인생의 동반자라고 생각합니다.#@문장구분# 앞으로도 언니랑은 각별하게 사이좋게 지내진 못할거 같지만 그래도 죽을때까지 내편은 언니가 되지 않을까 하는 믿음이라는 것이 있습니다.#@문장구분#",
      "paragraph_len": 1208,
      "paragraph_id": "001"
    }
  ],
  "score": {
    "paragraph_score": [
      {
        "paragraph_scoreT": [
          3,
          3,
          2.6666667
        ],
        "paragraph_scoreT_detail": {
          "paragraph_scoreT_exp": [
            [
              3,
              3,
              3
            ],
            [
              3,
              3,
              3
            ],
            [
              2,
              3,
              3
            ]
          ]
        },
        "paragraph_scoreT_avg": 2.888889,
        "paragraph_id": "001"
      }
    ],
    "essay_scoreT": [
      29.5,
      29.5,
      28.666668
    ],
    "essay_scoreT_avg": 29.222223,
    "essay_scoreT_detail": {
      "essay_scoreT_org": [
        [
          3,
          3,
          3,
          3
        ],
        [
          3,
          3,
          3,
          3
        ],
        [
          3,
          3,
          3,
          3
        ]
      ],
      "essay_scoreT_cont": [
        [
          3,
          3,
          0,
          2
        ],
        [
          3,
          3,
          0,
          2
        ],
        [
          3,
          3,
          0,
          3
        ]
      ],
      "essay_scoreT_exp": [
        [
          3,
          3,
          3
        ],
        [
          3,
          3,
          3
        ],
        [
          2,
          3,
          3
        ]
      ]
    }
  },
  "student": {
    "date": "2021.12.15",
    "student_educated": true,
    "student_grade": "고등_1학년",
    "location": "063",
    "student_grade_group": "고등",
    "student_reading": 1
  },
  "rubric": {
    "essay_grade": "고등_1학년",
    "organization_weight": {
      "org_paragraph": 2,
      "org": 2,
      "org_essay": 4,
      "org_coherence": 2,
      "org_quantity": 1
    },
    "essay_type": "글짓기",
    "content_weight": {
      "con_clearance": 4,
      "con_novelty": 3,
      "con": 4,
      "con_prompt": 0,
      "con_description": 1
    },
    "essay_main_subject": "소중함을 잃었던 경험",
    "expression_weight": {
      "exp_style": 1,
      "exp_grammar": 2,
      "exp_vocab": 3,
      "exp": 4
    }
  },
  "correction": [],
  "info": {
    "essay_id": "ESSAY_62956",
    "essay_prompt": " 익숙함에 속아 소중함을 잊지 말자는 명언 (Do not get fooled by something familiar and forget what is priceless.)이 있습니다.\n\n 부모님께서 매일 해주시는 아침밥이나, 너무 친해서 매일 맛있는 간식을 사주는 친구 등 처음에는 매우 감사했지만 반복되는 호의에 우리는 소중함을 잊어가기도 합니다.\n\n 작은 소중함일지라도 그 소중함을 잃게 되면 호의를 베푸는 사람 입장에서는 매우 당황스럽고 기분이 나쁠 수 있어요.\n\n 여러분은 익숙함에 속아 소중함을 잊었던 사례와 그로 인해 상대방의 기분을 나쁘게 했던 경험이 있나요? 만약 있다면 관계를 회복하기 위해 어떤 노력을 하셨나요? 본인의 경험을 작성해주세요.\n\n 만약 그런 적이 없다면 주변의 이야기나 본인에게 소중함을 주는 사람들에 관해 설명해주세요.",
    "essay_type": "글짓기",
    "essay_level": "2",
    "essay_len": 869,
    "essay_main_subject": "소중함을 잃었던 경험"
  }
}