{
  "paragraph": [
    {
      "paragraph_txt": "나에게 가장 소중한 것은 무엇인가.#@문장구분# 사람들은 평소에 이에 대한 생각을 하지 않고 살아가고 있다.#@문장구분# 나도 물론 마찬가지이다.#@문장구분# 적의 군대가 한 마을을 포위했습니다.#@문장구분# 적군의 장수는 마을을 향하여 소리쳤습니다.#@문장구분# \"남자들은 모조리 우리의 노예로 삼을 것이다. 그러나 여자들은 특별히 풀어줄 것이니 이 마을을 속히 떠나되 인정을 베풀어 그대들이 가장 소중히 여기는 보물 한 개 씩만 지니고 나가도록 허락한다.\"#@문장구분# 그래서 그 마을의 여자들은 모두가 금반지며, 목걸이며, 은수저 등을 들고 나섰습니다.#@문장구분# 그런데 한 여인이 커다란 보따리 하나를 질질 끌고 나가는 것이었습니다.#@문장구분# 검문하던 자가 수상히 여겨 보따리를 헤쳐 보니 웬 남자가 들어 있었습니다.#@문장구분# \"이건 누군가?\" 여인은 대답했습니다.#@문장구분# \"제 남편입니다.\"#@문장구분# \"왜 그대는 명령을 어기는가? 둘 다 죽고 싶은가?\"#@문장구분# 적의 장수가 위협을 가하자 여인은 간절하게 대답했습니다.#@문장구분# \"제게 가장 소중한 보물은 제 남편입니다. 명령대로 내게 가장 소중한 보물을 하나 지니고 나가는 것이니 보내 주십시오\"#@문장구분# 적군의 장수는 마음에 감동을 받았습니다.#@문장구분# 그 여인의 지혜와 사랑에 감동하여 남편을 데리고 나가도록 허락했습니다.#@문장구분# 누구나 가장 소중한 것들은 다릅니다.#@문장구분# 이 여인처럼 자신의 남편이 가장 소중한 사람도 있을 수 있고 아니면 재물이나 다른 보석들이 있을 수도 있습니다.#@문장구분# 그래도 나는 사람이 가장 중요하다고 생각한다.#@문장구분# 만약 가족들이 물에 빠지면 누구를 선택할 것인가의 질문에 그때서야 사람들은 가족의 소중함에 대해 생각하게 된다.#@문장구분# 가족이 가장 소중하다.#@문장구분#",
      "paragraph_len": 1183,
      "paragraph_id": "001"
    }
  ],
  "score": {
    "paragraph_score": [
      {
        "paragraph_scoreT": [
          3,
          2,
          2
        ],
        "paragraph_scoreT_detail": {
          "paragraph_scoreT_exp": [
            [
              3,
              3,
              3
            ],
            [
              2,
              2,
              2
            ],
            [
              2,
              2,
              2
            ]
          ]
        },
        "paragraph_scoreT_avg": 2.3333333,
        "paragraph_id": "001"
      }
    ],
    "essay_scoreT": [
      30,
      20.222221,
      20.222221
    ],
    "essay_scoreT_avg": 23.481482,
    "essay_scoreT_detail": {
      "essay_scoreT_org": [
        [
          3,
          3,
          3,
          3
        ],
        [
          2,
          2,
          2,
          3
        ],
        [
          2,
          2,
          2,
          3
        ]
      ],
      "essay_scoreT_cont": [
        [
          3,
          3,
          0,
          3
        ],
        [
          2,
          2,
          0,
          2
        ],
        [
          2,
          2,
          0,
          2
        ]
      ],
      "essay_scoreT_exp": [
        [
          3,
          3,
          3
        ],
        [
          2,
          2,
          2
        ],
        [
          2,
          2,
          2
        ]
      ]
    }
  },
  "student": {
    "date": "2021.12.16",
    "student_educated": true,
    "student_grade": "고등_1학년",
    "location": "041",
    "student_grade_group": "고등",
    "student_reading": 1
  },
  "rubric": {
    "essay_grade": "고등_1학년",
    "organization_weight": {
      "org_paragraph": 2,
      "org": 2,
      "org_essay": 4,
      "org_coherence": 2,
      "org_quantity": 1
    },
    "essay_type": "글짓기",
    "content_weight": {
      "con_clearance": 4,
      "con_novelty": 3,
      "con": 4,
      "con_prompt": 0,
      "con_description": 1
    },
    "essay_main_subject": "소중함을 잃었던 경험",
    "expression_weight": {
      "exp_style": 1,
      "exp_grammar": 2,
      "exp_vocab": 3,
      "exp": 4
    }
  },
  "correction": [],
  "info": {
    "essay_id": "ESSAY_66121",
    "essay_prompt": " 익숙함에 속아 소중함을 잊지 말자는 명언 (Do not get fooled by something familiar and forget what is priceless.)이 있습니다.\n\n 부모님께서 매일 해주시는 아침밥이나, 너무 친해서 매일 맛있는 간식을 사주는 친구 등 처음에는 매우 감사했지만 반복되는 호의에 우리는 소중함을 잊어가기도 합니다.\n\n 작은 소중함일지라도 그 소중함을 잃게 되면 호의를 베푸는 사람 입장에서는 매우 당황스럽고 기분이 나쁠 수 있어요.\n\n 여러분은 익숙함에 속아 소중함을 잊었던 사례와 그로 인해 상대방의 기분을 나쁘게 했던 경험이 있나요? 만약 있다면 관계를 회복하기 위해 어떤 노력을 하셨나요? 본인의 경험을 작성해주세요.\n\n 만약 그런 적이 없다면 주변의 이야기나 본인에게 소중함을 주는 사람들에 관해 설명해주세요.",
    "essay_type": "글짓기",
    "essay_level": "2",
    "essay_len": 763,
    "essay_main_subject": "소중함을 잃었던 경험"
  }
}