{
  "paragraph": [
    {
      "paragraph_txt": "나는 어릴적부터 단짝인 친구들 5명이있었다.#@문장구분# 유치원 부터 중학교 까지는 같은학교에서 다녔다.#@문장구분# 그런데 고등학교 배정을받고 여기저기 흩어졌다.#@문장구분# 새로운 친구 사귀기도 힘들었다.#@문장구분#5명 의단짝 친구들이 너무 보고싶었다. #@문장구분#그래서 톡방을 만들었다.#@문장구분# 톡방의 방의 이름은 영원한 친구이다. #@문장구분#그 친구들과 너무 오랜만에 안부인사를 하고 각자의 학교이야기 같은반 친구 이런저런 이야기를 나눴다.#@문장구분# 나는 나뺴고 이아이들은 잘지내고있구나 나는 얼굴도 보고싶고 같이 만나 이야기 하고 싶은데 시간들이 안된다고 톡으로만 안부를 전하고 있었다.#@문장구분# 나는  내성적이여서 만나자는말을 못하고 보고싶어더 참고  있었다. #@문장구분#그런데 어느날  영원한 친구들 중에 한 명이 요즘 너무 외롭다고, 보고 싶다고 그랬다. #@문장구분#그건 나도 그랬다.#@문장구분# 다른 친구들도 그랬다.#@문장구분# 우리는 소중함을 잊었던 것 같다. #@문장구분#그래서 그 대가로 외로웠고 그래서 우리는 시간이 나면 모인다. #@문장구분#친구들과 여행을 가서 조용한 그 밤을 우리가 삼킬 것처럼 떠들어대고, 어느 날은 친구 집에 가서 빈둥거리고, 어느 날씨 좋은 날에는 밖에서 놀았다.#@문장구분# 그렇게 우리는 소중함을 잊어버리지 않고 같이 있었다.#@문장구분# 사람과 사람이 서로에게 더 소중해질수록 서로의 소중함은 잊혀간다.#@문장구분# 마치 매일 당연하게 함께일 것 같은 기분에 서로가 당연해져 버린다.#@문장구분# 소중함을 잊지 말고 소중한 것과 함께 있자.#@문장구분# 나를 혼자 두지 말자.#@문장구분# 한 평생 해온 일도 하면서 배우는 것이 있듯이 일상에서 일어나는 일들의 익숙함에 묻힌다면 더 나아가 발전하지 못하게 되는 것이 아닐까? #@문장구분#소중함을 놓지 말자.#@문장구분#",
      "paragraph_len": 1223,
      "paragraph_id": "001"
    }
  ],
  "score": {
    "paragraph_score": [
      {
        "paragraph_scoreT": [
          2.6666667,
          2.6666667,
          3
        ],
        "paragraph_scoreT_detail": {
          "paragraph_scoreT_exp": [
            [
              2,
              3,
              3
            ],
            [
              2,
              3,
              3
            ],
            [
              3,
              3,
              3
            ]
          ]
        },
        "paragraph_scoreT_avg": 2.777778,
        "paragraph_id": "001"
      }
    ],
    "essay_scoreT": [
      28.166668,
      28.166668,
      30
    ],
    "essay_scoreT_avg": 28.777779,
    "essay_scoreT_detail": {
      "essay_scoreT_org": [
        [
          3,
          3,
          3,
          3
        ],
        [
          3,
          3,
          3,
          3
        ],
        [
          3,
          3,
          3,
          3
        ]
      ],
      "essay_scoreT_cont": [
        [
          3,
          3,
          0,
          2
        ],
        [
          3,
          3,
          0,
          2
        ],
        [
          3,
          3,
          0,
          3
        ]
      ],
      "essay_scoreT_exp": [
        [
          2,
          3,
          3
        ],
        [
          2,
          3,
          3
        ],
        [
          3,
          3,
          3
        ]
      ]
    }
  },
  "student": {
    "date": "2021.12.18",
    "student_educated": true,
    "student_grade": "고등_1학년",
    "location": "063",
    "student_grade_group": "고등",
    "student_reading": 2
  },
  "rubric": {
    "essay_grade": "고등_1학년",
    "organization_weight": {
      "org_paragraph": 2,
      "org": 2,
      "org_essay": 4,
      "org_coherence": 2,
      "org_quantity": 1
    },
    "essay_type": "글짓기",
    "content_weight": {
      "con_clearance": 4,
      "con_novelty": 3,
      "con": 4,
      "con_prompt": 0,
      "con_description": 1
    },
    "essay_main_subject": "소중함을 잃었던 경험",
    "expression_weight": {
      "exp_style": 1,
      "exp_grammar": 2,
      "exp_vocab": 3,
      "exp": 4
    }
  },
  "correction": [],
  "info": {
    "essay_id": "ESSAY_73133",
    "essay_prompt": " 익숙함에 속아 소중함을 잊지 말자는 명언 (Do not get fooled by something familiar and forget what is priceless.)이 있습니다.\n\n 부모님께서 매일 해주시는 아침밥이나, 너무 친해서 매일 맛있는 간식을 사주는 친구 등 처음에는 매우 감사했지만 반복되는 호의에 우리는 소중함을 잊어가기도 합니다.\n\n 작은 소중함일지라도 그 소중함을 잃게 되면 호의를 베푸는 사람 입장에서는 매우 당황스럽고 기분이 나쁠 수 있어요.\n\n 여러분은 익숙함에 속아 소중함을 잊었던 사례와 그로 인해 상대방의 기분을 나쁘게 했던 경험이 있나요? 만약 있다면 관계를 회복하기 위해 어떤 노력을 하셨나요? 본인의 경험을 작성해주세요.\n\n 만약 그런 적이 없다면 주변의 이야기나 본인에게 소중함을 주는 사람들에 관해 설명해주세요.",
    "essay_type": "글짓기",
    "essay_level": "2",
    "essay_len": 765,
    "essay_main_subject": "소중함을 잃었던 경험"
  }
}