{
  "paragraph": [
    {
      "paragraph_txt": "사람들이 말하기를 20대는 시간이 20km로 달리고 30대는 30km, 40대는 40km...이렇게 늘어나면서 시간이 지나간다고 합니다.#@문장구분# 그러면서 어려서 좋겠다며 나도 너같이 예쁠 때가 있었는데 하십니다.#@문장구분# 어머니도 왜이리 시간이 빨리가는지 모르겠다며 일주일이 벌써 다 갔다며 한탄 하십니다.#@문장구분# 저는 시간이 너무 늦게 가서 아직도 수요일이네 이러는데 말입니다.#@문장구분# 시간은 가만히 있어도 흘러 갑니다.#@문장구분# 잠을자도 시간은 흐르고 놀아도 운동을 해도 심지어 공부를 해도 시간을 똑 같이 흘러 갑니다.#@문장구분# 이렇게 흘러가는 시간을 소중히 생각하고 사용하는 사람이 몇이나 될까요?#@문장구분# 저 또한 시간의 소중함을 느끼지 못하고 살아가고 있는 사람중 하나입니다.#@문장구분# 하지만 우리는 시간을 소중히 여기며 소중한 시간을 소중한 가족들과 같이 보내면 어떤지 라고 생각해봅니다.#@문장구분# 우리 가족은 부모님들은 모두 맞벌이로 직장에 다니시고 저도 학원에 다니고 동생도 학원에 다니기 때문에 주말이 아니면 같이 식사를 할 시간도 없습니다.#@문장구분# 이렇게 소중한 시간을 모두 밖에서 보내고 있는 셈입니다.#@문장구분# 그렇다고 주말에 가족들이 모여 시간을 보내지도 않습니다.#@문장구분# 각자 약속들이 있어서 모임에 나간다거나 하면 각자 시간을 보냅니다.#@문장구분# 저는 오늘 집에가서 제가 가장 사랑하는 가족들에게 일주일 중 주말 저녁시간은 소중한 우리가족이 모두 같이 모여서 소중한 시간 같이 함께 하자고 말하겠습니다.#@문장구분#",
      "paragraph_len": 965,
      "paragraph_id": "001"
    }
  ],
  "score": {
    "paragraph_score": [
      {
        "paragraph_scoreT": [
          2.8333333,
          3,
          2.6666667
        ],
        "paragraph_scoreT_detail": {
          "paragraph_scoreT_exp": [
            [
              3,
              3,
              2
            ],
            [
              3,
              3,
              3
            ],
            [
              2,
              3,
              3
            ]
          ]
        },
        "paragraph_scoreT_avg": 2.8333333,
        "paragraph_id": "001"
      }
    ],
    "essay_scoreT": [
      26.055555,
      28,
      24.666668
    ],
    "essay_scoreT_avg": 26.240744,
    "essay_scoreT_detail": {
      "essay_scoreT_org": [
        [
          2,
          2,
          2,
          3
        ],
        [
          3,
          3,
          3,
          3
        ],
        [
          3,
          3,
          3,
          3
        ]
      ],
      "essay_scoreT_cont": [
        [
          3,
          2,
          0,
          3
        ],
        [
          3,
          2,
          0,
          2
        ],
        [
          2,
          2,
          0,
          2
        ]
      ],
      "essay_scoreT_exp": [
        [
          3,
          3,
          2
        ],
        [
          3,
          3,
          3
        ],
        [
          2,
          3,
          3
        ]
      ]
    }
  },
  "student": {
    "date": "2021.12.18",
    "student_educated": true,
    "student_grade": "고등_1학년",
    "location": "063",
    "student_grade_group": "고등",
    "student_reading": 1
  },
  "rubric": {
    "essay_grade": "고등_1학년",
    "organization_weight": {
      "org_paragraph": 2,
      "org": 2,
      "org_essay": 4,
      "org_coherence": 2,
      "org_quantity": 1
    },
    "essay_type": "글짓기",
    "content_weight": {
      "con_clearance": 4,
      "con_novelty": 3,
      "con": 4,
      "con_prompt": 0,
      "con_description": 1
    },
    "essay_main_subject": "소중함을 잃었던 경험",
    "expression_weight": {
      "exp_style": 1,
      "exp_grammar": 2,
      "exp_vocab": 3,
      "exp": 4
    }
  },
  "correction": [],
  "info": {
    "essay_id": "ESSAY_73755",
    "essay_prompt": " 익숙함에 속아 소중함을 잊지 말자는 명언 (Do not get fooled by something familiar and forget what is priceless.)이 있습니다.\n\n 부모님께서 매일 해주시는 아침밥이나, 너무 친해서 매일 맛있는 간식을 사주는 친구 등 처음에는 매우 감사했지만 반복되는 호의에 우리는 소중함을 잊어가기도 합니다.\n\n 작은 소중함일지라도 그 소중함을 잃게 되면 호의를 베푸는 사람 입장에서는 매우 당황스럽고 기분이 나쁠 수 있어요.\n\n 여러분은 익숙함에 속아 소중함을 잊었던 사례와 그로 인해 상대방의 기분을 나쁘게 했던 경험이 있나요? 만약 있다면 관계를 회복하기 위해 어떤 노력을 하셨나요? 본인의 경험을 작성해주세요.\n\n 만약 그런 적이 없다면 주변의 이야기나 본인에게 소중함을 주는 사람들에 관해 설명해주세요.",
    "essay_type": "글짓기",
    "essay_level": "2",
    "essay_len": 686,
    "essay_main_subject": "소중함을 잃었던 경험"
  }
}