{
  "paragraph": [
    {
      "paragraph_txt": "저는 부모님의 소중함을 잃어버렸던 경험이 있습니다.#@문장구분# 매일 부모님과 행복하고 평화로운 시간들이 계속 지나가다 보니 어느 순간 당연하게 느껴지고 소중히 안 해도 되겠다는 생각이 들었습니다.#@문장구분# 익숙함에 속아 소중함을 잃어버렸습니다.#@문장구분# 부모님의 소중함을 다시 생각하고 잃어버리지 않겠다는 생각을 한 계기는 어머니가 많이 편찮으셔서 입원을 했을 때였습니다.#@문장구분# 입원하시고 집에 당연하다고 생각되었던 익숙한 풍경들은 없고 집에 돌아오면 아무도 없는 불안한 풍경들만 있었습니다.#@문장구분# 누나는 학교에서 늦게 돌아오고 아버지는 회사일을 하신다고 늦게 집에 들어오시는데 평소라면 어머니가 반겨주시는 평범한 일상이 없어지니 그때의 기분은 말로 할 수 없는 기분이었습니다.#@문장구분# 빨래, 설거지 등 집안일은 어떻게 해야 할지 막막하고 밥 먹는 것도 어떡해 뭘 해야 하는지 도 모르고 평소의 익숙했던 것이 없어지니 정말 평범한 것도 사라지니 소중해지는구나라는 것을 느꼈습니다.#@문장구분# 이 사건 이후로 평범하고 익숙한 것이라도 소중함을 잃어버리지 않아야겠다고 다짐하는 계기가 된 것 같습니다.#@문장구분# 앞으로도 이 경험을 잊지 않고 나를 소중히 대하는 것에 대해 당연하다고 생각하지 않고 고맘게 생각하며 나도 그 사람을 소중히 대하면 서로 소중한 사이가 될 것이라고 생각합니다.#@문장구분# 나 자신이 소중히 대접받는 것을 당연하다고 생각하지 말고 먼저 다른 사람들을 소중히 대해주면 자연스레 자신도 소중히 대해질 수 있다고 생각합니다.#@문장구분#",
      "paragraph_len": 907,
      "paragraph_id": "001"
    }
  ],
  "score": {
    "paragraph_score": [
      {
        "paragraph_scoreT": [
          2.6666667,
          2.6666667,
          3
        ],
        "paragraph_scoreT_detail": {
          "paragraph_scoreT_exp": [
            [
              2,
              3,
              3
            ],
            [
              2,
              3,
              3
            ],
            [
              3,
              3,
              3
            ]
          ]
        },
        "paragraph_scoreT_avg": 2.777778,
        "paragraph_id": "001"
      }
    ],
    "essay_scoreT": [
      27.166668,
      27.166668,
      30
    ],
    "essay_scoreT_avg": 28.111113,
    "essay_scoreT_detail": {
      "essay_scoreT_org": [
        [
          3,
          3,
          3,
          3
        ],
        [
          3,
          3,
          3,
          3
        ],
        [
          3,
          3,
          3,
          3
        ]
      ],
      "essay_scoreT_cont": [
        [
          3,
          2,
          0,
          3
        ],
        [
          3,
          2,
          0,
          3
        ],
        [
          3,
          3,
          0,
          3
        ]
      ],
      "essay_scoreT_exp": [
        [
          2,
          3,
          3
        ],
        [
          2,
          3,
          3
        ],
        [
          3,
          3,
          3
        ]
      ]
    }
  },
  "student": {
    "date": "2021.11.01",
    "student_educated": true,
    "student_grade": "고등_1학년",
    "location": "054",
    "student_grade_group": "고등",
    "student_reading": 2
  },
  "rubric": {
    "essay_grade": "고등_1학년",
    "organization_weight": {
      "org_paragraph": 2,
      "org": 2,
      "org_essay": 4,
      "org_coherence": 2,
      "org_quantity": 1
    },
    "essay_type": "글짓기",
    "content_weight": {
      "con_clearance": 4,
      "con_novelty": 3,
      "con": 4,
      "con_prompt": 0,
      "con_description": 1
    },
    "essay_main_subject": "소중함을 잃었던 경험",
    "expression_weight": {
      "exp_style": 1,
      "exp_grammar": 2,
      "exp_vocab": 3,
      "exp": 4
    }
  },
  "correction": [],
  "info": {
    "essay_id": "ESSAY_47417",
    "essay_prompt": " 익숙함에 속아 소중함을 잊지 말자는 명언 (Do not get fooled by something familiar and forget what is priceless.)이 있습니다.\n\n 부모님께서 매일 해주시는 아침밥이나, 너무 친해서 매일 맛있는 간식을 사주는 친구 등 처음에는 매우 감사했지만 반복되는 호의에 우리는 소중함을 잊어가기도 합니다.\n\n 작은 소중함일지라도 그 소중함을 잃게 되면 호의를 베푸는 사람 입장에서는 매우 당황스럽고 기분이 나쁠 수 있어요.\n\n 여러분은 익숙함에 속아 소중함을 잊었던 사례와 그로 인해 상대방의 기분을 나쁘게 했던 경험이 있나요? 만약 있다면 관계를 회복하기 위해 어떤 노력을 하셨나요? 본인의 경험을 작성해주세요.\n\n 만약 그런 적이 없다면 주변의 이야기나 본인에게 소중함을 주는 사람들에 관해 설명해주세요.",
    "essay_type": "글짓기",
    "essay_level": "2",
    "essay_len": 707,
    "essay_main_subject": "소중함을 잃었던 경험"
  }
}