{
  "paragraph": [
    {
      "paragraph_txt": "저는 마음이 따뜻한 할머니가 계셨습니다.#@문장구분#할머니집에 가면 항상 똥강아지라고 불러주시며 반갑게 맞이 해주셨습니다.#@문장구분# 항상 쇠고기무국을 해주시며 같이 거봉도 따고 비빔밥도 해먹었습니다.#@문장구분# 할머니집에 가면 변함없이 그럴 것 같았지만 할머니는 좋은 곳에 가셔 행복했던, 영원할 것 같았던 순간들이 사라지게 돼었죠.#@문장구분# 익숙함에 속아 항상 일어난일들이 영원히 일어날 수 없는 일이 되자 난생 처음 느껴보는 기분과 슬픔이 몰려왔습니다.#@문장구분# 소중하고 행복했던 순간들을 잃어버리는 것은 느껴보지 않으면 모르는 느낌입니다.#@문장구분# 다시는 느끼고 싶지않은 느끼면 안되는 기분입니다.#@문장구분# 여러분들도 자신의 삶을 되돌아보면서 사소한 행복이나 감사한것들을 잊지말고 표현하세요.#@문장구분# 있을 때 잘하라는 말이 있듯이 나중에 가서 후회하면 많이 늦은 겁니다.#@문장구분# 사소한 것이라도 감사하며 감사하다고 표현해 보세요.#@문장구분# 여러분들은 소중하고 행복한 것을 잃기 전에 바로잡아 보시고 후회하지 마세요.#@문장구분# 저는 바로잡아 보기위해 지금이라도 산소에 가서 안부 인사를 전합니다.#@문장구분# 늦으신 분들은 그렇게라도 해보세요. #@문장구분#늦었다고 생각할 때가 가장 빠른 때이다 라는 속담이 있잖아요.#@문장구분# 한시라도 빨리 안부 인사를 전하는 것이 그 사람의 소중함을 일깨워주고 사이도 더 돈독해지는 길입니다.#@문장구분# 소중한 사람을 소중히 대하면 나 자신도 소중한 사람이 됩니다.#@문장구분# 우리 모두 서로를 소중히 대하는 태도를 가집시다.#@문장구분#",
      "paragraph_len": 1018,
      "paragraph_id": "001"
    }
  ],
  "score": {
    "paragraph_score": [
      {
        "paragraph_scoreT": [
          2.5,
          2.1666667,
          2.8333333
        ],
        "paragraph_scoreT_detail": {
          "paragraph_scoreT_exp": [
            [
              2,
              3,
              2
            ],
            [
              2,
              2,
              3
            ],
            [
              3,
              3,
              2
            ]
          ]
        },
        "paragraph_scoreT_avg": 2.5,
        "paragraph_id": "001"
      }
    ],
    "essay_scoreT": [
      27.333334,
      26.666668,
      24.88889
    ],
    "essay_scoreT_avg": 26.296295,
    "essay_scoreT_detail": {
      "essay_scoreT_org": [
        [
          3,
          2,
          3,
          2
        ],
        [
          3,
          3,
          3,
          3
        ],
        [
          3,
          3,
          2,
          3
        ]
      ],
      "essay_scoreT_cont": [
        [
          3,
          3,
          0,
          3
        ],
        [
          3,
          3,
          0,
          3
        ],
        [
          2,
          2,
          0,
          2
        ]
      ],
      "essay_scoreT_exp": [
        [
          2,
          3,
          2
        ],
        [
          2,
          2,
          3
        ],
        [
          3,
          3,
          2
        ]
      ]
    }
  },
  "student": {
    "date": "2021.11.12",
    "student_educated": true,
    "student_grade": "고등_1학년",
    "location": "054",
    "student_grade_group": "고등",
    "student_reading": 2
  },
  "rubric": {
    "essay_grade": "고등_1학년",
    "organization_weight": {
      "org_paragraph": 2,
      "org": 2,
      "org_essay": 4,
      "org_coherence": 2,
      "org_quantity": 1
    },
    "essay_type": "글짓기",
    "content_weight": {
      "con_clearance": 4,
      "con_novelty": 3,
      "con": 4,
      "con_prompt": 0,
      "con_description": 1
    },
    "essay_main_subject": "소중함을 잃었던 경험",
    "expression_weight": {
      "exp_style": 1,
      "exp_grammar": 2,
      "exp_vocab": 3,
      "exp": 4
    }
  },
  "correction": [],
  "info": {
    "essay_id": "ESSAY_44883",
    "essay_prompt": " 익숙함에 속아 소중함을 잊지 말자는 명언 (Do not get fooled by something familiar and forget what is priceless.)이 있습니다.\n\n 부모님께서 매일 해주시는 아침밥이나, 너무 친해서 매일 맛있는 간식을 사주는 친구 등 처음에는 매우 감사했지만 반복되는 호의에 우리는 소중함을 잊어가기도 합니다.\n\n 작은 소중함일지라도 그 소중함을 잃게 되면 호의를 베푸는 사람 입장에서는 매우 당황스럽고 기분이 나쁠 수 있어요.\n\n 여러분은 익숙함에 속아 소중함을 잊었던 사례와 그로 인해 상대방의 기분을 나쁘게 했던 경험이 있나요? 만약 있다면 관계를 회복하기 위해 어떤 노력을 하셨나요? 본인의 경험을 작성해주세요.\n\n 만약 그런 적이 없다면 주변의 이야기나 본인에게 소중함을 주는 사람들에 관해 설명해주세요.",
    "essay_type": "글짓기",
    "essay_level": "2",
    "essay_len": 679,
    "essay_main_subject": "소중함을 잃었던 경험"
  }
}