{
  "paragraph": [
    {
      "paragraph_txt": "창문사이로 햇빛이 슬며시 자리잡고, 핸드폰에서는 경쾌한 알람이 울린다. #@문장구분#추석연휴의 마지막날, 부모님은 동생을 데리고 나들이를 가셨고, 나는 시험기간이라는 핑계로 남았다.#@문장구분# 스터디 카페에 가서 공부 하기로 했지만 오늘 따라 그냥 추석의 마지막날인데 공부는 뒷전이어도 괜찮을거라는 생각에 부모님의 말을 어기고 가지않았다.#@문장구분# 불을 다끄고 혼자 남은 집에서 공부는 커녕 아무것도 하지않는다.#@문장구분# 쏟아지는 소나기가 외로움을 더해 무기력해지자 그 좋아하던 게임도 책도 하다못해 아침도 먹지 않는다.#@문장구분# 최근 며칠 동안 시험기간이어서 그냥 이리저리 치이다보니 지쳤는지 바람이 세차게 불어 창문이 흔들리는 소리에 그제서야 움직인다.#@문장구분# 창문을 닫으려 하는데 가을이 되어 제법 찬 바람을 깊게 들이마셨다.#@문장구분# 바람은 폐로 향했을 터인데 심장까지 시려왔다.#@문장구분# 소나기가 그치자 무지개를 찾고 한참을 멍때리는 등 부질없이 시간을 보내고 있는 와중에 가족이 집에 돌아온 것을 보자 마음 속에서 고요하게 회오리가 치기 시작함을 느꼈다. #@문장구분#동생이 나를보며 웃자 미소가 지어지고 엉망이 된 화장실을 보고 짜증이 난 어머니를 보아도 마냥 좋았다.#@문장구분# 그냥 익숙한 일상을 보내고 아무렇지 않게 시간을 보냈는데, 한번도 웃음이 나오지 않았던 하루였는데 가족을 보자마자 웃음이 지어졌다.#@문장구분# 이렇게 하루를 보낼 줄 알았다면 가족과 시간을 보냈어야 했는데 그러지 못했다. #@문장구분#아니다. #@문장구분#그렇게 하지 않았다.#@문장구분# 말라있던 눈가에 눈물이 차오르는것을 느끼고 가족에겐 우는 모습을 보이긴 싫어 샤워를 한다며 화장실에 들어가 울음을 그치지 못했다.#@문장구분# 하루종일 집에만 있었으면서 샤워를 왜 오래하냐는 아버지의 구박을 들어도 오늘 하루만큼은 좋았다.#@문장구분# 부질없는 시간은 없다. 항상 공부는 나의 뒷전이었다.#@문장구분# 그러나 오늘 24시간도 되지않는 시간속에서 이것을 깨달았고, 내 소중한 가족을 위해 공부를하고 알찬 시간을 보내야겠다는 깨달음을 얻었다.#@문장구분# 비로소 나는 익숙한 일상속에서 소중한 가족을 잃었던 나를 용서할 수있었다.#@문장구분#",
      "paragraph_len": 1347,
      "paragraph_id": "001"
    }
  ],
  "score": {
    "paragraph_score": [
      {
        "paragraph_scoreT": [
          3,
          2.8333333,
          3
        ],
        "paragraph_scoreT_detail": {
          "paragraph_scoreT_exp": [
            [
              3,
              3,
              3
            ],
            [
              3,
              3,
              2
            ],
            [
              3,
              3,
              3
            ]
          ]
        },
        "paragraph_scoreT_avg": 2.9444444,
        "paragraph_id": "001"
      }
    ],
    "essay_scoreT": [
      30,
      27.277779,
      26.222221
    ],
    "essay_scoreT_avg": 27.833334,
    "essay_scoreT_detail": {
      "essay_scoreT_org": [
        [
          3,
          3,
          3,
          3
        ],
        [
          2,
          2,
          3,
          2
        ],
        [
          2,
          2,
          2,
          3
        ]
      ],
      "essay_scoreT_cont": [
        [
          3,
          3,
          0,
          3
        ],
        [
          3,
          3,
          0,
          2
        ],
        [
          2,
          3,
          0,
          3
        ]
      ],
      "essay_scoreT_exp": [
        [
          3,
          3,
          3
        ],
        [
          3,
          3,
          2
        ],
        [
          3,
          3,
          3
        ]
      ]
    }
  },
  "student": {
    "date": "2021.09.29",
    "student_educated": true,
    "student_grade": "고등_1학년",
    "location": "051",
    "student_grade_group": "고등",
    "student_reading": 1
  },
  "rubric": {
    "essay_grade": "고등_1학년",
    "organization_weight": {
      "org_paragraph": 2,
      "org": 2,
      "org_essay": 4,
      "org_coherence": 2,
      "org_quantity": 1
    },
    "essay_type": "글짓기",
    "content_weight": {
      "con_clearance": 4,
      "con_novelty": 3,
      "con": 4,
      "con_prompt": 0,
      "con_description": 1
    },
    "essay_main_subject": "소중함을 잃었던 경험",
    "expression_weight": {
      "exp_style": 1,
      "exp_grammar": 2,
      "exp_vocab": 3,
      "exp": 4
    }
  },
  "correction": [],
  "info": {
    "essay_id": "ESSAY_35787",
    "essay_prompt": " 익숙함에 속아 소중함을 잊지 말자는 명언 (Do not get fooled by something familiar and forget what is priceless.)이 있습니다.\n\n 부모님께서 매일 해주시는 아침밥이나, 너무 친해서 매일 맛있는 간식을 사주는 친구 등 처음에는 매우 감사했지만 반복되는 호의에 우리는 소중함을 잊어가기도 합니다.\n\n 작은 소중함일지라도 그 소중함을 잃게 되면 호의를 베푸는 사람 입장에서는 매우 당황스럽고 기분이 나쁠 수 있어요.\n\n 여러분은 익숙함에 속아 소중함을 잊었던 사례와 그로 인해 상대방의 기분을 나쁘게 했던 경험이 있나요? 만약 있다면 관계를 회복하기 위해 어떤 노력을 하셨나요? 본인의 경험을 작성해주세요.\n\n 만약 그런 적이 없다면 주변의 이야기나 본인에게 소중함을 주는 사람들에 관해 설명해주세요.",
    "essay_type": "글짓기",
    "essay_level": "2",
    "essay_len": 967,
    "essay_main_subject": "소중함을 잃었던 경험"
  }
}