{
  "paragraph": [
    {
      "paragraph_txt": "나는 익숙함에 속아 소중한 친구를 잃었던 것 같다.#@문장구분# 어렸을 때, 나는 친구가 별로 없어서 외로웠다.#@문장구분# 하지만 어떤 친구가 계속 나와 함께 해주어서 그 친구가 굉장히 고마웠다.#@문장구분# 어린시절에 나는 친구가 그 친구 하나뿐이였다.#@문장구분#그 친구는 나랑 같이 게임도 해주고, 밥도 같이 먹고, 이야기도 같이 하였다.#@문장구분# 하지만 학기 말에 접어들면서 친구가 많이 생기고, 그 친구가 나도 모르게 편해지고 익숙하여 막 대하고 비난하여 나한테도 그 친구가 막대하니 어이가 없었다.#@문장구분# 내가 먼저 시작한 것이었는데 나는 그 친구와 다른 친구들이 참 많이 놀았다.#@문장구분# 지금 생각해보면 나를 진정으로 챙겨주고, 생각해주는 친구였는데 이기적으로 생각하여 행동했던 것 같다.#@문장구분# 내가 친구가 없을 때 그 친구가 먼저 손내밀고 찾아와 준 것을 생각했어야 했다.#@문장구분# 하지만 난 그러지 못하고 그 친구를 막대하고 말았다.#@문장구분# 나는 이것을 깨닫고 소중한 그 친구와 다시 친구를 하고 싶다는 마음이 들었다.#@문장구분# 이러한 이유 때문에 최근에 말을 걸려고 시도해 보고, 노력 했지만 소심한 성격과 내가 먼저 절교하자고 선포 하면서 아직까지 화해 못하고 있다.#@문장구분# 하지만 더 노력하면은 분명 나의 진심을 알아 줄것이라고 생각한다.#@문장구분# 앞으로 더 말을걸려고 시도하고, 사과도 하고, 같이 놀자고 먼저 제안함으로써 관계가 회복되기를 노력할 것이다.#@문장구분# 이렇게 나는 익숙함에 속아 소중함을 잃었던 사례로 친구를 잃었던 사례를 이야기했다.#@문장구분#",
      "paragraph_len": 997,
      "paragraph_id": "001"
    }
  ],
  "score": {
    "paragraph_score": [
      {
        "paragraph_scoreT": [
          2.6666667,
          2,
          1.3333334
        ],
        "paragraph_scoreT_detail": {
          "paragraph_scoreT_exp": [
            [
              2,
              3,
              3
            ],
            [
              2,
              2,
              2
            ],
            [
              2,
              1,
              1
            ]
          ]
        },
        "paragraph_scoreT_avg": 2.0000002,
        "paragraph_id": "001"
      }
    ],
    "essay_scoreT": [
      27.944445,
      20,
      15.555555
    ],
    "essay_scoreT_avg": 21.166666,
    "essay_scoreT_detail": {
      "essay_scoreT_org": [
        [
          3,
          3,
          3,
          2
        ],
        [
          2,
          2,
          2,
          2
        ],
        [
          1,
          1,
          1,
          2
        ]
      ],
      "essay_scoreT_cont": [
        [
          3,
          3,
          0,
          2
        ],
        [
          2,
          2,
          0,
          2
        ],
        [
          2,
          2,
          0,
          2
        ]
      ],
      "essay_scoreT_exp": [
        [
          2,
          3,
          3
        ],
        [
          2,
          2,
          2
        ],
        [
          2,
          1,
          1
        ]
      ]
    }
  },
  "student": {
    "date": "2021.10.12",
    "student_educated": true,
    "student_grade": "고등_1학년",
    "location": "051",
    "student_grade_group": "고등",
    "student_reading": 3
  },
  "rubric": {
    "essay_grade": "고등_1학년",
    "organization_weight": {
      "org_paragraph": 2,
      "org": 2,
      "org_essay": 4,
      "org_coherence": 2,
      "org_quantity": 1
    },
    "essay_type": "글짓기",
    "content_weight": {
      "con_clearance": 4,
      "con_novelty": 3,
      "con": 4,
      "con_prompt": 0,
      "con_description": 1
    },
    "essay_main_subject": "소중함을 잃었던 경험",
    "expression_weight": {
      "exp_style": 1,
      "exp_grammar": 2,
      "exp_vocab": 3,
      "exp": 4
    }
  },
  "correction": [],
  "info": {
    "essay_id": "ESSAY_37017",
    "essay_prompt": " 익숙함에 속아 소중함을 잊지 말자는 명언 (Do not get fooled by something familiar and forget what is priceless.)이 있습니다.\n\n 부모님께서 매일 해주시는 아침밥이나, 너무 친해서 매일 맛있는 간식을 사주는 친구 등 처음에는 매우 감사했지만 반복되는 호의에 우리는 소중함을 잊어가기도 합니다.\n\n 작은 소중함일지라도 그 소중함을 잃게 되면 호의를 베푸는 사람 입장에서는 매우 당황스럽고 기분이 나쁠 수 있어요.\n\n 여러분은 익숙함에 속아 소중함을 잊었던 사례와 그로 인해 상대방의 기분을 나쁘게 했던 경험이 있나요? 만약 있다면 관계를 회복하기 위해 어떤 노력을 하셨나요? 본인의 경험을 작성해주세요.\n\n 만약 그런 적이 없다면 주변의 이야기나 본인에게 소중함을 주는 사람들에 관해 설명해주세요.",
    "essay_type": "글짓기",
    "essay_level": "2",
    "essay_len": 698,
    "essay_main_subject": "소중함을 잃었던 경험"
  }
}