{
  "paragraph": [
    {
      "paragraph_txt": "저희 집에 꿀돼지 빨간 저금통이 하나 있습니다.#@문장구분# 어머니가 방바닥에 굴러다니는 100원짜리 아빠 주머니에 나오는 500원짜리 물건사고 남으신 50원짜리, 10원 짜리 동전이 생길때 마다 돼지야를 부를시며 쨍 그랑 쨍그랑 넣으시는 저금통입니다.#@문장구분# 어머니가 그렇게 넣으시는 모습을 어릴때 부터 보기 때문에 저랑 동생도 동전이 생기면 엄마 동전 넣을까? 하면서 넣어드립니다.#@문장구분# 어머니는 돼지야~ 배부르겠다~ 하시면서 좋아하십니다.#@문장구분# 50원 10원짜리도 많이 들어 있기 때문에 돈이 얼마 되지 않을 것이라고 생각합니다.#@문장구분# 아버지는 어머니의 돼지저금통을 엄청 무시 하십니다.#@문장구분# 아버지의 와인이 담겨있던 큰 종이원형 박스에 500원짜리만 모으시는 데 10원 50원 100원씩 들어가는 돼지가 얼마나 돈이 되겠냐며 아버지꺼가 큰 돈이 모여 있다고 으시대시며 어머니를 놀리십니다.#@문장구분# 어머니는 대꾸도 않하시지만 저희는 500원짜리보다 100원 짜리 10원짜리가 더 자주 생기니까 어머니 저금통에 넣어드립니다.#@문장구분# 어머니랑 아버지가 돼지배를 가르는 날 드디어 서로 누가 더 많이 들어있는가 확인하자고 하십니다.#@문장구분# 결과는 당연히 어머니가 이기셨습니다.#@문장구분# 작은 금액이지만 저랑 동생이 동전을 보일때 마다 넣어드리고 어머니도 열심히 넣으시니 아버지처럼 골라 넣은 것보다 훨씬 많은 금액이 모였습니다.#@문장구분# 작은 것들이 모여서 큰 것이 됩니다.#@문장구분# 큰것이 모여 더 큰것이 되겠지만 작다고 무시하면 않됩니다.#@문장구분# 티끌 모아 태산이고, 냇물이 모여 강이됩니다.#@문장구분# 모래알이 모여야 모래밭이 되듯이 작은것들이 모여 큰것이 됩니다.#@문장구분# 작은 것이 하찮다고 무시하지 않고 소중하게 잘 모아야 한다는 것을 알게되었습니다.#@문장구분#",
      "paragraph_len": 1129,
      "paragraph_id": "001"
    }
  ],
  "score": {
    "paragraph_score": [
      {
        "paragraph_scoreT": [
          3,
          2.6666667,
          2.3333333
        ],
        "paragraph_scoreT_detail": {
          "paragraph_scoreT_exp": [
            [
              3,
              3,
              3
            ],
            [
              2,
              3,
              3
            ],
            [
              3,
              2,
              2
            ]
          ]
        },
        "paragraph_scoreT_avg": 2.6666667,
        "paragraph_id": "001"
      }
    ],
    "essay_scoreT": [
      30,
      25.777779,
      22.055555
    ],
    "essay_scoreT_avg": 25.944445,
    "essay_scoreT_detail": {
      "essay_scoreT_org": [
        [
          3,
          3,
          3,
          3
        ],
        [
          2,
          3,
          3,
          3
        ],
        [
          2,
          2,
          2,
          3
        ]
      ],
      "essay_scoreT_cont": [
        [
          3,
          3,
          0,
          3
        ],
        [
          2,
          3,
          0,
          3
        ],
        [
          2,
          2,
          0,
          3
        ]
      ],
      "essay_scoreT_exp": [
        [
          3,
          3,
          3
        ],
        [
          2,
          3,
          3
        ],
        [
          3,
          2,
          2
        ]
      ]
    }
  },
  "student": {
    "date": "2021.12.15",
    "student_educated": true,
    "student_grade": "고등_1학년",
    "location": "063",
    "student_grade_group": "고등",
    "student_reading": 1
  },
  "rubric": {
    "essay_grade": "고등_1학년",
    "organization_weight": {
      "org_paragraph": 2,
      "org": 2,
      "org_essay": 4,
      "org_coherence": 2,
      "org_quantity": 1
    },
    "essay_type": "글짓기",
    "content_weight": {
      "con_clearance": 4,
      "con_novelty": 3,
      "con": 4,
      "con_prompt": 0,
      "con_description": 1
    },
    "essay_main_subject": "소중함을 잃었던 경험",
    "expression_weight": {
      "exp_style": 1,
      "exp_grammar": 2,
      "exp_vocab": 3,
      "exp": 4
    }
  },
  "correction": [],
  "info": {
    "essay_id": "ESSAY_62941",
    "essay_prompt": " 익숙함에 속아 소중함을 잊지 말자는 명언 (Do not get fooled by something familiar and forget what is priceless.)이 있습니다.\n\n 부모님께서 매일 해주시는 아침밥이나, 너무 친해서 매일 맛있는 간식을 사주는 친구 등 처음에는 매우 감사했지만 반복되는 호의에 우리는 소중함을 잊어가기도 합니다.\n\n 작은 소중함일지라도 그 소중함을 잃게 되면 호의를 베푸는 사람 입장에서는 매우 당황스럽고 기분이 나쁠 수 있어요.\n\n 여러분은 익숙함에 속아 소중함을 잊었던 사례와 그로 인해 상대방의 기분을 나쁘게 했던 경험이 있나요? 만약 있다면 관계를 회복하기 위해 어떤 노력을 하셨나요? 본인의 경험을 작성해주세요.\n\n 만약 그런 적이 없다면 주변의 이야기나 본인에게 소중함을 주는 사람들에 관해 설명해주세요.",
    "essay_type": "글짓기",
    "essay_level": "2",
    "essay_len": 810,
    "essay_main_subject": "소중함을 잃었던 경험"
  }
}