{
  "paragraph": [
    {
      "paragraph_txt": "저는 초등학교 6학년 때 부터 사귀는 남자친구가 있었습니다.#@문장구분# 남자친구는 중학교, 고등학교도 같은 학교로 진학을 하게 되면서 더 각별한 소울메이트가 된거 같았습니다.#@문장구분# 그런데 서로 긴시간동안 너무 절친으로 붙어다니다 보니 서로의 소중함을 잊어버리는 것 같습니다.#@문장구분# 남자친구는 아침에 등교할때 항상 저희 집 앞에서 기다려줍니다.#@문장구분# 그리고 무거운 준비물 등이 있으면 꼭 들어줍니다.#@문장구분# 저는 처음에는 너무 고맙고 듬직하게 생각했는데 요즘엔 당연히 남자친구는 나를 기다려줘야 하고 무거운 가방은 당연히 남자친구가 들어줘야 한다고 생각을 하고 있었습니다.#@문장구분# 비가오는 날 등교를 하는데 남자친구가 우산을 받쳐주고 한손에 가방을 들어주었습니다.#@문장구분# 그런데 제 어깨쪽에 비가 맞길래 나 비맞잖아 라고 말을 했더니 항상 웃으며 알겠다고 하던 친구가 나는 몸 반이 다 젖었거든. 이렇게 대답을 하는 거였습니다.#@문장구분# 그러고 보니 남자친구는 이미 어깨가 다 젖어 있었는데 저는 한번더 그 친구의 사정을 돌봐주지 않았던 것입니다.#@문장구분# 저는 너무 미안하고 민망해서 웃어대며 우산 안으로 들어오라고 잡아당겼지만 남자친구는 이미 젖었다며 저를 더 받쳐주었습니다.#@문장구분# 저는 항상 받기만 하였던 것 같습니다.#@문장구분# 지금 생각해 보니 제가 남자친구를 위해 무언가를 해준적도 거의 없는 것 같았습니다.#@문장구분# 항상 나를 챙겨주고 이해해주는 그 친구가 당연히 옆에 있기 때문에 그 친구의 고충같은건 생각도 하지 못하고 그 친구의 입장이 되어보지 않았던 저에 대해 반성하게 되었습니다.#@문장구분# 그리고 그날 저녁 그 친구에게 편지를 썼습니다.#@문장구분# 그동안 너무 고마웠고 앞으로는 내가 더 잘해주고 잘 챙겨줘서 소중한 우리 사이 변치 말자고 말했습니다.#@문장구분# 우리는 주변에서 우리에게 베풀어주는 사람이 있으면  사람의 친절을 당연히 받기는 하는 경우가 많이 있습니다.#@문장구분# 하지만 사람의 관계는 받는게 있으면 주는게 있어야 유지가 된다고 생각합니다.#@문장구분# 서로 챙기고 서로 배려해야 둘 사이가 오래가고 지속될것입니다.#@문장구분# 우리는 모든 인간관계에서 한 사람의 희생을 요구하지 말고 서로 배려하고 서로 생각해주는 자세를 가져야 겠습니다.#@문장구분#",
      "paragraph_len": 1399,
      "paragraph_id": "001"
    }
  ],
  "score": {
    "paragraph_score": [
      {
        "paragraph_scoreT": [
          3,
          3,
          2.6666667
        ],
        "paragraph_scoreT_detail": {
          "paragraph_scoreT_exp": [
            [
              3,
              3,
              3
            ],
            [
              3,
              3,
              3
            ],
            [
              2,
              3,
              3
            ]
          ]
        },
        "paragraph_scoreT_avg": 2.888889,
        "paragraph_id": "001"
      }
    ],
    "essay_scoreT": [
      28.5,
      28.5,
      28.666668
    ],
    "essay_scoreT_avg": 28.555557,
    "essay_scoreT_detail": {
      "essay_scoreT_org": [
        [
          3,
          3,
          3,
          3
        ],
        [
          3,
          3,
          3,
          3
        ],
        [
          3,
          3,
          3,
          3
        ]
      ],
      "essay_scoreT_cont": [
        [
          3,
          2,
          0,
          3
        ],
        [
          3,
          2,
          0,
          3
        ],
        [
          3,
          3,
          0,
          3
        ]
      ],
      "essay_scoreT_exp": [
        [
          3,
          3,
          3
        ],
        [
          3,
          3,
          3
        ],
        [
          2,
          3,
          3
        ]
      ]
    }
  },
  "student": {
    "date": "2021.12.15",
    "student_educated": true,
    "student_grade": "고등_1학년",
    "location": "063",
    "student_grade_group": "고등",
    "student_reading": 1
  },
  "rubric": {
    "essay_grade": "고등_1학년",
    "organization_weight": {
      "org_paragraph": 2,
      "org": 2,
      "org_essay": 4,
      "org_coherence": 2,
      "org_quantity": 1
    },
    "essay_type": "글짓기",
    "content_weight": {
      "con_clearance": 4,
      "con_novelty": 3,
      "con": 4,
      "con_prompt": 0,
      "con_description": 1
    },
    "essay_main_subject": "소중함을 잃었던 경험",
    "expression_weight": {
      "exp_style": 1,
      "exp_grammar": 2,
      "exp_vocab": 3,
      "exp": 4
    }
  },
  "correction": [],
  "info": {
    "essay_id": "ESSAY_62951",
    "essay_prompt": " 익숙함에 속아 소중함을 잊지 말자는 명언 (Do not get fooled by something familiar and forget what is priceless.)이 있습니다.\n\n 부모님께서 매일 해주시는 아침밥이나, 너무 친해서 매일 맛있는 간식을 사주는 친구 등 처음에는 매우 감사했지만 반복되는 호의에 우리는 소중함을 잊어가기도 합니다.\n\n 작은 소중함일지라도 그 소중함을 잃게 되면 호의를 베푸는 사람 입장에서는 매우 당황스럽고 기분이 나쁠 수 있어요.\n\n 여러분은 익숙함에 속아 소중함을 잊었던 사례와 그로 인해 상대방의 기분을 나쁘게 했던 경험이 있나요? 만약 있다면 관계를 회복하기 위해 어떤 노력을 하셨나요? 본인의 경험을 작성해주세요.\n\n 만약 그런 적이 없다면 주변의 이야기나 본인에게 소중함을 주는 사람들에 관해 설명해주세요.",
    "essay_type": "글짓기",
    "essay_level": "2",
    "essay_len": 1019,
    "essay_main_subject": "소중함을 잃었던 경험"
  }
}