{
  "paragraph": [
    {
      "paragraph_txt": "일단 난 평범한 축구랑 친구들과 노는것을 좋아하던 평범한 초등학생이였다.#@문장구분# 하지만 축구를 하먄서 축구를 더 잘하고 싶다는 욕망이 커졌고 tv를 보면서 보았던 축구선수 들이 나의 동경의 대상이었다.#@문장구분# 그러다 그중 아버지의 지인이 축구를 해보는게 좋을거 같다고 추천을 해주셨고 그로 나는 부모님의 반대를 무릅쓰고 축구를 시작 하게 되었다.#@문장구분# 처음에는 새로운 친구들과형들을 만나면서 축구를 배우니 즐겁고 재밌었다.#@문장구분# 그렇게 친구들과 대회도 나가서 우승도 하고 지기도 하면서 축구선수가 되기 위한 생활를 하였다.#@문장구분#  부모님도 처음에는 반대하셨지만 점점 내가 축구를 진심으로 하기 시작한 후로 나를 열심히 서포트 해주셨다.#@문장구분# 그래도 고된 훈련때문에 그만 두고 싶을때도 있었지만  지금 그만 두면 내가 나중에 후회 할것만 같았다.#@문장구분# 그렇게 축구를 배운지 3년이 되고 곧 졸없할 나이가 되자 중학교 축구부에 스카우트가 오고 하는 상황이었다.#@문장구분# 하지만 점점 내가 축구를 그만 두고 공부를 하겠으면 좋은 어머니와 내가 선택하여 내가 원하는 생활을 하기 바라는 아버지의 갈등이 심해졌다.#@문장구분# 나는 그 갈등이 고조 되기 전에 생각 해야만 했다.#@문장구분# 내가 축구를 그만 둘지 안 그만둘지  처음에는 축구를 그만 두기 싫었다.#@문장구분# 하지만 점점 내가 축구를 해서 성공을 할수 있을까 내가 원하던 축구선수가 될 수있을까 생각 했다.#@문장구분# 결국 나는  내가 처음으로 하고 싶었던 축구를 그만 두게 되었다.#@문장구분#",
      "paragraph_len": 956,
      "paragraph_id": "001"
    }
  ],
  "score": {
    "paragraph_score": [
      {
        "paragraph_scoreT": [
          2.8333333,
          2.5,
          2.3333333
        ],
        "paragraph_scoreT_detail": {
          "paragraph_scoreT_exp": [
            [
              3,
              3,
              2
            ],
            [
              2,
              3,
              2
            ],
            [
              3,
              2,
              2
            ]
          ]
        },
        "paragraph_scoreT_avg": 2.5555553,
        "paragraph_id": "001"
      }
    ],
    "essay_scoreT": [
      26.222221,
      23.38889,
      22.5
    ],
    "essay_scoreT_avg": 24.037039,
    "essay_scoreT_detail": {
      "essay_scoreT_org": [
        [
          2,
          3,
          3,
          2
        ],
        [
          2,
          3,
          3,
          2
        ],
        [
          2,
          2,
          3,
          3
        ]
      ],
      "essay_scoreT_cont": [
        [
          3,
          2,
          0,
          2
        ],
        [
          2,
          2,
          0,
          3
        ],
        [
          2,
          2,
          0,
          3
        ]
      ],
      "essay_scoreT_exp": [
        [
          3,
          3,
          2
        ],
        [
          2,
          3,
          2
        ],
        [
          3,
          2,
          2
        ]
      ]
    }
  },
  "student": {
    "date": "2021.10.24",
    "student_educated": true,
    "student_grade": "고등_1학년",
    "location": "041",
    "student_grade_group": "고등",
    "student_reading": 1
  },
  "rubric": {
    "essay_grade": "고등_1학년",
    "organization_weight": {
      "org_paragraph": 2,
      "org": 2,
      "org_essay": 4,
      "org_coherence": 2,
      "org_quantity": 1
    },
    "essay_type": "글짓기",
    "content_weight": {
      "con_clearance": 4,
      "con_novelty": 3,
      "con": 4,
      "con_prompt": 0,
      "con_description": 1
    },
    "essay_main_subject": "소중함을 잃었던 경험",
    "expression_weight": {
      "exp_style": 1,
      "exp_grammar": 2,
      "exp_vocab": 3,
      "exp": 4
    }
  },
  "correction": [],
  "info": {
    "essay_id": "ESSAY_52430",
    "essay_prompt": " 익숙함에 속아 소중함을 잊지 말자는 명언 (Do not get fooled by something familiar and forget what is priceless.)이 있습니다.\n\n 부모님께서 매일 해주시는 아침밥이나, 너무 친해서 매일 맛있는 간식을 사주는 친구 등 처음에는 매우 감사했지만 반복되는 호의에 우리는 소중함을 잊어가기도 합니다.\n\n 작은 소중함일지라도 그 소중함을 잃게 되면 호의를 베푸는 사람 입장에서는 매우 당황스럽고 기분이 나쁠 수 있어요.\n\n 여러분은 익숙함에 속아 소중함을 잊었던 사례와 그로 인해 상대방의 기분을 나쁘게 했던 경험이 있나요? 만약 있다면 관계를 회복하기 위해 어떤 노력을 하셨나요? 본인의 경험을 작성해주세요.\n\n 만약 그런 적이 없다면 주변의 이야기나 본인에게 소중함을 주는 사람들에 관해 설명해주세요.",
    "essay_type": "글짓기",
    "essay_level": "2",
    "essay_len": 696,
    "essay_main_subject": "소중함을 잃었던 경험"
  }
}