{
  "paragraph": [
    {
      "paragraph_txt": "나는 최근에 중학교 친구랑 절교를 하였다.#@문장구분# 그 이유는 내가 그 친구에게 너무 많은 신세와 잘못을 지었기 때문이다.#@문장구분# 그래서 지금도 그 친구와는 연락도 안하고 얘기도 하지 않는다.#@문장구분# 지금 생각해보면 그 친구한테 너무 고맙다.#@문장구분# 나에게 친구가 뭔지 정확하게 알려줬다.#@문장구분# 근데 지금 나는 소중한 그 친구 한명을 잃었던 경험이 제일 힘들었다.#@문장구분# 그 친구에게 내가 너무나 많은 잘못을 했고, 내가 나만 생각해서 그 친구의 감정 기분을 생각하지도 않았었다.#@문장구분# 그 친구가 날 지금까지 친구로 생각해주고 도와주고 믿어주고 챙겨준게 너무 고마웠다.#@문장구분# 하지만 그 친구와 친구를 그만하고나서 부터 내가 그 친구의 많은 도움이 끊기니까 많이 힘들었고, 생활하는데 어려웠었다.#@문장구분# 하지만 그 친구가 나와 절교하고 나서부터 행복해지는걸 보고 아..내가 그 친구를 얼마나 힘들게 했는지 알수 있었다.#@문장구분# 그래서 지금 느끼는 생각은 있을때 잘해야 한다는 말이 뭔 말인지 알았다.#@문장구분# 앞으로 그 친구를 생각해서라도 더 열심히 살것이고, 그 친구한테는 미안하지만 그 친구와 친구를 그만하고 나서부터 내 생활 습관을 고칠수 있었다.#@문장구분# 그리고 또 다른 소중함을 잃었던 경험은 소방관(119구급대원)분들이 순직 하셨을 때다.#@문장구분# 대한민국에 소중한 소방공무원 이자 한 가정의 가장 한 부모의 자녀 누군가의 아들딸일텐데 일하다 순직하셔서 엄청난 소중한 사람을 잃었다.#@문장구분#",
      "paragraph_len": 950,
      "paragraph_id": "001"
    }
  ],
  "score": {
    "paragraph_score": [
      {
        "paragraph_scoreT": [
          2.8333333,
          2.8333333,
          2.3333333
        ],
        "paragraph_scoreT_detail": {
          "paragraph_scoreT_exp": [
            [
              3,
              3,
              2
            ],
            [
              3,
              3,
              2
            ],
            [
              3,
              2,
              2
            ]
          ]
        },
        "paragraph_scoreT_avg": 2.6666667,
        "paragraph_id": "001"
      }
    ],
    "essay_scoreT": [
      26.277779,
      26.277779,
      22.055555
    ],
    "essay_scoreT_avg": 24.87037,
    "essay_scoreT_detail": {
      "essay_scoreT_org": [
        [
          2,
          3,
          2,
          2
        ],
        [
          2,
          3,
          2,
          2
        ],
        [
          2,
          2,
          2,
          3
        ]
      ],
      "essay_scoreT_cont": [
        [
          3,
          2,
          0,
          3
        ],
        [
          3,
          2,
          0,
          3
        ],
        [
          2,
          2,
          0,
          3
        ]
      ],
      "essay_scoreT_exp": [
        [
          3,
          3,
          2
        ],
        [
          3,
          3,
          2
        ],
        [
          3,
          2,
          2
        ]
      ]
    }
  },
  "student": {
    "date": "2021.10.30",
    "student_educated": true,
    "student_grade": "고등_1학년",
    "location": "041",
    "student_grade_group": "고등",
    "student_reading": 1
  },
  "rubric": {
    "essay_grade": "고등_1학년",
    "organization_weight": {
      "org_paragraph": 2,
      "org": 2,
      "org_essay": 4,
      "org_coherence": 2,
      "org_quantity": 1
    },
    "essay_type": "글짓기",
    "content_weight": {
      "con_clearance": 4,
      "con_novelty": 3,
      "con": 4,
      "con_prompt": 0,
      "con_description": 1
    },
    "essay_main_subject": "소중함을 잃었던 경험",
    "expression_weight": {
      "exp_style": 1,
      "exp_grammar": 2,
      "exp_vocab": 3,
      "exp": 4
    }
  },
  "correction": [],
  "info": {
    "essay_id": "ESSAY_52429",
    "essay_prompt": " 익숙함에 속아 소중함을 잊지 말자는 명언 (Do not get fooled by something familiar and forget what is priceless.)이 있습니다.\n\n 부모님께서 매일 해주시는 아침밥이나, 너무 친해서 매일 맛있는 간식을 사주는 친구 등 처음에는 매우 감사했지만 반복되는 호의에 우리는 소중함을 잊어가기도 합니다.\n\n 작은 소중함일지라도 그 소중함을 잃게 되면 호의를 베푸는 사람 입장에서는 매우 당황스럽고 기분이 나쁠 수 있어요.\n\n 여러분은 익숙함에 속아 소중함을 잊었던 사례와 그로 인해 상대방의 기분을 나쁘게 했던 경험이 있나요? 만약 있다면 관계를 회복하기 위해 어떤 노력을 하셨나요? 본인의 경험을 작성해주세요.\n\n 만약 그런 적이 없다면 주변의 이야기나 본인에게 소중함을 주는 사람들에 관해 설명해주세요.",
    "essay_type": "글짓기",
    "essay_level": "2",
    "essay_len": 670,
    "essay_main_subject": "소중함을 잃었던 경험"
  }
}