{
  "paragraph": [
    {
      "paragraph_txt": "저는 살이 잘 찌는 체질입니다.#@문장구분# 물만 먹어도 살이 잘 찝니다.#@문장구분# 다이어트는 저의 평생 숙제입니다.#@문장구분# 저희 언니는 저와는 다르게 원래 마른 체질이고 제 동생은 살이 쪄도 키가 작아 몸이 아담해 보입니다.#@문장구분# 그래서 다이어트를 잘 하지 않습니다.#@문장구분# 저는 키도 크고 덩치도 있어서 다이어트를 평생 해야되는 몸인 것입니다.#@문장구분# 한 배에서 나온 자매들인데 어쩜 이렇게 체질이 다른지, 왜 저만 다이어트를 평생 해야되는지 너무 억울합니다.#@문장구분# 저는 몇 달 전 극강의 다이어트로 살을 8키로 가까이 뺀 적이 있습니다.#@문장구분# 학원에 다녀온 후에 야식을 먹고싶어도 꾹 참았고, 언니와 동생이 치킨을 먹고 있어도 먹고 싶은 마음을 꾹꾹 참았습니다.#@문장구분# 학교까지 거리가 꽤 있는데 버스를 타지 않고 평소보다 일찍 일어나 운동한다는 생각으로 몇 달을 걸어다녔습니다.#@문장구분# 그래서 정말 피나는 노력으로 다이어트에 성공했습니다.#@문장구분# 이렇게 날씬해지고 가벼운 몸이 저에게는 너무나 소중했습니다.#@문장구분# 입고 싶었던 옷도 마음껏 입을 수 있고 매일 거울을 보는 것도 즐거웠습니다.#@문장구분# 그런데 이게 왠일입니까?#@문장구분# 요요라는 것이 그렇게 쉽게 찾아올 줄은 몰랐습니다.#@문장구분# 얼마 지나지 않아 소중한 저의 날씬한 몸매는 치킨과 떡볶이에게 모두 반납해 버리고 말았습니다.#@문장구분# 로제떡볶이는 정말 꿀맛입니다.#@문장구분# 스트레스를 받을 때 로제 떡볶이를 먹으면 스트레스가 다 풀립니다.#@문장구분# 그렇게 저의 소중한 다이어트로 인한 노력이 물거품 되었지만 많이 후회하진 않습니다.#@문장구분# 살은 다시 빼면 그만이니까요.#@문장구분# 한번 해봤으니 다음에는 더 날씬해지도록 더 독하게 다이어트를 해보려고 합니다.#@문장구분#",
      "paragraph_len": 1187,
      "paragraph_id": "001"
    }
  ],
  "score": {
    "paragraph_score": [
      {
        "paragraph_scoreT": [
          3,
          2.1666667,
          2.6666667
        ],
        "paragraph_scoreT_detail": {
          "paragraph_scoreT_exp": [
            [
              3,
              3,
              3
            ],
            [
              2,
              2,
              3
            ],
            [
              2,
              3,
              3
            ]
          ]
        },
        "paragraph_scoreT_avg": 2.6111114,
        "paragraph_id": "001"
      }
    ],
    "essay_scoreT": [
      26,
      23.333334,
      26.666668
    ],
    "essay_scoreT_avg": 25.333334,
    "essay_scoreT_detail": {
      "essay_scoreT_org": [
        [
          3,
          3,
          3,
          3
        ],
        [
          2,
          2,
          3,
          3
        ],
        [
          3,
          3,
          3,
          3
        ]
      ],
      "essay_scoreT_cont": [
        [
          2,
          2,
          0,
          2
        ],
        [
          2,
          3,
          0,
          3
        ],
        [
          2,
          3,
          0,
          3
        ]
      ],
      "essay_scoreT_exp": [
        [
          3,
          3,
          3
        ],
        [
          2,
          2,
          3
        ],
        [
          2,
          3,
          3
        ]
      ]
    }
  },
  "student": {
    "date": "2021.12.17",
    "student_educated": true,
    "student_grade": "고등_1학년",
    "location": "063",
    "student_grade_group": "고등",
    "student_reading": 1
  },
  "rubric": {
    "essay_grade": "고등_1학년",
    "organization_weight": {
      "org_paragraph": 2,
      "org": 2,
      "org_essay": 4,
      "org_coherence": 2,
      "org_quantity": 1
    },
    "essay_type": "글짓기",
    "content_weight": {
      "con_clearance": 4,
      "con_novelty": 3,
      "con": 4,
      "con_prompt": 0,
      "con_description": 1
    },
    "essay_main_subject": "소중함을 잃었던 경험",
    "expression_weight": {
      "exp_style": 1,
      "exp_grammar": 2,
      "exp_vocab": 3,
      "exp": 4
    }
  },
  "correction": [],
  "info": {
    "essay_id": "ESSAY_71997",
    "essay_prompt": " 익숙함에 속아 소중함을 잊지 말자는 명언 (Do not get fooled by something familiar and forget what is priceless.)이 있습니다.\n\n 부모님께서 매일 해주시는 아침밥이나, 너무 친해서 매일 맛있는 간식을 사주는 친구 등 처음에는 매우 감사했지만 반복되는 호의에 우리는 소중함을 잊어가기도 합니다.\n\n 작은 소중함일지라도 그 소중함을 잃게 되면 호의를 베푸는 사람 입장에서는 매우 당황스럽고 기분이 나쁠 수 있어요.\n\n 여러분은 익숙함에 속아 소중함을 잊었던 사례와 그로 인해 상대방의 기분을 나쁘게 했던 경험이 있나요? 만약 있다면 관계를 회복하기 위해 어떤 노력을 하셨나요? 본인의 경험을 작성해주세요.\n\n 만약 그런 적이 없다면 주변의 이야기나 본인에게 소중함을 주는 사람들에 관해 설명해주세요.",
    "essay_type": "글짓기",
    "essay_level": "2",
    "essay_len": 767,
    "essay_main_subject": "소중함을 잃었던 경험"
  }
}