{
  "paragraph": [
    {
      "paragraph_txt": "저는 에너지에 대해 이야기 해보고 싶습니다.#@문장구분# 우리는 지난 세월동안 많은 에너지 자원을 사용하여 왔습니다.#@문장구분# 석유, 석탄, 가스 등  많은 에너지 자원이 지구에 존재하였고 사람들은 그것을 이용해 사회를 발전시키고 과학이 발전하며 편리한 생활을 이어가고 수명도 매우 많이 늘어나게 되었습니다.#@문장구분# 그런데 이런 에너지를 너무 오남용하게 되면서 지금 지구는 위기에 빠지게 되었습니다.#@문장구분# 우리는 우리가 에너지를 너무 함부로 쓰고 있으며 곧 있으면 이런 에너지가 고갈될것이고 에너지 사용으로 인한 오염된 공기와 물로 인해 오존이 파괴되고 지구의 온도가 올라가고 그로 인해 우리는 곧 물에 잠길수도 있는 위험한 상황에 직면하게 된 것입니다.#@문장구분# 하지만 사람들은 이것을 알면서도 아직도 변화하지 않고 지구를 아프게 하며 살고 있는 거 같습니다.#@문장구분# 아직 공기나 물이 부족하긴해도 아예 없어지지 않았기 때문에 우리에게 큰 피해를 주지 않으니 소중함을 잘 인지하지 못하는 것이기 때문입니다.#@문장구분# 하지만 소중한것을 잃고나서 깨달는 그런 어리석은 행동을 할것인가요?#@문장구분# 우리는 소중한것이 완젼히 사라지기 전에 좀더 아끼고 가꾸어서 이것이 사라지지 않고 유지되도록 보존되도록 노력해야 합니다.#@문장구분# 이런 노력이 이루어진다면 우리도 행복하고 우리의 자손들도 행복한 지구가 될것이라고 생각합니다.#@문장구분# 우리는 소중한 자연을 아끼고 사랑하며 살아야 합니다.#@문장구분#",
      "paragraph_len": 889,
      "paragraph_id": "001"
    }
  ],
  "score": {
    "paragraph_score": [
      {
        "paragraph_scoreT": [
          3,
          3,
          3
        ],
        "paragraph_scoreT_detail": {
          "paragraph_scoreT_exp": [
            [
              3,
              3,
              3
            ],
            [
              3,
              3,
              3
            ],
            [
              3,
              3,
              3
            ]
          ]
        },
        "paragraph_scoreT_avg": 3,
        "paragraph_id": "001"
      }
    ],
    "essay_scoreT": [
      27.11111,
      28,
      30
    ],
    "essay_scoreT_avg": 28.37037,
    "essay_scoreT_detail": {
      "essay_scoreT_org": [
        [
          2,
          3,
          3,
          3
        ],
        [
          3,
          3,
          3,
          3
        ],
        [
          3,
          3,
          3,
          3
        ]
      ],
      "essay_scoreT_cont": [
        [
          3,
          2,
          0,
          2
        ],
        [
          3,
          2,
          0,
          2
        ],
        [
          3,
          3,
          0,
          3
        ]
      ],
      "essay_scoreT_exp": [
        [
          3,
          3,
          3
        ],
        [
          3,
          3,
          3
        ],
        [
          3,
          3,
          3
        ]
      ]
    }
  },
  "student": {
    "date": "2021.12.18",
    "student_educated": true,
    "student_grade": "고등_1학년",
    "location": "063",
    "student_grade_group": "고등",
    "student_reading": 1
  },
  "rubric": {
    "essay_grade": "고등_1학년",
    "organization_weight": {
      "org_paragraph": 2,
      "org": 2,
      "org_essay": 4,
      "org_coherence": 2,
      "org_quantity": 1
    },
    "essay_type": "글짓기",
    "content_weight": {
      "con_clearance": 4,
      "con_novelty": 3,
      "con": 4,
      "con_prompt": 0,
      "con_description": 1
    },
    "essay_main_subject": "소중함을 잃었던 경험",
    "expression_weight": {
      "exp_style": 1,
      "exp_grammar": 2,
      "exp_vocab": 3,
      "exp": 4
    }
  },
  "correction": [],
  "info": {
    "essay_id": "ESSAY_73745",
    "essay_prompt": " 익숙함에 속아 소중함을 잊지 말자는 명언 (Do not get fooled by something familiar and forget what is priceless.)이 있습니다.\n\n 부모님께서 매일 해주시는 아침밥이나, 너무 친해서 매일 맛있는 간식을 사주는 친구 등 처음에는 매우 감사했지만 반복되는 호의에 우리는 소중함을 잊어가기도 합니다.\n\n 작은 소중함일지라도 그 소중함을 잃게 되면 호의를 베푸는 사람 입장에서는 매우 당황스럽고 기분이 나쁠 수 있어요.\n\n 여러분은 익숙함에 속아 소중함을 잊었던 사례와 그로 인해 상대방의 기분을 나쁘게 했던 경험이 있나요? 만약 있다면 관계를 회복하기 위해 어떤 노력을 하셨나요? 본인의 경험을 작성해주세요.\n\n 만약 그런 적이 없다면 주변의 이야기나 본인에게 소중함을 주는 사람들에 관해 설명해주세요.",
    "essay_type": "글짓기",
    "essay_level": "2",
    "essay_len": 669,
    "essay_main_subject": "소중함을 잃었던 경험"
  }
}