{
  "paragraph": [
    {
      "paragraph_txt": "내가 걷고 뛰고 말하고 하는 것에 익숙해져 내 다리와 팔이린 소중함을 잠시 잃어 봤다.#@문장구분#",
      "paragraph_len": 68,
      "paragraph_id": "001"
    },
    {
      "paragraph_txt": "나는  걷고 뛰고 던지고 하는 것이 당연한 건줄 알았고 내겐 너무나도 익숙한 것이었다.#@문장구분# 하지만 친구들과 축구하고 농구하고 운동하고 공부하며 손가락을 부러뜨린 적이 있고 무릎인데가 끊어져서 입원한 적도 있다.#@문장구분# 그때 나는 생각했다.#@문장구분# 다리와 팔의 소중함을 다리와 팔이 없으니 정말 움직이는데 너무 불편하고 내가 오른손잡인데 오른손을 다쳐서 밥도 제대로 못 먹고 옷도 제대로 못 입고 정말 팔이 불편하거나 다리가 불편한 것이 아닌 것만 해도 정말 몸이 소중하구나를 알게 되었다.#@문장구분# 진짜 몸 중 한 곳을 다치니 내가 하고 싶은 운동도 못하고 정말 제한된 것이 많았다.#@문장구분# 그래서 불편한 것과 소중함을 깨달았고 이젠 이 소중함을 잃지 않기 위해서 항상 무엇을 하더라도 조심히 하고 몸을 사리게 되고 소중함을 되찾기 위해 다친곳이 다 나은 후 열심히 재활운동을 했다.#@문장구분#",
      "paragraph_len": 539,
      "paragraph_id": "002"
    },
    {
      "paragraph_txt": "나는 다치고 나서야 몸이 익숙한것과 당연한것이 아니라 소중한 것이라 깨달았다. #@문장구분#앞으로도 내 몸이란 소중함을 잃지 않기 위해 열심히 할것이다.#@문장구분#",
      "paragraph_len": 118,
      "paragraph_id": "003"
    }
  ],
  "score": {
    "paragraph_score": [
      {
        "paragraph_scoreT": [
          2,
          3,
          3
        ],
        "paragraph_scoreT_detail": {
          "paragraph_scoreT_exp": [
            [
              2,
              2,
              2
            ],
            [
              3,
              3,
              3
            ],
            [
              3,
              3,
              3
            ]
          ]
        },
        "paragraph_scoreT_avg": 2.6666667,
        "paragraph_id": "001"
      },
      {
        "paragraph_scoreT": [
          2,
          3,
          3
        ],
        "paragraph_scoreT_detail": {
          "paragraph_scoreT_exp": [
            [
              2,
              2,
              2
            ],
            [
              3,
              3,
              3
            ],
            [
              3,
              3,
              3
            ]
          ]
        },
        "paragraph_scoreT_avg": 2.6666667,
        "paragraph_id": "002"
      },
      {
        "paragraph_scoreT": [
          2,
          3,
          3
        ],
        "paragraph_scoreT_detail": {
          "paragraph_scoreT_exp": [
            [
              2,
              2,
              2
            ],
            [
              3,
              3,
              3
            ],
            [
              3,
              3,
              3
            ]
          ]
        },
        "paragraph_scoreT_avg": 2.6666667,
        "paragraph_id": "003"
      }
    ],
    "essay_scoreT": [
      20.5,
      29.277779,
      30
    ],
    "essay_scoreT_avg": 26.592592,
    "essay_scoreT_detail": {
      "essay_scoreT_org": [
        [
          2,
          2,
          2,
          2
        ],
        [
          3,
          3,
          3,
          2
        ],
        [
          3,
          3,
          3,
          3
        ]
      ],
      "essay_scoreT_cont": [
        [
          2,
          2,
          0,
          3
        ],
        [
          3,
          3,
          0,
          2
        ],
        [
          3,
          3,
          0,
          3
        ]
      ],
      "essay_scoreT_exp": [
        [
          2,
          2,
          2
        ],
        [
          3,
          3,
          3
        ],
        [
          3,
          3,
          3
        ]
      ]
    }
  },
  "student": {
    "date": "2021.09.29",
    "student_educated": true,
    "student_grade": "고등_1학년",
    "location": "051",
    "student_grade_group": "고등",
    "student_reading": 2
  },
  "rubric": {
    "essay_grade": "고등_1학년",
    "organization_weight": {
      "org_paragraph": 2,
      "org": 2,
      "org_essay": 4,
      "org_coherence": 2,
      "org_quantity": 1
    },
    "essay_type": "글짓기",
    "content_weight": {
      "con_clearance": 4,
      "con_novelty": 3,
      "con": 4,
      "con_prompt": 0,
      "con_description": 1
    },
    "essay_main_subject": "소중함을 잃었던 경험",
    "expression_weight": {
      "exp_style": 1,
      "exp_grammar": 2,
      "exp_vocab": 3,
      "exp": 4
    }
  },
  "correction": [],
  "info": {
    "essay_id": "ESSAY_35761",
    "essay_prompt": " 익숙함에 속아 소중함을 잊지 말자는 명언 (Do not get fooled by something familiar and forget what is priceless.)이 있습니다.\n\n 부모님께서 매일 해주시는 아침밥이나, 너무 친해서 매일 맛있는 간식을 사주는 친구 등 처음에는 매우 감사했지만 반복되는 호의에 우리는 소중함을 잊어가기도 합니다.\n\n 작은 소중함일지라도 그 소중함을 잃게 되면 호의를 베푸는 사람 입장에서는 매우 당황스럽고 기분이 나쁠 수 있어요.\n\n 여러분은 익숙함에 속아 소중함을 잊었던 사례와 그로 인해 상대방의 기분을 나쁘게 했던 경험이 있나요? 만약 있다면 관계를 회복하기 위해 어떤 노력을 하셨나요? 본인의 경험을 작성해주세요.\n\n 만약 그런 적이 없다면 주변의 이야기나 본인에게 소중함을 주는 사람들에 관해 설명해주세요.",
    "essay_type": "글짓기",
    "essay_level": "2",
    "essay_len": 550,
    "essay_main_subject": "소중함을 잃었던 경험"
  }
}