{
  "paragraph": [
    {
      "paragraph_txt": "집에서 오빠가 모기를 잡았다고 완전히 큰 모기라면서 손바닥의 모기를 보라며 내 눈앞에 가져다 들이 밀었습니다.#@문장구분# \" 머하는 거야~!!\" 하며 오빠 손을 밀쳐내버립니다.#@문장구분# 오빠는 뻘쭘해 하며 \"아니. 이 큰 모기한번 보라고.\" 말합니다.#@문장구분# \"그렇게 가까이 대면 어떻게 보냐? 그냥 보여주면 되지 눈앞까지 확 가져오면 어떻게 해.\" 이렇게 말하자 오빠가 머리를 긁적이며 미안하다고 합니다.#@문장구분#  무엇이 되어도 너무 눈앞에 가까이 바싹대면 우리는 그것이 무엇인지 알수 없습니다.#@문장구분# 잘 보이지 않기 때문입니다.#@문장구분# 이런것과 같이 소중한 것들도 너무 가까이 있기 때문에 느끼지 못하는 것입니다.#@문장구분# 우리는 가까이 있으면 매일 주위에 존재하면 그것이 아무리 좋은 보석이고 좋은 것이라고 하더라고 그것이 좋은 것인지 느끼지 못합니다.#@문장구분# 하지만 내 주위에서 잠시라도 한 발짝 떨어져서 살펴보는 시간을 갖는다면 우리는 소중함을 느끼고 볼 수 있게 될 것입니다.#@문장구분# 저는 이번 글을 쓰는 과정에서 저의 주위를 한번 둘러보게 되는 계기가 되었습니다.#@문장구분# 내 주위에 소중함을 주는 사람은 누구인지 생각해 보고 그들의 고마움에 대해 다시한번 느낄수 있는 계기가 된것입니다.#@문장구분#우리 모두 소중함을 주는 가족들과 친구들에 대해 생각해 보고 그들에게 감사함을 느끼고 전할수 있는 시간을 한번 가져 보는 것이 어떨까 하고 생각합니다.#@문장구분# 그리고 그것들을 잃고 나서 후회하거나 미련을 갖지 않도록 그들에게 최선을 다해야 할 것입니다.#@문장구분#",
      "paragraph_len": 969,
      "paragraph_id": "001"
    }
  ],
  "score": {
    "paragraph_score": [
      {
        "paragraph_scoreT": [
          3,
          3,
          3
        ],
        "paragraph_scoreT_detail": {
          "paragraph_scoreT_exp": [
            [
              3,
              3,
              3
            ],
            [
              3,
              3,
              3
            ],
            [
              3,
              3,
              3
            ]
          ]
        },
        "paragraph_scoreT_avg": 3,
        "paragraph_id": "001"
      }
    ],
    "essay_scoreT": [
      25.11111,
      28,
      26
    ],
    "essay_scoreT_avg": 26.37037,
    "essay_scoreT_detail": {
      "essay_scoreT_org": [
        [
          2,
          3,
          3,
          3
        ],
        [
          3,
          3,
          3,
          3
        ],
        [
          3,
          3,
          3,
          3
        ]
      ],
      "essay_scoreT_cont": [
        [
          2,
          2,
          0,
          2
        ],
        [
          3,
          2,
          0,
          2
        ],
        [
          2,
          2,
          0,
          2
        ]
      ],
      "essay_scoreT_exp": [
        [
          3,
          3,
          3
        ],
        [
          3,
          3,
          3
        ],
        [
          3,
          3,
          3
        ]
      ]
    }
  },
  "student": {
    "date": "2021.12.18",
    "student_educated": true,
    "student_grade": "고등_1학년",
    "location": "063",
    "student_grade_group": "고등",
    "student_reading": 1
  },
  "rubric": {
    "essay_grade": "고등_1학년",
    "organization_weight": {
      "org_paragraph": 2,
      "org": 2,
      "org_essay": 4,
      "org_coherence": 2,
      "org_quantity": 1
    },
    "essay_type": "글짓기",
    "content_weight": {
      "con_clearance": 4,
      "con_novelty": 3,
      "con": 4,
      "con_prompt": 0,
      "con_description": 1
    },
    "essay_main_subject": "소중함을 잃었던 경험",
    "expression_weight": {
      "exp_style": 1,
      "exp_grammar": 2,
      "exp_vocab": 3,
      "exp": 4
    }
  },
  "correction": [],
  "info": {
    "essay_id": "ESSAY_73748",
    "essay_prompt": " 익숙함에 속아 소중함을 잊지 말자는 명언 (Do not get fooled by something familiar and forget what is priceless.)이 있습니다.\n\n 부모님께서 매일 해주시는 아침밥이나, 너무 친해서 매일 맛있는 간식을 사주는 친구 등 처음에는 매우 감사했지만 반복되는 호의에 우리는 소중함을 잊어가기도 합니다.\n\n 작은 소중함일지라도 그 소중함을 잃게 되면 호의를 베푸는 사람 입장에서는 매우 당황스럽고 기분이 나쁠 수 있어요.\n\n 여러분은 익숙함에 속아 소중함을 잊었던 사례와 그로 인해 상대방의 기분을 나쁘게 했던 경험이 있나요? 만약 있다면 관계를 회복하기 위해 어떤 노력을 하셨나요? 본인의 경험을 작성해주세요.\n\n 만약 그런 적이 없다면 주변의 이야기나 본인에게 소중함을 주는 사람들에 관해 설명해주세요.",
    "essay_type": "글짓기",
    "essay_level": "2",
    "essay_len": 710,
    "essay_main_subject": "소중함을 잃었던 경험"
  }
}