{
  "paragraph": [
    {
      "paragraph_txt": "저는 약 2년전이 너무 그립습니다.#@문장구분# 불과 얼마전의 일상이였던거 같은 느낌마져 듭니다.#@문장구분# 나가고 싶을때 나가고, 만나고 싶으면 자유롭게 만나고, 어떻게 보면 소박하다 할수 있는 그런 보통의 날들이 너무 그립습니다.#@문장구분# 곰곰히 생각해보면 코로나 전까지만 해도 밥먹을때 칸막이도 없었고 원격수업, 마스크를 쓰고 생활 한다는 것조차 상상하지 못했을 것입니다.#@문장구분# 현재 우리는 나갈때 마다 마스크를 쓰고, 들어오면 손을 열심히 씻고 손소독도 열심히 해야하는 일상인 지금 상상도 못했던, 경험하지 못했던 지금의 현실이 익숙해 졌지만 처음에는 너무 낯설게 느껴졌습니다.#@문장구분# 친구들이랑 수다를 떨며 떡볶이를 먹으러 가고 영화관을 가도 팝콘을 한움큼씩 먹으며 즐겁게 영화 관람을 하고 그랬던 시절이 너무 그립습니다.#@문장구분# 곰곰히 생각해보면 코로나 전까지만 해도 밥먹을때 칸막이도 없었고 원격수업, 마스크를 쓰고 생활 한다는 것조차 상상하지 못했을 것입니다.#@문장구분# 코로나가 번지던 2020년 2월쯤 우리는 바깥 활동에 재한을 받았고 현재 까지도 이어지고 있습니다. #@문장구분#그리고 점점더 커져 원격수업을 하게 되고 친구들을 만나는게 힘들어지고 처음에는 너무 혼란 스러웠고 지금은 경험을 통해 익숙해 지고 있습니다.#@문장구분# 언제 끝날지도 모르는 이런 환경속에서 서로 조심하고 서로 잘 지켰으면 이런 일들이 일어나지 않았을까?#@문장구분# 그리고 언제 쯤 우리는 마스크를 벗을수 있을까?#@문장구분# 코로나를 겪기 전에 느꼈던 소박하고 소소한 보통날들이 지금은 너무 소중하게 느껴집니다.#@문장구분# 빨리 마스크를 벗는 그런날이 왔으면 좋겠습니다.#@문장구분#",
      "paragraph_len": 1015,
      "paragraph_id": "001"
    }
  ],
  "score": {
    "paragraph_score": [
      {
        "paragraph_scoreT": [
          3,
          2.1666667,
          3
        ],
        "paragraph_scoreT_detail": {
          "paragraph_scoreT_exp": [
            [
              3,
              3,
              3
            ],
            [
              2,
              2,
              3
            ],
            [
              3,
              3,
              3
            ]
          ]
        },
        "paragraph_scoreT_avg": 2.7222223,
        "paragraph_id": "001"
      }
    ],
    "essay_scoreT": [
      30,
      24.666668,
      30
    ],
    "essay_scoreT_avg": 28.222223,
    "essay_scoreT_detail": {
      "essay_scoreT_org": [
        [
          3,
          3,
          3,
          3
        ],
        [
          3,
          3,
          3,
          3
        ],
        [
          3,
          3,
          3,
          3
        ]
      ],
      "essay_scoreT_cont": [
        [
          3,
          3,
          0,
          3
        ],
        [
          2,
          3,
          0,
          3
        ],
        [
          3,
          3,
          0,
          3
        ]
      ],
      "essay_scoreT_exp": [
        [
          3,
          3,
          3
        ],
        [
          2,
          2,
          3
        ],
        [
          3,
          3,
          3
        ]
      ]
    }
  },
  "student": {
    "date": "2021.12.15",
    "student_educated": true,
    "student_grade": "고등_1학년",
    "location": "063",
    "student_grade_group": "고등",
    "student_reading": 2
  },
  "rubric": {
    "essay_grade": "고등_1학년",
    "organization_weight": {
      "org_paragraph": 2,
      "org": 2,
      "org_essay": 4,
      "org_coherence": 2,
      "org_quantity": 1
    },
    "essay_type": "글짓기",
    "content_weight": {
      "con_clearance": 4,
      "con_novelty": 3,
      "con": 4,
      "con_prompt": 0,
      "con_description": 1
    },
    "essay_main_subject": "소중함을 잃었던 경험",
    "expression_weight": {
      "exp_style": 1,
      "exp_grammar": 2,
      "exp_vocab": 3,
      "exp": 4
    }
  },
  "correction": [],
  "info": {
    "essay_id": "ESSAY_66035",
    "essay_prompt": " 익숙함에 속아 소중함을 잊지 말자는 명언 (Do not get fooled by something familiar and forget what is priceless.)이 있습니다.\n\n 부모님께서 매일 해주시는 아침밥이나, 너무 친해서 매일 맛있는 간식을 사주는 친구 등 처음에는 매우 감사했지만 반복되는 호의에 우리는 소중함을 잊어가기도 합니다.\n\n 작은 소중함일지라도 그 소중함을 잃게 되면 호의를 베푸는 사람 입장에서는 매우 당황스럽고 기분이 나쁠 수 있어요.\n\n 여러분은 익숙함에 속아 소중함을 잊었던 사례와 그로 인해 상대방의 기분을 나쁘게 했던 경험이 있나요? 만약 있다면 관계를 회복하기 위해 어떤 노력을 하셨나요? 본인의 경험을 작성해주세요.\n\n 만약 그런 적이 없다면 주변의 이야기나 본인에게 소중함을 주는 사람들에 관해 설명해주세요.",
    "essay_type": "글짓기",
    "essay_level": "2",
    "essay_len": 755,
    "essay_main_subject": "소중함을 잃었던 경험"
  }
}