{
  "paragraph": [
    {
      "paragraph_txt": "지난 일주일간 나는 전쟁같고 힘든 일들을 보내왔다.#@문장구분# 아침에 일어나서 급하게 아침을 먹고 버스를 타서 정신없이 학교에 도착하면 수업이 시작되고 또 정신없이 수행평가와 다양한 과목들의 압박들이 쏟아지고 또 그 학교를 마치면 저녁먹을 시간이 있을 리가 없고 나는 지하철과 버스를 반복해서 집보다 친숙한 학원에 도착한다.#@문장구분# 역시 학원도 그렇다.#@문장구분# 더 정신없고 낯선 지식들이 비상등없이 내 머리에 쏟아져왔고 이것들이 처음인 나는 받아들이기 버거워 저녁 11시, 자신의 소중한 휴식시간을 뺏기고 차로 달려오신 엄마께 화를 냈다.#@문장구분# 나는 항상 생각했었다.#@문장구분#\n '나는 이 세상에서 제일 힘든 사람이야.'#@문장구분# '제일 피곤한건 당연하고 짜증은 어쩔수없이 나오는거야.'#@문장구분#\n 항상 엄마는 피곤한 기색을 비치지 않으셨고 나는 더욱 당당해져갔다.#@문장구분#\n 나는 결국 엄마가 조금 늦게 오시거나 깜빡하시면 짜증을 내고 엄마를 몰아가기 시작했다.#@문장구분# 이글을 쓰고 있는 지금도 엄마가 모르고 주무셔서 학원을 마치고 11시에 버스를 타고가면서쓰고있다.#@문장구분#\n 이 과제를 받았을때 아무런 생각없이 바로 늦은밤에 나를 데리러 오시는 엄마가 생각났고, 익숙함에 속아 엄마의 힘듦은 잊고 있었다는 생각이 들며 후회가 되었다.#@문장구분#\n 이런 기회가 없었다면 나는 이런 생각을 절대 안했을 것이다.#@문장구분#\n 지금이라도 계속생각하면서 매일감사하게 생각해야겠다.#@문장구분#\n 데리러 오실때마다 내가 힘들더라고 엄마만큼일리는 없기 때문에 더 밝게 해맑게 얘기하면서 부끄러워서 직접적으로 감사하다고 전하지는 못하지만 간접적으로라도 꼭 감사함을 전해야겠다.#@문장구분#",
      "paragraph_len": 1036,
      "paragraph_id": "001"
    }
  ],
  "score": {
    "paragraph_score": [
      {
        "paragraph_scoreT": [
          2.8333333,
          2.3333333,
          2.6666667
        ],
        "paragraph_scoreT_detail": {
          "paragraph_scoreT_exp": [
            [
              3,
              3,
              2
            ],
            [
              3,
              2,
              2
            ],
            [
              2,
              3,
              3
            ]
          ]
        },
        "paragraph_scoreT_avg": 2.611111,
        "paragraph_id": "001"
      }
    ],
    "essay_scoreT": [
      24.722221,
      26.166666,
      26.722221
    ],
    "essay_scoreT_avg": 25.870369,
    "essay_scoreT_detail": {
      "essay_scoreT_org": [
        [
          2,
          3,
          3,
          2
        ],
        [
          3,
          2,
          3,
          2
        ],
        [
          3,
          3,
          2,
          3
        ]
      ],
      "essay_scoreT_cont": [
        [
          2,
          2,
          0,
          3
        ],
        [
          3,
          3,
          0,
          2
        ],
        [
          3,
          2,
          0,
          3
        ]
      ],
      "essay_scoreT_exp": [
        [
          3,
          3,
          2
        ],
        [
          3,
          2,
          2
        ],
        [
          2,
          3,
          3
        ]
      ]
    }
  },
  "student": {
    "date": "2021.09.29",
    "student_educated": true,
    "student_grade": "고등_1학년",
    "location": "051",
    "student_grade_group": "고등",
    "student_reading": 1
  },
  "rubric": {
    "essay_grade": "고등_1학년",
    "organization_weight": {
      "org_paragraph": 2,
      "org": 2,
      "org_essay": 4,
      "org_coherence": 2,
      "org_quantity": 1
    },
    "essay_type": "글짓기",
    "content_weight": {
      "con_clearance": 4,
      "con_novelty": 3,
      "con": 4,
      "con_prompt": 0,
      "con_description": 1
    },
    "essay_main_subject": "소중함을 잃었던 경험",
    "expression_weight": {
      "exp_style": 1,
      "exp_grammar": 2,
      "exp_vocab": 3,
      "exp": 4
    }
  },
  "correction": [],
  "info": {
    "essay_id": "ESSAY_35796",
    "essay_prompt": " 익숙함에 속아 소중함을 잊지 말자는 명언 (Do not get fooled by something familiar and forget what is priceless.)이 있습니다.\n\n 부모님께서 매일 해주시는 아침밥이나, 너무 친해서 매일 맛있는 간식을 사주는 친구 등 처음에는 매우 감사했지만 반복되는 호의에 우리는 소중함을 잊어가기도 합니다.\n\n 작은 소중함일지라도 그 소중함을 잃게 되면 호의를 베푸는 사람 입장에서는 매우 당황스럽고 기분이 나쁠 수 있어요.\n\n 여러분은 익숙함에 속아 소중함을 잊었던 사례와 그로 인해 상대방의 기분을 나쁘게 했던 경험이 있나요? 만약 있다면 관계를 회복하기 위해 어떤 노력을 하셨나요? 본인의 경험을 작성해주세요.\n\n 만약 그런 적이 없다면 주변의 이야기나 본인에게 소중함을 주는 사람들에 관해 설명해주세요.",
    "essay_type": "글짓기",
    "essay_level": "2",
    "essay_len": 756,
    "essay_main_subject": "소중함을 잃었던 경험"
  }
}