{
  "paragraph": [
    {
      "paragraph_txt": "익숙함이라는 단어가 사용되면 연인과 있는 시간, 태도, 배려, 고마움 등등 서로가 당연해지면서 권태기가 찾아와 이별을 맞이하는 경우가 많다.#@문장구분# 그렇게 떠나보내고서야 후회하는 경우가 절반 이상이다.#@문장구분# 나는 아직 연인으로서의 익숙함을 경험해보지는 못했다.#@문장구분# 하지만 가족과의 관계에서는 굉장히 많이 느끼게 됐었다.#@문장구분# 항상 옆에 있어주고 서로를 응원해주며 격려해주는 소중한 관계를 너무 당연하게 생각하게 되니 괜스레 화풀이를 하거나 짜증을 내고 심해지면 큰 소리까지 오가는 경우도 나타났다.#@문장구분# 이렇게 내가 짜증을 자주 내고 스트레스 받은 일들을 가족에게 화풀이 하자 가족들이 더 이상 나와 이야기 하고싶어하지 않거나 대화를 거부하는 경우들도 많았다.#@문장구분# 이러한 관계가 지속되니 가족들이 점점 불편해지기만 했고 얘기를 꺼내는 것조차 힘들어졌었다.#@문장구분# 이러한 상황들이 더욱 지속되지 않도록 나는 가족들의 말을 하나하나 더 신경써서 듣고, 내 기분 내 감정만 내세우기보다는 가족들의 마음을 이해해보려고 노력하였다.#@문장구분# 또한 가족들이 내 기분을 이해해주고 한발 물러나주는 것이 당연한 것이 아님을 인지하고 고마운 마음을 갖고 가족들에게 더 나은 가족 구성원이 되고자 노력하였다.#@문장구분# 한 번 더 나의 기억에 상기시키는 소중한 시간을 가진 것 같아 기분이 좋다.#@문장구분# 나의 주위에 있는 소중한 사람들에게 소중히 대하는 법을 생각하는 좋은 시간이 된것같다.#@문장구분# 앞으로 진짜 나의 주위의 소중한 사람들에게 소중히 대하는 내가 되도록 노력해야겠다.#@문장구분#",
      "paragraph_len": 963,
      "paragraph_id": "001"
    }
  ],
  "score": {
    "paragraph_score": [
      {
        "paragraph_scoreT": [
          3,
          2.8333333,
          2.5
        ],
        "paragraph_scoreT_detail": {
          "paragraph_scoreT_exp": [
            [
              3,
              3,
              3
            ],
            [
              3,
              3,
              2
            ],
            [
              2,
              3,
              2
            ]
          ]
        },
        "paragraph_scoreT_avg": 2.7777777,
        "paragraph_id": "001"
      }
    ],
    "essay_scoreT": [
      30,
      26.222221,
      26.61111
    ],
    "essay_scoreT_avg": 27.611109,
    "essay_scoreT_detail": {
      "essay_scoreT_org": [
        [
          3,
          3,
          3,
          3
        ],
        [
          2,
          3,
          3,
          2
        ],
        [
          2,
          3,
          3,
          3
        ]
      ],
      "essay_scoreT_cont": [
        [
          3,
          3,
          0,
          3
        ],
        [
          3,
          2,
          0,
          2
        ],
        [
          3,
          3,
          0,
          2
        ]
      ],
      "essay_scoreT_exp": [
        [
          3,
          3,
          3
        ],
        [
          3,
          3,
          2
        ],
        [
          2,
          3,
          2
        ]
      ]
    }
  },
  "student": {
    "date": "2021.12.13",
    "student_educated": true,
    "student_grade": "고등_1학년",
    "location": "063",
    "student_grade_group": "고등",
    "student_reading": 2
  },
  "rubric": {
    "essay_grade": "고등_1학년",
    "organization_weight": {
      "org_paragraph": 2,
      "org": 2,
      "org_essay": 4,
      "org_coherence": 2,
      "org_quantity": 1
    },
    "essay_type": "글짓기",
    "content_weight": {
      "con_clearance": 4,
      "con_novelty": 3,
      "con": 4,
      "con_prompt": 0,
      "con_description": 1
    },
    "essay_main_subject": "소중함을 잃었던 경험",
    "expression_weight": {
      "exp_style": 1,
      "exp_grammar": 2,
      "exp_vocab": 3,
      "exp": 4
    }
  },
  "correction": [],
  "info": {
    "essay_id": "ESSAY_62695",
    "essay_prompt": " 익숙함에 속아 소중함을 잊지 말자는 명언 (Do not get fooled by something familiar and forget what is priceless.)이 있습니다.\n\n 부모님께서 매일 해주시는 아침밥이나, 너무 친해서 매일 맛있는 간식을 사주는 친구 등 처음에는 매우 감사했지만 반복되는 호의에 우리는 소중함을 잊어가기도 합니다.\n\n 작은 소중함일지라도 그 소중함을 잃게 되면 호의를 베푸는 사람 입장에서는 매우 당황스럽고 기분이 나쁠 수 있어요.\n\n 여러분은 익숙함에 속아 소중함을 잊었던 사례와 그로 인해 상대방의 기분을 나쁘게 했던 경험이 있나요? 만약 있다면 관계를 회복하기 위해 어떤 노력을 하셨나요? 본인의 경험을 작성해주세요.\n\n 만약 그런 적이 없다면 주변의 이야기나 본인에게 소중함을 주는 사람들에 관해 설명해주세요.",
    "essay_type": "글짓기",
    "essay_level": "2",
    "essay_len": 724,
    "essay_main_subject": "소중함을 잃었던 경험"
  }
}