{
  "paragraph": [
    {
      "paragraph_txt": "때는 초등학교 3학년.#@문장구분# 나는 흰 햄스터를 한 마리를 키웠었다. #@문장구분#무척 홀쭉하고 가벼운 햄스터를 밥을 주고 관찰하며 토실토실하고 건강하게 키웠었다. #@문장구분#관심을 가져 주지 않을 때 혹시라도 그 햄스터가 외로울까 봐 마트에서 갈색 햄스터 친구를 데려왔다. #@문장구분#갈색 햄스터는 금세 우리 집에 적응하고 흰 햄스터와도 줄곧 잘 놀았다.#@문장구분# 햄스터 톱밥도 갈아주고 목욕 모래도 자주 갈아주고 자주 관찰하며 건강을 확인해왔고 그렇게 몇 개월쯤 시간이 지났다.#@문장구분# 엄마는 외출하셨고 집에는 아빠와 나, 동생들뿐이었다.#@문장구분# 아픈 곳 없이 건강하게 우리 집 한곳을 차지했던 두 마리의 햄스터. #@문장구분#그 두 마리의 햄스터 중 가장 오래 함께 했던 하얀 햄스터가 목욕 모래가 있는 곳에서 움직이질 않는 거였다.#@문장구분# 긴 시간 함께 가족으로 여기며 지내온 햄스터가 절대 떠나지 않을 거라고 믿었는데 생각보다 우릴 일찍 떠났다.#@문장구분# 아무것도 못하고 그 햄스터를 보며 울기만 했다.#@문장구분# 어머니가 치워주셨고 나는 일주일 동안 그 햄스터 생각에 매우 슬펐다. #@문장구분#그냥 우리곁에 남아있을 것 같았는데 그 친구를 생각하니 흰색 햄스터가 떠나는 것을 볼 자신이 없어진 우리 가족은 한 마리 남은 갈색 햄스터를 할머니 집에 가져다드렸다. #@문장구분#그래서 그 햄스터가 어디에 있는지는 모른다.#@문장구분# 나는 한 번 정말 커다란 슬픔을 겪고 다시는 내 곁을 떠나는 생명을 키우지 않겠다고 다짐했다. #@문장구분#하지만 지금 나의 곁에 있는 가족, 친구들에게는 내가 세상을 떠나는 그 때까지 나의 사랑을 아낌없이 퍼부어주어야겠다고 생각하면서 열심히 살고 있다.#@문장구분#",
      "paragraph_len": 1072,
      "paragraph_id": "001"
    }
  ],
  "score": {
    "paragraph_score": [
      {
        "paragraph_scoreT": [
          3,
          3,
          2.6666667
        ],
        "paragraph_scoreT_detail": {
          "paragraph_scoreT_exp": [
            [
              3,
              3,
              3
            ],
            [
              3,
              3,
              3
            ],
            [
              2,
              3,
              3
            ]
          ]
        },
        "paragraph_scoreT_avg": 2.888889,
        "paragraph_id": "001"
      }
    ],
    "essay_scoreT": [
      24.88889,
      28.5,
      24.666668
    ],
    "essay_scoreT_avg": 26.018518,
    "essay_scoreT_detail": {
      "essay_scoreT_org": [
        [
          2,
          3,
          3,
          2
        ],
        [
          3,
          3,
          3,
          3
        ],
        [
          3,
          3,
          3,
          3
        ]
      ],
      "essay_scoreT_cont": [
        [
          2,
          2,
          0,
          2
        ],
        [
          3,
          2,
          0,
          3
        ],
        [
          2,
          2,
          0,
          2
        ]
      ],
      "essay_scoreT_exp": [
        [
          3,
          3,
          3
        ],
        [
          3,
          3,
          3
        ],
        [
          2,
          3,
          3
        ]
      ]
    }
  },
  "student": {
    "date": "2021.12.20",
    "student_educated": true,
    "student_grade": "고등_1학년",
    "location": "063",
    "student_grade_group": "고등",
    "student_reading": 1
  },
  "rubric": {
    "essay_grade": "고등_1학년",
    "organization_weight": {
      "org_paragraph": 2,
      "org": 2,
      "org_essay": 4,
      "org_coherence": 2,
      "org_quantity": 1
    },
    "essay_type": "글짓기",
    "content_weight": {
      "con_clearance": 4,
      "con_novelty": 3,
      "con": 4,
      "con_prompt": 0,
      "con_description": 1
    },
    "essay_main_subject": "소중함을 잃었던 경험",
    "expression_weight": {
      "exp_style": 1,
      "exp_grammar": 2,
      "exp_vocab": 3,
      "exp": 4
    }
  },
  "correction": [],
  "info": {
    "essay_id": "ESSAY_73796",
    "essay_prompt": " 익숙함에 속아 소중함을 잊지 말자는 명언 (Do not get fooled by something familiar and forget what is priceless.)이 있습니다.\n\n 부모님께서 매일 해주시는 아침밥이나, 너무 친해서 매일 맛있는 간식을 사주는 친구 등 처음에는 매우 감사했지만 반복되는 호의에 우리는 소중함을 잊어가기도 합니다.\n\n 작은 소중함일지라도 그 소중함을 잃게 되면 호의를 베푸는 사람 입장에서는 매우 당황스럽고 기분이 나쁠 수 있어요.\n\n 여러분은 익숙함에 속아 소중함을 잊었던 사례와 그로 인해 상대방의 기분을 나쁘게 했던 경험이 있나요? 만약 있다면 관계를 회복하기 위해 어떤 노력을 하셨나요? 본인의 경험을 작성해주세요.\n\n 만약 그런 적이 없다면 주변의 이야기나 본인에게 소중함을 주는 사람들에 관해 설명해주세요.",
    "essay_type": "글짓기",
    "essay_level": "2",
    "essay_len": 752,
    "essay_main_subject": "소중함을 잃었던 경험"
  }
}