{
  "paragraph": [
    {
      "paragraph_txt": "저는 성격이 좀 이상하다고 생각합니다.#@문장구분# 익숙하고 편하고 친하다고 생각하면 정말 소중한 사람이어도 자주 까먹고 챙겨야 한다는 걸 잊어버리곤 합니다. #@문장구분#그러다 보니 익숙함에 속아 소중함을 잊었던 사례가 다양합니다.#@문장구분# 솔직히 이런 게 자랑이 아니고 제가 꼭 고쳐야 한다는 걸 알기에 익숙함에 속아 소중함을 잊었던 사례를 말하고 이렇게 행동하는 저 자신을 고치고 싶습니다.#@문장구분# 저는 오래된 친한 친구랑 사귄 지 얼마 안 된 친구랑 다 같이 노는 경우가 자주 있었습니다.#@문장구분# 놀다 보면 오래된 친구는 편하고 서로를 너무 잘 아니깐 얘기를 잘 안 하게 되고 사귄 지 얼마 안 된 친구랑 더 빨리 친해지고 자주 놀고 싶은 맘에 이 친구한테만 말을 걸게 되고 오래된 친구를 무시하면서 놀리고 재미를 만들어내서 얼마 안 된 친구를 웃겨주는데, 친구를 이용하고 그런 적이 많은 거 같습니다.#@문장구분# 그렇게 자주 행동하다 보니 오래된 친구가 저를 싫어하게 되었고, 현재까지도 절교한 상태로 지내고 있습니다.#@문장구분# 제가 집까지 찾아가 보면서 얘기하면서 잘 풀어보려고 했지만, 그 친구는 그 행동이 용서가 안 되고 넌 변하지 않을 거라고 말을 하면서 절교까지 갔습니다.#@문장구분# 저는 요기서 많은 걸 느꼈습니다.#@문장구분# 나의 소중한 사람들은 계속 만나고 보고 싶다면 내가 그 사람을 먼저 챙기고 배려하지 않으면 나중에는 옆에 남아있지 않고 다 떠나갈 거라는 것을 느꼈습니다.#@문장구분# 저는 이 계기로 소중한 사람들은 챙기고 나 자신보다 먼저 배려할 것입니다.#@문장구분#",
      "paragraph_len": 940,
      "paragraph_id": "001"
    }
  ],
  "score": {
    "paragraph_score": [
      {
        "paragraph_scoreT": [
          3,
          2,
          2.1666667
        ],
        "paragraph_scoreT_detail": {
          "paragraph_scoreT_exp": [
            [
              3,
              3,
              3
            ],
            [
              2,
              2,
              2
            ],
            [
              2,
              2,
              3
            ]
          ]
        },
        "paragraph_scoreT_avg": 2.388889,
        "paragraph_id": "001"
      }
    ],
    "essay_scoreT": [
      30,
      23.11111,
      25.777779
    ],
    "essay_scoreT_avg": 26.296295,
    "essay_scoreT_detail": {
      "essay_scoreT_org": [
        [
          3,
          3,
          3,
          3
        ],
        [
          2,
          3,
          3,
          3
        ],
        [
          2,
          3,
          3,
          3
        ]
      ],
      "essay_scoreT_cont": [
        [
          3,
          3,
          0,
          3
        ],
        [
          2,
          3,
          0,
          3
        ],
        [
          3,
          3,
          0,
          3
        ]
      ],
      "essay_scoreT_exp": [
        [
          3,
          3,
          3
        ],
        [
          2,
          2,
          2
        ],
        [
          2,
          2,
          3
        ]
      ]
    }
  },
  "student": {
    "date": "2021.12.17",
    "student_educated": true,
    "student_grade": "고등_1학년",
    "location": "044",
    "student_grade_group": "고등",
    "student_reading": 2
  },
  "rubric": {
    "essay_grade": "고등_1학년",
    "organization_weight": {
      "org_paragraph": 2,
      "org": 2,
      "org_essay": 4,
      "org_coherence": 2,
      "org_quantity": 1
    },
    "essay_type": "글짓기",
    "content_weight": {
      "con_clearance": 4,
      "con_novelty": 3,
      "con": 4,
      "con_prompt": 0,
      "con_description": 1
    },
    "essay_main_subject": "소중함을 잃었던 경험",
    "expression_weight": {
      "exp_style": 1,
      "exp_grammar": 2,
      "exp_vocab": 3,
      "exp": 4
    }
  },
  "correction": [],
  "info": {
    "essay_id": "ESSAY_66021",
    "essay_prompt": " 익숙함에 속아 소중함을 잊지 말자는 명언 (Do not get fooled by something familiar and forget what is priceless.)이 있습니다.\n\n 부모님께서 매일 해주시는 아침밥이나, 너무 친해서 매일 맛있는 간식을 사주는 친구 등 처음에는 매우 감사했지만 반복되는 호의에 우리는 소중함을 잊어가기도 합니다.\n\n 작은 소중함일지라도 그 소중함을 잃게 되면 호의를 베푸는 사람 입장에서는 매우 당황스럽고 기분이 나쁠 수 있어요.\n\n 여러분은 익숙함에 속아 소중함을 잊었던 사례와 그로 인해 상대방의 기분을 나쁘게 했던 경험이 있나요? 만약 있다면 관계를 회복하기 위해 어떤 노력을 하셨나요? 본인의 경험을 작성해주세요.\n\n 만약 그런 적이 없다면 주변의 이야기나 본인에게 소중함을 주는 사람들에 관해 설명해주세요.",
    "essay_type": "글짓기",
    "essay_level": "2",
    "essay_len": 733,
    "essay_main_subject": "소중함을 잃었던 경험"
  }
}