{
  "paragraph": [
    {
      "paragraph_txt": "꽃이 진 뒤에야 봄이었음을 압니다 라는 말은 유명한 말입니다.#@문장구분# 보탬이 되는 것은 잘 의식되지 않지만 손해 되는 일은 잘 의식되기 마련일 것입니다.#@문장구분# 꽃들이 만발한 봄에는 많은 꽃들로 소중함을 모르다가 꽃들이 다 지고 나서야 꽃구경도 못갔네 벌써 봄이 다 지나갔네 하며 후회를 합니다.#@문장구분# 이렇듯 우리는 없어지거나 잃어버린후에 소중함을 느끼는 경우가 매우 많이 존재 합니다.#@문장구분# 저는 저희 집이 단수가 되었을 때 물의 중요성을 매우 많이 느꼈습니다.#@문장구분# 이제껏 살면서 단수가 되는 경우는 거의 없었습니다.#@문장구분# 단수가 된다고 하더라도 부모님이 미리 알고 대비 해놓으시는 경우가 많이 있었기 때문에 그리 어려움이나 불편을 느끼지 않고 지나갔는데 이번 단수는 고지에 없던 단수로 그날의 불편함은 이루 말로 형용할수 없었습니다.#@문장구분# 가장 큰 문제는 화장실문제 였습니다.#@문장구분# 소변도 아니고 대변을 보았는데 물이 않나오니 변기를 더이상 사용할수 없게 되었고 화장실은 오물 냄새로 꽉 차게 되었습니다.#@문장구분# 생수병 한병가지고는 내려가지도 않아서 두병이상 부어서 내렸는데 대변처리에 3500짜리 생수병 두병이니 7000원을 쓴 셈입니다.#@문장구분# 뿐만아니라 손을 간단하게 씻고 싶어도 수도꼭지 틀어서 쏴 하고 씻을수 없어 바가지에 물을 담아 손을 씻고 그 물을 다시 변기 수조함에 부어넣어야 했습니다.#@문장구분# 당장 먹을 생수가 있었으니 다행인데 만약 마실 생수도 없었다면 생각도 하기 싫습니다.#@문장구분# 이렇듯 물은 우리 생활에 가장 밀접한 영향을 주는 것인데 우리는 그 물의 소중함을 모르고 살고 있습니다.#@문장구분# 물을 아껴쓰라고 환경을 생각하라는 말을 들으면 고개는 끄덕이지만 삶에 적용시켜 사용하게 되지는 않았기 때문입니다.#@문장구분# 우리는 물이 다 없어져서 소중함을 깨닫는 바보같음을 보이지 말고 지금 있는 환경을 아끼고 물을 잘 사용하여 물이 충분함에 감사하고 소중함을 깨달으며 살아야 겠습니다.#@문장구분#",
      "paragraph_len": 1206,
      "paragraph_id": "001"
    }
  ],
  "score": {
    "paragraph_score": [
      {
        "paragraph_scoreT": [
          3,
          3,
          3
        ],
        "paragraph_scoreT_detail": {
          "paragraph_scoreT_exp": [
            [
              3,
              3,
              3
            ],
            [
              3,
              3,
              3
            ],
            [
              3,
              3,
              3
            ]
          ]
        },
        "paragraph_scoreT_avg": 3,
        "paragraph_id": "001"
      }
    ],
    "essay_scoreT": [
      28.5,
      28.5,
      30
    ],
    "essay_scoreT_avg": 29,
    "essay_scoreT_detail": {
      "essay_scoreT_org": [
        [
          3,
          3,
          3,
          3
        ],
        [
          3,
          3,
          3,
          3
        ],
        [
          3,
          3,
          3,
          3
        ]
      ],
      "essay_scoreT_cont": [
        [
          3,
          2,
          0,
          3
        ],
        [
          3,
          2,
          0,
          3
        ],
        [
          3,
          3,
          0,
          3
        ]
      ],
      "essay_scoreT_exp": [
        [
          3,
          3,
          3
        ],
        [
          3,
          3,
          3
        ],
        [
          3,
          3,
          3
        ]
      ]
    }
  },
  "student": {
    "date": "2021.12.15",
    "student_educated": true,
    "student_grade": "고등_1학년",
    "location": "063",
    "student_grade_group": "고등",
    "student_reading": 2
  },
  "rubric": {
    "essay_grade": "고등_1학년",
    "organization_weight": {
      "org_paragraph": 2,
      "org": 2,
      "org_essay": 4,
      "org_coherence": 2,
      "org_quantity": 1
    },
    "essay_type": "글짓기",
    "content_weight": {
      "con_clearance": 4,
      "con_novelty": 3,
      "con": 4,
      "con_prompt": 0,
      "con_description": 1
    },
    "essay_main_subject": "소중함을 잃었던 경험",
    "expression_weight": {
      "exp_style": 1,
      "exp_grammar": 2,
      "exp_vocab": 3,
      "exp": 4
    }
  },
  "correction": [],
  "info": {
    "essay_id": "ESSAY_62962",
    "essay_prompt": " 익숙함에 속아 소중함을 잊지 말자는 명언 (Do not get fooled by something familiar and forget what is priceless.)이 있습니다.\n\n 부모님께서 매일 해주시는 아침밥이나, 너무 친해서 매일 맛있는 간식을 사주는 친구 등 처음에는 매우 감사했지만 반복되는 호의에 우리는 소중함을 잊어가기도 합니다.\n\n 작은 소중함일지라도 그 소중함을 잃게 되면 호의를 베푸는 사람 입장에서는 매우 당황스럽고 기분이 나쁠 수 있어요.\n\n 여러분은 익숙함에 속아 소중함을 잊었던 사례와 그로 인해 상대방의 기분을 나쁘게 했던 경험이 있나요? 만약 있다면 관계를 회복하기 위해 어떤 노력을 하셨나요? 본인의 경험을 작성해주세요.\n\n 만약 그런 적이 없다면 주변의 이야기나 본인에게 소중함을 주는 사람들에 관해 설명해주세요.",
    "essay_type": "글짓기",
    "essay_level": "2",
    "essay_len": 906,
    "essay_main_subject": "소중함을 잃었던 경험"
  }
}