{
  "paragraph": [
    {
      "paragraph_txt": "저 나는 이때까지 익숙함에 속아 소중한 것을 잃은 적이 많다.#@문장구분# 대표적인 사례로는 관계였다.#@문장구분# 나는 이때까지 관계를 맺으려고 엄청나게 노력해왔다.#@문장구분# 관계의 소중함을 알기에 열심히 그리고 최선을 다해왔다.#@문장구분# 그래서인지 그 관계가 초반에는 잘 유지가 될 줄 알았다.#@문장구분# 하지만 나는 그 관계가 익숙해 졌는지, 선을 넘을 듯 말 듯 한 짓을 선생님, 친구, 부모님한테도 자주 하곤 했다.#@문장구분# 그 결과 몇몇 선생님들은 그냥 웃고 넘어가는 선생님들도 있었지만 가끔 혼을 내는 선생님들도 있었다.#@문장구분# 그리고 친구들 또한 마찬가지였다.#@문장구분# 그냥 웃는 친구들도 있었고 진지하게 말하는 애들도 있었다.#@문장구분# 마지막 부모님들도 마찬가지였다.#@문장구분# 그런데 나는 관계가 약간 흐트러지면 내가 잘못 했는데도 그 관계를 회복하려고 노력은 커녕 상대방이 먼저 와주겠지하면서 그때까지 그 관계를 무시하곤 했다.#@문장구분# 그리고 그 관계를 가볍게 보면서 대충 웃으며 다가가 그 관계를 다시 이어갈 때도 있었다.#@문장구분# 그렇게 나는 이때까지 살아왔다.#@문장구분# 하지만 나는 이 글을 쓰면서 다시 한 번 나 자신한테 뒤돌아 보게 되었다.#@문장구분# 그리고 나 자신이 이렇게 계속 살아간다면 어떻게 될까? 하고도 생각하게 되었다.#@문장구분# 그렇게 생각하니 나 자신이 너무 한심해 보였고 위험해 보였다.#@문장구분# 그래서 이제 나는 관계의 익숙함에 속지 않고 한 번 더 생각해보고 그 관계는 매우 소중하다는 것을 새기면서 살아가야겠다.#@문장구분#",
      "paragraph_len": 1017,
      "paragraph_id": "001"
    }
  ],
  "score": {
    "paragraph_score": [
      {
        "paragraph_scoreT": [
          3,
          2.5,
          3
        ],
        "paragraph_scoreT_detail": {
          "paragraph_scoreT_exp": [
            [
              3,
              3,
              3
            ],
            [
              2,
              3,
              2
            ],
            [
              3,
              3,
              3
            ]
          ]
        },
        "paragraph_scoreT_avg": 2.8333333,
        "paragraph_id": "001"
      }
    ],
    "essay_scoreT": [
      30,
      25.61111,
      29.277779
    ],
    "essay_scoreT_avg": 28.296295,
    "essay_scoreT_detail": {
      "essay_scoreT_org": [
        [
          3,
          3,
          3,
          3
        ],
        [
          3,
          2,
          2,
          3
        ],
        [
          3,
          3,
          3,
          2
        ]
      ],
      "essay_scoreT_cont": [
        [
          3,
          3,
          0,
          3
        ],
        [
          3,
          2,
          0,
          3
        ],
        [
          3,
          3,
          0,
          2
        ]
      ],
      "essay_scoreT_exp": [
        [
          3,
          3,
          3
        ],
        [
          2,
          3,
          2
        ],
        [
          3,
          3,
          3
        ]
      ]
    }
  },
  "student": {
    "date": "2021.12.03",
    "student_educated": true,
    "student_grade": "고등_1학년",
    "location": "051",
    "student_grade_group": "고등",
    "student_reading": 1
  },
  "rubric": {
    "essay_grade": "고등_1학년",
    "organization_weight": {
      "org_paragraph": 2,
      "org": 2,
      "org_essay": 4,
      "org_coherence": 2,
      "org_quantity": 1
    },
    "essay_type": "글짓기",
    "content_weight": {
      "con_clearance": 4,
      "con_novelty": 3,
      "con": 4,
      "con_prompt": 0,
      "con_description": 1
    },
    "essay_main_subject": "소중함을 잃었던 경험",
    "expression_weight": {
      "exp_style": 1,
      "exp_grammar": 2,
      "exp_vocab": 3,
      "exp": 4
    }
  },
  "correction": [],
  "info": {
    "essay_id": "ESSAY_53670",
    "essay_prompt": " 익숙함에 속아 소중함을 잊지 말자는 명언 (Do not get fooled by something familiar and forget what is priceless.)이 있습니다.\n\n 부모님께서 매일 해주시는 아침밥이나, 너무 친해서 매일 맛있는 간식을 사주는 친구 등 처음에는 매우 감사했지만 반복되는 호의에 우리는 소중함을 잊어가기도 합니다.\n\n 작은 소중함일지라도 그 소중함을 잃게 되면 호의를 베푸는 사람 입장에서는 매우 당황스럽고 기분이 나쁠 수 있어요.\n\n 여러분은 익숙함에 속아 소중함을 잊었던 사례와 그로 인해 상대방의 기분을 나쁘게 했던 경험이 있나요? 만약 있다면 관계를 회복하기 위해 어떤 노력을 하셨나요? 본인의 경험을 작성해주세요.\n\n 만약 그런 적이 없다면 주변의 이야기나 본인에게 소중함을 주는 사람들에 관해 설명해주세요.",
    "essay_type": "글짓기",
    "essay_level": "2",
    "essay_len": 677,
    "essay_main_subject": "소중함을 잃었던 경험"
  }
}