{
  "paragraph": [
    {
      "paragraph_txt": "항상 나의 머릿속에서 맴도는 명언이 있었다.#@문장구분# \" 익숙함에 속아 소중함을 잊지 말자 \"#@문장구분# 왜 이 명언이 내 머릿속에 맴돌았을까 따지고 보면 간단하다.#@문장구분# 내가 익숨함에 속아 소중함을 자주 잊었다는 것 부모님이 해주시는 밥도, 주위에 친구들의 선행도, 내가 좋아하는 운동도 이렇게 중요하고 소중한 존재, 행동이지만 익숙해서 자주 소중함을 잊지는 않았을까#@문장구분# 내게 제일 기억에 남는 소중함을 잃었던 기억은 아버지의 빈자리 아닐까,#@문장구분# 최근에 이사를 가야해서 아버지께서 먼저 속초로 올라가셨다.#@문장구분# 항상은 아니지만 일주일에 이틀은 꼭 봐왔던 아버지이기에 그렇게 소중함을 느끼고 있진 않았다.#@문장구분# 하지만 아버지께서 속초로 올라가시고는 항상 드는 생각이다.#@문장구분# 이번 주에도 안오시는구나 이번 주에는 오시려나? 이런 생각 말이다.#@문장구분# 아버지의 빈자리 이렇게 잠시 떨어져 지내면서도 크게 느껴지는 이 빈자리를 그리워하는 나인데 시간이 지나 대학생이 되고 어른이 되어 혼자 살게 된다면 이 빈자리를 누가 채워줄까#@문장구분# 나에게 아버지라는 존재는 나의 전부이며 모두이고 살아가는 이유라 할 수 있다.#@문장구분# 그러니 이 빈자리를 누가 마땅하게 채워주리#@문장구분# 밝고 상냥하였던 또 장난기가 가득하였던 나의 아버지#@문장구분# 그 소중함을 잃었던 시간을 매우 반성하는 지금이 되는 것 같다.#@문장구분# 나에게 항상 긍정적인 말로 나를 어루만져주셨던 아버지께서 계시던 자리에 남아있는건 그리움뿐이니 매주 봐왔던 아버지의 빈 자리가 새삼 느껴지는 요즘이였다.#@문장구분# 그러니 이 글을 읽는 모두는 부모님의 빈자리, 친구의 빈자리를 걱정하는 상황이 올테니 지금 내 주위에 있는 사람을 잘 챙겨주길 바란다.#@문장구분#",
      "paragraph_len": 1101,
      "paragraph_id": "001"
    }
  ],
  "score": {
    "paragraph_score": [
      {
        "paragraph_scoreT": [
          3,
          2,
          3
        ],
        "paragraph_scoreT_detail": {
          "paragraph_scoreT_exp": [
            [
              3,
              3,
              3
            ],
            [
              2,
              2,
              2
            ],
            [
              3,
              3,
              3
            ]
          ]
        },
        "paragraph_scoreT_avg": 2.6666667,
        "paragraph_id": "001"
      }
    ],
    "essay_scoreT": [
      30,
      23.61111,
      29.555555
    ],
    "essay_scoreT_avg": 27.722221,
    "essay_scoreT_detail": {
      "essay_scoreT_org": [
        [
          3,
          3,
          3,
          3
        ],
        [
          3,
          2,
          2,
          3
        ],
        [
          3,
          3,
          2,
          3
        ]
      ],
      "essay_scoreT_cont": [
        [
          3,
          3,
          0,
          3
        ],
        [
          3,
          2,
          0,
          3
        ],
        [
          3,
          3,
          0,
          3
        ]
      ],
      "essay_scoreT_exp": [
        [
          3,
          3,
          3
        ],
        [
          2,
          2,
          2
        ],
        [
          3,
          3,
          3
        ]
      ]
    }
  },
  "student": {
    "date": "2021.11.27",
    "student_educated": true,
    "student_grade": "고등_1학년",
    "location": "041",
    "student_grade_group": "고등",
    "student_reading": 2
  },
  "rubric": {
    "essay_grade": "고등_1학년",
    "organization_weight": {
      "org_paragraph": 2,
      "org": 2,
      "org_essay": 4,
      "org_coherence": 2,
      "org_quantity": 1
    },
    "essay_type": "글짓기",
    "content_weight": {
      "con_clearance": 4,
      "con_novelty": 3,
      "con": 4,
      "con_prompt": 0,
      "con_description": 1
    },
    "essay_main_subject": "소중함을 잃었던 경험",
    "expression_weight": {
      "exp_style": 1,
      "exp_grammar": 2,
      "exp_vocab": 3,
      "exp": 4
    }
  },
  "correction": [],
  "info": {
    "essay_id": "ESSAY_53667",
    "essay_prompt": " 익숙함에 속아 소중함을 잊지 말자는 명언 (Do not get fooled by something familiar and forget what is priceless.)이 있습니다.\n\n 부모님께서 매일 해주시는 아침밥이나, 너무 친해서 매일 맛있는 간식을 사주는 친구 등 처음에는 매우 감사했지만 반복되는 호의에 우리는 소중함을 잊어가기도 합니다.\n\n 작은 소중함일지라도 그 소중함을 잃게 되면 호의를 베푸는 사람 입장에서는 매우 당황스럽고 기분이 나쁠 수 있어요.\n\n 여러분은 익숙함에 속아 소중함을 잊었던 사례와 그로 인해 상대방의 기분을 나쁘게 했던 경험이 있나요? 만약 있다면 관계를 회복하기 위해 어떤 노력을 하셨나요? 본인의 경험을 작성해주세요.\n\n 만약 그런 적이 없다면 주변의 이야기나 본인에게 소중함을 주는 사람들에 관해 설명해주세요.",
    "essay_type": "글짓기",
    "essay_level": "2",
    "essay_len": 781,
    "essay_main_subject": "소중함을 잃었던 경험"
  }
}