{
  "paragraph": [
    {
      "paragraph_txt": "저는 인간관계의 소중함도 살아가는데 매우 중요한 역할을 하지만, 성적이나 나의 의지와 자신감에 대한 소중함도 잊지말자는 생각이 들었습니다.#@문장구분# 제 경험으로는 중학교2학년때 중간고사를 치고 내가 생각한것보다 믿을 수 없는 정도로 성적이 잘 나와서 다음 시험도  잘치겠지라는 마음이 제 머리속에 박혀있었습니다.#@문장구분# 하지만 저의 아이러니한 생각은 버렸어야 했습니다.#@문장구분# 저의 기말고사 시험은 처참하게 망했을뿐더러 그 순간 부터 저는 저의 의지와 자신감이 사라지고 있었습니다.#@문장구분# 항상 제가 잘하겠지라는 생각으로 너무 자만한 부분이 있었기 때문입니다.#@문장구분# 사람은 노력하는 대로 결과가 나온다는 생각이 이 순간에 들었습니다.#@문장구분# 저의 의지가 너무나도 소중했지만, 저는 이를 그 순간에는 알지 못했습니다.#@문장구분#\n이처럼 어떤 일을 하는데에 있어 당연하고, 자만감은 가지면 안된다는 것을 느끼며, 자신의 의지도 잊지 말고 항상 노력하는 자세는 필요하다고 생각하였습니다.#@문장구분#\n저는 저의 의지에 대한 소중함을 잃었기 때문에  제가 노력을 열심히 안 한 결과로 볼수 있었습니다.#@문장구분# 항상 당연하다는 것은 없습니다.#@문장구분#\n자기 자리에서  노력하며, 자신의 의지를 가져야한다고 다짐했습니다.#@문장구분# \n 저는 저의 의지를 다시 향상시키기 위해서 계획을 세우고 이를 실천하기로 매일 마음속에  깊이 새기고 있습니다. #@문장구분#누구나 자신의 의지를 잃어버릴 때나 자신감을 잃어버릴때가 있습니다. #@문장구분#하지만 이를 극복한다면 그에 따른 결과도 따라 올것 입니다.#@문장구분#",
      "paragraph_len": 991,
      "paragraph_id": "001"
    }
  ],
  "score": {
    "paragraph_score": [
      {
        "paragraph_scoreT": [
          2,
          3,
          2.1666667
        ],
        "paragraph_scoreT_detail": {
          "paragraph_scoreT_exp": [
            [
              2,
              2,
              2
            ],
            [
              3,
              3,
              3
            ],
            [
              2,
              2,
              3
            ]
          ]
        },
        "paragraph_scoreT_avg": 2.388889,
        "paragraph_id": "001"
      }
    ],
    "essay_scoreT": [
      20.5,
      29.333334,
      22.222221
    ],
    "essay_scoreT_avg": 24.018518,
    "essay_scoreT_detail": {
      "essay_scoreT_org": [
        [
          2,
          2,
          2,
          2
        ],
        [
          3,
          2,
          3,
          2
        ],
        [
          3,
          3,
          2,
          3
        ]
      ],
      "essay_scoreT_cont": [
        [
          2,
          2,
          0,
          3
        ],
        [
          3,
          3,
          0,
          3
        ],
        [
          2,
          2,
          0,
          2
        ]
      ],
      "essay_scoreT_exp": [
        [
          2,
          2,
          2
        ],
        [
          3,
          3,
          3
        ],
        [
          2,
          2,
          3
        ]
      ]
    }
  },
  "student": {
    "date": "2021.09.29",
    "student_educated": true,
    "student_grade": "고등_1학년",
    "location": "051",
    "student_grade_group": "고등",
    "student_reading": 1
  },
  "rubric": {
    "essay_grade": "고등_1학년",
    "organization_weight": {
      "org_paragraph": 2,
      "org": 2,
      "org_essay": 4,
      "org_coherence": 2,
      "org_quantity": 1
    },
    "essay_type": "글짓기",
    "content_weight": {
      "con_clearance": 4,
      "con_novelty": 3,
      "con": 4,
      "con_prompt": 0,
      "con_description": 1
    },
    "essay_main_subject": "소중함을 잃었던 경험",
    "expression_weight": {
      "exp_style": 1,
      "exp_grammar": 2,
      "exp_vocab": 3,
      "exp": 4
    }
  },
  "correction": [],
  "info": {
    "essay_id": "ESSAY_35788",
    "essay_prompt": " 익숙함에 속아 소중함을 잊지 말자는 명언 (Do not get fooled by something familiar and forget what is priceless.)이 있습니다.\n\n 부모님께서 매일 해주시는 아침밥이나, 너무 친해서 매일 맛있는 간식을 사주는 친구 등 처음에는 매우 감사했지만 반복되는 호의에 우리는 소중함을 잊어가기도 합니다.\n\n 작은 소중함일지라도 그 소중함을 잃게 되면 호의를 베푸는 사람 입장에서는 매우 당황스럽고 기분이 나쁠 수 있어요.\n\n 여러분은 익숙함에 속아 소중함을 잊었던 사례와 그로 인해 상대방의 기분을 나쁘게 했던 경험이 있나요? 만약 있다면 관계를 회복하기 위해 어떤 노력을 하셨나요? 본인의 경험을 작성해주세요.\n\n 만약 그런 적이 없다면 주변의 이야기나 본인에게 소중함을 주는 사람들에 관해 설명해주세요.",
    "essay_type": "글짓기",
    "essay_level": "2",
    "essay_len": 712,
    "essay_main_subject": "소중함을 잃었던 경험"
  }
}