{
  "paragraph": [
    {
      "paragraph_txt": "저희 할아버지는 연세가 많으십니다.#@문장구분# 요즘 건강이 많이 악화되어서 현재 요양병원에 입원중 이십니다.#@문장구분# 할아버지가 건강하실 때 할아버지댁에 가면 항상 사탕바구니를 내어주셔서 저는 할아버지를 무척이나 잘 따랐습니다.#@문장구분# 그런데 몇 년전부터 할아버지께서 치매에 걸리셨습니다.#@문장구분# 요즘은 제 이름도 잘 기억하지 못하는 것 같아 마음이 아픕니다.#@문장구분# 소중한 것을 잃었던 경험이라고 한다면 저희 할아버지는 현재 소중한 기억을 몽땅 잃어버린 안타까운 상황인 것입니다.#@문장구분# 치매라는 병은 그래서 더욱 잔인한 질병 같습니다.#@문장구분# 사람은 감정을 가지고 있고 나이가 들어갈수록 지난날의 추억을 되돌리고 기억하며 그날의 감정을 떠올리며 살아가는 것 같습니다.#@문장구분# 그런데 치매라는 질병이 할아버지의 추억을 다 빼앗아 버린 것 같아 속절없이 기억을 잃어야만 하는 할아버지의 현재 상황이 안타깝기만 합니다.#@문장구분# 얼마나 답답하고 까마득할지 생각만 해도 속이 상합니다.#@문장구분# 할아버지는 지난 순간순간이 너무나도 그립고 안타까울 것 같습니다.#@문장구분# 시간은 되돌릴 수 없고 지나간 순간은 추억으로만 간직할 수 밖에 없습니다.#@문장구분# 나이가 들어 지난 날을 떠올려 볼 때 힘들고 괴로운 일만 생각이 난다면 그 순간의 삶도 행복하지 못할 것 같습니다.#@문장구분# 먼 미래에 지난 과거를 떠올려 볼 때 그 땐 참 즐거웠고 행복했지라고 웃음지을 수 있도록 현재에 충실하고 매사에 감사하는 마음을 갖고 살아야 겠다는 생각을 했습니다.#@문장구분# 무엇보다 할아버지가 다시 예전의 건강한 모습으로 돌아오길 희망합니다.#@문장구분#",
      "paragraph_len": 1029,
      "paragraph_id": "001"
    }
  ],
  "score": {
    "paragraph_score": [
      {
        "paragraph_scoreT": [
          3,
          3,
          2.6666667
        ],
        "paragraph_scoreT_detail": {
          "paragraph_scoreT_exp": [
            [
              3,
              3,
              3
            ],
            [
              3,
              3,
              3
            ],
            [
              2,
              3,
              3
            ]
          ]
        },
        "paragraph_scoreT_avg": 2.888889,
        "paragraph_id": "001"
      }
    ],
    "essay_scoreT": [
      26,
      25.777779,
      28.444445
    ],
    "essay_scoreT_avg": 26.74074,
    "essay_scoreT_detail": {
      "essay_scoreT_org": [
        [
          3,
          3,
          3,
          3
        ],
        [
          2,
          3,
          3,
          3
        ],
        [
          3,
          3,
          3,
          2
        ]
      ],
      "essay_scoreT_cont": [
        [
          2,
          2,
          0,
          2
        ],
        [
          2,
          3,
          0,
          3
        ],
        [
          3,
          3,
          0,
          3
        ]
      ],
      "essay_scoreT_exp": [
        [
          3,
          3,
          3
        ],
        [
          2,
          3,
          3
        ],
        [
          2,
          3,
          3
        ]
      ]
    }
  },
  "student": {
    "date": "2021.12.17",
    "student_educated": true,
    "student_grade": "고등_1학년",
    "location": "063",
    "student_grade_group": "고등",
    "student_reading": 2
  },
  "rubric": {
    "essay_grade": "고등_1학년",
    "organization_weight": {
      "org_paragraph": 2,
      "org": 2,
      "org_essay": 4,
      "org_coherence": 2,
      "org_quantity": 1
    },
    "essay_type": "글짓기",
    "content_weight": {
      "con_clearance": 4,
      "con_novelty": 3,
      "con": 4,
      "con_prompt": 0,
      "con_description": 1
    },
    "essay_main_subject": "소중함을 잃었던 경험",
    "expression_weight": {
      "exp_style": 1,
      "exp_grammar": 2,
      "exp_vocab": 3,
      "exp": 4
    }
  },
  "correction": [],
  "info": {
    "essay_id": "ESSAY_72019",
    "essay_prompt": " 익숙함에 속아 소중함을 잊지 말자는 명언 (Do not get fooled by something familiar and forget what is priceless.)이 있습니다.\n\n 부모님께서 매일 해주시는 아침밥이나, 너무 친해서 매일 맛있는 간식을 사주는 친구 등 처음에는 매우 감사했지만 반복되는 호의에 우리는 소중함을 잊어가기도 합니다.\n\n 작은 소중함일지라도 그 소중함을 잃게 되면 호의를 베푸는 사람 입장에서는 매우 당황스럽고 기분이 나쁠 수 있어요.\n\n 여러분은 익숙함에 속아 소중함을 잊었던 사례와 그로 인해 상대방의 기분을 나쁘게 했던 경험이 있나요? 만약 있다면 관계를 회복하기 위해 어떤 노력을 하셨나요? 본인의 경험을 작성해주세요.\n\n 만약 그런 적이 없다면 주변의 이야기나 본인에게 소중함을 주는 사람들에 관해 설명해주세요.",
    "essay_type": "글짓기",
    "essay_level": "2",
    "essay_len": 729,
    "essay_main_subject": "소중함을 잃었던 경험"
  }
}