{
  "paragraph": [
    {
      "paragraph_txt": "중학교 2학년 때에 일을 떠올려 보았는데요. #@문장구분#그 때의 친구와 저는 서로 너무 친해서 항상 장난도 치고, 티격태격도많이하고 했지만 항상 서로를 생각하고 아끼고 있다는걸 둘 다 알고 있습니다. #@문장구분#저는 조용한 성격이라 새로운 친구 사귀는것도 힘들고 원래 친했던 친구랑 친하게 지내는게 훨씬 좋아서 그 친구에게 많이 의지를 하게 되는거 같습니다. #@문장구분#그 친구가 부담될까봐 걱정도 됐지만 그래도 저에겐 소중한 친구이고 맨날 같이 지내는게 그냥 저에겐 너무나 소중한 일인 거 같습니다.#@문장구분# 그런 소중한 사람을 잃게 된다면 저는 정말 살아갈 수 없을 정도로 힘들거같아요.#@문장구분#자신의 소중한 사람을 잃기 싫다면 그사람이 싫어하는 행동, 말투등을 조심하는 것이 좋을 거 같다고 생각합니다.#@문장구분# 제 친구는 겉으로는 오글거려서 하지 못하지만 저에겐 너무 소중한 친구이기에 친구여도 예의를 지키고 평생 좋은 친구로 남고싶습니다.#@문장구분# 하지만 저번에 다른 친구와도 약간의 다툼이 발생했었습니다. #@문장구분#이유는 바로 제가 예민했을 때 저에게 계속 장난을 쳤기 때문입니다. #@문장구분#하지말라고 단호히 말했지만 그것마저 장난으로 여긴 친구가 계속 장난을 쳐 저는 화가 난 나머지 그 친구와 말을 하지 않았습니다. #@문장구분#저는 사과를 바랐지만 사과도 안하고 자신의 잘못을 모르는것에 화도 났기 때문에 그 친구와 이야기를 시도한 끝에 서로 잘못 알고 오해를 한 것을 풀게 되었고 풀기까지의 과정에서 내가 좋아하는 친구와 어색한 사이로 지내는게 마음이 아팠었습니다.#@문장구분# 그대로 두게된다면 나중에 더 큰일이 있어도 점점 두 사람에겐 보이지않은 벽이 쌓일것입니다. #@문장구분#그래서 친구와 이야기를 하면서 아무리 친한 친구여도 예의를 지켜야되는 게 맞는 거 같다 라는 이야기를 하면서 어색했던 사이가 지금은 아무렇지 않게 옛날과 같은 친한 친구로 남게 해준 거 같습니다. #@문장구분#가족이나 나의 소중한 친구면 더더욱 예의를 지켜야 한다고 생각합니다.#@문장구분#\n그리고 저희 부모님도 잔소리는 많이 하시지만 그만큼 저를 아끼고 사랑한다는걸 알고 있기 때문에 그 하루가 소중하고 감사한거같아요.#@문장구분#",
      "paragraph_len": 1292,
      "paragraph_id": "001"
    }
  ],
  "score": {
    "paragraph_score": [
      {
        "paragraph_scoreT": [
          2.8333333,
          3,
          3
        ],
        "paragraph_scoreT_detail": {
          "paragraph_scoreT_exp": [
            [
              3,
              3,
              2
            ],
            [
              3,
              3,
              3
            ],
            [
              3,
              3,
              3
            ]
          ]
        },
        "paragraph_scoreT_avg": 2.9444444,
        "paragraph_id": "001"
      }
    ],
    "essay_scoreT": [
      24.944445,
      28.5,
      26.5
    ],
    "essay_scoreT_avg": 26.648148,
    "essay_scoreT_detail": {
      "essay_scoreT_org": [
        [
          2,
          3,
          3,
          3
        ],
        [
          3,
          3,
          3,
          3
        ],
        [
          3,
          3,
          3,
          3
        ]
      ],
      "essay_scoreT_cont": [
        [
          2,
          2,
          0,
          3
        ],
        [
          3,
          2,
          0,
          3
        ],
        [
          2,
          2,
          0,
          3
        ]
      ],
      "essay_scoreT_exp": [
        [
          3,
          3,
          2
        ],
        [
          3,
          3,
          3
        ],
        [
          3,
          3,
          3
        ]
      ]
    }
  },
  "student": {
    "date": "2021.12.20",
    "student_educated": true,
    "student_grade": "고등_1학년",
    "location": "063",
    "student_grade_group": "고등",
    "student_reading": 1
  },
  "rubric": {
    "essay_grade": "고등_1학년",
    "organization_weight": {
      "org_paragraph": 2,
      "org": 2,
      "org_essay": 4,
      "org_coherence": 2,
      "org_quantity": 1
    },
    "essay_type": "글짓기",
    "content_weight": {
      "con_clearance": 4,
      "con_novelty": 3,
      "con": 4,
      "con_prompt": 0,
      "con_description": 1
    },
    "essay_main_subject": "소중함을 잃었던 경험",
    "expression_weight": {
      "exp_style": 1,
      "exp_grammar": 2,
      "exp_vocab": 3,
      "exp": 4
    }
  },
  "correction": [],
  "info": {
    "essay_id": "ESSAY_73795",
    "essay_prompt": " 익숙함에 속아 소중함을 잊지 말자는 명언 (Do not get fooled by something familiar and forget what is priceless.)이 있습니다.\n\n 부모님께서 매일 해주시는 아침밥이나, 너무 친해서 매일 맛있는 간식을 사주는 친구 등 처음에는 매우 감사했지만 반복되는 호의에 우리는 소중함을 잊어가기도 합니다.\n\n 작은 소중함일지라도 그 소중함을 잃게 되면 호의를 베푸는 사람 입장에서는 매우 당황스럽고 기분이 나쁠 수 있어요.\n\n 여러분은 익숙함에 속아 소중함을 잊었던 사례와 그로 인해 상대방의 기분을 나쁘게 했던 경험이 있나요? 만약 있다면 관계를 회복하기 위해 어떤 노력을 하셨나요? 본인의 경험을 작성해주세요.\n\n 만약 그런 적이 없다면 주변의 이야기나 본인에게 소중함을 주는 사람들에 관해 설명해주세요.",
    "essay_type": "글짓기",
    "essay_level": "2",
    "essay_len": 993,
    "essay_main_subject": "소중함을 잃었던 경험"
  }
}