{
  "paragraph": [
    {
      "paragraph_txt": "학교가 끝나고 집에 와서 깨끗하게 샤워를 하고 밥도 먹고 텔레비젼을 누워서 보다가 발가락에 발톱이 까끌까글 걸리는 것이었습니다.#@문장구분# 손톱깎이를 찾아야 하는데 일어나기는 싫고 엄마를 불러도 대답도 않하시고 그냥 손톱으로 쭉 하고 잡아 뜯었습니다.#@문장구분# 그랬더니 발톱 안쪽이 쭉 찢어져서 딸려 올라왔습니다.#@문장구분# 어? 하는 순간 빨간 피가 뚝뚝 떨어지길래 그냥 뜯어버렸습니다.#@문장구분# 조금만 상처인데 머 얼마나 아프겠어 라는 단순한 생각으로 뜯어버리고 휴지로 꾹 눌러서 피가 그치기를 기다리고 있었습니다.#@문장구분# 그리고 잊어버리고 잠을 자고 다시 아침이 되어 교복을 챙겨입고 학교에 가는데 걸어가는 발걸음이 가볍지가 않고 발가락이 쿡쿡 쑤시는 겁니다.#@문장구분# 왜이리 아프지?#@문장구분# 어제 그 상처가 아픈가?#@문장구분# 별일 아니게 생각하고 학교에 왔는데 하얀 양말에 피가 얼룩져 있었습니다.#@문장구분# 챙피한 마음이 너무 커서 학교앞 편의점에서 양말을 사서 갈아신고 말았는데 저녁에 집에 가보니 그 상처가 빨갛게 부어서 올라와 있었습니다.#@문장구분# 몸에 조그만 상처 하나 일 뿐이었는데 별일이 아니라고 생각했는데 이 작은 상처는 며칠동안 저를 괴롭혔습니다.#@문장구분# 이렇듯 우리 삶에 있어서 아무 일도 아닌 것들이 인생에 가장 중요한 무엇인가가 되어서 우리의 인생을 결정하는 존재가 되는 날이 오기도 합니다.#@문장구분# 저는 그런 모든 순간들을 잘 찾아서 상처가 곪아 썩지 않도록 잘 약바르고 했던것처럼 저에게 중요하지만 작은 한 순간을 놓치지 않고 기회로 잡아 인생의 성공을 맛보고 싶습니다.#@문장구분# 그리고 지금 흐르는 이 시간 이순간의 시간도 소중히 생각하며 한순간 한순간을 허투루 쓰는 바보 같은 짓은 하지 않을 것입니다.#@문장구분# 세상에 그냥 지나가는 시간은 없습니다.#@문장구분# 순간 순간에 최선을 다하는 삶을 살자 라는 좌우명으로 살아가도록 하겠습니다.#@문장구분#",
      "paragraph_len": 1182,
      "paragraph_id": "001"
    }
  ],
  "score": {
    "paragraph_score": [
      {
        "paragraph_scoreT": [
          3,
          3,
          3
        ],
        "paragraph_scoreT_detail": {
          "paragraph_scoreT_exp": [
            [
              3,
              3,
              3
            ],
            [
              3,
              3,
              3
            ],
            [
              3,
              3,
              3
            ]
          ]
        },
        "paragraph_scoreT_avg": 3,
        "paragraph_id": "001"
      }
    ],
    "essay_scoreT": [
      27.11111,
      27.11111,
      30
    ],
    "essay_scoreT_avg": 28.074074,
    "essay_scoreT_detail": {
      "essay_scoreT_org": [
        [
          3,
          2,
          2,
          3
        ],
        [
          3,
          2,
          2,
          3
        ],
        [
          3,
          3,
          3,
          3
        ]
      ],
      "essay_scoreT_cont": [
        [
          3,
          2,
          0,
          2
        ],
        [
          3,
          2,
          0,
          2
        ],
        [
          3,
          3,
          0,
          3
        ]
      ],
      "essay_scoreT_exp": [
        [
          3,
          3,
          3
        ],
        [
          3,
          3,
          3
        ],
        [
          3,
          3,
          3
        ]
      ]
    }
  },
  "student": {
    "date": "2021.12.15",
    "student_educated": true,
    "student_grade": "고등_1학년",
    "location": "063",
    "student_grade_group": "고등",
    "student_reading": 1
  },
  "rubric": {
    "essay_grade": "고등_1학년",
    "organization_weight": {
      "org_paragraph": 2,
      "org": 2,
      "org_essay": 4,
      "org_coherence": 2,
      "org_quantity": 1
    },
    "essay_type": "글짓기",
    "content_weight": {
      "con_clearance": 4,
      "con_novelty": 3,
      "con": 4,
      "con_prompt": 0,
      "con_description": 1
    },
    "essay_main_subject": "소중함을 잃었던 경험",
    "expression_weight": {
      "exp_style": 1,
      "exp_grammar": 2,
      "exp_vocab": 3,
      "exp": 4
    }
  },
  "correction": [],
  "info": {
    "essay_id": "ESSAY_62942",
    "essay_prompt": " 익숙함에 속아 소중함을 잊지 말자는 명언 (Do not get fooled by something familiar and forget what is priceless.)이 있습니다.\n\n 부모님께서 매일 해주시는 아침밥이나, 너무 친해서 매일 맛있는 간식을 사주는 친구 등 처음에는 매우 감사했지만 반복되는 호의에 우리는 소중함을 잊어가기도 합니다.\n\n 작은 소중함일지라도 그 소중함을 잃게 되면 호의를 베푸는 사람 입장에서는 매우 당황스럽고 기분이 나쁠 수 있어요.\n\n 여러분은 익숙함에 속아 소중함을 잊었던 사례와 그로 인해 상대방의 기분을 나쁘게 했던 경험이 있나요? 만약 있다면 관계를 회복하기 위해 어떤 노력을 하셨나요? 본인의 경험을 작성해주세요.\n\n 만약 그런 적이 없다면 주변의 이야기나 본인에게 소중함을 주는 사람들에 관해 설명해주세요.",
    "essay_type": "글짓기",
    "essay_level": "2",
    "essay_len": 862,
    "essay_main_subject": "소중함을 잃었던 경험"
  }
}