{
  "paragraph": [
    {
      "paragraph_txt": "내가 생각 하는 소중함이란 내가 얼마나 간절히 아끼고 사랑하는 마음을 갖는냐 하는 것이라 생각합니다.#@문장구분# 내겐 소중한 중학교 친구인데. 물론 가족이 제일 소중한 존재이지만 이 친구는 가족 다음으로 소중하다고 생각했었습니다.#@문장구분# 제가 중학교 1학년 때 이 친구와 같은 반이 되어 친해지게 되었습니다.#@문장구분# 친해지고 나니 저랑 성격이 너무 비슷해서 다른 친구들보다 더 빨리 친해질 수 있었습니다.#@문장구분# 이 친구도 친화력이 좋고 저도 좋아서 저랑 친한 친구와 제 친구가 친한 친구와 어울려서 같이 다니게 되었습니다.#@문장구분# 저와 중학교 1학년을 함께 보냈던 친구들은 8명이었는데 그중에서 이 친구와 학교에서 말고 따로 주말마다 놀면서 더 친해지게 되었습니다.#@문장구분# 서로 사소한 고민이든 조금 무거운 고민이든 털어놓을 수 있을 정도로 많이 가까워졌는데 둘만 만나는 시간이 많아지고 그만큼 말도 많이 나누다 보니 각자 어떤 사람이고 무엇을 좋아하고 무엇을 싫어하는지 금방 파악할 수 있었습니다.#@문장구분# 메시지나 전화를 계속하고 있지만 전 처럼 그렇진 않았습니다.#@문장구분# 느슨해진 관계를 회복하기 위해 방학 때나 휴일에 약속을 잡아서 같이 놀거나 합니다.#@문장구분# 하지만 고등학생인 우리는 자주 만나지 못해도 서로 연결되어 있다고 느끼려고 노력합니다.#@문장구분# 소중함은 소중건 옆에 없어도 마을을 연결하면 잃지않고 간직할수 있을 꺼 같다.#@문장구분# 그래서 앞으로는 나에게 소중한 사람들과 소중한 것들을 소중히 여겨야겠다.#@문장구분#",
      "paragraph_len": 933,
      "paragraph_id": "001"
    }
  ],
  "score": {
    "paragraph_score": [
      {
        "paragraph_scoreT": [
          2.6666667,
          2.1666667,
          2.6666667
        ],
        "paragraph_scoreT_detail": {
          "paragraph_scoreT_exp": [
            [
              2,
              3,
              3
            ],
            [
              2,
              2,
              3
            ],
            [
              2,
              3,
              3
            ]
          ]
        },
        "paragraph_scoreT_avg": 2.5,
        "paragraph_id": "001"
      }
    ],
    "essay_scoreT": [
      24.666668,
      24.222221,
      25.777779
    ],
    "essay_scoreT_avg": 24.888891,
    "essay_scoreT_detail": {
      "essay_scoreT_org": [
        [
          3,
          3,
          3,
          3
        ],
        [
          3,
          2,
          3,
          3
        ],
        [
          2,
          3,
          3,
          3
        ]
      ],
      "essay_scoreT_cont": [
        [
          2,
          2,
          0,
          2
        ],
        [
          2,
          3,
          0,
          3
        ],
        [
          2,
          3,
          0,
          3
        ]
      ],
      "essay_scoreT_exp": [
        [
          2,
          3,
          3
        ],
        [
          2,
          2,
          3
        ],
        [
          2,
          3,
          3
        ]
      ]
    }
  },
  "student": {
    "date": "2021.12.19",
    "student_educated": true,
    "student_grade": "고등_1학년",
    "location": "063",
    "student_grade_group": "고등",
    "student_reading": 2
  },
  "rubric": {
    "essay_grade": "고등_1학년",
    "organization_weight": {
      "org_paragraph": 2,
      "org": 2,
      "org_essay": 4,
      "org_coherence": 2,
      "org_quantity": 1
    },
    "essay_type": "글짓기",
    "content_weight": {
      "con_clearance": 4,
      "con_novelty": 3,
      "con": 4,
      "con_prompt": 0,
      "con_description": 1
    },
    "essay_main_subject": "소중함을 잃었던 경험",
    "expression_weight": {
      "exp_style": 1,
      "exp_grammar": 2,
      "exp_vocab": 3,
      "exp": 4
    }
  },
  "correction": [],
  "info": {
    "essay_id": "ESSAY_71981",
    "essay_prompt": " 익숙함에 속아 소중함을 잊지 말자는 명언 (Do not get fooled by something familiar and forget what is priceless.)이 있습니다.\n\n 부모님께서 매일 해주시는 아침밥이나, 너무 친해서 매일 맛있는 간식을 사주는 친구 등 처음에는 매우 감사했지만 반복되는 호의에 우리는 소중함을 잊어가기도 합니다.\n\n 작은 소중함일지라도 그 소중함을 잃게 되면 호의를 베푸는 사람 입장에서는 매우 당황스럽고 기분이 나쁠 수 있어요.\n\n 여러분은 익숙함에 속아 소중함을 잊었던 사례와 그로 인해 상대방의 기분을 나쁘게 했던 경험이 있나요? 만약 있다면 관계를 회복하기 위해 어떤 노력을 하셨나요? 본인의 경험을 작성해주세요.\n\n 만약 그런 적이 없다면 주변의 이야기나 본인에게 소중함을 주는 사람들에 관해 설명해주세요.",
    "essay_type": "글짓기",
    "essay_level": "2",
    "essay_len": 693,
    "essay_main_subject": "소중함을 잃었던 경험"
  }
}