{
  "paragraph": [
    {
      "paragraph_txt": "소중한 것을 사랑하는 인생은 어떤 것인가. #@문장구분#그리고 그것을 잃는다는 것은 어떤 의미일까.#@문장구분# 사람은 인생은  태어나면서 부터 시작한다. #@문장구분#그리고 죽는다.#@문장구분# 내가 태어나고 싶어서 태어난 것도 아니고 죽는 것도 필연이다. #@문장구분#언제 죽을지도 내 의지로 되는 것도 아니다.#@문장구분# 아직 동물에게는 아직 발견되지 않았다고 하는 자살이라는 방법이 있기는 하지만 누구나 할 수 있는 것은 아니다. #@문장구분#그러니 내가 주체적으로 할 수 있는 것은 어떻게 살아야 하는 것 밖에 없다. #@문장구분#내 생명의 유한함을 인정하고, 살아 있는 동안 하는 일에도 제품의 유통기간 처럼 끝이 있다는 것을 인정해야 하는데 그게 잘 안된다.#@문장구분# 종교는 저승이나 천당 같은 내세 사상이나 죽은 후에도 다시 태어나 이세상을 사는 윤회사상을 만들어 영원히 살 수 있다는 믿음을 설파한다.#@문장구분# 문학이나 영화는 세상이나 다른 사람의 인생과 가치관을 스토리로 이야기한다.#@문장구분# 문학이나 언론에서 들은 것들을 생각해 본다.#@문장구분# 300년 후 깨어 난다면 어떤 일이 벌어질까?#@문장구분# 관계가 사라진 후의 삶은 의미가 없음을 생각해 볼 수 있다.#@문장구분# \"우리는 모두 나라는 것이 있다고 생각하지만, 실은 타인에게 비친 내 모습들을 합친 것이 나이다. 관계가 다 모두 사라진 후의 삶이 무슨 의미가 있을까?\" 300년 후 깨어났을 때 내 가족과 친구가 다 죽었을 텐데 그 삶이 무슨 의미가 있을까. #@문장구분#다시 깨어난  후에 삶의 의미가 무엇이고 어떻게 살지에 대해서 지금과는 다른 방식으로 생각을 해야 한다. #@문장구분#자기 생각의 한계를 인정하고 바꾸는 것을 보는 것이 중요하고, 삶의 의미 중 내가 사랑하는 사람의 의미에 대해 다시 생각하게 된다.#@문장구분# 진정한 소중함은 극히 주관적인 것이고 그것은 관계속에서 의미가 있다.#@문장구분#",
      "paragraph_len": 1193,
      "paragraph_id": "001"
    }
  ],
  "score": {
    "paragraph_score": [
      {
        "paragraph_scoreT": [
          3,
          3,
          2.6666667
        ],
        "paragraph_scoreT_detail": {
          "paragraph_scoreT_exp": [
            [
              3,
              3,
              3
            ],
            [
              3,
              3,
              3
            ],
            [
              2,
              3,
              3
            ]
          ]
        },
        "paragraph_scoreT_avg": 2.888889,
        "paragraph_id": "001"
      }
    ],
    "essay_scoreT": [
      30,
      30,
      26.666668
    ],
    "essay_scoreT_avg": 28.888891,
    "essay_scoreT_detail": {
      "essay_scoreT_org": [
        [
          3,
          3,
          3,
          3
        ],
        [
          3,
          3,
          3,
          3
        ],
        [
          3,
          3,
          3,
          3
        ]
      ],
      "essay_scoreT_cont": [
        [
          3,
          3,
          0,
          3
        ],
        [
          3,
          3,
          0,
          3
        ],
        [
          2,
          3,
          0,
          3
        ]
      ],
      "essay_scoreT_exp": [
        [
          3,
          3,
          3
        ],
        [
          3,
          3,
          3
        ],
        [
          2,
          3,
          3
        ]
      ]
    }
  },
  "student": {
    "date": "2021.12.17",
    "student_educated": true,
    "student_grade": "고등_1학년",
    "location": "041",
    "student_grade_group": "고등",
    "student_reading": 1
  },
  "rubric": {
    "essay_grade": "고등_1학년",
    "organization_weight": {
      "org_paragraph": 2,
      "org": 2,
      "org_essay": 4,
      "org_coherence": 2,
      "org_quantity": 1
    },
    "essay_type": "글짓기",
    "content_weight": {
      "con_clearance": 4,
      "con_novelty": 3,
      "con": 4,
      "con_prompt": 0,
      "con_description": 1
    },
    "essay_main_subject": "소중함을 잃었던 경험",
    "expression_weight": {
      "exp_style": 1,
      "exp_grammar": 2,
      "exp_vocab": 3,
      "exp": 4
    }
  },
  "correction": [],
  "info": {
    "essay_id": "ESSAY_72054",
    "essay_prompt": " 익숙함에 속아 소중함을 잊지 말자는 명언 (Do not get fooled by something familiar and forget what is priceless.)이 있습니다.\n\n 부모님께서 매일 해주시는 아침밥이나, 너무 친해서 매일 맛있는 간식을 사주는 친구 등 처음에는 매우 감사했지만 반복되는 호의에 우리는 소중함을 잊어가기도 합니다.\n\n 작은 소중함일지라도 그 소중함을 잃게 되면 호의를 베푸는 사람 입장에서는 매우 당황스럽고 기분이 나쁠 수 있어요.\n\n 여러분은 익숙함에 속아 소중함을 잊었던 사례와 그로 인해 상대방의 기분을 나쁘게 했던 경험이 있나요? 만약 있다면 관계를 회복하기 위해 어떤 노력을 하셨나요? 본인의 경험을 작성해주세요.\n\n 만약 그런 적이 없다면 주변의 이야기나 본인에게 소중함을 주는 사람들에 관해 설명해주세요.",
    "essay_type": "글짓기",
    "essay_level": "2",
    "essay_len": 833,
    "essay_main_subject": "소중함을 잃었던 경험"
  }
}