{
  "paragraph": [
    {
      "paragraph_txt": "오늘 소중한 것들과 그것들을 잃었을 때를 생각해보고자 한다.#@문장구분# 무라카미는 한 기자가 자국 마라토너들이 시드니 올림픽에 참가하는 과정을 취재하다, 화합의 상징이던 캐시 프리먼을 통해 호주의 역사를  적어나갔다.#@문장구분# 1900년대 ~1972년까지 호주 정부의 주도로 원주민들의 자녀들이 부모로 부터 격리되었다.#@문장구분# 원주민개화정책의 일환이었다.#@문장구분# 당시 원주민(애보리진들)들은 격리된 아이들을 '도둑맞은 세대'또는 '도둑맞은 아이들'이라고 불렀는데 그 숫자가 최소 10만명 이상으로 추정된다고 한다.#@문장구분# 아이들을 빼앗긴 부모들은 정신질환으로 고통받았고, 자살을 한 사람들도 있었다. #@문장구분#호주 역사상 최초로 보상결정이 내려졌다.#@문장구분# 2007년까지 재임한 존 하워드 정권에서는 호주의 교육 받은 원주민 아이들은 백인가정으로 입양했다고 하지만 실상은 하녀와 노동자로 고된 삶을 살았다고 한다.#@문장구분# 성화를 밝힌 캐시 프리먼의 외할머니가 1940년대 호주 정부에 의해 자행되었던 '도둑맞은 세대'의 아이들 이었다고 한다.#@문장구분# 사죄하고 배상을 받아야할 정부로 부터 오히려 차별을 받으며 살았을 원주민들의 삶에 마음이 쓰이고 아팠다.#@문장구분# 미국의 대다수 인디언들은 버려진 땅에서 마약과 알콜중독으로 고통받고 있다.#@문장구분# 일부 인디언들만 카지노에서 얻어지는 수입으로 부를 누리고 있다.#@문장구분#이 책을 읽다 눈물이 흘렀다.#@문장구분# 원주민들의 탄압을 통해 일제강점기에 대한 아픔이 느껴졌기 때문이다.#@문장구분# <승리보다 소중한 것>을 읽고 일본인의 근성이나 작가가 말하려고 했던 것이 별 기억이 안나고 캐시 프리먼의 이야기에 꽂혀 그녀를 찾아보고 어떻게 살아가고 있는지 들여다 보았다.#@문장구분# 내가 소중하게 생각하고 있는 것이 무엇인지 알게 된 듯하다.#@문장구분#",
      "paragraph_len": 1141,
      "paragraph_id": "001"
    }
  ],
  "score": {
    "paragraph_score": [
      {
        "paragraph_scoreT": [
          3,
          3,
          3
        ],
        "paragraph_scoreT_detail": {
          "paragraph_scoreT_exp": [
            [
              3,
              3,
              3
            ],
            [
              3,
              3,
              3
            ],
            [
              3,
              3,
              3
            ]
          ]
        },
        "paragraph_scoreT_avg": 3,
        "paragraph_id": "001"
      }
    ],
    "essay_scoreT": [
      30,
      28,
      26
    ],
    "essay_scoreT_avg": 28,
    "essay_scoreT_detail": {
      "essay_scoreT_org": [
        [
          3,
          3,
          3,
          3
        ],
        [
          3,
          3,
          3,
          3
        ],
        [
          3,
          3,
          3,
          3
        ]
      ],
      "essay_scoreT_cont": [
        [
          3,
          3,
          0,
          3
        ],
        [
          3,
          2,
          0,
          2
        ],
        [
          2,
          2,
          0,
          2
        ]
      ],
      "essay_scoreT_exp": [
        [
          3,
          3,
          3
        ],
        [
          3,
          3,
          3
        ],
        [
          3,
          3,
          3
        ]
      ]
    }
  },
  "student": {
    "date": "2021.12.17",
    "student_educated": true,
    "student_grade": "고등_1학년",
    "location": "044",
    "student_grade_group": "고등",
    "student_reading": 3
  },
  "rubric": {
    "essay_grade": "고등_1학년",
    "organization_weight": {
      "org_paragraph": 2,
      "org": 2,
      "org_essay": 4,
      "org_coherence": 2,
      "org_quantity": 1
    },
    "essay_type": "글짓기",
    "content_weight": {
      "con_clearance": 4,
      "con_novelty": 3,
      "con": 4,
      "con_prompt": 0,
      "con_description": 1
    },
    "essay_main_subject": "소중함을 잃었던 경험",
    "expression_weight": {
      "exp_style": 1,
      "exp_grammar": 2,
      "exp_vocab": 3,
      "exp": 4
    }
  },
  "correction": [],
  "info": {
    "essay_id": "ESSAY_66007",
    "essay_prompt": " 익숙함에 속아 소중함을 잊지 말자는 명언 (Do not get fooled by something familiar and forget what is priceless.)이 있습니다.\n\n 부모님께서 매일 해주시는 아침밥이나, 너무 친해서 매일 맛있는 간식을 사주는 친구 등 처음에는 매우 감사했지만 반복되는 호의에 우리는 소중함을 잊어가기도 합니다.\n\n 작은 소중함일지라도 그 소중함을 잃게 되면 호의를 베푸는 사람 입장에서는 매우 당황스럽고 기분이 나쁠 수 있어요.\n\n 여러분은 익숙함에 속아 소중함을 잊었던 사례와 그로 인해 상대방의 기분을 나쁘게 했던 경험이 있나요? 만약 있다면 관계를 회복하기 위해 어떤 노력을 하셨나요? 본인의 경험을 작성해주세요.\n\n 만약 그런 적이 없다면 주변의 이야기나 본인에게 소중함을 주는 사람들에 관해 설명해주세요.",
    "essay_type": "글짓기",
    "essay_level": "2",
    "essay_len": 816,
    "essay_main_subject": "소중함을 잃었던 경험"
  }
}