{
  "paragraph": [
    {
      "paragraph_txt": "저는 제 친구들에 대해 이야기 해보고 싶습니다.#@문장구분# 저에게 소중함을 주는 사람은 저의 단짝 친구들 입니다.#@문장구분# 이 친구들은 초등학교 1학년때 부터 같은 반이었고 지금까지도 친하게 지내고 있습니다.#@문장구분# 고등학교는 각각 다 다른 학교에 진학하게 되었지만 특별한 날인 생일이나, 크리스마스 등 에는 항상 같이 모여서 축하하고 즐기며 시간을 같이 보내고 있는 친구들입니다.#@문장구분#너무 친하고 집도 계속 왕래하기 때문에 우리는 모두들의 비밀이나 고민을 다 같이 공유하고 있습니다.#@문장구분# 그리고 고민이 생기면 서로 이야기하고 고민을 서로 같이 해결하기 위해 머리를 맞대고 노력하는 사이 입니다.#@문장구분# 그래서 우리는 서로 나이가 들고 결혼을 해도 사이 틀어지지 말고 함께 하자고 이야기 합니다.#@문장구분# 어릴때 코 흘리는 1학년때부터 친한 우리 사이에도 많은 일이 있었습니다.#@문장구분# 서로 삐지기도 하고 오해가 생겨서 1년 동안 모른척 지내오기도 했지만 그런 사건들이 우리를 더욱 단단히 묶어주는 역할을 한 거 같다는 생각이 듭니다.#@문장구분# 저는 이런 친구들이 너무 고맙습니다.#@문장구분# 제가 부모님께 너무 많이 혼나고 집에서 쫓겨난 적이 있는데 그때 저를 위로해주고 하루종일 같이 있어주고 저를 재워주려고까지 했던 친구들에게 너무 고맙고 그 시절에 그 친구들이 없었다면 저는 나쁜길로 빠지고 나쁜 아이가 되어서 지금쯤 학교에 다니지 않을수도 있기때문에 그 친구들에게 항상 감사함과 소중함을 느낍니다.#@문장구분#",
      "paragraph_len": 907,
      "paragraph_id": "001"
    }
  ],
  "score": {
    "paragraph_score": [
      {
        "paragraph_scoreT": [
          3,
          3,
          3
        ],
        "paragraph_scoreT_detail": {
          "paragraph_scoreT_exp": [
            [
              3,
              3,
              3
            ],
            [
              3,
              3,
              3
            ],
            [
              3,
              3,
              3
            ]
          ]
        },
        "paragraph_scoreT_avg": 3,
        "paragraph_id": "001"
      }
    ],
    "essay_scoreT": [
      25.11111,
      28,
      26.5
    ],
    "essay_scoreT_avg": 26.537039,
    "essay_scoreT_detail": {
      "essay_scoreT_org": [
        [
          2,
          3,
          3,
          3
        ],
        [
          3,
          3,
          3,
          3
        ],
        [
          3,
          3,
          3,
          3
        ]
      ],
      "essay_scoreT_cont": [
        [
          2,
          2,
          0,
          2
        ],
        [
          3,
          2,
          0,
          2
        ],
        [
          2,
          2,
          0,
          3
        ]
      ],
      "essay_scoreT_exp": [
        [
          3,
          3,
          3
        ],
        [
          3,
          3,
          3
        ],
        [
          3,
          3,
          3
        ]
      ]
    }
  },
  "student": {
    "date": "2021.12.18",
    "student_educated": true,
    "student_grade": "고등_1학년",
    "location": "063",
    "student_grade_group": "고등",
    "student_reading": 1
  },
  "rubric": {
    "essay_grade": "고등_1학년",
    "organization_weight": {
      "org_paragraph": 2,
      "org": 2,
      "org_essay": 4,
      "org_coherence": 2,
      "org_quantity": 1
    },
    "essay_type": "글짓기",
    "content_weight": {
      "con_clearance": 4,
      "con_novelty": 3,
      "con": 4,
      "con_prompt": 0,
      "con_description": 1
    },
    "essay_main_subject": "소중함을 잃었던 경험",
    "expression_weight": {
      "exp_style": 1,
      "exp_grammar": 2,
      "exp_vocab": 3,
      "exp": 4
    }
  },
  "correction": [],
  "info": {
    "essay_id": "ESSAY_73747",
    "essay_prompt": " 익숙함에 속아 소중함을 잊지 말자는 명언 (Do not get fooled by something familiar and forget what is priceless.)이 있습니다.\n\n 부모님께서 매일 해주시는 아침밥이나, 너무 친해서 매일 맛있는 간식을 사주는 친구 등 처음에는 매우 감사했지만 반복되는 호의에 우리는 소중함을 잊어가기도 합니다.\n\n 작은 소중함일지라도 그 소중함을 잃게 되면 호의를 베푸는 사람 입장에서는 매우 당황스럽고 기분이 나쁠 수 있어요.\n\n 여러분은 익숙함에 속아 소중함을 잊었던 사례와 그로 인해 상대방의 기분을 나쁘게 했던 경험이 있나요? 만약 있다면 관계를 회복하기 위해 어떤 노력을 하셨나요? 본인의 경험을 작성해주세요.\n\n 만약 그런 적이 없다면 주변의 이야기나 본인에게 소중함을 주는 사람들에 관해 설명해주세요.",
    "essay_type": "글짓기",
    "essay_level": "2",
    "essay_len": 688,
    "essay_main_subject": "소중함을 잃었던 경험"
  }
}