{
  "paragraph": [
    {
      "paragraph_txt": "익숙함에 속아 소중함을 잊지말자.#@문장구분# 이 말을 마음 속에 항상 되새기며 살고 있다.#@문장구분# 어쩌면 당연한 말 같지만 그만큼 잊고 살기 참 쉬운 것 같다.#@문장구분# 실제로 이를 절실히 느낀 적이 있다.#@문장구분# 익숙한 사람을 잠시 잃었던 나의 경험은 나를 매우 힘들고 고립되게 만들었다.#@문장구분# 나는 다소 자기중심적인 면이 있었다.#@문장구분# 친구와심하게 다툰적이있다.#@문장구분# 싸운 지 얼마 되지 않았을 때에는 자존심 때문에 내가 옳았다고 생각하며 나의 잘못은 외면했다.#@문장구분# 하지만 그럴수록 마음은 점점 더 텅 비어가는 것 같았다.#@문장구분#결국 나는 나의 모든 잘못을 인정했다.#@문장구분# 하지만 그 친구에게 가서 사과를 하기에는 너무 미안하고 두려워서 그 친구를 더욱 피하게 되었다. #@문장구분#그렇게 겨울방학도 끝나고 고등학교에 진학했다.#@문장구분# 그 친구가 없는 방학동안 나는 그 친구가 나한테 너무나 소중한 존재임을 드디어 깨달을 수 있었다.#@문장구분# 같은 고등학교에 오게 된 그 친구를 보았을 때, 나는 그 친구에게 말하고 싶었다,#@문장구분# 미안하다고.#@문장구분# 더 늦는다면 이 친구를 정말로 잃을 것만 같았다.#@문장구분# 그 친구가 나를 받아주지 않더라도 사과는 꼭 해야 할 일이라고 생각했다.#@문장구분# 나는 그 친구에게 사과했고, 그 친구는 나의 사과를 받아주었고, 지금은 매우 잘 지내고 있다.#@문장구분# 이 일을 계기로 나는 내가 소중한 만큼 나의 주변 사람들도 똑같이 소중하다는 것을 직접 깨달을 수 있었다.#@문장구분# 소중함을 잃어버리는 것은 살아가면서 많이 일어난다.#@문장구분# 그것을  어떻게 잘 풀어나가냐에따라 내삷은 바뀔 것이다.#@문장구분# 너무 익숙하다는 것에 속지 않고 어떤 일이든 그것의 소중함은 잠시라도 생각을 해서 잃어버리지 않아야 한다.#@문장구분# 다시는 같은 실수를 반복하고 싶지 않기에 내 주변에 있는 익숙한 사람들을 아끼며 살 것이다.#@문장구분#",
      "paragraph_len": 1288,
      "paragraph_id": "001"
    }
  ],
  "score": {
    "paragraph_score": [
      {
        "paragraph_scoreT": [
          3,
          3,
          2.6666667
        ],
        "paragraph_scoreT_detail": {
          "paragraph_scoreT_exp": [
            [
              3,
              3,
              3
            ],
            [
              3,
              3,
              3
            ],
            [
              2,
              3,
              3
            ]
          ]
        },
        "paragraph_scoreT_avg": 2.888889,
        "paragraph_id": "001"
      }
    ],
    "essay_scoreT": [
      30,
      28.5,
      28.666668
    ],
    "essay_scoreT_avg": 29.055557,
    "essay_scoreT_detail": {
      "essay_scoreT_org": [
        [
          3,
          3,
          3,
          3
        ],
        [
          3,
          3,
          3,
          3
        ],
        [
          3,
          3,
          3,
          3
        ]
      ],
      "essay_scoreT_cont": [
        [
          3,
          3,
          0,
          3
        ],
        [
          3,
          2,
          0,
          3
        ],
        [
          3,
          3,
          0,
          3
        ]
      ],
      "essay_scoreT_exp": [
        [
          3,
          3,
          3
        ],
        [
          3,
          3,
          3
        ],
        [
          2,
          3,
          3
        ]
      ]
    }
  },
  "student": {
    "date": "2021.12.18",
    "student_educated": true,
    "student_grade": "고등_1학년",
    "location": "063",
    "student_grade_group": "고등",
    "student_reading": 2
  },
  "rubric": {
    "essay_grade": "고등_1학년",
    "organization_weight": {
      "org_paragraph": 2,
      "org": 2,
      "org_essay": 4,
      "org_coherence": 2,
      "org_quantity": 1
    },
    "essay_type": "글짓기",
    "content_weight": {
      "con_clearance": 4,
      "con_novelty": 3,
      "con": 4,
      "con_prompt": 0,
      "con_description": 1
    },
    "essay_main_subject": "소중함을 잃었던 경험",
    "expression_weight": {
      "exp_style": 1,
      "exp_grammar": 2,
      "exp_vocab": 3,
      "exp": 4
    }
  },
  "correction": [],
  "info": {
    "essay_id": "ESSAY_73416",
    "essay_prompt": " 익숙함에 속아 소중함을 잊지 말자는 명언 (Do not get fooled by something familiar and forget what is priceless.)이 있습니다.\n\n 부모님께서 매일 해주시는 아침밥이나, 너무 친해서 매일 맛있는 간식을 사주는 친구 등 처음에는 매우 감사했지만 반복되는 호의에 우리는 소중함을 잊어가기도 합니다.\n\n 작은 소중함일지라도 그 소중함을 잃게 되면 호의를 베푸는 사람 입장에서는 매우 당황스럽고 기분이 나쁠 수 있어요.\n\n 여러분은 익숙함에 속아 소중함을 잊었던 사례와 그로 인해 상대방의 기분을 나쁘게 했던 경험이 있나요? 만약 있다면 관계를 회복하기 위해 어떤 노력을 하셨나요? 본인의 경험을 작성해주세요.\n\n 만약 그런 적이 없다면 주변의 이야기나 본인에게 소중함을 주는 사람들에 관해 설명해주세요.",
    "essay_type": "글짓기",
    "essay_level": "2",
    "essay_len": 829,
    "essay_main_subject": "소중함을 잃었던 경험"
  }
}