{
  "paragraph": [
    {
      "paragraph_txt": "지난 일주일간 나는 전쟁같이 힘든 일들을 보내왔다.#@문장구분# 아침에 일어나서 급하게 아침을 먹고 버스를 타서 정신없이 학교에 도착하면 수업이 시작되고 또 정신없이 수행평가와 다양한 과목들의 압박들이 쏟아지고 또 그 학교를 마치면 저녁먹을 시간도 없이 나는 지하철과 버스를 반복해서 집보다 친숙한 학원에 도착했다.#@문장구분# 역시 학원도 그렇다.#@문장구분# 더 정신없고 낯선 지식들이 내 머리에 쏟아져왔고 이것들이 처음인 나는 받아들이기 버거워 저녁 11시, 자신의 소중한 휴식시간을 뺏기고 차로 달려오신 엄마께 화를 냈다.#@문장구분# 나는 항상 생각했었다.#@문장구분# '나는 이 세상에서 제일 힘든 사람이야, 제일 피곤한건 당연하니까 짜증은 어쩔수없이 나오는거야.'라는 어리석은 생각을 말이죠.#@문장구분# 그럼에도 불구하고 저희 엄마는 항상 피곤한 기색을 비치지 않으셨고 나는 더욱 당당해져갔다.#@문장구분# 나는 결국 엄마가 조금 늦게 오시거나 깜빡하시면 짜증을 내고 엄마를 몰아가기 시작했다.#@문장구분# 하지만 얼마 전에 엄마가 피곤해서 깜빡 잠이 들어서 나를 데리러 못 오신 날이 있었는데, 그 날 나는 생각했다.#@문장구분# 평소에도 힘드셨을텐데 나를 위해 데리러 오고 계셨단 걸. #@문장구분#나는 아무런 생각없이 바로 늦은밤에 나를 데리러 오시는 엄마가 생각났고, 익숙함에 속아 엄마의 힘듦은 잊고 있었다는 생각이 들며 후회가 되었다.#@문장구분# 이런 기회가 없었다면 나는 이런 생각을 절대 안했을 것이다.#@문장구분# 앞으로 이 생각을 잊지 않고 엄마께 매일 감사하게 생각해야겠다.#@문장구분# 데리러 오실때마다 더 밝게 해맑게 얘기하면서 꼭 감사함을 전해야겠다.#@문장구분#",
      "paragraph_len": 1024,
      "paragraph_id": "001"
    }
  ],
  "score": {
    "paragraph_score": [
      {
        "paragraph_scoreT": [
          3,
          3,
          3
        ],
        "paragraph_scoreT_detail": {
          "paragraph_scoreT_exp": [
            [
              3,
              3,
              3
            ],
            [
              3,
              3,
              3
            ],
            [
              3,
              3,
              3
            ]
          ]
        },
        "paragraph_scoreT_avg": 3,
        "paragraph_id": "001"
      }
    ],
    "essay_scoreT": [
      30,
      30,
      27.555555
    ],
    "essay_scoreT_avg": 29.185186,
    "essay_scoreT_detail": {
      "essay_scoreT_org": [
        [
          3,
          3,
          3,
          3
        ],
        [
          3,
          3,
          3,
          3
        ],
        [
          3,
          2,
          3,
          3
        ]
      ],
      "essay_scoreT_cont": [
        [
          3,
          3,
          0,
          3
        ],
        [
          3,
          3,
          0,
          3
        ],
        [
          3,
          2,
          0,
          2
        ]
      ],
      "essay_scoreT_exp": [
        [
          3,
          3,
          3
        ],
        [
          3,
          3,
          3
        ],
        [
          3,
          3,
          3
        ]
      ]
    }
  },
  "student": {
    "date": "2021.12.13",
    "student_educated": true,
    "student_grade": "고등_1학년",
    "location": "063",
    "student_grade_group": "고등",
    "student_reading": 1
  },
  "rubric": {
    "essay_grade": "고등_1학년",
    "organization_weight": {
      "org_paragraph": 2,
      "org": 2,
      "org_essay": 4,
      "org_coherence": 2,
      "org_quantity": 1
    },
    "essay_type": "글짓기",
    "content_weight": {
      "con_clearance": 4,
      "con_novelty": 3,
      "con": 4,
      "con_prompt": 0,
      "con_description": 1
    },
    "essay_main_subject": "소중함을 잃었던 경험",
    "expression_weight": {
      "exp_style": 1,
      "exp_grammar": 2,
      "exp_vocab": 3,
      "exp": 4
    }
  },
  "correction": [],
  "info": {
    "essay_id": "ESSAY_73460",
    "essay_prompt": " 익숙함에 속아 소중함을 잊지 말자는 명언 (Do not get fooled by something familiar and forget what is priceless.)이 있습니다.\n\n 부모님께서 매일 해주시는 아침밥이나, 너무 친해서 매일 맛있는 간식을 사주는 친구 등 처음에는 매우 감사했지만 반복되는 호의에 우리는 소중함을 잊어가기도 합니다.\n\n 작은 소중함일지라도 그 소중함을 잃게 되면 호의를 베푸는 사람 입장에서는 매우 당황스럽고 기분이 나쁠 수 있어요.\n\n 여러분은 익숙함에 속아 소중함을 잊었던 사례와 그로 인해 상대방의 기분을 나쁘게 했던 경험이 있나요? 만약 있다면 관계를 회복하기 위해 어떤 노력을 하셨나요? 본인의 경험을 작성해주세요.\n\n 만약 그런 적이 없다면 주변의 이야기나 본인에게 소중함을 주는 사람들에 관해 설명해주세요.",
    "essay_type": "글짓기",
    "essay_level": "2",
    "essay_len": 744,
    "essay_main_subject": "소중함을 잃었던 경험"
  }
}