{
  "paragraph": [
    {
      "paragraph_txt": "나에게는 초등학교 2학년때부터 친하게 지낸 두명의 친구가 있다.#@문장구분# 고등학생이 된 지금까지도 같은 학교에 다니며 친하게 지낸다. #@문장구분#어릴때부터 당연하단 듯이 학교가 끝나면 셋이 만나서 떡볶이를 먹거나 놀이터에 가거나 친구집에 가서 놀았다.#@문장구분# 이렇게 영원히 함께일것같고 어리기만 할것같던 우리 셋이 고등학교에 들어와서 바쁜학교 생활과 끊임없는 시험과 수행평가에 이리저리 치이며 같은 학교에 다녀도 일주일동안 얼굴 한번 못본 적도 많다.#@문장구분# 어쩌다가 한번 만나자고 해도 누군가가 학원이나 선약이있어 만나지 못할것같다고 한다.#@문장구분# 그래서 마음속으로는 우리가 더 이상 예전의 우리처럼 얼굴 한번 보는게 이렇게 어려워지는 것이가 하고 서운한 마음도 있었다. #@문장구분#하지만 같이 이런 이야기를 하고나서 잠깐이라도 시간을 내서 급식을 같이먹으며 예전이야기를 하면서 예전의 우리로 돌아가는 시간을 갖기도 한다.#@문장구분# 힘들 때 또는 아플 때 가족보다 먼저 생각 나는 그런 소중한 친구들이다.#@문장구분# 우리끼리도 자주 하는 말이있다.#@문장구분# 평생동안 이런 친구는 더 못 만날것같다. #@문장구분#정말 우리가 친구인 것은 감사한 일이다라고 말이다.#@문장구분# 아직까지 한번도 싸운적 없는 우리가 영원하길 바라며 서로의 미래를 응원해주는 그럼 가족같은 친구로 평생 남기를 바란다.#@문장구분# 100명의 친구보다 마음 잘맞는 친구 두명이 어쩌면 나를 더 행복하게해주는 것 같다.#@문장구분# 친구는 많은게 중요한게 아니라 얼마나 소중한지가 더 중요한것같다.#@문장구분#",
      "paragraph_len": 975,
      "paragraph_id": "001"
    }
  ],
  "score": {
    "paragraph_score": [
      {
        "paragraph_scoreT": [
          3,
          3,
          3
        ],
        "paragraph_scoreT_detail": {
          "paragraph_scoreT_exp": [
            [
              3,
              3,
              3
            ],
            [
              3,
              3,
              3
            ],
            [
              3,
              3,
              3
            ]
          ]
        },
        "paragraph_scoreT_avg": 3,
        "paragraph_id": "001"
      }
    ],
    "essay_scoreT": [
      30,
      27.61111,
      30
    ],
    "essay_scoreT_avg": 29.203705,
    "essay_scoreT_detail": {
      "essay_scoreT_org": [
        [
          3,
          3,
          3,
          3
        ],
        [
          2,
          3,
          3,
          3
        ],
        [
          3,
          3,
          3,
          3
        ]
      ],
      "essay_scoreT_cont": [
        [
          3,
          3,
          0,
          3
        ],
        [
          3,
          2,
          0,
          3
        ],
        [
          3,
          3,
          0,
          3
        ]
      ],
      "essay_scoreT_exp": [
        [
          3,
          3,
          3
        ],
        [
          3,
          3,
          3
        ],
        [
          3,
          3,
          3
        ]
      ]
    }
  },
  "student": {
    "date": "2021.12.20",
    "student_educated": true,
    "student_grade": "고등_1학년",
    "location": "044",
    "student_grade_group": "고등",
    "student_reading": 2
  },
  "rubric": {
    "essay_grade": "고등_1학년",
    "organization_weight": {
      "org_paragraph": 2,
      "org": 2,
      "org_essay": 4,
      "org_coherence": 2,
      "org_quantity": 1
    },
    "essay_type": "글짓기",
    "content_weight": {
      "con_clearance": 4,
      "con_novelty": 3,
      "con": 4,
      "con_prompt": 0,
      "con_description": 1
    },
    "essay_main_subject": "소중함을 잃었던 경험",
    "expression_weight": {
      "exp_style": 1,
      "exp_grammar": 2,
      "exp_vocab": 3,
      "exp": 4
    }
  },
  "correction": [],
  "info": {
    "essay_id": "ESSAY_73551",
    "essay_prompt": " 익숙함에 속아 소중함을 잊지 말자는 명언 (Do not get fooled by something familiar and forget what is priceless.)이 있습니다.\n\n 부모님께서 매일 해주시는 아침밥이나, 너무 친해서 매일 맛있는 간식을 사주는 친구 등 처음에는 매우 감사했지만 반복되는 호의에 우리는 소중함을 잊어가기도 합니다.\n\n 작은 소중함일지라도 그 소중함을 잃게 되면 호의를 베푸는 사람 입장에서는 매우 당황스럽고 기분이 나쁠 수 있어요.\n\n 여러분은 익숙함에 속아 소중함을 잊었던 사례와 그로 인해 상대방의 기분을 나쁘게 했던 경험이 있나요? 만약 있다면 관계를 회복하기 위해 어떤 노력을 하셨나요? 본인의 경험을 작성해주세요.\n\n 만약 그런 적이 없다면 주변의 이야기나 본인에게 소중함을 주는 사람들에 관해 설명해주세요.",
    "essay_type": "글짓기",
    "essay_level": "2",
    "essay_len": 695,
    "essay_main_subject": "소중함을 잃었던 경험"
  }
}