{
  "paragraph": [
    {
      "paragraph_txt": "초등학교 시절부터 같은 동네에 사는 여자사람친구가 있었습니다.#@문장구분# 어려서부터 부모님끼리도 친하셔서 자주 만나고 같이 밥 먹고 같이 학교를 다닌 친구였습니다.#@문장구분# 그러다 중학교에 올라가면서부터 친구와 다른 학교에 배정되어 한동안은 만나기가 쉽지가 않았습니다.#@문장구분# 중학교에 적응을 하며 지내던 중 중학교 2학년 중간고사때 도서관에서 친구를 보게 되었습니다.#@문장구분# 오랜만에 봐서 그런지 어색하기도 하고 많이 예뻐져서 긴장도 되었습니다.#@문장구분# 친구는 반갑게 저에게 인사를 했고 그동안 어떻게 지냈는지 이런저런 이야기를 많이 나누다 보니 어느새 연락처를 주고받으며 연락하는 사이가 되었습니다.#@문장구분# 그렇게 중학교 2학년때 다시 만나고 중학교 3학년 때 친구에게 고백을 하고 저희는 사귀게 되었습니다.#@문장구분# 여자친구가 고백을 거절할까봐 조마조마하였는데 고백을 받아주니 온 세상이 저를 축복해주는 느낌이였습니다.#@문장구분# 여자친구와 사귀고 마음가짐은 항상 여자친구를 먼저 생각하고 배려하고 싸우지 않겠다는 다짐을 하였는데 그 다짐이 6개월을 넘지 못했습니다.#@문장구분# 여자친구와 사귀고 자주 만나고 연락을 하다보니 설레임이 익숙함으로 변한다는 것을 느끼게 되었으며, 점차 여자친구와 연락하는 것이 귀찮게만 느껴졌습니다.#@문장구분# 이런 점을 여자친구가 느꼈는지 싸우고 헤어지게 되었으며, 지금은 익숙함에 속아 소중한 사람을 잃은 것에 많은 후회를 하고 있습니다.#@문장구분#",
      "paragraph_len": 885,
      "paragraph_id": "001"
    }
  ],
  "score": {
    "paragraph_score": [
      {
        "paragraph_scoreT": [
          2.6666667,
          2,
          2
        ],
        "paragraph_scoreT_detail": {
          "paragraph_scoreT_exp": [
            [
              2,
              3,
              3
            ],
            [
              2,
              2,
              2
            ],
            [
              2,
              2,
              2
            ]
          ]
        },
        "paragraph_scoreT_avg": 2.2222223,
        "paragraph_id": "001"
      }
    ],
    "essay_scoreT": [
      28.666668,
      24.222221,
      24
    ],
    "essay_scoreT_avg": 25.62963,
    "essay_scoreT_detail": {
      "essay_scoreT_org": [
        [
          3,
          3,
          3,
          3
        ],
        [
          2,
          2,
          2,
          3
        ],
        [
          3,
          3,
          3,
          3
        ]
      ],
      "essay_scoreT_cont": [
        [
          3,
          3,
          0,
          3
        ],
        [
          3,
          3,
          0,
          3
        ],
        [
          2,
          3,
          0,
          3
        ]
      ],
      "essay_scoreT_exp": [
        [
          2,
          3,
          3
        ],
        [
          2,
          2,
          2
        ],
        [
          2,
          2,
          2
        ]
      ]
    }
  },
  "student": {
    "date": "2021.12.13",
    "student_educated": true,
    "student_grade": "고등_1학년",
    "location": "063",
    "student_grade_group": "고등",
    "student_reading": 3
  },
  "rubric": {
    "essay_grade": "고등_1학년",
    "organization_weight": {
      "org_paragraph": 2,
      "org": 2,
      "org_essay": 4,
      "org_coherence": 2,
      "org_quantity": 1
    },
    "essay_type": "글짓기",
    "content_weight": {
      "con_clearance": 4,
      "con_novelty": 3,
      "con": 4,
      "con_prompt": 0,
      "con_description": 1
    },
    "essay_main_subject": "소중함을 잃었던 경험",
    "expression_weight": {
      "exp_style": 1,
      "exp_grammar": 2,
      "exp_vocab": 3,
      "exp": 4
    }
  },
  "correction": [],
  "info": {
    "essay_id": "ESSAY_60295",
    "essay_prompt": " 익숙함에 속아 소중함을 잊지 말자는 명언 (Do not get fooled by something familiar and forget what is priceless.)이 있습니다.\n\n 부모님께서 매일 해주시는 아침밥이나, 너무 친해서 매일 맛있는 간식을 사주는 친구 등 처음에는 매우 감사했지만 반복되는 호의에 우리는 소중함을 잊어가기도 합니다.\n\n 작은 소중함일지라도 그 소중함을 잃게 되면 호의를 베푸는 사람 입장에서는 매우 당황스럽고 기분이 나쁠 수 있어요.\n\n 여러분은 익숙함에 속아 소중함을 잊었던 사례와 그로 인해 상대방의 기분을 나쁘게 했던 경험이 있나요? 만약 있다면 관계를 회복하기 위해 어떤 노력을 하셨나요? 본인의 경험을 작성해주세요.\n\n 만약 그런 적이 없다면 주변의 이야기나 본인에게 소중함을 주는 사람들에 관해 설명해주세요.",
    "essay_type": "글짓기",
    "essay_level": "2",
    "essay_len": 666,
    "essay_main_subject": "소중함을 잃었던 경험"
  }
}