{
  "paragraph": [
    {
      "paragraph_txt": "현재를 살고 있는 우리들에게 자신이 원하는 삶을 살아가고 싶지만 현실속에서 느끼는 불안감이 적지 않은데 우리는 책을 통해 멘토들이 들려주는 이야기를 통해서 어떤 마음과 생각으로 살아야하는지 느끼게 되고 깨달으며 긍정적으로 생각하게 만들어준다.#@문장구분# 다양한 멘토들이 하는 삶의 원칙은 우리 모두 알고 있으면서도 쉽게 행동하지 옮기지 못했던 것들이라 느꼈다.#@문장구분# 아픈 아내와의 결혼을 감행하고 아내가 죽은 후에도 여전히 더 많이 사랑해주지 못한 것에 미안해 하는 미우라 미쓰오씨나 스스로 행복한 삶을 살고 있다고 자신 있게 말하는 혜민스님, 누구보다 열정적으로 자신의 삶을 위해 노력하는 한비야씨, 내가 좋아하는 고은 시인은 궁극적으로 인생에서 가장 소중한 것은 사랑이라고 말하시며 항상 어떤 것보다 책을 맛있게 읽으신다는 말의 의미를 자꾸 되새겨 보게 만들었다.#@문장구분# 노동운동가로 남보다 더 힘든 삶을 살았고 여전히 어려운 사람들을 외면하지 않는 삶을 살고 있는 하종강씨, 지금 가장 핫한 이 시대의 멘토 중 한사람인 김난도님은 지금도 가수의 꿈을 가지고 계신 모습이 낯설게 느껴지면서도 멋지다는 생각이 들었다.#@문장구분# 이외에도 멘토분들이 들려주는 이야기를 통해서 진정 뜨거운 삶이 무엇인지 소중한 것이 무엇인지 저절로 느낄 수 있었고 사랑이 가장 밑에 깔려 있다는 느낌을 받았다.#@문장구분# 누구의 이야기가 더 가슴에 가깝게 다가오고 그렇지 않는지는 순전히 개인의 차이가 있을 수 있다.#@문장구분# 평소에 나 자신은 인생을 살아가면서도 어떤 것을 중요하고 소중하게 생각하였는지 저절로 생각해보고 돌아보게 된다.#@문장구분# 나 자신부터 사랑하지 않고는 다른 사람을 사랑하기는 어렵다.#@문장구분# 자기애가 지나친 것도 문제지만 아예 없는 것은 더 큰 문제란 생각이 들었다.#@문장구분#",
      "paragraph_len": 1022,
      "paragraph_id": "001"
    }
  ],
  "score": {
    "paragraph_score": [
      {
        "paragraph_scoreT": [
          2.6666667,
          3,
          3
        ],
        "paragraph_scoreT_detail": {
          "paragraph_scoreT_exp": [
            [
              2,
              3,
              3
            ],
            [
              3,
              3,
              3
            ],
            [
              3,
              3,
              3
            ]
          ]
        },
        "paragraph_scoreT_avg": 2.888889,
        "paragraph_id": "001"
      }
    ],
    "essay_scoreT": [
      24.666668,
      30,
      30
    ],
    "essay_scoreT_avg": 28.222223,
    "essay_scoreT_detail": {
      "essay_scoreT_org": [
        [
          3,
          3,
          3,
          3
        ],
        [
          3,
          3,
          3,
          3
        ],
        [
          3,
          3,
          3,
          3
        ]
      ],
      "essay_scoreT_cont": [
        [
          2,
          2,
          0,
          2
        ],
        [
          3,
          3,
          0,
          3
        ],
        [
          3,
          3,
          0,
          3
        ]
      ],
      "essay_scoreT_exp": [
        [
          2,
          3,
          3
        ],
        [
          3,
          3,
          3
        ],
        [
          3,
          3,
          3
        ]
      ]
    }
  },
  "student": {
    "date": "2021.12.16",
    "student_educated": true,
    "student_grade": "고등_1학년",
    "location": "041",
    "student_grade_group": "고등",
    "student_reading": 2
  },
  "rubric": {
    "essay_grade": "고등_1학년",
    "organization_weight": {
      "org_paragraph": 2,
      "org": 2,
      "org_essay": 4,
      "org_coherence": 2,
      "org_quantity": 1
    },
    "essay_type": "글짓기",
    "content_weight": {
      "con_clearance": 4,
      "con_novelty": 3,
      "con": 4,
      "con_prompt": 0,
      "con_description": 1
    },
    "essay_main_subject": "소중함을 잃었던 경험",
    "expression_weight": {
      "exp_style": 1,
      "exp_grammar": 2,
      "exp_vocab": 3,
      "exp": 4
    }
  },
  "correction": [],
  "info": {
    "essay_id": "ESSAY_66136",
    "essay_prompt": " 익숙함에 속아 소중함을 잊지 말자는 명언 (Do not get fooled by something familiar and forget what is priceless.)이 있습니다.\n\n 부모님께서 매일 해주시는 아침밥이나, 너무 친해서 매일 맛있는 간식을 사주는 친구 등 처음에는 매우 감사했지만 반복되는 호의에 우리는 소중함을 잊어가기도 합니다.\n\n 작은 소중함일지라도 그 소중함을 잃게 되면 호의를 베푸는 사람 입장에서는 매우 당황스럽고 기분이 나쁠 수 있어요.\n\n 여러분은 익숙함에 속아 소중함을 잊었던 사례와 그로 인해 상대방의 기분을 나쁘게 했던 경험이 있나요? 만약 있다면 관계를 회복하기 위해 어떤 노력을 하셨나요? 본인의 경험을 작성해주세요.\n\n 만약 그런 적이 없다면 주변의 이야기나 본인에게 소중함을 주는 사람들에 관해 설명해주세요.",
    "essay_type": "글짓기",
    "essay_level": "2",
    "essay_len": 842,
    "essay_main_subject": "소중함을 잃었던 경험"
  }
}