{
  "paragraph": [
    {
      "paragraph_txt": "저는 예전부터 오래되거나 익숙하면서 자주 잊어버리는 성격입니다.#@문장구분# 그러다 보니 물건뿐만 아니라 인간관계에서도 제 성격이 드러나는 경우가 많았습니다.#@문장구분# 중학교 때부터 친하게 지냈던 친구와 만나는 약속을 했었습니다.#@문장구분# 그 당시에 제가 여자친구가 있었는데 중학교 때 친구를 만나는 약속 당일이 왔는데 갑작스럽게 여자친구한테 전화가 와서 자기를 만나달라고 부탁해서 친구 약속을 안 나가고 문자로 나 여자친구 만나서 못 만날 거 같아 미안 이런 식으로 문자만 보내고 여자친구를 만난 적이 있습니다.#@문장구분# 그때 친구가 저한테 많은 실망을 해서 연락해도 안 받고, 학교에서도 만나서 인사를 하면 무시하면서 사이가 점점 멀어지는 거 같았습니다.#@문장구분# 그래서 저는 그 친구에게 얘기 좀 하고 싶다 하고 너무 친한 나머지 너를 신경을 못 쓰고 너무 나 자신만 생각했던 거 같아 네가 정말 소중한 친구인데 그런 짓은 하면 안 되는 거고 두 번 다시는 이런 일 없을 거고 정말 미안하다고 정중하게 사과했습니다.#@문장구분# 이때 저는 많은 걸 느꼈습니다.#@문장구분# 아무리 친하고 서로 익숙하더라도 서로 간의 예의라는 게 있고 친하고 더 익숙할수록 더 챙겨야 하는 게 친구고 인간관계인데 저는 익숙하다고 소중함을 잊어버린 거 같습니다.#@문장구분# 앞으로는 인간관계에서는 친하다고 다 되는 게 아니라 서로 배려와 이해, 예의를 지켜야 소중한 저의 사람들이 안 떠나고 옆에 있어 줄 거 같습니다.#@문장구분#",
      "paragraph_len": 863,
      "paragraph_id": "001"
    }
  ],
  "score": {
    "paragraph_score": [
      {
        "paragraph_scoreT": [
          3,
          2.8333333,
          2.3333333
        ],
        "paragraph_scoreT_detail": {
          "paragraph_scoreT_exp": [
            [
              3,
              3,
              3
            ],
            [
              3,
              3,
              2
            ],
            [
              3,
              2,
              2
            ]
          ]
        },
        "paragraph_scoreT_avg": 2.722222,
        "paragraph_id": "001"
      }
    ],
    "essay_scoreT": [
      30,
      26.222221,
      25.38889
    ],
    "essay_scoreT_avg": 27.203705,
    "essay_scoreT_detail": {
      "essay_scoreT_org": [
        [
          3,
          3,
          3,
          3
        ],
        [
          2,
          3,
          3,
          2
        ],
        [
          3,
          3,
          2,
          3
        ]
      ],
      "essay_scoreT_cont": [
        [
          3,
          3,
          0,
          3
        ],
        [
          3,
          2,
          0,
          2
        ],
        [
          3,
          2,
          0,
          3
        ]
      ],
      "essay_scoreT_exp": [
        [
          3,
          3,
          3
        ],
        [
          3,
          3,
          2
        ],
        [
          3,
          2,
          2
        ]
      ]
    }
  },
  "student": {
    "date": "2021.12.16",
    "student_educated": true,
    "student_grade": "고등_1학년",
    "location": "053",
    "student_grade_group": "고등",
    "student_reading": 3
  },
  "rubric": {
    "essay_grade": "고등_1학년",
    "organization_weight": {
      "org_paragraph": 2,
      "org": 2,
      "org_essay": 4,
      "org_coherence": 2,
      "org_quantity": 1
    },
    "essay_type": "글짓기",
    "content_weight": {
      "con_clearance": 4,
      "con_novelty": 3,
      "con": 4,
      "con_prompt": 0,
      "con_description": 1
    },
    "essay_main_subject": "소중함을 잃었던 경험",
    "expression_weight": {
      "exp_style": 1,
      "exp_grammar": 2,
      "exp_vocab": 3,
      "exp": 4
    }
  },
  "correction": [],
  "info": {
    "essay_id": "ESSAY_65664",
    "essay_prompt": " 익숙함에 속아 소중함을 잊지 말자는 명언 (Do not get fooled by something familiar and forget what is priceless.)이 있습니다.\n\n 부모님께서 매일 해주시는 아침밥이나, 너무 친해서 매일 맛있는 간식을 사주는 친구 등 처음에는 매우 감사했지만 반복되는 호의에 우리는 소중함을 잊어가기도 합니다.\n\n 작은 소중함일지라도 그 소중함을 잃게 되면 호의를 베푸는 사람 입장에서는 매우 당황스럽고 기분이 나쁠 수 있어요.\n\n 여러분은 익숙함에 속아 소중함을 잊었던 사례와 그로 인해 상대방의 기분을 나쁘게 했던 경험이 있나요? 만약 있다면 관계를 회복하기 위해 어떤 노력을 하셨나요? 본인의 경험을 작성해주세요.\n\n 만약 그런 적이 없다면 주변의 이야기나 본인에게 소중함을 주는 사람들에 관해 설명해주세요.",
    "essay_type": "글짓기",
    "essay_level": "2",
    "essay_len": 685,
    "essay_main_subject": "소중함을 잃었던 경험"
  }
}