{
  "paragraph": [
    {
      "paragraph_txt": "내가익숙함에속아소중함을잃었던것은2가지이다.#@문장구분# 하나는바로나의휴대전화인데나는휴대전화를산처음에는정말조심조심다뤘지만점점날이지나갈수록내가휴대전화를막떨어뜨리고침대에던지며휴대전화를막대하다가최근에화장실에서핸드폰을떨어뜨렸는데평소처럼별일이겠어하고핸드폰을주웠지만핸드폰이켜지지않았고나는내핸드폰이고장났단걸깨달았다.#@문장구분# 그래서나는핸드폰을고치기위하여엄마아빠에게핸드폰을고친다고말을했다. #@문장구분#그리고나는혼자수리센터로가서핸드폰을고치고오기로했지만자제가없어서그날고치지못했고자제가오면연락을준다고했다.#@문장구분# 그런데연락을받으니내핸드폰의메인보드가나가서고치려면40만원이상이라고해서엄마아빠와상의한결과포기하고옛날폰을쓰기로했다.#@문장구분# 두번째사례는나의소중한할머니를잃은것이다.#@문장구분# 나는어릴때부터외할머니집가가까워서자주할머니집에들락날락했다.#@문장구분# 그래서할머니가없으신건상상도못하였다.#@문장구분# 하지만중3때친할머니께서나한테외할머니가돌아가셨단말을해주셨다.#@문장구분# 하지만그당시의나는피곤해서들은듯만듯하고자버렸지만다음날엄마에게들었을때정말실감했고할머니를못본다는사실에울었다.#@문장구분# 나는할머니와의생활에익숙해서이런일이있을줄정말몰랐다.#@문장구분# 하지만나는할머니와의생활이소중하단걸깨닫고할머니와의생활을잊지않으려고노력중이고엄마아빠와함께할머니가계신납골당에도가며할머니를잊지않으려노력할것이다또한엄마와함께할머니제사도참여할것이다나는위에두일을겪으며나의하루하루를소중히여기며즐겁게살아가려노력할것이다.#@문장구분#",
      "paragraph_len": 879,
      "paragraph_id": "001"
    }
  ],
  "score": {
    "paragraph_score": [
      {
        "paragraph_scoreT": [
          2,
          2.6666667,
          1.5
        ],
        "paragraph_scoreT_detail": {
          "paragraph_scoreT_exp": [
            [
              2,
              2,
              2
            ],
            [
              2,
              3,
              3
            ],
            [
              1,
              2,
              1
            ]
          ]
        },
        "paragraph_scoreT_avg": 2.0555556,
        "paragraph_id": "001"
      }
    ],
    "essay_scoreT": [
      20,
      26.055555,
      19.166668
    ],
    "essay_scoreT_avg": 21.740744,
    "essay_scoreT_detail": {
      "essay_scoreT_org": [
        [
          2,
          2,
          2,
          2
        ],
        [
          2,
          3,
          3,
          2
        ],
        [
          1,
          1,
          2,
          2
        ]
      ],
      "essay_scoreT_cont": [
        [
          2,
          2,
          0,
          2
        ],
        [
          3,
          2,
          0,
          3
        ],
        [
          3,
          2,
          0,
          3
        ]
      ],
      "essay_scoreT_exp": [
        [
          2,
          2,
          2
        ],
        [
          2,
          3,
          3
        ],
        [
          1,
          2,
          1
        ]
      ]
    }
  },
  "student": {
    "date": "2021.09.02",
    "student_educated": true,
    "student_grade": "고등_1학년",
    "location": "051",
    "student_grade_group": "고등",
    "student_reading": 1
  },
  "rubric": {
    "essay_grade": "고등_1학년",
    "organization_weight": {
      "org_paragraph": 2,
      "org": 2,
      "org_essay": 4,
      "org_coherence": 2,
      "org_quantity": 1
    },
    "essay_type": "글짓기",
    "content_weight": {
      "con_clearance": 4,
      "con_novelty": 3,
      "con": 4,
      "con_prompt": 0,
      "con_description": 1
    },
    "essay_main_subject": "소중함을 잃었던 경험",
    "expression_weight": {
      "exp_style": 1,
      "exp_grammar": 2,
      "exp_vocab": 3,
      "exp": 4
    }
  },
  "correction": [],
  "info": {
    "essay_id": "ESSAY_34085",
    "essay_prompt": " 익숙함에 속아 소중함을 잊지 말자는 명언 (Do not get fooled by something familiar and forget what is priceless.)이 있습니다.\n\n 부모님께서 매일 해주시는 아침밥이나, 너무 친해서 매일 맛있는 간식을 사주는 친구 등 처음에는 매우 감사했지만 반복되는 호의에 우리는 소중함을 잊어가기도 합니다.\n\n 작은 소중함일지라도 그 소중함을 잃게 되면 호의를 베푸는 사람 입장에서는 매우 당황스럽고 기분이 나쁠 수 있어요.\n\n 여러분은 익숙함에 속아 소중함을 잊었던 사례와 그로 인해 상대방의 기분을 나쁘게 했던 경험이 있나요? 만약 있다면 관계를 회복하기 위해 어떤 노력을 하셨나요? 본인의 경험을 작성해주세요.\n\n 만약 그런 적이 없다면 주변의 이야기나 본인에게 소중함을 주는 사람들에 관해 설명해주세요.",
    "essay_type": "글짓기",
    "essay_level": "2",
    "essay_len": 640,
    "essay_main_subject": "소중함을 잃었던 경험"
  }
}