{
  "paragraph": [
    {
      "paragraph_txt": "부모님께서 매일 같이 밥을 해주시고 그 노력과 고마움에 감사한다는 마음을 담아 전하고 표현했어야하는데 그저 아는 지인들이 밥 한번 사주는 것에 고마움을 바로 전하고 행동으로 실천했지만 매일 같이 나를 위해 없는 시간까지 만들어가면서 따뜻한 밥을 차려주신 부모님께 맛있고 따뜻한 밥 해주셔서 감사하다는 말 매일 저를 위해 부모님들이 흘린 땀과 노력이 나에게 큰 힘이 되고 다시 일어설 수 있게 해주신 부모님의 노력이 어느 순간부터 내게 그저 사소한 것이 되고 당연하다고만 생각한 내 자신이 부끄러울 따름 이었다.#@문장구분# 부모님의 노력이 헛되지 않게 그들에게 감사하다는 말 고맙다는 말 나의 진심을 전하고 그들에게 꼭 보답하고 싶다.#@문장구분# 내가 커서 받은 만큼 부모님께 전하고 부모님도 자식 키운 보람 있게 그들이 내게 투자한 시간이 헛되지 않게 부모님의 소중한 사랑을 나도 커서 꼭 다시 전해드릴 것이다.#@문장구분# 매일 부모님의 노력을 익숙함에 속아 소중함을 잃지 않게 매일 감사하다고 저에게 많은 사랑을 주셔서 정말 행복하다고 말하며 가족관계가 다시 돈독해질 수 있게 했다.#@문장구분# 더 많은 진심을 전하고 그들에게 보답할수록 내 마음이 점점 더 편해지고 뿌듯해지는 뭔가 묘한 기분도 들고 나 자신도 좀 더 성장하고 내 마음속에 있던 진심을 보여드린 것 같아 부모님께서도 웃고 나도 웃는 더 화목해지는 가족이 되어 정말 행복했다.#@문장구분# 앞으로 더욱 화목한 가정이 되도록 노력해야겠다.#@문장구분#",
      "paragraph_len": 818,
      "paragraph_id": "001"
    }
  ],
  "score": {
    "paragraph_score": [
      {
        "paragraph_scoreT": [
          2.8333333,
          3,
          3
        ],
        "paragraph_scoreT_detail": {
          "paragraph_scoreT_exp": [
            [
              3,
              3,
              2
            ],
            [
              3,
              3,
              3
            ],
            [
              3,
              3,
              3
            ]
          ]
        },
        "paragraph_scoreT_avg": 2.9444444,
        "paragraph_id": "001"
      }
    ],
    "essay_scoreT": [
      27.833332,
      28.5,
      26.5
    ],
    "essay_scoreT_avg": 27.611109,
    "essay_scoreT_detail": {
      "essay_scoreT_org": [
        [
          3,
          3,
          3,
          3
        ],
        [
          3,
          3,
          3,
          3
        ],
        [
          3,
          3,
          3,
          3
        ]
      ],
      "essay_scoreT_cont": [
        [
          3,
          2,
          0,
          3
        ],
        [
          3,
          2,
          0,
          3
        ],
        [
          2,
          2,
          0,
          3
        ]
      ],
      "essay_scoreT_exp": [
        [
          3,
          3,
          2
        ],
        [
          3,
          3,
          3
        ],
        [
          3,
          3,
          3
        ]
      ]
    }
  },
  "student": {
    "date": "2021.10.23",
    "student_educated": true,
    "student_grade": "고등_1학년",
    "location": "063",
    "student_grade_group": "고등",
    "student_reading": 1
  },
  "rubric": {
    "essay_grade": "고등_1학년",
    "organization_weight": {
      "org_paragraph": 2,
      "org": 2,
      "org_essay": 4,
      "org_coherence": 2,
      "org_quantity": 1
    },
    "essay_type": "글짓기",
    "content_weight": {
      "con_clearance": 4,
      "con_novelty": 3,
      "con": 4,
      "con_prompt": 0,
      "con_description": 1
    },
    "essay_main_subject": "소중함을 잃었던 경험",
    "expression_weight": {
      "exp_style": 1,
      "exp_grammar": 2,
      "exp_vocab": 3,
      "exp": 4
    }
  },
  "correction": [],
  "info": {
    "essay_id": "ESSAY_42739",
    "essay_prompt": " 익숙함에 속아 소중함을 잊지 말자는 명언 (Do not get fooled by something familiar and forget what is priceless.)이 있습니다.\n\n 부모님께서 매일 해주시는 아침밥이나, 너무 친해서 매일 맛있는 간식을 사주는 친구 등 처음에는 매우 감사했지만 반복되는 호의에 우리는 소중함을 잊어가기도 합니다.\n\n 작은 소중함일지라도 그 소중함을 잃게 되면 호의를 베푸는 사람 입장에서는 매우 당황스럽고 기분이 나쁠 수 있어요.\n\n 여러분은 익숙함에 속아 소중함을 잊었던 사례와 그로 인해 상대방의 기분을 나쁘게 했던 경험이 있나요? 만약 있다면 관계를 회복하기 위해 어떤 노력을 하셨나요? 본인의 경험을 작성해주세요.\n\n 만약 그런 적이 없다면 주변의 이야기나 본인에게 소중함을 주는 사람들에 관해 설명해주세요.",
    "essay_type": "글짓기",
    "essay_level": "2",
    "essay_len": 698,
    "essay_main_subject": "소중함을 잃었던 경험"
  }
}