{
  "paragraph": [
    {
      "paragraph_txt": "나는 중학생때 학교에서 집으로 귀가하는 길이 두가지가 있었다.#@문장구분# 산을 통해 집으로 가거나 도로를 통해 집으로 가는 방식이였다.#@문장구분# 부모님께서는 항상 산은 위험하니 도로를 통해 집으로 오라고 이르셨지만 난 산으로 가는게 훨씬 빠르고 집가는길에 산에 노을이 지는 모습을 보는게 좋았었기에 줄곳 산으로 다녔었다. #@문장구분#그러던중 난 산으로 오는길에 작은 웅덩이를 찾았다. #@문장구분#이 산은 비가 오지 않는한 깨끗한 물이 흐르지 않아서 웅덩이가 생겨도 대부분 지저분하거나 빗물이 고인 것이였는데 그 웅덩이는 1급수처럼 맑고 깨끗했고 작지만 올챙이부터 도룡뇽까지 다양한 생물도 살고있었다.#@문장구분# 그당시에 나는 그모습이 너무 신기해서 학교가 끝나자마자 산으로 달려가 웅덩이를 몇십분째 구경하다가 집에 들어갔었다.#@문장구분# 날마다 늘어나는 생물들이 신기했고, 날마가 변하는 그들의 모습이 재미있었다.#@문장구분# 난 그 웅덩이를 아주 좋아했고, 거의 매일가다시피 웅덩이를 보러다녔다. #@문장구분#그러던중 어느날부터 웅덩이 위쪽에 쓰레기가 조금씩 쌓이는걸 보았다.#@문장구분# 난 웅덩이에게 피해가 갈까봐 걱정했지만 비가 올때나 태풍이 몰아칠때도 항상 그자리에 그대로인 웅덩이였기에 별일아닌듯 넘어갔고 내가 무심한 사이에 쓰레기는 점점더 쌓여져만갔다.#@문장구분# 처음으로 쓰레기가 웅덩이에 빠져있던날엔 치우기는커녕 지저분해졌다며 며칠동안 웅덩이를 보러가지않았다.#@문장구분# 그 후 다시 웅덩이를 찾아갔을땐 예전의 깨끗했던 모습은 찾아볼수 없었다.#@문장구분# 물은 거의 다 말라버려 생물이 하나없었고 색은 탁하여 안을 들여다볼수 없었다.#@문장구분# 내가 알던 예전의 모습이라고는 하나도 찾아볼 수 없었다.#@문장구분# 나는 그동안의 모습들이 그리워서 주변에 낙엽이나 잔해물들을 치워보기도하고 돌로 턱을 쌓아 불순물이 들어가지않게도 해보았지만 몇년이 지난 지금까지도 웅덩이는 탁한 상태 그대로이다.#@문장구분# 난 웅덩이를 너무 당연시 여겼고, 아직까지도 예전의 모습을 찾지못하고있다.#@문장구분#",
      "paragraph_len": 1231,
      "paragraph_id": "001"
    }
  ],
  "score": {
    "paragraph_score": [
      {
        "paragraph_scoreT": [
          2,
          2.8333333,
          2.8333333
        ],
        "paragraph_scoreT_detail": {
          "paragraph_scoreT_exp": [
            [
              2,
              2,
              2
            ],
            [
              3,
              3,
              2
            ],
            [
              3,
              3,
              2
            ]
          ]
        },
        "paragraph_scoreT_avg": 2.5555553,
        "paragraph_id": "001"
      }
    ],
    "essay_scoreT": [
      18.222221,
      28.833332,
      27.555555
    ],
    "essay_scoreT_avg": 24.870369,
    "essay_scoreT_detail": {
      "essay_scoreT_org": [
        [
          2,
          2,
          2,
          3
        ],
        [
          3,
          3,
          3,
          3
        ],
        [
          2,
          2,
          2,
          3
        ]
      ],
      "essay_scoreT_cont": [
        [
          1,
          2,
          0,
          2
        ],
        [
          3,
          3,
          0,
          2
        ],
        [
          3,
          3,
          0,
          3
        ]
      ],
      "essay_scoreT_exp": [
        [
          2,
          2,
          2
        ],
        [
          3,
          3,
          2
        ],
        [
          3,
          3,
          2
        ]
      ]
    }
  },
  "student": {
    "date": "2021.09.29",
    "student_educated": true,
    "student_grade": "고등_1학년",
    "location": "051",
    "student_grade_group": "고등",
    "student_reading": 1
  },
  "rubric": {
    "essay_grade": "고등_1학년",
    "organization_weight": {
      "org_paragraph": 2,
      "org": 2,
      "org_essay": 4,
      "org_coherence": 2,
      "org_quantity": 1
    },
    "essay_type": "글짓기",
    "content_weight": {
      "con_clearance": 4,
      "con_novelty": 3,
      "con": 4,
      "con_prompt": 0,
      "con_description": 1
    },
    "essay_main_subject": "소중함을 잃었던 경험",
    "expression_weight": {
      "exp_style": 1,
      "exp_grammar": 2,
      "exp_vocab": 3,
      "exp": 4
    }
  },
  "correction": [],
  "info": {
    "essay_id": "ESSAY_35783",
    "essay_prompt": " 익숙함에 속아 소중함을 잊지 말자는 명언 (Do not get fooled by something familiar and forget what is priceless.)이 있습니다.\n\n 부모님께서 매일 해주시는 아침밥이나, 너무 친해서 매일 맛있는 간식을 사주는 친구 등 처음에는 매우 감사했지만 반복되는 호의에 우리는 소중함을 잊어가기도 합니다.\n\n 작은 소중함일지라도 그 소중함을 잃게 되면 호의를 베푸는 사람 입장에서는 매우 당황스럽고 기분이 나쁠 수 있어요.\n\n 여러분은 익숙함에 속아 소중함을 잊었던 사례와 그로 인해 상대방의 기분을 나쁘게 했던 경험이 있나요? 만약 있다면 관계를 회복하기 위해 어떤 노력을 하셨나요? 본인의 경험을 작성해주세요.\n\n 만약 그런 적이 없다면 주변의 이야기나 본인에게 소중함을 주는 사람들에 관해 설명해주세요.",
    "essay_type": "글짓기",
    "essay_level": "2",
    "essay_len": 911,
    "essay_main_subject": "소중함을 잃었던 경험"
  }
}