{
  "paragraph": [
    {
      "paragraph_txt": "위의 말처럼 익숙함에 속아 소중함을 잃지 말자 했지만 이번 코로나-19 바이러스 사태로 알게 된 것은 내가 그렇게 살아오지 못했다는 것이다.#@문장구분# 돌이켜 생각해 보면 코로나-19 바이러스가 퍼지기 전에는 매일 같이 흘러가는 시간에 대해 아깝다거나 아쉬워한 적이 없었다.#@문장구분# 어쩌면 일상적이고 자연스럽게 흘러만 가던 시간에 끼워 맞춰 살아가고 있었던 게 아닐까 싶다.#@문장구분# 나만의 주체적인 시간은 전혀 존재하지 않고 해야 했기 때문에 했고 살아야 했기 때문에 살아가는 느낌이었지 않을까 싶다.#@문장구분# 그러다 코로나-19 바이러스라는 장애물을 뛰어 넘지 못하고 망설여 하고 있는 우리를 시간은 기다려 주지 않는 것이다.#@문장구분# 고등학교에 입학한지도 벌써 1년이 지나 고2가 될 것이고 그렇게 똑같이 1년을 흐지부지 흐리다 보면 어느 샌가 고3이 되어 있고 수능을 치고 있을 내 모습을 떠올렸고 이제는 그 시간이 아까워졌고 아쉬워졌다.#@문장구분# 또한 아무 생각 없이 흘려보내 버린 과거의 시간이 아까워졌고 그리워졌다.#@문장구분# 그러면서도 오미클론이라는 코로나-19 바이러스가 낳은 또 다른 장애물에 가로 막혀 이제는 싸워 버틸 힘마저 빠져 버린 것 같다.#@문장구분# 이가 내가 최근에 수많은 공모전을 찾아본 이유이다.#@문장구분# 익숙함에 속아 오래 전부터 일상의 소중함을 잃어버렸고 코로나-19 바이러스로 인해 그를 극복해 낼 힘마저 잃어가고 있다.#@문장구분# 위기가 곧 기회라는 말이 있다.#@문장구분# 지금이 그 위기고 나만의 주체적인 시간을 갖지 못했던 과거를 반성하고 회상하며 지금의 나를 내일은 더 나은 나로 만들기 위해 노력할 것이다.#@문장구분# 그게 바로 잃어버렸던 내 일상의 소중함을 되찾을 방법이 될 것이다.#@문장구분#",
      "paragraph_len": 1053,
      "paragraph_id": "001"
    }
  ],
  "score": {
    "paragraph_score": [
      {
        "paragraph_scoreT": [
          3,
          2.8333333,
          2.3333333
        ],
        "paragraph_scoreT_detail": {
          "paragraph_scoreT_exp": [
            [
              3,
              3,
              3
            ],
            [
              3,
              3,
              2
            ],
            [
              3,
              2,
              2
            ]
          ]
        },
        "paragraph_scoreT_avg": 2.722222,
        "paragraph_id": "001"
      }
    ],
    "essay_scoreT": [
      29.5,
      27.333332,
      25.555555
    ],
    "essay_scoreT_avg": 27.462961,
    "essay_scoreT_detail": {
      "essay_scoreT_org": [
        [
          3,
          3,
          3,
          3
        ],
        [
          3,
          3,
          3,
          3
        ],
        [
          2,
          2,
          2,
          3
        ]
      ],
      "essay_scoreT_cont": [
        [
          3,
          3,
          0,
          2
        ],
        [
          3,
          2,
          0,
          2
        ],
        [
          3,
          3,
          0,
          3
        ]
      ],
      "essay_scoreT_exp": [
        [
          3,
          3,
          3
        ],
        [
          3,
          3,
          2
        ],
        [
          3,
          2,
          2
        ]
      ]
    }
  },
  "student": {
    "date": "2021.12.07",
    "student_educated": true,
    "student_grade": "고등_1학년",
    "location": "055",
    "student_grade_group": "고등",
    "student_reading": 1
  },
  "rubric": {
    "essay_grade": "고등_1학년",
    "organization_weight": {
      "org_paragraph": 2,
      "org": 2,
      "org_essay": 4,
      "org_coherence": 2,
      "org_quantity": 1
    },
    "essay_type": "글짓기",
    "content_weight": {
      "con_clearance": 4,
      "con_novelty": 3,
      "con": 4,
      "con_prompt": 0,
      "con_description": 1
    },
    "essay_main_subject": "소중함을 잃었던 경험",
    "expression_weight": {
      "exp_style": 1,
      "exp_grammar": 2,
      "exp_vocab": 3,
      "exp": 4
    }
  },
  "correction": [],
  "info": {
    "essay_id": "ESSAY_57015",
    "essay_prompt": " 익숙함에 속아 소중함을 잊지 말자는 명언 (Do not get fooled by something familiar and forget what is priceless.)이 있습니다.\n\n 부모님께서 매일 해주시는 아침밥이나, 너무 친해서 매일 맛있는 간식을 사주는 친구 등 처음에는 매우 감사했지만 반복되는 호의에 우리는 소중함을 잊어가기도 합니다.\n\n 작은 소중함일지라도 그 소중함을 잃게 되면 호의를 베푸는 사람 입장에서는 매우 당황스럽고 기분이 나쁠 수 있어요.\n\n 여러분은 익숙함에 속아 소중함을 잊었던 사례와 그로 인해 상대방의 기분을 나쁘게 했던 경험이 있나요? 만약 있다면 관계를 회복하기 위해 어떤 노력을 하셨나요? 본인의 경험을 작성해주세요.\n\n 만약 그런 적이 없다면 주변의 이야기나 본인에게 소중함을 주는 사람들에 관해 설명해주세요.",
    "essay_type": "글짓기",
    "essay_level": "2",
    "essay_len": 793,
    "essay_main_subject": "소중함을 잃었던 경험"
  }
}