{
  "paragraph": [
    {
      "paragraph_txt": "어릴 때부터 어머니께 많이 들었던 말중에 익숙함에 속아 소중함을 잃지 말자는 말을 참 많이 들었다.#@문장구분# 아무리 많이 들은 말이지만 소중한것을 잃고 후회한적이 한 두번이 아니다.#@문장구분# 그럼 내가 이때까지 익숙함에 속아 소중함을 잃고 후회했던 경험을 여러가지 말해보겠다.#@문장구분#",
      "paragraph_len": 204,
      "paragraph_id": "001"
    },
    {
      "paragraph_txt": "\n첫번째는  친구의 소중함이다.#@문장구분# 내가 초등학교 시절에 엄청 친했던 친구가 한명 있었다.#@문장구분# 4살때부터 친했던 친구라 엄청 오래된 친구였다.#@문장구분# 그 친구는 늘 내 옆에 있었고 나도 그 친구 옆에 늘 있었다.#@문장구분# 너무 오래된 친구라서 소중함을 몰랐던걸까?#@문장구분# 초 3때까지만 해도 친했던 우리가 초 4가 되고 다른반이 되면서 내가 다른 친구랑 친해지게 되면서 그 친구를 밀어내게 되었다.#@문장구분# 그 친구는 내가 밀어냈음에도 계속 내 옆에서 붙어다녔고 그게 어릴 때는 너무 싫었던것 같았다.#@문장구분# 그래서 그 친구에게 라는 심한말을 하였고 그 친구는 상처를 받았는지 그 이후로 내 옆에 붙어다니지 않게 되었다.#@문장구분# 결국 5학년때 그 친구는 초량으로 전학을 갔고 그 때서야 내 진정한 친구는 4살때부터 친구가 된 그 아이였다는 것을 한명의 소중한 친구를  잃고 나서야 후회하였다.#@문장구분# 그 소중함을 얻기 위해서 그 친구의 연락처를 얻기 위해 수소문도 해보았고 그 친구가 다니는 학교를 찾아봤지만 찾을 수 없었다.#@문장구분# 아직도 그 친구 생각을 하면 미안해진다.#@문장구분# ",
      "paragraph_len": 741,
      "paragraph_id": "002"
    },
    {
      "paragraph_txt": "두번째는 물건의 소중함이다.#@문장구분# 어린 시절 당시 우리의 최고의 장난감은 팽이였다.#@문장구분# 만화에 나오는 주인공을 따라하면서 했던 팽이 놀이만큼 재밌었던 것 없었던 것 같다.#@문장구분# 나 역시도 팽이 수집가처럼 생일날 크리스마스 날 같이 기념일에 팽이를 사서 계속 수집했었다.#@문장구분# 당시 나는 친구가 많이 없었던터라 집에서 팽이놀이를 혼자 하거나 동생이랑 같이했었는데 그 때마다 다 놀고나면 꼭 치우지 않고 그대로 방치해놓았다.#@문장구분# 참다참다 못하신 어머니께서 화가 나셔서 우리가 모았던 모든 팽이들을 다 버려버리셨다.#@문장구분# 이때의 기분은 세상 모든것을 다 잃은 기분마냥 정말 슬펐다.#@문장구분# 다시 팽이를 얻기위해 제대로 치우겠다고 잘못했다고 싹싹 빌었지만 어머니의 결정은 번복되지 않았다.#@문장구분# 하지만 그때 얻었던 교훈이 아직까지도 남아있어서 늘 썼던 물건은 제자리에 갖다놓는 습관을 지니게 되었다.#@문장구분# ",
      "paragraph_len": 601,
      "paragraph_id": "003"
    },
    {
      "paragraph_txt": "\n이렇게 익숙함에 속아 소중함을 잃었던 경험 몇개를 소개해보았다.#@문장구분# 친구의 소중함 물건의 소중함이 내 17년 인생에서 소중함을 깨닫게 해주었던 경험이었던 것 같다.#@문장구분# 소중함을 잃게 되면 다시 회복할려고 해도 정말 힘들고 그 회복하고자 하는 노력도 정말 힘들었던 것 같다.#@문장구분# 그러니까 소중함을 잃고나서 회복할려 하지말고 처음부터 원래 있던것에 잘하는것이 좋은 것 같다.#@문장구분# 이상이다.#@문장구분# 부실하지만 좋게 봐주면 좋을 것 같다.#@문장구분#",
      "paragraph_len": 350,
      "paragraph_id": "004"
    }
  ],
  "score": {
    "paragraph_score": [
      {
        "paragraph_scoreT": [
          2.8333333,
          3,
          2
        ],
        "paragraph_scoreT_detail": {
          "paragraph_scoreT_exp": [
            [
              3,
              3,
              2
            ],
            [
              3,
              3,
              3
            ],
            [
              2,
              2,
              2
            ]
          ]
        },
        "paragraph_scoreT_avg": 2.611111,
        "paragraph_id": "001"
      },
      {
        "paragraph_scoreT": [
          2.8333333,
          3,
          2
        ],
        "paragraph_scoreT_detail": {
          "paragraph_scoreT_exp": [
            [
              3,
              3,
              2
            ],
            [
              3,
              3,
              3
            ],
            [
              2,
              2,
              2
            ]
          ]
        },
        "paragraph_scoreT_avg": 2.611111,
        "paragraph_id": "002"
      },
      {
        "paragraph_scoreT": [
          2.8333333,
          3,
          2
        ],
        "paragraph_scoreT_detail": {
          "paragraph_scoreT_exp": [
            [
              3,
              3,
              2
            ],
            [
              3,
              3,
              3
            ],
            [
              2,
              2,
              2
            ]
          ]
        },
        "paragraph_scoreT_avg": 2.611111,
        "paragraph_id": "003"
      },
      {
        "paragraph_scoreT": [
          2.8333333,
          3,
          2
        ],
        "paragraph_scoreT_detail": {
          "paragraph_scoreT_exp": [
            [
              3,
              3,
              2
            ],
            [
              3,
              3,
              3
            ],
            [
              2,
              2,
              2
            ]
          ]
        },
        "paragraph_scoreT_avg": 2.611111,
        "paragraph_id": "004"
      }
    ],
    "essay_scoreT": [
      24.5,
      27.11111,
      22
    ],
    "essay_scoreT_avg": 24.537039,
    "essay_scoreT_detail": {
      "essay_scoreT_org": [
        [
          2,
          3,
          2,
          3
        ],
        [
          2,
          3,
          3,
          3
        ],
        [
          3,
          3,
          3,
          3
        ]
      ],
      "essay_scoreT_cont": [
        [
          2,
          2,
          0,
          3
        ],
        [
          3,
          2,
          0,
          2
        ],
        [
          2,
          2,
          0,
          2
        ]
      ],
      "essay_scoreT_exp": [
        [
          3,
          3,
          2
        ],
        [
          3,
          3,
          3
        ],
        [
          2,
          2,
          2
        ]
      ]
    }
  },
  "student": {
    "date": "2021.09.29",
    "student_educated": true,
    "student_grade": "고등_1학년",
    "location": "051",
    "student_grade_group": "고등",
    "student_reading": 3
  },
  "rubric": {
    "essay_grade": "고등_1학년",
    "organization_weight": {
      "org_paragraph": 2,
      "org": 2,
      "org_essay": 4,
      "org_coherence": 2,
      "org_quantity": 1
    },
    "essay_type": "글짓기",
    "content_weight": {
      "con_clearance": 4,
      "con_novelty": 3,
      "con": 4,
      "con_prompt": 0,
      "con_description": 1
    },
    "essay_main_subject": "소중함을 잃었던 경험",
    "expression_weight": {
      "exp_style": 1,
      "exp_grammar": 2,
      "exp_vocab": 3,
      "exp": 4
    }
  },
  "correction": [],
  "info": {
    "essay_id": "ESSAY_35768",
    "essay_prompt": " 익숙함에 속아 소중함을 잊지 말자는 명언 (Do not get fooled by something familiar and forget what is priceless.)이 있습니다.\n\n 부모님께서 매일 해주시는 아침밥이나, 너무 친해서 매일 맛있는 간식을 사주는 친구 등 처음에는 매우 감사했지만 반복되는 호의에 우리는 소중함을 잊어가기도 합니다.\n\n 작은 소중함일지라도 그 소중함을 잃게 되면 호의를 베푸는 사람 입장에서는 매우 당황스럽고 기분이 나쁠 수 있어요.\n\n 여러분은 익숙함에 속아 소중함을 잊었던 사례와 그로 인해 상대방의 기분을 나쁘게 했던 경험이 있나요? 만약 있다면 관계를 회복하기 위해 어떤 노력을 하셨나요? 본인의 경험을 작성해주세요.\n\n 만약 그런 적이 없다면 주변의 이야기나 본인에게 소중함을 주는 사람들에 관해 설명해주세요.",
    "essay_type": "글짓기",
    "essay_level": "2",
    "essay_len": 1311,
    "essay_main_subject": "소중함을 잃었던 경험"
  }
}