{
  "paragraph": [
    {
      "paragraph_txt": "코로나가 전국적으로 확산되고 있습니다.#@문장구분# 저희 학교에서도 몇차례 확진자가 나온적이 있습니다.#@문장구분# 얼마 전에는 저희반에서 한 친구가 코로나 확진판정을 받아 저희 반 친구들 모두가 밀접접촉자로 분류되어 열흘간 저 역시 자가격리를 하게 되었습니다.#@문장구분# 등교후 얼마 되지 않아 학교로 확진통보가왔고 부리나케 반 아이들 모두 코로나 검사후 그 길로 열흘간 자가격리에 들어갔습니다.#@문장구분# 깜짝 놀란 가족들도 모두 코로나 검사를 했고 모두 음성이 나오긴 했지만 자가격리가 끝나는 날까지 혹시나 열이 나지는 않을까, 감기증상이 있지는 않을까 마음을 졸였습니다.#@문장구분# 더욱이 열흘간 집 밖으로 나가지 못하는 것은 물론, 가족들과도 접촉을 하면 안되니 혼자서 안방을 사용하며 답답한 시간을 보내야 했습니다.#@문장구분# 코로나로 인해 마스크를 쓰는 것 조차도 참 답답하다 라고 생각해왔는데 문 밖을 벗어나지 못하는 창살없는 감옥에 갖혀있는 기분을 느껴보니 그동안의 일상이 너무나도 그립고 평범하게 학교에 가고 친구들과 이야기 나누던 소소한 일상마저 소중하게 느껴졌습니다.#@문장구분# 가족들과 한 식탁에 앉아서 식사를 하는 것 조차 그 순간에는 너무나도 큰 의미로 다가왔습니다.#@문장구분# 이렇듯 우리는 코로나로 인하여 힘든 국면을 맞이하고 있습니다.#@문장구분# 모두가 코로나 이전의 평범한 일상을 그리워 할 것입니다.#@문장구분# 저 역시 이 지긋지긋한 코로나 시대를 이제 종료하고 모두가 자유로웠던 이전의 소중했던 시절로 돌아가고싶은 마음입니다.#@문장구분#",
      "paragraph_len": 921,
      "paragraph_id": "001"
    }
  ],
  "score": {
    "paragraph_score": [
      {
        "paragraph_scoreT": [
          3,
          2.6666667,
          3
        ],
        "paragraph_scoreT_detail": {
          "paragraph_scoreT_exp": [
            [
              3,
              3,
              3
            ],
            [
              2,
              3,
              3
            ],
            [
              3,
              3,
              3
            ]
          ]
        },
        "paragraph_scoreT_avg": 2.888889,
        "paragraph_id": "001"
      }
    ],
    "essay_scoreT": [
      26,
      28.666668,
      30
    ],
    "essay_scoreT_avg": 28.222223,
    "essay_scoreT_detail": {
      "essay_scoreT_org": [
        [
          3,
          3,
          3,
          3
        ],
        [
          3,
          3,
          3,
          3
        ],
        [
          3,
          3,
          3,
          3
        ]
      ],
      "essay_scoreT_cont": [
        [
          2,
          2,
          0,
          2
        ],
        [
          3,
          3,
          0,
          3
        ],
        [
          3,
          3,
          0,
          3
        ]
      ],
      "essay_scoreT_exp": [
        [
          3,
          3,
          3
        ],
        [
          2,
          3,
          3
        ],
        [
          3,
          3,
          3
        ]
      ]
    }
  },
  "student": {
    "date": "2021.12.17",
    "student_educated": true,
    "student_grade": "고등_1학년",
    "location": "063",
    "student_grade_group": "고등",
    "student_reading": 2
  },
  "rubric": {
    "essay_grade": "고등_1학년",
    "organization_weight": {
      "org_paragraph": 2,
      "org": 2,
      "org_essay": 4,
      "org_coherence": 2,
      "org_quantity": 1
    },
    "essay_type": "글짓기",
    "content_weight": {
      "con_clearance": 4,
      "con_novelty": 3,
      "con": 4,
      "con_prompt": 0,
      "con_description": 1
    },
    "essay_main_subject": "소중함을 잃었던 경험",
    "expression_weight": {
      "exp_style": 1,
      "exp_grammar": 2,
      "exp_vocab": 3,
      "exp": 4
    }
  },
  "correction": [],
  "info": {
    "essay_id": "ESSAY_72006",
    "essay_prompt": " 익숙함에 속아 소중함을 잊지 말자는 명언 (Do not get fooled by something familiar and forget what is priceless.)이 있습니다.\n\n 부모님께서 매일 해주시는 아침밥이나, 너무 친해서 매일 맛있는 간식을 사주는 친구 등 처음에는 매우 감사했지만 반복되는 호의에 우리는 소중함을 잊어가기도 합니다.\n\n 작은 소중함일지라도 그 소중함을 잃게 되면 호의를 베푸는 사람 입장에서는 매우 당황스럽고 기분이 나쁠 수 있어요.\n\n 여러분은 익숙함에 속아 소중함을 잊었던 사례와 그로 인해 상대방의 기분을 나쁘게 했던 경험이 있나요? 만약 있다면 관계를 회복하기 위해 어떤 노력을 하셨나요? 본인의 경험을 작성해주세요.\n\n 만약 그런 적이 없다면 주변의 이야기나 본인에게 소중함을 주는 사람들에 관해 설명해주세요.",
    "essay_type": "글짓기",
    "essay_level": "2",
    "essay_len": 701,
    "essay_main_subject": "소중함을 잃었던 경험"
  }
}